symbol,date,close,volume,market_cap,fetched_at,raw_response
AADI.JK,2026-09-03,11175,,,2026-09-03T13:07:59.788789+00:00,"{'date': '2026-09-03', 'close': 11175, 'symbol': 'AADI.JK'}"
AALI.JK,2026-09-03,8575,,,2026-09-03T13:07:59.788789+00:00,"{'date': '2026-09-03', 'close': 8575, 'symbol': 'AALI.JK'}"
ABBA.JK,2026-09-03,30,,,2026-09-03T13:07:59.788789+00:00,"{'date': '2026-09-03', 'close': 30, 'symbol': 'ABBA.JK'}"
ABDA.JK,2026-09-03,3990,,,2026-09-03T13:07:59.788789+00:00,"{'date': '2026-09-03', 'close': 3990, 'symbol': 'ABDA.JK'}"
ABMM.JK,2026-09-03,2850,,,2026-09-03T13:07:59.788789+00:00,"{'date': '2026-09-03', 'close': 2850, 'symbol': 'ABMM.JK'}"
ACES.JK,2026-09-03,356,,,2026-09-03T13:07:59.788789+00:00,"{'date': '2026-09-03', 'close': 356, 'symbol': 'ACES.JK'}"
ACRO.JK,2026-09-03,67,,,2026-09-03T13:07:59.788789+00:00,"{'date': '2026-09-03', 'close': 67, 'symbol': 'ACRO.JK'}"
ACST.JK,2026-09-03,90,,,2026-09-03T13:07:59.788789+00:00,"{'date': '2026-09-03', 'close': 90, 'symbol': 'ACST.JK'}"
ADCP.JK,2026-09-03,50,,,2026-09-03T13:07:59.788789+00:00,"{'date': '2026-09-03', 'close': 50, 'symbol': 'ADCP.JK'}"
ADES.JK,2026-09-03,31850,,,2026-09-03T13:07:59.788789+00:00,"{'date': '2026-09-03', 'close': 31850, 'symbol': 'ADES.JK'}"
ADHI.JK,2026-09-03,133,,,2026-09-03T13:07:59.788789+00:00,"{'date': '2026-09-03', 'close': 133, 'symbol': 'ADHI.JK'}"
ADMF.JK,2026-09-03,8725,,,2026-09-03T13:07:59.788789+00:00,"{'date': '2026-09-03', 'close': 8725, 'symbol': 'ADMF.JK'}"
ADMG.JK,2026-09-03,286,,,2026-09-03T13:07:59.788789+00:00,"{'date': '2026-09-03', 'close': 286, 'symbol': 'ADMG.JK'}"
ADMR.JK,2026-09-03,1660,,,2026-09-03T13:07:59.788789+00:00,"{'date': '2026-09-03', 'close': 1660, 'symbol': 'ADMR.JK'}"
ADRO.JK,2026-09-03,2740,,,2026-09-03T13:07:59.788789+00:00,"{'date': '2026-09-03', 'close': 2740, 'symbol': 'ADRO.JK'}"
AEGS.JK,2026-09-03,47,,,2026-09-03T13:07:59.788789+00:00,"{'date': '2026-09-03', 'close': 47, 'symbol': 'AEGS.JK'}"
AGAR.JK,2026-09-03,1630,,,2026-09-03T13:07:59.788789+00:00,"{'date': '2026-09-03', 'close': 1630, 'symbol': 'AGAR.JK'}"
AGII.JK,2026-09-03,3020,,,2026-09-03T13:07:59.788789+00:00,"{'date': '2026-09-03', 'close': 3020, 'symbol': 'AGII.JK'}"
AGRO.JK,2026-09-03,155,,,2026-09-03T13:07:59.788789+00:00,"{'date': '2026-09-03', 'close': 155, 'symbol': 'AGRO.JK'}"
AGRS.JK,2026-09-03,65,,,2026-09-03T13:07:59.788789+00:00,"{'date': '2026-09-03', 'close': 65, 'symbol': 'AGRS.JK'}"
AHAP.JK,2026-09-03,100,,,2026-09-03T13:07:59.788789+00:00,"{'date': '2026-09-03', 'close': 100, 'symbol': 'AHAP.JK'}"
AIMS.JK,2026-09-03,500,,,2026-09-03T13:07:59.788789+00:00,"{'date': '2026-09-03', 'close': 500, 'symbol': 'AIMS.JK'}"
AISA.JK,2026-09-03,120,,,2026-09-03T13:07:59.788789+00:00,"{'date': '2026-09-03', 'close': 120, 'symbol': 'AISA.JK'}"
AKKU.JK,2026-09-03,38,,,2026-09-03T13:07:59.788789+00:00,"{'date': '2026-09-03', 'close': 38, 'symbol': 'AKKU.JK'}"
AKPI.JK,2026-09-03,535,,,2026-09-03T13:07:59.788789+00:00,"{'date': '2026-09-03', 'close': 535, 'symbol': 'AKPI.JK'}"
AKRA.JK,2026-09-03,1400,,,2026-09-03T13:07:59.788789+00:00,"{'date': '2026-09-03', 'close': 1400, 'symbol': 'AKRA.JK'}"
AKSI.JK,2026-09-03,260,,,2026-09-03T13:07:59.788789+00:00,"{'date': '2026-09-03', 'close': 260, 'symbol': 'AKSI.JK'}"
ALDO.JK,2026-09-03,965,,,2026-09-03T13:07:59.788789+00:00,"{'date': '2026-09-03', 'close': 965, 'symbol': 'ALDO.JK'}"
ALII.JK,2026-09-03,785,,,2026-09-03T13:07:59.788789+00:00,"{'date': '2026-09-03', 'close': 785, 'symbol': 'ALII.JK'}"
ALKA.JK,2026-09-03,4130,,,2026-09-03T13:07:59.788789+00:00,"{'date': '2026-09-03', 'close': 4130, 'symbol': 'ALKA.JK'}"
KRAS.JK,2026-09-03,258,,,2026-09-03T13:07:59.788789+00:00,"{'date': '2026-09-03', 'close': 258, 'symbol': 'KRAS.JK'}"
KREN.JK,2026-09-03,14,,,2026-09-03T13:07:59.788789+00:00,"{'date': '2026-09-03', 'close': 14, 'symbol': 'KREN.JK'}"
KRYA.JK,2026-09-03,68,,,2026-09-03T13:07:59.788789+00:00,"{'date': '2026-09-03', 'close': 68, 'symbol': 'KRYA.JK'}"
KSIX.JK,2026-09-03,418,,,2026-09-03T13:07:59.788789+00:00,"{'date': '2026-09-03', 'close': 418, 'symbol': 'KSIX.JK'}"
KUAS.JK,2026-09-03,114,,,2026-09-03T13:07:59.788789+00:00,"{'date': '2026-09-03', 'close': 114, 'symbol': 'KUAS.JK'}"
LABA.JK,2026-09-03,130,,,2026-09-03T13:07:59.788789+00:00,"{'date': '2026-09-03', 'close': 130, 'symbol': 'LABA.JK'}"
LABS.JK,2026-09-03,165,,,2026-09-03T13:07:59.788789+00:00,"{'date': '2026-09-03', 'close': 165, 'symbol': 'LABS.JK'}"
LAJU.JK,2026-09-03,71,,,2026-09-03T13:07:59.788789+00:00,"{'date': '2026-09-03', 'close': 71, 'symbol': 'LAJU.JK'}"
LAND.JK,2026-09-03,73,,,2026-09-03T13:07:59.788789+00:00,"{'date': '2026-09-03', 'close': 73, 'symbol': 'LAND.JK'}"
LAPD.JK,2026-09-03,73,,,2026-09-03T13:07:59.788789+00:00,"{'date': '2026-09-03', 'close': 73, 'symbol': 'LAPD.JK'}"
LCGP.JK,2026-09-03,114,,,2026-09-03T13:07:59.788789+00:00,"{'date': '2026-09-03', 'close': 114, 'symbol': 'LCGP.JK'}"
LCKM.JK,2026-09-03,109,,,2026-09-03T13:07:59.788789+00:00,"{'date': '2026-09-03', 'close': 109, 'symbol': 'LCKM.JK'}"
LEAD.JK,2026-09-03,114,,,2026-09-03T13:07:59.788789+00:00,"{'date': '2026-09-03', 'close': 114, 'symbol': 'LEAD.JK'}"
LFLO.JK,2026-09-03,520,,,2026-09-03T13:07:59.788789+00:00,"{'date': '2026-09-03', 'close': 520, 'symbol': 'LFLO.JK'}"
LIFE.JK,2026-09-03,12725,,,2026-09-03T13:07:59.788789+00:00,"{'date': '2026-09-03', 'close': 12725, 'symbol': 'LIFE.JK'}"
LINK.JK,2026-09-03,1550,,,2026-09-03T13:07:59.788789+00:00,"{'date': '2026-09-03', 'close': 1550, 'symbol': 'LINK.JK'}"
LION.JK,2026-09-03,382,,,2026-09-03T13:07:59.788789+00:00,"{'date': '2026-09-03', 'close': 382, 'symbol': 'LION.JK'}"
LIVE.JK,2026-09-03,189,,,2026-09-03T13:07:59.788789+00:00,"{'date': '2026-09-03', 'close': 189, 'symbol': 'LIVE.JK'}"
LMAS.JK,2026-09-03,50,,,2026-09-03T13:07:59.788789+00:00,"{'date': '2026-09-03', 'close': 50, 'symbol': 'LMAS.JK'}"
LMAX.JK,2026-09-03,106,,,2026-09-03T13:07:59.788789+00:00,"{'date': '2026-09-03', 'close': 106, 'symbol': 'LMAX.JK'}"
LMPI.JK,2026-09-03,162,,,2026-09-03T13:07:59.788789+00:00,"{'date': '2026-09-03', 'close': 162, 'symbol': 'LMPI.JK'}"
LMSH.JK,2026-09-03,256,,,2026-09-03T13:07:59.788789+00:00,"{'date': '2026-09-03', 'close': 256, 'symbol': 'LMSH.JK'}"
LOPI.JK,2026-09-03,73,,,2026-09-03T13:07:59.788789+00:00,"{'date': '2026-09-03', 'close': 73, 'symbol': 'LOPI.JK'}"
LPCK.JK,2026-09-03,600,,,2026-09-03T13:07:59.788789+00:00,"{'date': '2026-09-03', 'close': 600, 'symbol': 'LPCK.JK'}"
LPGI.JK,2026-09-03,640,,,2026-09-03T13:07:59.788789+00:00,"{'date': '2026-09-03', 'close': 640, 'symbol': 'LPGI.JK'}"
LPIN.JK,2026-09-03,432,,,2026-09-03T13:07:59.788789+00:00,"{'date': '2026-09-03', 'close': 432, 'symbol': 'LPIN.JK'}"
LPKR.JK,2026-09-03,62,,,2026-09-03T13:07:59.788789+00:00,"{'date': '2026-09-03', 'close': 62, 'symbol': 'LPKR.JK'}"
LPLI.JK,2026-09-03,242,,,2026-09-03T13:07:59.788789+00:00,"{'date': '2026-09-03', 'close': 242, 'symbol': 'LPLI.JK'}"
LPPF.JK,2026-09-03,1610,,,2026-09-03T13:07:59.788789+00:00,"{'date': '2026-09-03', 'close': 1610, 'symbol': 'LPPF.JK'}"
LPPS.JK,2026-09-03,83,,,2026-09-03T13:07:59.788789+00:00,"{'date': '2026-09-03', 'close': 83, 'symbol': 'LPPS.JK'}"
AADI.JK,2026-09-10,12275,,,2026-09-11T08:08:22.810667+00:00,"{'date': '2026-09-10', 'close': 12275, 'symbol': 'AADI.JK'}"
AALI.JK,2026-09-10,8425,,,2026-09-11T08:08:22.810667+00:00,"{'date': '2026-09-10', 'close': 8425, 'symbol': 'AALI.JK'}"
ABBA.JK,2026-09-10,30,,,2026-09-11T08:08:22.810667+00:00,"{'date': '2026-09-10', 'close': 30, 'symbol': 'ABBA.JK'}"
ABDA.JK,2026-09-10,5000,,,2026-09-11T08:08:22.810667+00:00,"{'date': '2026-09-10', 'close': 5000, 'symbol': 'ABDA.JK'}"
ABMM.JK,2026-09-10,2890,,,2026-09-11T08:08:22.810667+00:00,"{'date': '2026-09-10', 'close': 2890, 'symbol': 'ABMM.JK'}"
ACES.JK,2026-09-10,352,,,2026-09-11T08:08:22.810667+00:00,"{'date': '2026-09-10', 'close': 352, 'symbol': 'ACES.JK'}"
ACRO.JK,2026-09-10,66,,,2026-09-11T08:08:22.810667+00:00,"{'date': '2026-09-10', 'close': 66, 'symbol': 'ACRO.JK'}"
ACST.JK,2026-09-10,127,,,2026-09-11T08:08:22.810667+00:00,"{'date': '2026-09-10', 'close': 127, 'symbol': 'ACST.JK'}"
ADCP.JK,2026-09-10,50,,,2026-09-11T08:08:22.810667+00:00,"{'date': '2026-09-10', 'close': 50, 'symbol': 'ADCP.JK'}"
ADES.JK,2026-09-10,31275,,,2026-09-11T08:08:22.810667+00:00,"{'date': '2026-09-10', 'close': 31275, 'symbol': 'ADES.JK'}"
ADHI.JK,2026-09-10,133,,,2026-09-11T08:08:22.810667+00:00,"{'date': '2026-09-10', 'close': 133, 'symbol': 'ADHI.JK'}"
ADMF.JK,2026-09-10,8700,,,2026-09-11T08:08:22.810667+00:00,"{'date': '2026-09-10', 'close': 8700, 'symbol': 'ADMF.JK'}"
ADMG.JK,2026-09-10,268,,,2026-09-11T08:08:22.810667+00:00,"{'date': '2026-09-10', 'close': 268, 'symbol': 'ADMG.JK'}"
ADMR.JK,2026-09-10,1645,,,2026-09-11T08:08:22.810667+00:00,"{'date': '2026-09-10', 'close': 1645, 'symbol': 'ADMR.JK'}"
ADRO.JK,2026-09-10,2670,,,2026-09-11T08:08:22.810667+00:00,"{'date': '2026-09-10', 'close': 2670, 'symbol': 'ADRO.JK'}"
AEGS.JK,2026-09-10,49,,,2026-09-11T08:08:22.810667+00:00,"{'date': '2026-09-10', 'close': 49, 'symbol': 'AEGS.JK'}"
AGAR.JK,2026-09-10,1760,,,2026-09-11T08:08:22.810667+00:00,"{'date': '2026-09-10', 'close': 1760, 'symbol': 'AGAR.JK'}"
AGII.JK,2026-09-10,3180,,,2026-09-11T08:08:22.810667+00:00,"{'date': '2026-09-10', 'close': 3180, 'symbol': 'AGII.JK'}"
AGRO.JK,2026-09-10,150,,,2026-09-11T08:08:22.810667+00:00,"{'date': '2026-09-10', 'close': 150, 'symbol': 'AGRO.JK'}"
AGRS.JK,2026-09-10,60,,,2026-09-11T08:08:22.810667+00:00,"{'date': '2026-09-10', 'close': 60, 'symbol': 'AGRS.JK'}"
AHAP.JK,2026-09-10,98,,,2026-09-11T08:08:22.810667+00:00,"{'date': '2026-09-10', 'close': 98, 'symbol': 'AHAP.JK'}"
AIMS.JK,2026-09-10,486,,,2026-09-11T08:08:22.810667+00:00,"{'date': '2026-09-10', 'close': 486, 'symbol': 'AIMS.JK'}"
AISA.JK,2026-09-10,116,,,2026-09-11T08:08:22.810667+00:00,"{'date': '2026-09-10', 'close': 116, 'symbol': 'AISA.JK'}"
AKKU.JK,2026-09-10,38,,,2026-09-11T08:08:22.810667+00:00,"{'date': '2026-09-10', 'close': 38, 'symbol': 'AKKU.JK'}"
AKPI.JK,2026-09-10,540,,,2026-09-11T08:08:22.810667+00:00,"{'date': '2026-09-10', 'close': 540, 'symbol': 'AKPI.JK'}"
AKRA.JK,2026-09-10,1520,,,2026-09-11T08:08:22.810667+00:00,"{'date': '2026-09-10', 'close': 1520, 'symbol': 'AKRA.JK'}"
AKSI.JK,2026-09-10,292,,,2026-09-11T08:08:22.810667+00:00,"{'date': '2026-09-10', 'close': 292, 'symbol': 'AKSI.JK'}"
ALDO.JK,2026-09-10,940,,,2026-09-11T08:08:22.810667+00:00,"{'date': '2026-09-10', 'close': 940, 'symbol': 'ALDO.JK'}"
ALII.JK,2026-09-10,790,,,2026-09-11T08:08:22.810667+00:00,"{'date': '2026-09-10', 'close': 790, 'symbol': 'ALII.JK'}"
ALKA.JK,2026-09-10,4980,,,2026-09-11T08:08:22.810667+00:00,"{'date': '2026-09-10', 'close': 4980, 'symbol': 'ALKA.JK'}"
ALMI.JK,2026-09-10,74,,,2026-09-11T08:08:22.810667+00:00,"{'date': '2026-09-10', 'close': 74, 'symbol': 'ALMI.JK'}"
ALTO.JK,2026-09-10,18,,,2026-09-11T08:08:22.810667+00:00,"{'date': '2026-09-10', 'close': 18, 'symbol': 'ALTO.JK'}"
AMAG.JK,2026-09-10,388,,,2026-09-11T08:08:22.810667+00:00,"{'date': '2026-09-10', 'close': 388, 'symbol': 'AMAG.JK'}"
AMAN.JK,2026-09-10,226,,,2026-09-11T08:08:22.810667+00:00,"{'date': '2026-09-10', 'close': 226, 'symbol': 'AMAN.JK'}"
AMAR.JK,2026-09-10,234,,,2026-09-11T08:08:22.810667+00:00,"{'date': '2026-09-10', 'close': 234, 'symbol': 'AMAR.JK'}"
AMFG.JK,2026-09-10,3330,,,2026-09-11T08:08:22.810667+00:00,"{'date': '2026-09-10', 'close': 3330, 'symbol': 'AMFG.JK'}"
AMIN.JK,2026-09-10,242,,,2026-09-11T08:08:22.810667+00:00,"{'date': '2026-09-10', 'close': 242, 'symbol': 'AMIN.JK'}"
AMMN.JK,2026-09-10,4810,,,2026-09-11T08:08:22.810667+00:00,"{'date': '2026-09-10', 'close': 4810, 'symbol': 'AMMN.JK'}"
AMMS.JK,2026-09-10,222,,,2026-09-11T08:08:22.810667+00:00,"{'date': '2026-09-10', 'close': 222, 'symbol': 'AMMS.JK'}"
AMOR.JK,2026-09-10,372,,,2026-09-11T08:08:22.810667+00:00,"{'date': '2026-09-10', 'close': 372, 'symbol': 'AMOR.JK'}"
AMRT.JK,2026-09-10,1300,,,2026-09-11T08:08:22.810667+00:00,"{'date': '2026-09-10', 'close': 1300, 'symbol': 'AMRT.JK'}"
ANDI.JK,2026-09-10,22,,,2026-09-11T08:08:22.810667+00:00,"{'date': '2026-09-10', 'close': 22, 'symbol': 'ANDI.JK'}"
ANJT.JK,2026-09-10,1595,,,2026-09-11T08:08:22.810667+00:00,"{'date': '2026-09-10', 'close': 1595, 'symbol': 'ANJT.JK'}"
ANTM.JK,2026-09-10,3270,,,2026-09-11T08:08:22.810667+00:00,"{'date': '2026-09-10', 'close': 3270, 'symbol': 'ANTM.JK'}"
APEX.JK,2026-09-10,204,,,2026-09-11T08:08:22.810667+00:00,"{'date': '2026-09-10', 'close': 204, 'symbol': 'APEX.JK'}"
APIC.JK,2026-09-10,498,,,2026-09-11T08:08:22.810667+00:00,"{'date': '2026-09-10', 'close': 498, 'symbol': 'APIC.JK'}"
APII.JK,2026-09-10,192,,,2026-09-11T08:08:22.810667+00:00,"{'date': '2026-09-10', 'close': 192, 'symbol': 'APII.JK'}"
APLI.JK,2026-09-10,280,,,2026-09-11T08:08:22.810667+00:00,"{'date': '2026-09-10', 'close': 280, 'symbol': 'APLI.JK'}"
APLN.JK,2026-09-10,128,,,2026-09-11T08:08:22.810667+00:00,"{'date': '2026-09-10', 'close': 128, 'symbol': 'APLN.JK'}"
ARCI.JK,2026-09-10,1320,,,2026-09-11T08:08:22.810667+00:00,"{'date': '2026-09-10', 'close': 1320, 'symbol': 'ARCI.JK'}"
AREA.JK,2026-09-10,332,,,2026-09-11T08:08:22.810667+00:00,"{'date': '2026-09-10', 'close': 332, 'symbol': 'AREA.JK'}"
ARGO.JK,2026-09-10,1175,,,2026-09-11T08:08:22.810667+00:00,"{'date': '2026-09-10', 'close': 1175, 'symbol': 'ARGO.JK'}"
ARII.JK,2026-09-10,304,,,2026-09-11T08:08:22.810667+00:00,"{'date': '2026-09-10', 'close': 304, 'symbol': 'ARII.JK'}"
ARKA.JK,2026-09-10,22,,,2026-09-11T08:08:22.810667+00:00,"{'date': '2026-09-10', 'close': 22, 'symbol': 'ARKA.JK'}"
ARKO.JK,2026-09-10,4700,,,2026-09-11T08:08:22.810667+00:00,"{'date': '2026-09-10', 'close': 4700, 'symbol': 'ARKO.JK'}"
ARMY.JK,2026-09-10,50,,,2026-09-11T08:08:22.810667+00:00,"{'date': '2026-09-10', 'close': 50, 'symbol': 'ARMY.JK'}"
ARNA.JK,2026-09-10,515,,,2026-09-11T08:08:22.810667+00:00,"{'date': '2026-09-10', 'close': 515, 'symbol': 'ARNA.JK'}"
ARTA.JK,2026-09-10,2320,,,2026-09-11T08:08:22.810667+00:00,"{'date': '2026-09-10', 'close': 2320, 'symbol': 'ARTA.JK'}"
ARTI.JK,2026-09-10,2,,,2026-09-11T08:08:22.810667+00:00,"{'date': '2026-09-10', 'close': 2, 'symbol': 'ARTI.JK'}"
ARTO.JK,2026-09-10,1005,,,2026-09-11T08:08:22.810667+00:00,"{'date': '2026-09-10', 'close': 1005, 'symbol': 'ARTO.JK'}"
ASBI.JK,2026-09-10,400,,,2026-09-11T08:08:22.810667+00:00,"{'date': '2026-09-10', 'close': 400, 'symbol': 'ASBI.JK'}"
ASDM.JK,2026-09-10,520,,,2026-09-11T08:08:22.810667+00:00,"{'date': '2026-09-10', 'close': 520, 'symbol': 'ASDM.JK'}"
ASGR.JK,2026-09-10,2140,,,2026-09-11T08:08:22.810667+00:00,"{'date': '2026-09-10', 'close': 2140, 'symbol': 'ASGR.JK'}"
ASHA.JK,2026-09-10,58,,,2026-09-11T08:08:22.810667+00:00,"{'date': '2026-09-10', 'close': 58, 'symbol': 'ASHA.JK'}"
ASII.JK,2026-09-10,4870,,,2026-09-11T08:08:22.810667+00:00,"{'date': '2026-09-10', 'close': 4870, 'symbol': 'ASII.JK'}"
ASJT.JK,2026-09-10,162,,,2026-09-11T08:08:22.810667+00:00,"{'date': '2026-09-10', 'close': 162, 'symbol': 'ASJT.JK'}"
ASLC.JK,2026-09-10,67,,,2026-09-11T08:08:22.810667+00:00,"{'date': '2026-09-10', 'close': 67, 'symbol': 'ASLC.JK'}"
ASLI.JK,2026-09-10,420,,,2026-09-11T08:08:22.810667+00:00,"{'date': '2026-09-10', 'close': 420, 'symbol': 'ASLI.JK'}"
ASMI.JK,2026-09-10,16,,,2026-09-11T08:08:22.810667+00:00,"{'date': '2026-09-10', 'close': 16, 'symbol': 'ASMI.JK'}"
ASPI.JK,2026-09-10,482,,,2026-09-11T08:08:22.810667+00:00,"{'date': '2026-09-10', 'close': 482, 'symbol': 'ASPI.JK'}"
ASPR.JK,2026-09-10,143,,,2026-09-11T08:08:22.810667+00:00,"{'date': '2026-09-10', 'close': 143, 'symbol': 'ASPR.JK'}"
ASRI.JK,2026-09-10,129,,,2026-09-11T08:08:22.810667+00:00,"{'date': '2026-09-10', 'close': 129, 'symbol': 'ASRI.JK'}"
ASRM.JK,2026-09-10,286,,,2026-09-11T08:08:22.810667+00:00,"{'date': '2026-09-10', 'close': 286, 'symbol': 'ASRM.JK'}"
ASSA.JK,2026-09-10,615,,,2026-09-11T08:08:22.810667+00:00,"{'date': '2026-09-10', 'close': 615, 'symbol': 'ASSA.JK'}"
ATAP.JK,2026-09-10,565,,,2026-09-11T08:08:22.810667+00:00,"{'date': '2026-09-10', 'close': 565, 'symbol': 'ATAP.JK'}"
ATIC.JK,2026-09-10,466,,,2026-09-11T08:08:22.810667+00:00,"{'date': '2026-09-10', 'close': 466, 'symbol': 'ATIC.JK'}"
ATLA.JK,2026-09-10,50,,,2026-09-11T08:08:22.810667+00:00,"{'date': '2026-09-10', 'close': 50, 'symbol': 'ATLA.JK'}"
AUTO.JK,2026-09-10,3320,,,2026-09-11T08:08:22.810667+00:00,"{'date': '2026-09-10', 'close': 3320, 'symbol': 'AUTO.JK'}"
AVIA.JK,2026-09-10,356,,,2026-09-11T08:08:22.810667+00:00,"{'date': '2026-09-10', 'close': 356, 'symbol': 'AVIA.JK'}"
AWAN.JK,2026-09-10,163,,,2026-09-11T08:08:22.810667+00:00,"{'date': '2026-09-10', 'close': 163, 'symbol': 'AWAN.JK'}"
AXIO.JK,2026-09-10,117,,,2026-09-11T08:08:22.810667+00:00,"{'date': '2026-09-10', 'close': 117, 'symbol': 'AXIO.JK'}"
AYAM.JK,2026-09-10,478,,,2026-09-11T08:08:22.810667+00:00,"{'date': '2026-09-10', 'close': 478, 'symbol': 'AYAM.JK'}"
AYLS.JK,2026-09-10,153,,,2026-09-11T08:08:22.810667+00:00,"{'date': '2026-09-10', 'close': 153, 'symbol': 'AYLS.JK'}"
BABP.JK,2026-09-10,50,,,2026-09-11T08:08:22.810667+00:00,"{'date': '2026-09-10', 'close': 50, 'symbol': 'BABP.JK'}"
BABY.JK,2026-09-10,206,,,2026-09-11T08:08:22.810667+00:00,"{'date': '2026-09-10', 'close': 206, 'symbol': 'BABY.JK'}"
BACA.JK,2026-09-10,119,,,2026-09-11T08:08:22.810667+00:00,"{'date': '2026-09-10', 'close': 119, 'symbol': 'BACA.JK'}"
BACH.JK,2026-09-10,446,,,2026-09-11T08:08:22.810667+00:00,"{'date': '2026-09-10', 'close': 446, 'symbol': 'BACH.JK'}"
BAIK.JK,2026-09-10,264,,,2026-09-11T08:08:22.810667+00:00,"{'date': '2026-09-10', 'close': 264, 'symbol': 'BAIK.JK'}"
BAJA.JK,2026-09-10,294,,,2026-09-11T08:08:22.810667+00:00,"{'date': '2026-09-10', 'close': 294, 'symbol': 'BAJA.JK'}"
BALI.JK,2026-09-10,1290,,,2026-09-11T08:08:22.810667+00:00,"{'date': '2026-09-10', 'close': 1290, 'symbol': 'BALI.JK'}"
BANK.JK,2026-09-10,264,,,2026-09-11T08:08:22.810667+00:00,"{'date': '2026-09-10', 'close': 264, 'symbol': 'BANK.JK'}"
BAPA.JK,2026-09-10,134,,,2026-09-11T08:08:22.810667+00:00,"{'date': '2026-09-10', 'close': 134, 'symbol': 'BAPA.JK'}"
BAPI.JK,2026-09-10,25,,,2026-09-11T08:08:22.810667+00:00,"{'date': '2026-09-10', 'close': 25, 'symbol': 'BAPI.JK'}"
BATA.JK,2026-09-10,59,,,2026-09-11T08:08:22.810667+00:00,"{'date': '2026-09-10', 'close': 59, 'symbol': 'BATA.JK'}"
BATR.JK,2026-09-10,92,,,2026-09-11T08:08:22.810667+00:00,"{'date': '2026-09-10', 'close': 92, 'symbol': 'BATR.JK'}"
BAUT.JK,2026-09-10,39,,,2026-09-11T08:08:22.810667+00:00,"{'date': '2026-09-10', 'close': 39, 'symbol': 'BAUT.JK'}"
BAYU.JK,2026-09-10,1340,,,2026-09-11T08:08:22.810667+00:00,"{'date': '2026-09-10', 'close': 1340, 'symbol': 'BAYU.JK'}"
BBCA.JK,2026-09-10,6425,,,2026-09-11T08:08:22.810667+00:00,"{'date': '2026-09-10', 'close': 6425, 'symbol': 'BBCA.JK'}"
BBHI.JK,2026-09-10,895,,,2026-09-11T08:08:22.810667+00:00,"{'date': '2026-09-10', 'close': 895, 'symbol': 'BBHI.JK'}"
BBKP.JK,2026-09-10,53,,,2026-09-11T08:08:22.810667+00:00,"{'date': '2026-09-10', 'close': 53, 'symbol': 'BBKP.JK'}"
BBLD.JK,2026-09-10,660,,,2026-09-11T08:08:22.810667+00:00,"{'date': '2026-09-10', 'close': 660, 'symbol': 'BBLD.JK'}"
BBMD.JK,2026-09-10,2000,,,2026-09-11T08:08:22.810667+00:00,"{'date': '2026-09-10', 'close': 2000, 'symbol': 'BBMD.JK'}"
BBNI.JK,2026-09-10,3800,,,2026-09-11T08:08:22.810667+00:00,"{'date': '2026-09-10', 'close': 3800, 'symbol': 'BBNI.JK'}"
BBRI.JK,2026-09-10,3320,,,2026-09-11T08:08:22.810667+00:00,"{'date': '2026-09-10', 'close': 3320, 'symbol': 'BBRI.JK'}"
BBRM.JK,2026-09-10,128,,,2026-09-11T08:08:22.810667+00:00,"{'date': '2026-09-10', 'close': 128, 'symbol': 'BBRM.JK'}"
BBSI.JK,2026-09-10,4610,,,2026-09-11T08:08:22.810667+00:00,"{'date': '2026-09-10', 'close': 4610, 'symbol': 'BBSI.JK'}"
BBSS.JK,2026-09-10,92,,,2026-09-11T08:08:22.810667+00:00,"{'date': '2026-09-10', 'close': 92, 'symbol': 'BBSS.JK'}"
BBTN.JK,2026-09-10,1210,,,2026-09-11T08:08:22.810667+00:00,"{'date': '2026-09-10', 'close': 1210, 'symbol': 'BBTN.JK'}"
BBYB.JK,2026-09-10,254,,,2026-09-11T08:08:22.810667+00:00,"{'date': '2026-09-10', 'close': 254, 'symbol': 'BBYB.JK'}"
BCAP.JK,2026-09-10,50,,,2026-09-11T08:08:22.810667+00:00,"{'date': '2026-09-10', 'close': 50, 'symbol': 'BCAP.JK'}"
BCIC.JK,2026-09-10,132,,,2026-09-11T08:08:22.810667+00:00,"{'date': '2026-09-10', 'close': 132, 'symbol': 'BCIC.JK'}"
BCIP.JK,2026-09-10,63,,,2026-09-11T08:08:22.810667+00:00,"{'date': '2026-09-10', 'close': 63, 'symbol': 'BCIP.JK'}"
BDKR.JK,2026-09-10,157,,,2026-09-11T08:08:22.810667+00:00,"{'date': '2026-09-10', 'close': 157, 'symbol': 'BDKR.JK'}"
BDMN.JK,2026-09-10,4430,,,2026-09-11T08:08:22.810667+00:00,"{'date': '2026-09-10', 'close': 4430, 'symbol': 'BDMN.JK'}"
BEBS.JK,2026-09-10,5,,,2026-09-11T08:08:22.810667+00:00,"{'date': '2026-09-10', 'close': 5, 'symbol': 'BEBS.JK'}"
BEEF.JK,2026-09-10,438,,,2026-09-11T08:08:22.810667+00:00,"{'date': '2026-09-10', 'close': 438, 'symbol': 'BEEF.JK'}"
BEER.JK,2026-09-10,81,,,2026-09-11T08:08:22.810667+00:00,"{'date': '2026-09-10', 'close': 81, 'symbol': 'BEER.JK'}"
BEKS.JK,2026-09-10,23,,,2026-09-11T08:08:22.810667+00:00,"{'date': '2026-09-10', 'close': 23, 'symbol': 'BEKS.JK'}"
BELI.JK,2026-09-10,304,,,2026-09-11T08:08:22.810667+00:00,"{'date': '2026-09-10', 'close': 304, 'symbol': 'BELI.JK'}"
BELL.JK,2026-09-10,113,,,2026-09-11T08:08:22.810667+00:00,"{'date': '2026-09-10', 'close': 113, 'symbol': 'BELL.JK'}"
BESS.JK,2026-09-10,910,,,2026-09-11T08:08:22.810667+00:00,"{'date': '2026-09-10', 'close': 910, 'symbol': 'BESS.JK'}"
BEST.JK,2026-09-10,129,,,2026-09-11T08:08:22.810667+00:00,"{'date': '2026-09-10', 'close': 129, 'symbol': 'BEST.JK'}"
BFIN.JK,2026-09-10,1010,,,2026-09-11T08:08:22.810667+00:00,"{'date': '2026-09-10', 'close': 1010, 'symbol': 'BFIN.JK'}"
BGTG.JK,2026-09-10,121,,,2026-09-11T08:08:22.810667+00:00,"{'date': '2026-09-10', 'close': 121, 'symbol': 'BGTG.JK'}"
BHAT.JK,2026-09-10,1770,,,2026-09-11T08:08:22.810667+00:00,"{'date': '2026-09-10', 'close': 1770, 'symbol': 'BHAT.JK'}"
BHIT.JK,2026-09-10,27,,,2026-09-11T08:08:22.810667+00:00,"{'date': '2026-09-10', 'close': 27, 'symbol': 'BHIT.JK'}"
BIKA.JK,2026-09-10,55,,,2026-09-11T08:08:22.810667+00:00,"{'date': '2026-09-10', 'close': 55, 'symbol': 'BIKA.JK'}"
BIKE.JK,2026-09-10,965,,,2026-09-11T08:08:22.810667+00:00,"{'date': '2026-09-10', 'close': 965, 'symbol': 'BIKE.JK'}"
BIMA.JK,2026-09-10,82,,,2026-09-11T08:08:22.810667+00:00,"{'date': '2026-09-10', 'close': 82, 'symbol': 'BIMA.JK'}"
BINA.JK,2026-09-10,4120,,,2026-09-11T08:08:22.810667+00:00,"{'date': '2026-09-10', 'close': 4120, 'symbol': 'BINA.JK'}"
BINO.JK,2026-09-10,119,,,2026-09-11T08:08:22.810667+00:00,"{'date': '2026-09-10', 'close': 119, 'symbol': 'BINO.JK'}"
BIPI.JK,2026-09-10,149,,,2026-09-11T08:08:22.810667+00:00,"{'date': '2026-09-10', 'close': 149, 'symbol': 'BIPI.JK'}"
BIPP.JK,2026-09-10,69,,,2026-09-11T08:08:22.810667+00:00,"{'date': '2026-09-10', 'close': 69, 'symbol': 'BIPP.JK'}"
BIRD.JK,2026-09-10,1615,,,2026-09-11T08:08:22.810667+00:00,"{'date': '2026-09-10', 'close': 1615, 'symbol': 'BIRD.JK'}"
BISI.JK,2026-09-10,730,,,2026-09-11T08:08:22.810667+00:00,"{'date': '2026-09-10', 'close': 730, 'symbol': 'BISI.JK'}"
BJBR.JK,2026-09-10,795,,,2026-09-11T08:08:22.810667+00:00,"{'date': '2026-09-10', 'close': 795, 'symbol': 'BJBR.JK'}"
BJTM.JK,2026-09-10,525,,,2026-09-11T08:08:22.810667+00:00,"{'date': '2026-09-10', 'close': 525, 'symbol': 'BJTM.JK'}"
BKDP.JK,2026-09-10,174,,,2026-09-11T08:08:22.810667+00:00,"{'date': '2026-09-10', 'close': 174, 'symbol': 'BKDP.JK'}"
BKSL.JK,2026-09-10,72,,,2026-09-11T08:08:22.810667+00:00,"{'date': '2026-09-10', 'close': 72, 'symbol': 'BKSL.JK'}"
BKSW.JK,2026-09-10,54,,,2026-09-11T08:08:22.810667+00:00,"{'date': '2026-09-10', 'close': 54, 'symbol': 'BKSW.JK'}"
BLES.JK,2026-09-10,208,,,2026-09-11T08:08:22.810667+00:00,"{'date': '2026-09-10', 'close': 208, 'symbol': 'BLES.JK'}"
BLOG.JK,2026-09-10,364,,,2026-09-11T08:08:22.810667+00:00,"{'date': '2026-09-10', 'close': 364, 'symbol': 'BLOG.JK'}"
BLTA.JK,2026-09-10,33,,,2026-09-11T08:08:22.810667+00:00,"{'date': '2026-09-10', 'close': 33, 'symbol': 'BLTA.JK'}"
BLTZ.JK,2026-09-10,2000,,,2026-09-11T08:08:22.810667+00:00,"{'date': '2026-09-10', 'close': 2000, 'symbol': 'BLTZ.JK'}"
BLUE.JK,2026-09-10,2950,,,2026-09-11T08:08:22.810667+00:00,"{'date': '2026-09-10', 'close': 2950, 'symbol': 'BLUE.JK'}"
BMAS.JK,2026-09-10,525,,,2026-09-11T08:08:22.810667+00:00,"{'date': '2026-09-10', 'close': 525, 'symbol': 'BMAS.JK'}"
BMBL.JK,2026-09-10,31,,,2026-09-11T08:08:22.810667+00:00,"{'date': '2026-09-10', 'close': 31, 'symbol': 'BMBL.JK'}"
BMHS.JK,2026-09-10,200,,,2026-09-11T08:08:22.810667+00:00,"{'date': '2026-09-10', 'close': 200, 'symbol': 'BMHS.JK'}"
BMRI.JK,2026-09-10,4370,,,2026-09-11T08:08:22.810667+00:00,"{'date': '2026-09-10', 'close': 4370, 'symbol': 'BMRI.JK'}"
BMSR.JK,2026-09-10,320,,,2026-09-11T08:08:22.810667+00:00,"{'date': '2026-09-10', 'close': 320, 'symbol': 'BMSR.JK'}"
BMTR.JK,2026-09-10,119,,,2026-09-11T08:08:22.810667+00:00,"{'date': '2026-09-10', 'close': 119, 'symbol': 'BMTR.JK'}"
BNBA.JK,2026-09-10,805,,,2026-09-11T08:08:22.810667+00:00,"{'date': '2026-09-10', 'close': 805, 'symbol': 'BNBA.JK'}"
BNBR.JK,2026-09-10,95,,,2026-09-11T08:08:22.810667+00:00,"{'date': '2026-09-10', 'close': 95, 'symbol': 'BNBR.JK'}"
BNGA.JK,2026-09-10,1745,,,2026-09-11T08:08:22.810667+00:00,"{'date': '2026-09-10', 'close': 1745, 'symbol': 'BNGA.JK'}"
BNII.JK,2026-09-10,191,,,2026-09-11T08:08:22.810667+00:00,"{'date': '2026-09-10', 'close': 191, 'symbol': 'BNII.JK'}"
BNLI.JK,2026-09-10,2150,,,2026-09-11T08:08:22.810667+00:00,"{'date': '2026-09-10', 'close': 2150, 'symbol': 'BNLI.JK'}"
BOAT.JK,2026-09-10,138,,,2026-09-11T08:08:22.810667+00:00,"{'date': '2026-09-10', 'close': 138, 'symbol': 'BOAT.JK'}"
BOBA.JK,2026-09-10,216,,,2026-09-11T08:08:22.810667+00:00,"{'date': '2026-09-10', 'close': 216, 'symbol': 'BOBA.JK'}"
BOGA.JK,2026-09-10,1590,,,2026-09-11T08:08:22.810667+00:00,"{'date': '2026-09-10', 'close': 1590, 'symbol': 'BOGA.JK'}"
BOLA.JK,2026-09-10,182,,,2026-09-11T08:08:22.810667+00:00,"{'date': '2026-09-10', 'close': 182, 'symbol': 'BOLA.JK'}"
BOLT.JK,2026-09-10,785,,,2026-09-11T08:08:22.810667+00:00,"{'date': '2026-09-10', 'close': 785, 'symbol': 'BOLT.JK'}"
BOSS.JK,2026-09-10,50,,,2026-09-11T08:08:22.810667+00:00,"{'date': '2026-09-10', 'close': 50, 'symbol': 'BOSS.JK'}"
BPFI.JK,2026-09-10,248,,,2026-09-11T08:08:22.810667+00:00,"{'date': '2026-09-10', 'close': 248, 'symbol': 'BPFI.JK'}"
BPII.JK,2026-09-10,476,,,2026-09-11T08:08:22.810667+00:00,"{'date': '2026-09-10', 'close': 476, 'symbol': 'BPII.JK'}"
BPTR.JK,2026-09-10,76,,,2026-09-11T08:08:22.810667+00:00,"{'date': '2026-09-10', 'close': 76, 'symbol': 'BPTR.JK'}"
BRAM.JK,2026-09-10,4620,,,2026-09-11T08:08:22.810667+00:00,"{'date': '2026-09-10', 'close': 4620, 'symbol': 'BRAM.JK'}"
BREN.JK,2026-09-10,3300,,,2026-09-11T08:08:22.810667+00:00,"{'date': '2026-09-10', 'close': 3300, 'symbol': 'BREN.JK'}"
BRIS.JK,2026-09-10,1755,,,2026-09-11T08:08:22.810667+00:00,"{'date': '2026-09-10', 'close': 1755, 'symbol': 'BRIS.JK'}"
BRMS.JK,2026-09-10,690,,,2026-09-11T08:08:22.810667+00:00,"{'date': '2026-09-10', 'close': 690, 'symbol': 'BRMS.JK'}"
BRNA.JK,2026-09-10,640,,,2026-09-11T08:08:22.810667+00:00,"{'date': '2026-09-10', 'close': 640, 'symbol': 'BRNA.JK'}"
BRPT.JK,2026-09-10,1730,,,2026-09-11T08:08:22.810667+00:00,"{'date': '2026-09-10', 'close': 1730, 'symbol': 'BRPT.JK'}"
BRRC.JK,2026-09-10,74,,,2026-09-11T08:08:22.810667+00:00,"{'date': '2026-09-10', 'close': 74, 'symbol': 'BRRC.JK'}"
BSBK.JK,2026-09-10,50,,,2026-09-11T08:08:22.810667+00:00,"{'date': '2026-09-10', 'close': 50, 'symbol': 'BSBK.JK'}"
BSDE.JK,2026-09-10,635,,,2026-09-11T08:08:22.810667+00:00,"{'date': '2026-09-10', 'close': 635, 'symbol': 'BSDE.JK'}"
BSIM.JK,2026-09-10,1165,,,2026-09-11T08:08:22.810667+00:00,"{'date': '2026-09-10', 'close': 1165, 'symbol': 'BSIM.JK'}"
BSML.JK,2026-09-10,525,,,2026-09-11T08:08:22.810667+00:00,"{'date': '2026-09-10', 'close': 525, 'symbol': 'BSML.JK'}"
BSSR.JK,2026-09-10,4910,,,2026-09-11T08:08:22.810667+00:00,"{'date': '2026-09-10', 'close': 4910, 'symbol': 'BSSR.JK'}"
BSWD.JK,2026-09-10,1500,,,2026-09-11T08:08:22.810667+00:00,"{'date': '2026-09-10', 'close': 1500, 'symbol': 'BSWD.JK'}"
BTEK.JK,2026-09-10,11,,,2026-09-11T08:08:22.810667+00:00,"{'date': '2026-09-10', 'close': 11, 'symbol': 'BTEK.JK'}"
BTEL.JK,2026-09-10,50,,,2026-09-11T08:08:22.810667+00:00,"{'date': '2026-09-10', 'close': 50, 'symbol': 'BTEL.JK'}"
BTON.JK,2026-09-10,366,,,2026-09-11T08:08:22.810667+00:00,"{'date': '2026-09-10', 'close': 366, 'symbol': 'BTON.JK'}"
BTPN.JK,2026-09-10,2430,,,2026-09-11T08:08:22.810667+00:00,"{'date': '2026-09-10', 'close': 2430, 'symbol': 'BTPN.JK'}"
BTPS.JK,2026-09-10,1065,,,2026-09-11T08:08:22.810667+00:00,"{'date': '2026-09-10', 'close': 1065, 'symbol': 'BTPS.JK'}"
BUAH.JK,2026-09-10,498,,,2026-09-11T08:08:22.810667+00:00,"{'date': '2026-09-10', 'close': 498, 'symbol': 'BUAH.JK'}"
BUDI.JK,2026-09-10,226,,,2026-09-11T08:08:22.810667+00:00,"{'date': '2026-09-10', 'close': 226, 'symbol': 'BUDI.JK'}"
BUKA.JK,2026-09-10,109,,,2026-09-11T08:08:22.810667+00:00,"{'date': '2026-09-10', 'close': 109, 'symbol': 'BUKA.JK'}"
BUKK.JK,2026-09-10,970,,,2026-09-11T08:08:22.810667+00:00,"{'date': '2026-09-10', 'close': 970, 'symbol': 'BUKK.JK'}"
BULL.JK,2026-09-10,422,,,2026-09-11T08:08:22.810667+00:00,"{'date': '2026-09-10', 'close': 422, 'symbol': 'BULL.JK'}"
BUMI.JK,2026-09-10,212,,,2026-09-11T08:08:22.810667+00:00,"{'date': '2026-09-10', 'close': 212, 'symbol': 'BUMI.JK'}"
BUVA.JK,2026-09-10,720,,,2026-09-11T08:08:22.810667+00:00,"{'date': '2026-09-10', 'close': 720, 'symbol': 'BUVA.JK'}"
BVIC.JK,2026-09-10,96,,,2026-09-11T08:08:22.810667+00:00,"{'date': '2026-09-10', 'close': 96, 'symbol': 'BVIC.JK'}"
BWPT.JK,2026-09-10,127,,,2026-09-11T08:08:22.810667+00:00,"{'date': '2026-09-10', 'close': 127, 'symbol': 'BWPT.JK'}"
BYAN.JK,2026-09-10,13100,,,2026-09-11T08:08:22.810667+00:00,"{'date': '2026-09-10', 'close': 13100, 'symbol': 'BYAN.JK'}"
CAKK.JK,2026-09-10,158,,,2026-09-11T08:08:22.810667+00:00,"{'date': '2026-09-10', 'close': 158, 'symbol': 'CAKK.JK'}"
CAMP.JK,2026-09-10,170,,,2026-09-11T08:08:22.810667+00:00,"{'date': '2026-09-10', 'close': 170, 'symbol': 'CAMP.JK'}"
CANI.JK,2026-09-10,135,,,2026-09-11T08:08:22.810667+00:00,"{'date': '2026-09-10', 'close': 135, 'symbol': 'CANI.JK'}"
CARE.JK,2026-09-10,408,,,2026-09-11T08:08:22.810667+00:00,"{'date': '2026-09-10', 'close': 408, 'symbol': 'CARE.JK'}"
CARS.JK,2026-09-10,114,,,2026-09-11T08:08:22.810667+00:00,"{'date': '2026-09-10', 'close': 114, 'symbol': 'CARS.JK'}"
CASA.JK,2026-09-10,1800,,,2026-09-11T08:08:22.810667+00:00,"{'date': '2026-09-10', 'close': 1800, 'symbol': 'CASA.JK'}"
CASH.JK,2026-09-10,222,,,2026-09-11T08:08:22.810667+00:00,"{'date': '2026-09-10', 'close': 222, 'symbol': 'CASH.JK'}"
CASS.JK,2026-09-10,1820,,,2026-09-11T08:08:22.810667+00:00,"{'date': '2026-09-10', 'close': 1820, 'symbol': 'CASS.JK'}"
CBDK.JK,2026-09-10,3930,,,2026-09-11T08:08:22.810667+00:00,"{'date': '2026-09-10', 'close': 3930, 'symbol': 'CBDK.JK'}"
CBMF.JK,2026-09-10,50,,,2026-09-11T08:08:22.810667+00:00,"{'date': '2026-09-10', 'close': 50, 'symbol': 'CBMF.JK'}"
CBPE.JK,2026-09-10,492,,,2026-09-11T08:08:22.810667+00:00,"{'date': '2026-09-10', 'close': 492, 'symbol': 'CBPE.JK'}"
CBRE.JK,2026-09-10,730,,,2026-09-11T08:08:22.810667+00:00,"{'date': '2026-09-10', 'close': 730, 'symbol': 'CBRE.JK'}"
CBUT.JK,2026-09-10,1060,,,2026-09-11T08:08:22.810667+00:00,"{'date': '2026-09-10', 'close': 1060, 'symbol': 'CBUT.JK'}"
CCSI.JK,2026-09-10,308,,,2026-09-11T08:08:22.810667+00:00,"{'date': '2026-09-10', 'close': 308, 'symbol': 'CCSI.JK'}"
CDIA.JK,2026-09-10,705,,,2026-09-11T08:08:22.810667+00:00,"{'date': '2026-09-10', 'close': 705, 'symbol': 'CDIA.JK'}"
CEKA.JK,2026-09-10,2200,,,2026-09-11T08:08:22.810667+00:00,"{'date': '2026-09-10', 'close': 2200, 'symbol': 'CEKA.JK'}"
CENT.JK,2026-09-10,109,,,2026-09-11T08:08:22.810667+00:00,"{'date': '2026-09-10', 'close': 109, 'symbol': 'CENT.JK'}"
CFIN.JK,2026-09-10,374,,,2026-09-11T08:08:22.810667+00:00,"{'date': '2026-09-10', 'close': 374, 'symbol': 'CFIN.JK'}"
CGAS.JK,2026-09-10,151,,,2026-09-11T08:08:22.810667+00:00,"{'date': '2026-09-10', 'close': 151, 'symbol': 'CGAS.JK'}"
CHEK.JK,2026-09-10,130,,,2026-09-11T08:08:22.810667+00:00,"{'date': '2026-09-10', 'close': 130, 'symbol': 'CHEK.JK'}"
CHEM.JK,2026-09-10,72,,,2026-09-11T08:08:22.810667+00:00,"{'date': '2026-09-10', 'close': 72, 'symbol': 'CHEM.JK'}"
CHIP.JK,2026-09-10,800,,,2026-09-11T08:08:22.810667+00:00,"{'date': '2026-09-10', 'close': 800, 'symbol': 'CHIP.JK'}"
CINT.JK,2026-09-10,187,,,2026-09-11T08:08:22.810667+00:00,"{'date': '2026-09-10', 'close': 187, 'symbol': 'CINT.JK'}"
CITA.JK,2026-09-10,3550,,,2026-09-11T08:08:22.810667+00:00,"{'date': '2026-09-10', 'close': 3550, 'symbol': 'CITA.JK'}"
CITY.JK,2026-09-10,193,,,2026-09-11T08:08:22.810667+00:00,"{'date': '2026-09-10', 'close': 193, 'symbol': 'CITY.JK'}"
CLAY.JK,2026-09-10,2720,,,2026-09-11T08:08:22.810667+00:00,"{'date': '2026-09-10', 'close': 2720, 'symbol': 'CLAY.JK'}"
CLEO.JK,2026-09-10,422,,,2026-09-11T08:08:22.810667+00:00,"{'date': '2026-09-10', 'close': 422, 'symbol': 'CLEO.JK'}"
CLPI.JK,2026-09-10,1620,,,2026-09-11T08:08:22.810667+00:00,"{'date': '2026-09-10', 'close': 1620, 'symbol': 'CLPI.JK'}"
CMNP.JK,2026-09-10,1420,,,2026-09-11T08:08:22.810667+00:00,"{'date': '2026-09-10', 'close': 1420, 'symbol': 'CMNP.JK'}"
CMNT.JK,2026-09-10,755,,,2026-09-11T08:08:22.810667+00:00,"{'date': '2026-09-10', 'close': 755, 'symbol': 'CMNT.JK'}"
CMPP.JK,2026-09-10,69,,,2026-09-11T08:08:22.810667+00:00,"{'date': '2026-09-10', 'close': 69, 'symbol': 'CMPP.JK'}"
CMRY.JK,2026-09-10,4450,,,2026-09-11T08:08:22.810667+00:00,"{'date': '2026-09-10', 'close': 4450, 'symbol': 'CMRY.JK'}"
CNKO.JK,2026-09-10,37,,,2026-09-11T08:08:22.810667+00:00,"{'date': '2026-09-10', 'close': 37, 'symbol': 'CNKO.JK'}"
CNMA.JK,2026-09-10,92,,,2026-09-11T08:08:22.810667+00:00,"{'date': '2026-09-10', 'close': 92, 'symbol': 'CNMA.JK'}"
COAL.JK,2026-09-10,31,,,2026-09-11T08:08:22.810667+00:00,"{'date': '2026-09-10', 'close': 31, 'symbol': 'COAL.JK'}"
COCO.JK,2026-09-10,137,,,2026-09-11T08:08:22.810667+00:00,"{'date': '2026-09-10', 'close': 137, 'symbol': 'COCO.JK'}"
COIN.JK,2026-09-10,760,,,2026-09-11T08:08:22.810667+00:00,"{'date': '2026-09-10', 'close': 760, 'symbol': 'COIN.JK'}"
COWL.JK,2026-09-10,50,,,2026-09-11T08:08:22.810667+00:00,"{'date': '2026-09-10', 'close': 50, 'symbol': 'COWL.JK'}"
CPIN.JK,2026-09-10,3280,,,2026-09-11T08:08:22.810667+00:00,"{'date': '2026-09-10', 'close': 3280, 'symbol': 'CPIN.JK'}"
CPRI.JK,2026-09-10,50,,,2026-09-11T08:08:22.810667+00:00,"{'date': '2026-09-10', 'close': 50, 'symbol': 'CPRI.JK'}"
CPRO.JK,2026-09-10,50,,,2026-09-11T08:08:22.810667+00:00,"{'date': '2026-09-10', 'close': 50, 'symbol': 'CPRO.JK'}"
CRAB.JK,2026-09-10,220,,,2026-09-11T08:08:22.810667+00:00,"{'date': '2026-09-10', 'close': 220, 'symbol': 'CRAB.JK'}"
CRSN.JK,2026-09-10,143,,,2026-09-11T08:08:22.810667+00:00,"{'date': '2026-09-10', 'close': 143, 'symbol': 'CRSN.JK'}"
CSAP.JK,2026-09-10,294,,,2026-09-11T08:08:22.810667+00:00,"{'date': '2026-09-10', 'close': 294, 'symbol': 'CSAP.JK'}"
CSIS.JK,2026-09-10,208,,,2026-09-11T08:08:22.810667+00:00,"{'date': '2026-09-10', 'close': 208, 'symbol': 'CSIS.JK'}"
CSMI.JK,2026-09-10,200,,,2026-09-11T08:08:22.810667+00:00,"{'date': '2026-09-10', 'close': 200, 'symbol': 'CSMI.JK'}"
CSRA.JK,2026-09-10,765,,,2026-09-11T08:08:22.810667+00:00,"{'date': '2026-09-10', 'close': 765, 'symbol': 'CSRA.JK'}"
CTBN.JK,2026-09-10,3070,,,2026-09-11T08:08:22.810667+00:00,"{'date': '2026-09-10', 'close': 3070, 'symbol': 'CTBN.JK'}"
CTRA.JK,2026-09-10,620,,,2026-09-11T08:08:22.810667+00:00,"{'date': '2026-09-10', 'close': 620, 'symbol': 'CTRA.JK'}"
CTTH.JK,2026-09-10,123,,,2026-09-11T08:08:22.810667+00:00,"{'date': '2026-09-10', 'close': 123, 'symbol': 'CTTH.JK'}"
CUAN.JK,2026-09-10,985,,,2026-09-11T08:08:22.810667+00:00,"{'date': '2026-09-10', 'close': 985, 'symbol': 'CUAN.JK'}"
CYBR.JK,2026-09-10,520,,,2026-09-11T08:08:22.810667+00:00,"{'date': '2026-09-10', 'close': 520, 'symbol': 'CYBR.JK'}"
DAAZ.JK,2026-09-10,1625,,,2026-09-11T08:08:22.810667+00:00,"{'date': '2026-09-10', 'close': 1625, 'symbol': 'DAAZ.JK'}"
DADA.JK,2026-09-10,50,,,2026-09-11T08:08:22.810667+00:00,"{'date': '2026-09-10', 'close': 50, 'symbol': 'DADA.JK'}"
DART.JK,2026-09-10,159,,,2026-09-11T08:08:22.810667+00:00,"{'date': '2026-09-10', 'close': 159, 'symbol': 'DART.JK'}"
DATA.JK,2026-09-10,1805,,,2026-09-11T08:08:22.810667+00:00,"{'date': '2026-09-10', 'close': 1805, 'symbol': 'DATA.JK'}"
DAYA.JK,2026-09-10,1100,,,2026-09-11T08:08:22.810667+00:00,"{'date': '2026-09-10', 'close': 1100, 'symbol': 'DAYA.JK'}"
DCII.JK,2026-09-10,201100,,,2026-09-11T08:08:22.810667+00:00,"{'date': '2026-09-10', 'close': 201100, 'symbol': 'DCII.JK'}"
DEAL.JK,2026-09-10,6,,,2026-09-11T08:08:22.810667+00:00,"{'date': '2026-09-10', 'close': 6, 'symbol': 'DEAL.JK'}"
DEFI.JK,2026-09-10,104,,,2026-09-11T08:08:22.810667+00:00,"{'date': '2026-09-10', 'close': 104, 'symbol': 'DEFI.JK'}"
DEPO.JK,2026-09-10,240,,,2026-09-11T08:08:22.810667+00:00,"{'date': '2026-09-10', 'close': 240, 'symbol': 'DEPO.JK'}"
DEWA.JK,2026-09-10,426,,,2026-09-11T08:08:22.810667+00:00,"{'date': '2026-09-10', 'close': 426, 'symbol': 'DEWA.JK'}"
DEWI.JK,2026-09-10,159,,,2026-09-11T08:08:22.810667+00:00,"{'date': '2026-09-10', 'close': 159, 'symbol': 'DEWI.JK'}"
DFAM.JK,2026-09-10,86,,,2026-09-11T08:08:22.810667+00:00,"{'date': '2026-09-10', 'close': 86, 'symbol': 'DFAM.JK'}"
DGIK.JK,2026-09-10,136,,,2026-09-11T08:08:22.810667+00:00,"{'date': '2026-09-10', 'close': 136, 'symbol': 'DGIK.JK'}"
DGNS.JK,2026-09-10,274,,,2026-09-11T08:08:22.810667+00:00,"{'date': '2026-09-10', 'close': 274, 'symbol': 'DGNS.JK'}"
DGWG.JK,2026-09-10,336,,,2026-09-11T08:08:22.810667+00:00,"{'date': '2026-09-10', 'close': 336, 'symbol': 'DGWG.JK'}"
DIGI.JK,2026-09-10,29,,,2026-09-11T08:08:22.810667+00:00,"{'date': '2026-09-10', 'close': 29, 'symbol': 'DIGI.JK'}"
DILD.JK,2026-09-10,120,,,2026-09-11T08:08:22.810667+00:00,"{'date': '2026-09-10', 'close': 120, 'symbol': 'DILD.JK'}"
DIVA.JK,2026-09-10,138,,,2026-09-11T08:08:22.810667+00:00,"{'date': '2026-09-10', 'close': 138, 'symbol': 'DIVA.JK'}"
DKFT.JK,2026-09-10,710,,,2026-09-11T08:08:22.810667+00:00,"{'date': '2026-09-10', 'close': 710, 'symbol': 'DKFT.JK'}"
DKHH.JK,2026-09-10,71,,,2026-09-11T08:08:22.810667+00:00,"{'date': '2026-09-10', 'close': 71, 'symbol': 'DKHH.JK'}"
DLTA.JK,2026-09-10,1795,,,2026-09-11T08:08:22.810667+00:00,"{'date': '2026-09-10', 'close': 1795, 'symbol': 'DLTA.JK'}"
DMAS.JK,2026-09-10,193,,,2026-09-11T08:08:22.810667+00:00,"{'date': '2026-09-10', 'close': 193, 'symbol': 'DMAS.JK'}"
DMMX.JK,2026-09-10,185,,,2026-09-11T08:08:22.810667+00:00,"{'date': '2026-09-10', 'close': 185, 'symbol': 'DMMX.JK'}"
DMND.JK,2026-09-10,610,,,2026-09-11T08:08:22.810667+00:00,"{'date': '2026-09-10', 'close': 610, 'symbol': 'DMND.JK'}"
DNAR.JK,2026-09-10,132,,,2026-09-11T08:08:22.810667+00:00,"{'date': '2026-09-10', 'close': 132, 'symbol': 'DNAR.JK'}"
DNET.JK,2026-09-10,10000,,,2026-09-11T08:08:22.810667+00:00,"{'date': '2026-09-10', 'close': 10000, 'symbol': 'DNET.JK'}"
DOID.JK,2026-09-10,248,,,2026-09-11T08:08:22.810667+00:00,"{'date': '2026-09-10', 'close': 248, 'symbol': 'DOID.JK'}"
DOOH.JK,2026-09-10,392,,,2026-09-11T08:08:22.810667+00:00,"{'date': '2026-09-10', 'close': 392, 'symbol': 'DOOH.JK'}"
DOSS.JK,2026-09-10,170,,,2026-09-11T08:08:22.810667+00:00,"{'date': '2026-09-10', 'close': 170, 'symbol': 'DOSS.JK'}"
DPNS.JK,2026-09-10,310,,,2026-09-11T08:08:22.810667+00:00,"{'date': '2026-09-10', 'close': 310, 'symbol': 'DPNS.JK'}"
DPUM.JK,2026-09-10,134,,,2026-09-11T08:08:22.810667+00:00,"{'date': '2026-09-10', 'close': 134, 'symbol': 'DPUM.JK'}"
DRMA.JK,2026-09-10,1025,,,2026-09-11T08:08:22.810667+00:00,"{'date': '2026-09-10', 'close': 1025, 'symbol': 'DRMA.JK'}"
DSFI.JK,2026-09-10,88,,,2026-09-11T08:08:22.810667+00:00,"{'date': '2026-09-10', 'close': 88, 'symbol': 'DSFI.JK'}"
DSNG.JK,2026-09-10,1665,,,2026-09-11T08:08:22.810667+00:00,"{'date': '2026-09-10', 'close': 1665, 'symbol': 'DSNG.JK'}"
DSSA.JK,2026-09-10,1110,,,2026-09-11T08:08:22.810667+00:00,"{'date': '2026-09-10', 'close': 1110, 'symbol': 'DSSA.JK'}"
DUCK.JK,2026-09-10,176,,,2026-09-11T08:08:22.810667+00:00,"{'date': '2026-09-10', 'close': 176, 'symbol': 'DUCK.JK'}"
DUTI.JK,2026-09-10,4790,,,2026-09-11T08:08:22.810667+00:00,"{'date': '2026-09-10', 'close': 4790, 'symbol': 'DUTI.JK'}"
DVLA.JK,2026-09-10,1595,,,2026-09-11T08:08:22.810667+00:00,"{'date': '2026-09-10', 'close': 1595, 'symbol': 'DVLA.JK'}"
DWGL.JK,2026-09-10,236,,,2026-09-11T08:08:22.810667+00:00,"{'date': '2026-09-10', 'close': 236, 'symbol': 'DWGL.JK'}"
DYAN.JK,2026-09-10,88,,,2026-09-11T08:08:22.810667+00:00,"{'date': '2026-09-10', 'close': 88, 'symbol': 'DYAN.JK'}"
EAST.JK,2026-09-10,90,,,2026-09-11T08:08:22.810667+00:00,"{'date': '2026-09-10', 'close': 90, 'symbol': 'EAST.JK'}"
ECII.JK,2026-09-10,172,,,2026-09-11T08:08:22.810667+00:00,"{'date': '2026-09-10', 'close': 172, 'symbol': 'ECII.JK'}"
EDGE.JK,2026-09-10,4790,,,2026-09-11T08:08:22.810667+00:00,"{'date': '2026-09-10', 'close': 4790, 'symbol': 'EDGE.JK'}"
EKAD.JK,2026-09-10,422,,,2026-09-11T08:08:22.810667+00:00,"{'date': '2026-09-10', 'close': 422, 'symbol': 'EKAD.JK'}"
ELIT.JK,2026-09-10,254,,,2026-09-11T08:08:22.810667+00:00,"{'date': '2026-09-10', 'close': 254, 'symbol': 'ELIT.JK'}"
ELPI.JK,2026-09-10,710,,,2026-09-11T08:08:22.810667+00:00,"{'date': '2026-09-10', 'close': 710, 'symbol': 'ELPI.JK'}"
ELSA.JK,2026-09-10,730,,,2026-09-11T08:08:22.810667+00:00,"{'date': '2026-09-10', 'close': 730, 'symbol': 'ELSA.JK'}"
ELTY.JK,2026-09-10,35,,,2026-09-11T08:08:22.810667+00:00,"{'date': '2026-09-10', 'close': 35, 'symbol': 'ELTY.JK'}"
EMAS.JK,2026-09-10,8600,,,2026-09-11T08:08:22.810667+00:00,"{'date': '2026-09-10', 'close': 8600, 'symbol': 'EMAS.JK'}"
EMDE.JK,2026-09-10,79,,,2026-09-11T08:08:22.810667+00:00,"{'date': '2026-09-10', 'close': 79, 'symbol': 'EMDE.JK'}"
EMMI.JK,2026-09-10,360,,,2026-09-11T08:08:22.810667+00:00,"{'date': '2026-09-10', 'close': 360, 'symbol': 'EMMI.JK'}"
EMTK.JK,2026-09-10,500,,,2026-09-11T08:08:22.810667+00:00,"{'date': '2026-09-10', 'close': 500, 'symbol': 'EMTK.JK'}"
ENAK.JK,2026-09-10,228,,,2026-09-11T08:08:22.810667+00:00,"{'date': '2026-09-10', 'close': 228, 'symbol': 'ENAK.JK'}"
ENRG.JK,2026-09-10,1460,,,2026-09-11T08:08:22.810667+00:00,"{'date': '2026-09-10', 'close': 1460, 'symbol': 'ENRG.JK'}"
ENVY.JK,2026-09-10,50,,,2026-09-11T08:08:22.810667+00:00,"{'date': '2026-09-10', 'close': 50, 'symbol': 'ENVY.JK'}"
ENZO.JK,2026-09-10,75,,,2026-09-11T08:08:22.810667+00:00,"{'date': '2026-09-10', 'close': 75, 'symbol': 'ENZO.JK'}"
EPAC.JK,2026-09-10,55,,,2026-09-11T08:08:22.810667+00:00,"{'date': '2026-09-10', 'close': 55, 'symbol': 'EPAC.JK'}"
EPMT.JK,2026-09-10,2390,,,2026-09-11T08:08:22.810667+00:00,"{'date': '2026-09-10', 'close': 2390, 'symbol': 'EPMT.JK'}"
ERAA.JK,2026-09-10,590,,,2026-09-11T08:08:22.810667+00:00,"{'date': '2026-09-10', 'close': 590, 'symbol': 'ERAA.JK'}"
ERAL.JK,2026-09-10,322,,,2026-09-11T08:08:22.810667+00:00,"{'date': '2026-09-10', 'close': 322, 'symbol': 'ERAL.JK'}"
ERTX.JK,2026-09-10,186,,,2026-09-11T08:08:22.810667+00:00,"{'date': '2026-09-10', 'close': 186, 'symbol': 'ERTX.JK'}"
ESIP.JK,2026-09-10,120,,,2026-09-11T08:08:22.810667+00:00,"{'date': '2026-09-10', 'close': 120, 'symbol': 'ESIP.JK'}"
ESSA.JK,2026-09-10,680,,,2026-09-11T08:08:22.810667+00:00,"{'date': '2026-09-10', 'close': 680, 'symbol': 'ESSA.JK'}"
ESTA.JK,2026-09-10,174,,,2026-09-11T08:08:22.810667+00:00,"{'date': '2026-09-10', 'close': 174, 'symbol': 'ESTA.JK'}"
ESTI.JK,2026-09-10,174,,,2026-09-11T08:08:22.810667+00:00,"{'date': '2026-09-10', 'close': 174, 'symbol': 'ESTI.JK'}"
ETWA.JK,2026-09-10,70,,,2026-09-11T08:08:22.810667+00:00,"{'date': '2026-09-10', 'close': 70, 'symbol': 'ETWA.JK'}"
EURO.JK,2026-09-10,1430,,,2026-09-11T08:08:22.810667+00:00,"{'date': '2026-09-10', 'close': 1430, 'symbol': 'EURO.JK'}"
EXCL.JK,2026-09-10,2700,,,2026-09-11T08:08:22.810667+00:00,"{'date': '2026-09-10', 'close': 2700, 'symbol': 'EXCL.JK'}"
FAPA.JK,2026-09-10,7475,,,2026-09-11T08:08:22.810667+00:00,"{'date': '2026-09-10', 'close': 7475, 'symbol': 'FAPA.JK'}"
FAST.JK,2026-09-10,446,,,2026-09-11T08:08:22.810667+00:00,"{'date': '2026-09-10', 'close': 446, 'symbol': 'FAST.JK'}"
FASW.JK,2026-09-10,5275,,,2026-09-11T08:08:22.810667+00:00,"{'date': '2026-09-10', 'close': 5275, 'symbol': 'FASW.JK'}"
FILM.JK,2026-09-10,805,,,2026-09-11T08:08:22.810667+00:00,"{'date': '2026-09-10', 'close': 805, 'symbol': 'FILM.JK'}"
FIMP.JK,2026-09-10,69,,,2026-09-11T08:08:22.810667+00:00,"{'date': '2026-09-10', 'close': 69, 'symbol': 'FIMP.JK'}"
FIRE.JK,2026-09-10,125,,,2026-09-11T08:08:22.810667+00:00,"{'date': '2026-09-10', 'close': 125, 'symbol': 'FIRE.JK'}"
FISH.JK,2026-09-10,620,,,2026-09-11T08:08:22.810667+00:00,"{'date': '2026-09-10', 'close': 620, 'symbol': 'FISH.JK'}"
FITT.JK,2026-09-10,426,,,2026-09-11T08:08:22.810667+00:00,"{'date': '2026-09-10', 'close': 426, 'symbol': 'FITT.JK'}"
FLMC.JK,2026-09-10,129,,,2026-09-11T08:08:22.810667+00:00,"{'date': '2026-09-10', 'close': 129, 'symbol': 'FLMC.JK'}"
FMII.JK,2026-09-10,254,,,2026-09-11T08:08:22.810667+00:00,"{'date': '2026-09-10', 'close': 254, 'symbol': 'FMII.JK'}"
FOLK.JK,2026-09-10,252,,,2026-09-11T08:08:22.810667+00:00,"{'date': '2026-09-10', 'close': 252, 'symbol': 'FOLK.JK'}"
FOOD.JK,2026-09-10,176,,,2026-09-11T08:08:22.810667+00:00,"{'date': '2026-09-10', 'close': 176, 'symbol': 'FOOD.JK'}"
FORE.JK,2026-09-10,795,,,2026-09-11T08:08:22.810667+00:00,"{'date': '2026-09-10', 'close': 795, 'symbol': 'FORE.JK'}"
FORU.JK,2026-09-10,3550,,,2026-09-11T08:08:22.810667+00:00,"{'date': '2026-09-10', 'close': 3550, 'symbol': 'FORU.JK'}"
FPNI.JK,2026-09-10,565,,,2026-09-11T08:08:22.810667+00:00,"{'date': '2026-09-10', 'close': 565, 'symbol': 'FPNI.JK'}"
FUJI.JK,2026-09-10,244,,,2026-09-11T08:08:22.810667+00:00,"{'date': '2026-09-10', 'close': 244, 'symbol': 'FUJI.JK'}"
FUTR.JK,2026-09-10,300,,,2026-09-11T08:08:22.810667+00:00,"{'date': '2026-09-10', 'close': 300, 'symbol': 'FUTR.JK'}"
FWCT.JK,2026-09-10,92,,,2026-09-11T08:08:22.810667+00:00,"{'date': '2026-09-10', 'close': 92, 'symbol': 'FWCT.JK'}"
GAMA.JK,2026-09-10,18,,,2026-09-11T08:08:22.810667+00:00,"{'date': '2026-09-10', 'close': 18, 'symbol': 'GAMA.JK'}"
GDST.JK,2026-09-10,115,,,2026-09-11T08:08:22.810667+00:00,"{'date': '2026-09-10', 'close': 115, 'symbol': 'GDST.JK'}"
GDYR.JK,2026-09-10,1115,,,2026-09-11T08:08:22.810667+00:00,"{'date': '2026-09-10', 'close': 1115, 'symbol': 'GDYR.JK'}"
GEMA.JK,2026-09-10,93,,,2026-09-11T08:08:22.810667+00:00,"{'date': '2026-09-10', 'close': 93, 'symbol': 'GEMA.JK'}"
GEMS.JK,2026-09-10,7600,,,2026-09-11T08:08:22.810667+00:00,"{'date': '2026-09-10', 'close': 7600, 'symbol': 'GEMS.JK'}"
GGRM.JK,2026-09-10,19500,,,2026-09-11T08:08:22.810667+00:00,"{'date': '2026-09-10', 'close': 19500, 'symbol': 'GGRM.JK'}"
GGRP.JK,2026-09-10,332,,,2026-09-11T08:08:22.810667+00:00,"{'date': '2026-09-10', 'close': 332, 'symbol': 'GGRP.JK'}"
GHON.JK,2026-09-10,1675,,,2026-09-11T08:08:22.810667+00:00,"{'date': '2026-09-10', 'close': 1675, 'symbol': 'GHON.JK'}"
GIAA.JK,2026-09-10,66,,,2026-09-11T08:08:22.810667+00:00,"{'date': '2026-09-10', 'close': 66, 'symbol': 'GIAA.JK'}"
GJTL.JK,2026-09-10,1340,,,2026-09-11T08:08:22.810667+00:00,"{'date': '2026-09-10', 'close': 1340, 'symbol': 'GJTL.JK'}"
GLOB.JK,2026-09-10,155,,,2026-09-11T08:08:22.810667+00:00,"{'date': '2026-09-10', 'close': 155, 'symbol': 'GLOB.JK'}"
GLVA.JK,2026-09-10,328,,,2026-09-11T08:08:22.810667+00:00,"{'date': '2026-09-10', 'close': 328, 'symbol': 'GLVA.JK'}"
GMFI.JK,2026-09-10,57,,,2026-09-11T08:08:22.810667+00:00,"{'date': '2026-09-10', 'close': 57, 'symbol': 'GMFI.JK'}"
GMTD.JK,2026-09-10,1285,,,2026-09-11T08:08:22.810667+00:00,"{'date': '2026-09-10', 'close': 1285, 'symbol': 'GMTD.JK'}"
GOLD.JK,2026-09-10,278,,,2026-09-11T08:08:22.810667+00:00,"{'date': '2026-09-10', 'close': 278, 'symbol': 'GOLD.JK'}"
GOLF.JK,2026-09-10,176,,,2026-09-11T08:08:22.810667+00:00,"{'date': '2026-09-10', 'close': 176, 'symbol': 'GOLF.JK'}"
GOLL.JK,2026-09-10,50,,,2026-09-11T08:08:22.810667+00:00,"{'date': '2026-09-10', 'close': 50, 'symbol': 'GOLL.JK'}"
GOOD.JK,2026-09-10,314,,,2026-09-11T08:08:22.810667+00:00,"{'date': '2026-09-10', 'close': 314, 'symbol': 'GOOD.JK'}"
GOTO.JK,2026-09-10,50,,,2026-09-11T08:08:22.810667+00:00,"{'date': '2026-09-10', 'close': 50, 'symbol': 'GOTO.JK'}"
GPRA.JK,2026-09-10,104,,,2026-09-11T08:08:22.810667+00:00,"{'date': '2026-09-10', 'close': 104, 'symbol': 'GPRA.JK'}"
GPSO.JK,2026-09-10,284,,,2026-09-11T08:08:22.810667+00:00,"{'date': '2026-09-10', 'close': 284, 'symbol': 'GPSO.JK'}"
GRIA.JK,2026-09-10,167,,,2026-09-11T08:08:22.810667+00:00,"{'date': '2026-09-10', 'close': 167, 'symbol': 'GRIA.JK'}"
GRPH.JK,2026-09-10,137,,,2026-09-11T08:08:22.810667+00:00,"{'date': '2026-09-10', 'close': 137, 'symbol': 'GRPH.JK'}"
GRPM.JK,2026-09-10,170,,,2026-09-11T08:08:22.810667+00:00,"{'date': '2026-09-10', 'close': 170, 'symbol': 'GRPM.JK'}"
GSMF.JK,2026-09-10,124,,,2026-09-11T08:08:22.810667+00:00,"{'date': '2026-09-10', 'close': 124, 'symbol': 'GSMF.JK'}"
GTBO.JK,2026-09-10,156,,,2026-09-11T08:08:22.810667+00:00,"{'date': '2026-09-10', 'close': 156, 'symbol': 'GTBO.JK'}"
GTRA.JK,2026-09-10,254,,,2026-09-11T08:08:22.810667+00:00,"{'date': '2026-09-10', 'close': 254, 'symbol': 'GTRA.JK'}"
GTSI.JK,2026-09-10,167,,,2026-09-11T08:08:22.810667+00:00,"{'date': '2026-09-10', 'close': 167, 'symbol': 'GTSI.JK'}"
GULA.JK,2026-09-10,810,,,2026-09-11T08:08:22.810667+00:00,"{'date': '2026-09-10', 'close': 810, 'symbol': 'GULA.JK'}"
GUNA.JK,2026-09-10,220,,,2026-09-11T08:08:22.810667+00:00,"{'date': '2026-09-10', 'close': 220, 'symbol': 'GUNA.JK'}"
GWSA.JK,2026-09-10,172,,,2026-09-11T08:08:22.810667+00:00,"{'date': '2026-09-10', 'close': 172, 'symbol': 'GWSA.JK'}"
GZCO.JK,2026-09-10,192,,,2026-09-11T08:08:22.810667+00:00,"{'date': '2026-09-10', 'close': 192, 'symbol': 'GZCO.JK'}"
HADE.JK,2026-09-10,26,,,2026-09-11T08:08:22.810667+00:00,"{'date': '2026-09-10', 'close': 26, 'symbol': 'HADE.JK'}"
HAIS.JK,2026-09-10,188,,,2026-09-11T08:08:22.810667+00:00,"{'date': '2026-09-10', 'close': 188, 'symbol': 'HAIS.JK'}"
HAJJ.JK,2026-09-10,112,,,2026-09-11T08:08:22.810667+00:00,"{'date': '2026-09-10', 'close': 112, 'symbol': 'HAJJ.JK'}"
HALO.JK,2026-09-10,73,,,2026-09-11T08:08:22.810667+00:00,"{'date': '2026-09-10', 'close': 73, 'symbol': 'HALO.JK'}"
HATM.JK,2026-09-10,600,,,2026-09-11T08:08:22.810667+00:00,"{'date': '2026-09-10', 'close': 600, 'symbol': 'HATM.JK'}"
HBAT.JK,2026-09-10,318,,,2026-09-11T08:08:22.810667+00:00,"{'date': '2026-09-10', 'close': 318, 'symbol': 'HBAT.JK'}"
HDFA.JK,2026-09-10,101,,,2026-09-11T08:08:22.810667+00:00,"{'date': '2026-09-10', 'close': 101, 'symbol': 'HDFA.JK'}"
HDIT.JK,2026-09-10,50,,,2026-09-11T08:08:22.810667+00:00,"{'date': '2026-09-10', 'close': 50, 'symbol': 'HDIT.JK'}"
HEAL.JK,2026-09-10,675,,,2026-09-11T08:08:22.810667+00:00,"{'date': '2026-09-10', 'close': 675, 'symbol': 'HEAL.JK'}"
HELI.JK,2026-09-10,204,,,2026-09-11T08:08:22.810667+00:00,"{'date': '2026-09-10', 'close': 204, 'symbol': 'HELI.JK'}"
HERO.JK,2026-09-10,336,,,2026-09-11T08:08:22.810667+00:00,"{'date': '2026-09-10', 'close': 336, 'symbol': 'HERO.JK'}"
HEXA.JK,2026-09-10,4460,,,2026-09-11T08:08:22.810667+00:00,"{'date': '2026-09-10', 'close': 4460, 'symbol': 'HEXA.JK'}"
HGII.JK,2026-09-10,138,,,2026-09-11T08:08:22.810667+00:00,"{'date': '2026-09-10', 'close': 138, 'symbol': 'HGII.JK'}"
HILL.JK,2026-09-10,16,,,2026-09-11T08:08:22.810667+00:00,"{'date': '2026-09-10', 'close': 16, 'symbol': 'HILL.JK'}"
HITS.JK,2026-09-10,116,,,2026-09-11T08:08:22.810667+00:00,"{'date': '2026-09-10', 'close': 116, 'symbol': 'HITS.JK'}"
HKMU.JK,2026-09-10,50,,,2026-09-11T08:08:22.810667+00:00,"{'date': '2026-09-10', 'close': 50, 'symbol': 'HKMU.JK'}"
HMSP.JK,2026-09-10,740,,,2026-09-11T08:08:22.810667+00:00,"{'date': '2026-09-10', 'close': 740, 'symbol': 'HMSP.JK'}"
HOKI.JK,2026-09-10,56,,,2026-09-11T08:08:22.810667+00:00,"{'date': '2026-09-10', 'close': 56, 'symbol': 'HOKI.JK'}"
HOME.JK,2026-09-10,50,,,2026-09-11T08:08:22.810667+00:00,"{'date': '2026-09-10', 'close': 50, 'symbol': 'HOME.JK'}"
HOMI.JK,2026-09-10,244,,,2026-09-11T08:08:22.810667+00:00,"{'date': '2026-09-10', 'close': 244, 'symbol': 'HOMI.JK'}"
HOPE.JK,2026-09-10,214,,,2026-09-11T08:08:22.810667+00:00,"{'date': '2026-09-10', 'close': 214, 'symbol': 'HOPE.JK'}"
HOTL.JK,2026-09-10,50,,,2026-09-11T08:08:22.810667+00:00,"{'date': '2026-09-10', 'close': 50, 'symbol': 'HOTL.JK'}"
HRME.JK,2026-09-10,45,,,2026-09-11T08:08:22.810667+00:00,"{'date': '2026-09-10', 'close': 45, 'symbol': 'HRME.JK'}"
HRTA.JK,2026-09-10,2220,,,2026-09-11T08:08:22.810667+00:00,"{'date': '2026-09-10', 'close': 2220, 'symbol': 'HRTA.JK'}"
HRUM.JK,2026-09-10,925,,,2026-09-11T08:08:22.810667+00:00,"{'date': '2026-09-10', 'close': 925, 'symbol': 'HRUM.JK'}"
HUMI.JK,2026-09-10,137,,,2026-09-11T08:08:22.810667+00:00,"{'date': '2026-09-10', 'close': 137, 'symbol': 'HUMI.JK'}"
HYGN.JK,2026-09-10,192,,,2026-09-11T08:08:22.810667+00:00,"{'date': '2026-09-10', 'close': 192, 'symbol': 'HYGN.JK'}"
IATA.JK,2026-09-10,128,,,2026-09-11T08:08:22.810667+00:00,"{'date': '2026-09-10', 'close': 128, 'symbol': 'IATA.JK'}"
IBFN.JK,2026-09-10,63,,,2026-09-11T08:08:22.810667+00:00,"{'date': '2026-09-10', 'close': 63, 'symbol': 'IBFN.JK'}"
IBOS.JK,2026-09-10,96,,,2026-09-11T08:08:22.810667+00:00,"{'date': '2026-09-10', 'close': 96, 'symbol': 'IBOS.JK'}"
IBST.JK,2026-09-10,8475,,,2026-09-11T08:08:22.810667+00:00,"{'date': '2026-09-10', 'close': 8475, 'symbol': 'IBST.JK'}"
ICBP.JK,2026-09-10,7175,,,2026-09-11T08:08:22.810667+00:00,"{'date': '2026-09-10', 'close': 7175, 'symbol': 'ICBP.JK'}"
ICON.JK,2026-09-10,144,,,2026-09-11T08:08:22.810667+00:00,"{'date': '2026-09-10', 'close': 144, 'symbol': 'ICON.JK'}"
IDEA.JK,2026-09-10,71,,,2026-09-11T08:08:22.810667+00:00,"{'date': '2026-09-10', 'close': 71, 'symbol': 'IDEA.JK'}"
IDPR.JK,2026-09-10,270,,,2026-09-11T08:08:22.810667+00:00,"{'date': '2026-09-10', 'close': 270, 'symbol': 'IDPR.JK'}"
IFII.JK,2026-09-10,200,,,2026-09-11T08:08:22.810667+00:00,"{'date': '2026-09-10', 'close': 200, 'symbol': 'IFII.JK'}"
IFSH.JK,2026-09-10,1080,,,2026-09-11T08:08:22.810667+00:00,"{'date': '2026-09-10', 'close': 1080, 'symbol': 'IFSH.JK'}"
IGAR.JK,2026-09-10,472,,,2026-09-11T08:08:22.810667+00:00,"{'date': '2026-09-10', 'close': 472, 'symbol': 'IGAR.JK'}"
IIKP.JK,2026-09-10,50,,,2026-09-11T08:08:22.810667+00:00,"{'date': '2026-09-10', 'close': 50, 'symbol': 'IIKP.JK'}"
IKAI.JK,2026-09-10,21,,,2026-09-11T08:08:22.810667+00:00,"{'date': '2026-09-10', 'close': 21, 'symbol': 'IKAI.JK'}"
IKAN.JK,2026-09-10,91,,,2026-09-11T08:08:22.810667+00:00,"{'date': '2026-09-10', 'close': 91, 'symbol': 'IKAN.JK'}"
IKBI.JK,2026-09-10,565,,,2026-09-11T08:08:22.810667+00:00,"{'date': '2026-09-10', 'close': 565, 'symbol': 'IKBI.JK'}"
IKPM.JK,2026-09-10,186,,,2026-09-11T08:08:22.810667+00:00,"{'date': '2026-09-10', 'close': 186, 'symbol': 'IKPM.JK'}"
IMAS.JK,2026-09-10,920,,,2026-09-11T08:08:22.810667+00:00,"{'date': '2026-09-10', 'close': 920, 'symbol': 'IMAS.JK'}"
IMJS.JK,2026-09-10,186,,,2026-09-11T08:08:22.810667+00:00,"{'date': '2026-09-10', 'close': 186, 'symbol': 'IMJS.JK'}"
IMPC.JK,2026-09-10,1705,,,2026-09-11T08:08:22.810667+00:00,"{'date': '2026-09-10', 'close': 1705, 'symbol': 'IMPC.JK'}"
INAF.JK,2026-09-10,126,,,2026-09-11T08:08:22.810667+00:00,"{'date': '2026-09-10', 'close': 126, 'symbol': 'INAF.JK'}"
INAI.JK,2026-09-10,178,,,2026-09-11T08:08:22.810667+00:00,"{'date': '2026-09-10', 'close': 178, 'symbol': 'INAI.JK'}"
INCF.JK,2026-09-10,50,,,2026-09-11T08:08:22.810667+00:00,"{'date': '2026-09-10', 'close': 50, 'symbol': 'INCF.JK'}"
INCI.JK,2026-09-10,805,,,2026-09-11T08:08:22.810667+00:00,"{'date': '2026-09-10', 'close': 805, 'symbol': 'INCI.JK'}"
INCO.JK,2026-09-10,4820,,,2026-09-11T08:08:22.810667+00:00,"{'date': '2026-09-10', 'close': 4820, 'symbol': 'INCO.JK'}"
INDF.JK,2026-09-10,7325,,,2026-09-11T08:08:22.810667+00:00,"{'date': '2026-09-10', 'close': 7325, 'symbol': 'INDF.JK'}"
INDO.JK,2026-09-10,183,,,2026-09-11T08:08:22.810667+00:00,"{'date': '2026-09-10', 'close': 183, 'symbol': 'INDO.JK'}"
INDR.JK,2026-09-10,3040,,,2026-09-11T08:08:22.810667+00:00,"{'date': '2026-09-10', 'close': 3040, 'symbol': 'INDR.JK'}"
INDS.JK,2026-09-10,272,,,2026-09-11T08:08:22.810667+00:00,"{'date': '2026-09-10', 'close': 272, 'symbol': 'INDS.JK'}"
INDX.JK,2026-09-10,60,,,2026-09-11T08:08:22.810667+00:00,"{'date': '2026-09-10', 'close': 60, 'symbol': 'INDX.JK'}"
INDY.JK,2026-09-10,2880,,,2026-09-11T08:08:22.810667+00:00,"{'date': '2026-09-10', 'close': 2880, 'symbol': 'INDY.JK'}"
INET.JK,2026-09-10,346,,,2026-09-11T08:08:22.810667+00:00,"{'date': '2026-09-10', 'close': 346, 'symbol': 'INET.JK'}"
INKP.JK,2026-09-10,9100,,,2026-09-11T08:08:22.810667+00:00,"{'date': '2026-09-10', 'close': 9100, 'symbol': 'INKP.JK'}"
INOV.JK,2026-09-10,140,,,2026-09-11T08:08:22.810667+00:00,"{'date': '2026-09-10', 'close': 140, 'symbol': 'INOV.JK'}"
INPC.JK,2026-09-10,163,,,2026-09-11T08:08:22.810667+00:00,"{'date': '2026-09-10', 'close': 163, 'symbol': 'INPC.JK'}"
INPP.JK,2026-09-10,750,,,2026-09-11T08:08:22.810667+00:00,"{'date': '2026-09-10', 'close': 750, 'symbol': 'INPP.JK'}"
INPS.JK,2026-09-10,850,,,2026-09-11T08:08:22.810667+00:00,"{'date': '2026-09-10', 'close': 850, 'symbol': 'INPS.JK'}"
INRU.JK,2026-09-10,590,,,2026-09-11T08:08:22.810667+00:00,"{'date': '2026-09-10', 'close': 590, 'symbol': 'INRU.JK'}"
INTA.JK,2026-09-10,61,,,2026-09-11T08:08:22.810667+00:00,"{'date': '2026-09-10', 'close': 61, 'symbol': 'INTA.JK'}"
INTD.JK,2026-09-10,262,,,2026-09-11T08:08:22.810667+00:00,"{'date': '2026-09-10', 'close': 262, 'symbol': 'INTD.JK'}"
INTP.JK,2026-09-10,5225,,,2026-09-11T08:08:22.810667+00:00,"{'date': '2026-09-10', 'close': 5225, 'symbol': 'INTP.JK'}"
IOTF.JK,2026-09-10,64,,,2026-09-11T08:08:22.810667+00:00,"{'date': '2026-09-10', 'close': 64, 'symbol': 'IOTF.JK'}"
IPAC.JK,2026-09-10,189,,,2026-09-11T08:08:22.810667+00:00,"{'date': '2026-09-10', 'close': 189, 'symbol': 'IPAC.JK'}"
IPCC.JK,2026-09-10,1130,,,2026-09-11T08:08:22.810667+00:00,"{'date': '2026-09-10', 'close': 1130, 'symbol': 'IPCC.JK'}"
IPCM.JK,2026-09-10,292,,,2026-09-11T08:08:22.810667+00:00,"{'date': '2026-09-10', 'close': 292, 'symbol': 'IPCM.JK'}"
IPOL.JK,2026-09-10,116,,,2026-09-11T08:08:22.810667+00:00,"{'date': '2026-09-10', 'close': 116, 'symbol': 'IPOL.JK'}"
IPPE.JK,2026-09-10,14,,,2026-09-11T08:08:22.810667+00:00,"{'date': '2026-09-10', 'close': 14, 'symbol': 'IPPE.JK'}"
IPTV.JK,2026-09-10,32,,,2026-09-11T08:08:22.810667+00:00,"{'date': '2026-09-10', 'close': 32, 'symbol': 'IPTV.JK'}"
IRRA.JK,2026-09-10,374,,,2026-09-11T08:08:22.810667+00:00,"{'date': '2026-09-10', 'close': 374, 'symbol': 'IRRA.JK'}"
IRSX.JK,2026-09-10,408,,,2026-09-11T08:08:22.810667+00:00,"{'date': '2026-09-10', 'close': 408, 'symbol': 'IRSX.JK'}"
ISAP.JK,2026-09-10,29,,,2026-09-11T08:08:22.810667+00:00,"{'date': '2026-09-10', 'close': 29, 'symbol': 'ISAP.JK'}"
ISAT.JK,2026-09-10,2400,,,2026-09-11T08:08:22.810667+00:00,"{'date': '2026-09-10', 'close': 2400, 'symbol': 'ISAT.JK'}"
ISEA.JK,2026-09-10,90,,,2026-09-11T08:08:22.810667+00:00,"{'date': '2026-09-10', 'close': 90, 'symbol': 'ISEA.JK'}"
ISSP.JK,2026-09-10,460,,,2026-09-11T08:08:22.810667+00:00,"{'date': '2026-09-10', 'close': 460, 'symbol': 'ISSP.JK'}"
ITIC.JK,2026-09-10,224,,,2026-09-11T08:08:22.810667+00:00,"{'date': '2026-09-10', 'close': 224, 'symbol': 'ITIC.JK'}"
ITMA.JK,2026-09-10,1535,,,2026-09-11T08:08:22.810667+00:00,"{'date': '2026-09-10', 'close': 1535, 'symbol': 'ITMA.JK'}"
ITMG.JK,2026-09-10,26100,,,2026-09-11T08:08:22.810667+00:00,"{'date': '2026-09-10', 'close': 26100, 'symbol': 'ITMG.JK'}"
JARR.JK,2026-09-10,3710,,,2026-09-11T08:08:22.810667+00:00,"{'date': '2026-09-10', 'close': 3710, 'symbol': 'JARR.JK'}"
JAST.JK,2026-09-10,94,,,2026-09-11T08:08:22.810667+00:00,"{'date': '2026-09-10', 'close': 94, 'symbol': 'JAST.JK'}"
JATI.JK,2026-09-10,112,,,2026-09-11T08:08:22.810667+00:00,"{'date': '2026-09-10', 'close': 112, 'symbol': 'JATI.JK'}"
JAWA.JK,2026-09-10,166,,,2026-09-11T08:08:22.810667+00:00,"{'date': '2026-09-10', 'close': 166, 'symbol': 'JAWA.JK'}"
JAYA.JK,2026-09-10,166,,,2026-09-11T08:08:22.810667+00:00,"{'date': '2026-09-10', 'close': 166, 'symbol': 'JAYA.JK'}"
JECC.JK,2026-09-10,825,,,2026-09-11T08:08:22.810667+00:00,"{'date': '2026-09-10', 'close': 825, 'symbol': 'JECC.JK'}"
JECX.JK,2026-09-10,1350,,,2026-09-11T08:08:22.810667+00:00,"{'date': '2026-09-10', 'close': 1350, 'symbol': 'JECX.JK'}"
JELI.JK,2026-09-10,530,,,2026-09-11T08:08:22.810667+00:00,"{'date': '2026-09-10', 'close': 530, 'symbol': 'JELI.JK'}"
JGLE.JK,2026-09-10,78,,,2026-09-11T08:08:22.810667+00:00,"{'date': '2026-09-10', 'close': 78, 'symbol': 'JGLE.JK'}"
JIHD.JK,2026-09-10,452,,,2026-09-11T08:08:22.810667+00:00,"{'date': '2026-09-10', 'close': 452, 'symbol': 'JIHD.JK'}"
JKON.JK,2026-09-10,87,,,2026-09-11T08:08:22.810667+00:00,"{'date': '2026-09-10', 'close': 87, 'symbol': 'JKON.JK'}"
JMAS.JK,2026-09-10,228,,,2026-09-11T08:08:22.810667+00:00,"{'date': '2026-09-10', 'close': 228, 'symbol': 'JMAS.JK'}"
JPFA.JK,2026-09-10,2320,,,2026-09-11T08:08:22.810667+00:00,"{'date': '2026-09-10', 'close': 2320, 'symbol': 'JPFA.JK'}"
JRPT.JK,2026-09-10,1125,,,2026-09-11T08:08:22.810667+00:00,"{'date': '2026-09-10', 'close': 1125, 'symbol': 'JRPT.JK'}"
JSKY.JK,2026-09-10,52,,,2026-09-11T08:08:22.810667+00:00,"{'date': '2026-09-10', 'close': 52, 'symbol': 'JSKY.JK'}"
JSMR.JK,2026-09-10,2990,,,2026-09-11T08:08:22.810667+00:00,"{'date': '2026-09-10', 'close': 2990, 'symbol': 'JSMR.JK'}"
JSPT.JK,2026-09-10,1390,,,2026-09-11T08:08:22.810667+00:00,"{'date': '2026-09-10', 'close': 1390, 'symbol': 'JSPT.JK'}"
JTPE.JK,2026-09-10,620,,,2026-09-11T08:08:22.810667+00:00,"{'date': '2026-09-10', 'close': 620, 'symbol': 'JTPE.JK'}"
KAEF.JK,2026-09-10,452,,,2026-09-11T08:08:22.810667+00:00,"{'date': '2026-09-10', 'close': 452, 'symbol': 'KAEF.JK'}"
KAQI.JK,2026-09-10,97,,,2026-09-11T08:08:22.810667+00:00,"{'date': '2026-09-10', 'close': 97, 'symbol': 'KAQI.JK'}"
KARW.JK,2026-09-10,212,,,2026-09-11T08:08:22.810667+00:00,"{'date': '2026-09-10', 'close': 212, 'symbol': 'KARW.JK'}"
KAYU.JK,2026-09-10,18,,,2026-09-11T08:08:22.810667+00:00,"{'date': '2026-09-10', 'close': 18, 'symbol': 'KAYU.JK'}"
KBAG.JK,2026-09-10,44,,,2026-09-11T08:08:22.810667+00:00,"{'date': '2026-09-10', 'close': 44, 'symbol': 'KBAG.JK'}"
KBLI.JK,2026-09-10,334,,,2026-09-11T08:08:22.810667+00:00,"{'date': '2026-09-10', 'close': 334, 'symbol': 'KBLI.JK'}"
KBLM.JK,2026-09-10,352,,,2026-09-11T08:08:22.810667+00:00,"{'date': '2026-09-10', 'close': 352, 'symbol': 'KBLM.JK'}"
KBLV.JK,2026-09-10,131,,,2026-09-11T08:08:22.810667+00:00,"{'date': '2026-09-10', 'close': 131, 'symbol': 'KBLV.JK'}"
KBRI.JK,2026-09-10,50,,,2026-09-11T08:08:22.810667+00:00,"{'date': '2026-09-10', 'close': 50, 'symbol': 'KBRI.JK'}"
KDSI.JK,2026-09-10,468,,,2026-09-11T08:08:22.810667+00:00,"{'date': '2026-09-10', 'close': 468, 'symbol': 'KDSI.JK'}"
KDTN.JK,2026-09-10,400,,,2026-09-11T08:08:22.810667+00:00,"{'date': '2026-09-10', 'close': 400, 'symbol': 'KDTN.JK'}"
KEEN.JK,2026-09-10,940,,,2026-09-11T08:08:22.810667+00:00,"{'date': '2026-09-10', 'close': 940, 'symbol': 'KEEN.JK'}"
KEJU.JK,2026-09-10,600,,,2026-09-11T08:08:22.810667+00:00,"{'date': '2026-09-10', 'close': 600, 'symbol': 'KEJU.JK'}"
KETR.JK,2026-09-10,930,,,2026-09-11T08:08:22.810667+00:00,"{'date': '2026-09-10', 'close': 930, 'symbol': 'KETR.JK'}"
KIAS.JK,2026-09-10,21,,,2026-09-11T08:08:22.810667+00:00,"{'date': '2026-09-10', 'close': 21, 'symbol': 'KIAS.JK'}"
KICI.JK,2026-09-10,276,,,2026-09-11T08:08:22.810667+00:00,"{'date': '2026-09-10', 'close': 276, 'symbol': 'KICI.JK'}"
KIJA.JK,2026-09-10,190,,,2026-09-11T08:08:22.810667+00:00,"{'date': '2026-09-10', 'close': 190, 'symbol': 'KIJA.JK'}"
KING.JK,2026-09-10,394,,,2026-09-11T08:08:22.810667+00:00,"{'date': '2026-09-10', 'close': 394, 'symbol': 'KING.JK'}"
KINO.JK,2026-09-10,1400,,,2026-09-11T08:08:22.810667+00:00,"{'date': '2026-09-10', 'close': 1400, 'symbol': 'KINO.JK'}"
KIOS.JK,2026-09-10,103,,,2026-09-11T08:08:22.810667+00:00,"{'date': '2026-09-10', 'close': 103, 'symbol': 'KIOS.JK'}"
KJEN.JK,2026-09-10,160,,,2026-09-11T08:08:22.810667+00:00,"{'date': '2026-09-10', 'close': 160, 'symbol': 'KJEN.JK'}"
KKES.JK,2026-09-10,91,,,2026-09-11T08:08:22.810667+00:00,"{'date': '2026-09-10', 'close': 91, 'symbol': 'KKES.JK'}"
KKGI.JK,2026-09-10,302,,,2026-09-11T08:08:22.810667+00:00,"{'date': '2026-09-10', 'close': 302, 'symbol': 'KKGI.JK'}"
KLAS.JK,2026-09-10,84,,,2026-09-11T08:08:22.810667+00:00,"{'date': '2026-09-10', 'close': 84, 'symbol': 'KLAS.JK'}"
KLBF.JK,2026-09-10,755,,,2026-09-11T08:08:22.810667+00:00,"{'date': '2026-09-10', 'close': 755, 'symbol': 'KLBF.JK'}"
KLIN.JK,2026-09-10,127,,,2026-09-11T08:08:22.810667+00:00,"{'date': '2026-09-10', 'close': 127, 'symbol': 'KLIN.JK'}"
KMDS.JK,2026-09-10,520,,,2026-09-11T08:08:22.810667+00:00,"{'date': '2026-09-10', 'close': 520, 'symbol': 'KMDS.JK'}"
KMTR.JK,2026-09-10,262,,,2026-09-11T08:08:22.810667+00:00,"{'date': '2026-09-10', 'close': 262, 'symbol': 'KMTR.JK'}"
KOBX.JK,2026-09-10,178,,,2026-09-11T08:08:22.810667+00:00,"{'date': '2026-09-10', 'close': 178, 'symbol': 'KOBX.JK'}"
KOCI.JK,2026-09-10,129,,,2026-09-11T08:08:22.810667+00:00,"{'date': '2026-09-10', 'close': 129, 'symbol': 'KOCI.JK'}"
KOIN.JK,2026-09-10,78,,,2026-09-11T08:08:22.810667+00:00,"{'date': '2026-09-10', 'close': 78, 'symbol': 'KOIN.JK'}"
KOKA.JK,2026-09-10,196,,,2026-09-11T08:08:22.810667+00:00,"{'date': '2026-09-10', 'close': 196, 'symbol': 'KOKA.JK'}"
KONI.JK,2026-09-10,2120,,,2026-09-11T08:08:22.810667+00:00,"{'date': '2026-09-10', 'close': 2120, 'symbol': 'KONI.JK'}"
KOPI.JK,2026-09-10,208,,,2026-09-11T08:08:22.810667+00:00,"{'date': '2026-09-10', 'close': 208, 'symbol': 'KOPI.JK'}"
KOTA.JK,2026-09-10,202,,,2026-09-11T08:08:22.810667+00:00,"{'date': '2026-09-10', 'close': 202, 'symbol': 'KOTA.JK'}"
KPIG.JK,2026-09-10,85,,,2026-09-11T08:08:22.810667+00:00,"{'date': '2026-09-10', 'close': 85, 'symbol': 'KPIG.JK'}"
KRAS.JK,2026-09-10,244,,,2026-09-11T08:08:23.304818+00:00,"{'date': '2026-09-10', 'close': 244, 'symbol': 'KRAS.JK'}"
KREN.JK,2026-09-10,16,,,2026-09-11T08:08:23.304818+00:00,"{'date': '2026-09-10', 'close': 16, 'symbol': 'KREN.JK'}"
KRYA.JK,2026-09-10,67,,,2026-09-11T08:08:23.304818+00:00,"{'date': '2026-09-10', 'close': 67, 'symbol': 'KRYA.JK'}"
KSIX.JK,2026-09-10,406,,,2026-09-11T08:08:23.304818+00:00,"{'date': '2026-09-10', 'close': 406, 'symbol': 'KSIX.JK'}"
KUAS.JK,2026-09-10,102,,,2026-09-11T08:08:23.304818+00:00,"{'date': '2026-09-10', 'close': 102, 'symbol': 'KUAS.JK'}"
LABA.JK,2026-09-10,130,,,2026-09-11T08:08:23.304818+00:00,"{'date': '2026-09-10', 'close': 130, 'symbol': 'LABA.JK'}"
LABS.JK,2026-09-10,175,,,2026-09-11T08:08:23.304818+00:00,"{'date': '2026-09-10', 'close': 175, 'symbol': 'LABS.JK'}"
LAJU.JK,2026-09-10,72,,,2026-09-11T08:08:23.304818+00:00,"{'date': '2026-09-10', 'close': 72, 'symbol': 'LAJU.JK'}"
LAND.JK,2026-09-10,75,,,2026-09-11T08:08:23.304818+00:00,"{'date': '2026-09-10', 'close': 75, 'symbol': 'LAND.JK'}"
LAPD.JK,2026-09-10,69,,,2026-09-11T08:08:23.304818+00:00,"{'date': '2026-09-10', 'close': 69, 'symbol': 'LAPD.JK'}"
LCGP.JK,2026-09-10,114,,,2026-09-11T08:08:23.304818+00:00,"{'date': '2026-09-10', 'close': 114, 'symbol': 'LCGP.JK'}"
LCKM.JK,2026-09-10,109,,,2026-09-11T08:08:23.304818+00:00,"{'date': '2026-09-10', 'close': 109, 'symbol': 'LCKM.JK'}"
LEAD.JK,2026-09-10,111,,,2026-09-11T08:08:23.304818+00:00,"{'date': '2026-09-10', 'close': 111, 'symbol': 'LEAD.JK'}"
LFLO.JK,2026-09-10,510,,,2026-09-11T08:08:23.304818+00:00,"{'date': '2026-09-10', 'close': 510, 'symbol': 'LFLO.JK'}"
LIFE.JK,2026-09-10,12725,,,2026-09-11T08:08:23.304818+00:00,"{'date': '2026-09-10', 'close': 12725, 'symbol': 'LIFE.JK'}"
LINK.JK,2026-09-10,1665,,,2026-09-11T08:08:23.304818+00:00,"{'date': '2026-09-10', 'close': 1665, 'symbol': 'LINK.JK'}"
LION.JK,2026-09-10,382,,,2026-09-11T08:08:23.304818+00:00,"{'date': '2026-09-10', 'close': 382, 'symbol': 'LION.JK'}"
LIVE.JK,2026-09-10,194,,,2026-09-11T08:08:23.304818+00:00,"{'date': '2026-09-10', 'close': 194, 'symbol': 'LIVE.JK'}"
LMAS.JK,2026-09-10,50,,,2026-09-11T08:08:23.304818+00:00,"{'date': '2026-09-10', 'close': 50, 'symbol': 'LMAS.JK'}"
LMAX.JK,2026-09-10,111,,,2026-09-11T08:08:23.304818+00:00,"{'date': '2026-09-10', 'close': 111, 'symbol': 'LMAX.JK'}"
LMPI.JK,2026-09-10,161,,,2026-09-11T08:08:23.304818+00:00,"{'date': '2026-09-10', 'close': 161, 'symbol': 'LMPI.JK'}"
LMSH.JK,2026-09-10,256,,,2026-09-11T08:08:23.304818+00:00,"{'date': '2026-09-10', 'close': 256, 'symbol': 'LMSH.JK'}"
LOPI.JK,2026-09-10,63,,,2026-09-11T08:08:23.304818+00:00,"{'date': '2026-09-10', 'close': 63, 'symbol': 'LOPI.JK'}"
LPCK.JK,2026-09-10,590,,,2026-09-11T08:08:23.304818+00:00,"{'date': '2026-09-10', 'close': 590, 'symbol': 'LPCK.JK'}"
LPGI.JK,2026-09-10,645,,,2026-09-11T08:08:23.304818+00:00,"{'date': '2026-09-10', 'close': 645, 'symbol': 'LPGI.JK'}"
LPIN.JK,2026-09-10,432,,,2026-09-11T08:08:23.304818+00:00,"{'date': '2026-09-10', 'close': 432, 'symbol': 'LPIN.JK'}"
LPKR.JK,2026-09-10,61,,,2026-09-11T08:08:23.304818+00:00,"{'date': '2026-09-10', 'close': 61, 'symbol': 'LPKR.JK'}"
LPLI.JK,2026-09-10,236,,,2026-09-11T08:08:23.304818+00:00,"{'date': '2026-09-10', 'close': 236, 'symbol': 'LPLI.JK'}"
LPPF.JK,2026-09-10,1650,,,2026-09-11T08:08:23.304818+00:00,"{'date': '2026-09-10', 'close': 1650, 'symbol': 'LPPF.JK'}"
LPPS.JK,2026-09-10,83,,,2026-09-11T08:08:23.304818+00:00,"{'date': '2026-09-10', 'close': 83, 'symbol': 'LPPS.JK'}"
LRNA.JK,2026-09-10,214,,,2026-09-11T08:08:23.304818+00:00,"{'date': '2026-09-10', 'close': 214, 'symbol': 'LRNA.JK'}"
LSIP.JK,2026-09-10,1685,,,2026-09-11T08:08:23.304818+00:00,"{'date': '2026-09-10', 'close': 1685, 'symbol': 'LSIP.JK'}"
LTLS.JK,2026-09-10,1050,,,2026-09-11T08:08:23.304818+00:00,"{'date': '2026-09-10', 'close': 1050, 'symbol': 'LTLS.JK'}"
LUCK.JK,2026-09-10,119,,,2026-09-11T08:08:23.304818+00:00,"{'date': '2026-09-10', 'close': 119, 'symbol': 'LUCK.JK'}"
LUCY.JK,2026-09-10,430,,,2026-09-11T08:08:23.304818+00:00,"{'date': '2026-09-10', 'close': 430, 'symbol': 'LUCY.JK'}"
MABA.JK,2026-09-10,50,,,2026-09-11T08:08:23.304818+00:00,"{'date': '2026-09-10', 'close': 50, 'symbol': 'MABA.JK'}"
MAGP.JK,2026-09-10,50,,,2026-09-11T08:08:23.304818+00:00,"{'date': '2026-09-10', 'close': 50, 'symbol': 'MAGP.JK'}"
MAHA.JK,2026-09-10,145,,,2026-09-11T08:08:23.304818+00:00,"{'date': '2026-09-10', 'close': 145, 'symbol': 'MAHA.JK'}"
MAIN.JK,2026-09-10,690,,,2026-09-11T08:08:23.304818+00:00,"{'date': '2026-09-10', 'close': 690, 'symbol': 'MAIN.JK'}"
MANG.JK,2026-09-10,40,,,2026-09-11T08:08:23.304818+00:00,"{'date': '2026-09-10', 'close': 40, 'symbol': 'MANG.JK'}"
MAPA.JK,2026-09-10,695,,,2026-09-11T08:08:23.304818+00:00,"{'date': '2026-09-10', 'close': 695, 'symbol': 'MAPA.JK'}"
MAPB.JK,2026-09-10,1260,,,2026-09-11T08:08:23.304818+00:00,"{'date': '2026-09-10', 'close': 1260, 'symbol': 'MAPB.JK'}"
MAPI.JK,2026-09-10,1370,,,2026-09-11T08:08:23.304818+00:00,"{'date': '2026-09-10', 'close': 1370, 'symbol': 'MAPI.JK'}"
MARI.JK,2026-09-10,23,,,2026-09-11T08:08:23.304818+00:00,"{'date': '2026-09-10', 'close': 23, 'symbol': 'MARI.JK'}"
MARK.JK,2026-09-10,1105,,,2026-09-11T08:08:23.304818+00:00,"{'date': '2026-09-10', 'close': 1105, 'symbol': 'MARK.JK'}"
MASB.JK,2026-09-10,3390,,,2026-09-11T08:08:23.304818+00:00,"{'date': '2026-09-10', 'close': 3390, 'symbol': 'MASB.JK'}"
MAXI.JK,2026-09-10,50,,,2026-09-11T08:08:23.304818+00:00,"{'date': '2026-09-10', 'close': 50, 'symbol': 'MAXI.JK'}"
MAYA.JK,2026-09-10,196,,,2026-09-11T08:08:23.304818+00:00,"{'date': '2026-09-10', 'close': 196, 'symbol': 'MAYA.JK'}"
MBAP.JK,2026-09-10,1760,,,2026-09-11T08:08:23.304818+00:00,"{'date': '2026-09-10', 'close': 1760, 'symbol': 'MBAP.JK'}"
MBMA.JK,2026-09-10,530,,,2026-09-11T08:08:23.304818+00:00,"{'date': '2026-09-10', 'close': 530, 'symbol': 'MBMA.JK'}"
MBSS.JK,2026-09-10,2880,,,2026-09-11T08:08:23.304818+00:00,"{'date': '2026-09-10', 'close': 2880, 'symbol': 'MBSS.JK'}"
MBTO.JK,2026-09-10,141,,,2026-09-11T08:08:23.304818+00:00,"{'date': '2026-09-10', 'close': 141, 'symbol': 'MBTO.JK'}"
MCAS.JK,2026-09-10,284,,,2026-09-11T08:08:23.304818+00:00,"{'date': '2026-09-10', 'close': 284, 'symbol': 'MCAS.JK'}"
MCOL.JK,2026-09-10,3710,,,2026-09-11T08:08:23.304818+00:00,"{'date': '2026-09-10', 'close': 3710, 'symbol': 'MCOL.JK'}"
MCOR.JK,2026-09-10,69,,,2026-09-11T08:08:23.304818+00:00,"{'date': '2026-09-10', 'close': 69, 'symbol': 'MCOR.JK'}"
MDIA.JK,2026-09-10,206,,,2026-09-11T08:08:23.304818+00:00,"{'date': '2026-09-10', 'close': 206, 'symbol': 'MDIA.JK'}"
MDIY.JK,2026-09-10,930,,,2026-09-11T08:08:23.304818+00:00,"{'date': '2026-09-10', 'close': 930, 'symbol': 'MDIY.JK'}"
MDKA.JK,2026-09-10,3060,,,2026-09-11T08:08:23.304818+00:00,"{'date': '2026-09-10', 'close': 3060, 'symbol': 'MDKA.JK'}"
MDKI.JK,2026-09-10,197,,,2026-09-11T08:08:23.304818+00:00,"{'date': '2026-09-10', 'close': 197, 'symbol': 'MDKI.JK'}"
MDLA.JK,2026-09-10,208,,,2026-09-11T08:08:23.304818+00:00,"{'date': '2026-09-10', 'close': 208, 'symbol': 'MDLA.JK'}"
MDLN.JK,2026-09-10,50,,,2026-09-11T08:08:23.304818+00:00,"{'date': '2026-09-10', 'close': 50, 'symbol': 'MDLN.JK'}"
MDRN.JK,2026-09-10,26,,,2026-09-11T08:08:23.304818+00:00,"{'date': '2026-09-10', 'close': 26, 'symbol': 'MDRN.JK'}"
MEDC.JK,2026-09-10,1570,,,2026-09-11T08:08:23.304818+00:00,"{'date': '2026-09-10', 'close': 1570, 'symbol': 'MEDC.JK'}"
MEDS.JK,2026-09-10,89,,,2026-09-11T08:08:23.304818+00:00,"{'date': '2026-09-10', 'close': 89, 'symbol': 'MEDS.JK'}"
MEGA.JK,2026-09-10,1975,,,2026-09-11T08:08:23.304818+00:00,"{'date': '2026-09-10', 'close': 1975, 'symbol': 'MEGA.JK'}"
MEJA.JK,2026-09-10,114,,,2026-09-11T08:08:23.304818+00:00,"{'date': '2026-09-10', 'close': 114, 'symbol': 'MEJA.JK'}"
MENN.JK,2026-09-10,53,,,2026-09-11T08:08:23.304818+00:00,"{'date': '2026-09-10', 'close': 53, 'symbol': 'MENN.JK'}"
MERI.JK,2026-09-10,121,,,2026-09-11T08:08:23.304818+00:00,"{'date': '2026-09-10', 'close': 121, 'symbol': 'MERI.JK'}"
MERK.JK,2026-09-10,3920,,,2026-09-11T08:08:23.304818+00:00,"{'date': '2026-09-10', 'close': 3920, 'symbol': 'MERK.JK'}"
META.JK,2026-09-10,238,,,2026-09-11T08:08:23.304818+00:00,"{'date': '2026-09-10', 'close': 238, 'symbol': 'META.JK'}"
MFMI.JK,2026-09-10,1300,,,2026-09-11T08:08:23.304818+00:00,"{'date': '2026-09-10', 'close': 1300, 'symbol': 'MFMI.JK'}"
MGLV.JK,2026-09-10,15000,,,2026-09-11T08:08:23.304818+00:00,"{'date': '2026-09-10', 'close': 15000, 'symbol': 'MGLV.JK'}"
MGNA.JK,2026-09-10,136,,,2026-09-11T08:08:23.304818+00:00,"{'date': '2026-09-10', 'close': 136, 'symbol': 'MGNA.JK'}"
MGRO.JK,2026-09-10,680,,,2026-09-11T08:08:23.304818+00:00,"{'date': '2026-09-10', 'close': 680, 'symbol': 'MGRO.JK'}"
MHKI.JK,2026-09-10,138,,,2026-09-11T08:08:23.304818+00:00,"{'date': '2026-09-10', 'close': 138, 'symbol': 'MHKI.JK'}"
MICE.JK,2026-09-10,560,,,2026-09-11T08:08:23.304818+00:00,"{'date': '2026-09-10', 'close': 560, 'symbol': 'MICE.JK'}"
MIDI.JK,2026-09-10,266,,,2026-09-11T08:08:23.304818+00:00,"{'date': '2026-09-10', 'close': 266, 'symbol': 'MIDI.JK'}"
MIKA.JK,2026-09-10,1815,,,2026-09-11T08:08:23.304818+00:00,"{'date': '2026-09-10', 'close': 1815, 'symbol': 'MIKA.JK'}"
MINA.JK,2026-09-10,274,,,2026-09-11T08:08:23.304818+00:00,"{'date': '2026-09-10', 'close': 274, 'symbol': 'MINA.JK'}"
MINE.JK,2026-09-10,280,,,2026-09-11T08:08:23.304818+00:00,"{'date': '2026-09-10', 'close': 280, 'symbol': 'MINE.JK'}"
MIRA.JK,2026-09-10,26,,,2026-09-11T08:08:23.304818+00:00,"{'date': '2026-09-10', 'close': 26, 'symbol': 'MIRA.JK'}"
MITI.JK,2026-09-10,230,,,2026-09-11T08:08:23.304818+00:00,"{'date': '2026-09-10', 'close': 230, 'symbol': 'MITI.JK'}"
MKAP.JK,2026-09-10,1115,,,2026-09-11T08:08:23.304818+00:00,"{'date': '2026-09-10', 'close': 1115, 'symbol': 'MKAP.JK'}"
MKNT.JK,2026-09-10,1,,,2026-09-11T08:08:23.304818+00:00,"{'date': '2026-09-10', 'close': 1, 'symbol': 'MKNT.JK'}"
MKPI.JK,2026-09-10,21875,,,2026-09-11T08:08:23.304818+00:00,"{'date': '2026-09-10', 'close': 21875, 'symbol': 'MKPI.JK'}"
MKTR.JK,2026-09-10,122,,,2026-09-11T08:08:23.304818+00:00,"{'date': '2026-09-10', 'close': 122, 'symbol': 'MKTR.JK'}"
MLBI.JK,2026-09-10,6825,,,2026-09-11T08:08:23.304818+00:00,"{'date': '2026-09-10', 'close': 6825, 'symbol': 'MLBI.JK'}"
MLIA.JK,2026-09-10,220,,,2026-09-11T08:08:23.304818+00:00,"{'date': '2026-09-10', 'close': 220, 'symbol': 'MLIA.JK'}"
MLPL.JK,2026-09-10,90,,,2026-09-11T08:08:23.304818+00:00,"{'date': '2026-09-10', 'close': 90, 'symbol': 'MLPL.JK'}"
MLPT.JK,2026-09-10,1205,,,2026-09-11T08:08:23.304818+00:00,"{'date': '2026-09-10', 'close': 1205, 'symbol': 'MLPT.JK'}"
MMIX.JK,2026-09-10,835,,,2026-09-11T08:08:23.304818+00:00,"{'date': '2026-09-10', 'close': 835, 'symbol': 'MMIX.JK'}"
MMLP.JK,2026-09-10,302,,,2026-09-11T08:08:23.304818+00:00,"{'date': '2026-09-10', 'close': 302, 'symbol': 'MMLP.JK'}"
MNCN.JK,2026-09-10,204,,,2026-09-11T08:08:23.304818+00:00,"{'date': '2026-09-10', 'close': 204, 'symbol': 'MNCN.JK'}"
MOLI.JK,2026-09-10,316,,,2026-09-11T08:08:23.304818+00:00,"{'date': '2026-09-10', 'close': 316, 'symbol': 'MOLI.JK'}"
MORA.JK,2026-09-10,5325,,,2026-09-11T08:08:23.304818+00:00,"{'date': '2026-09-10', 'close': 5325, 'symbol': 'MORA.JK'}"
MPIX.JK,2026-09-10,118,,,2026-09-11T08:08:23.304818+00:00,"{'date': '2026-09-10', 'close': 118, 'symbol': 'MPIX.JK'}"
MPMX.JK,2026-09-10,1035,,,2026-09-11T08:08:23.304818+00:00,"{'date': '2026-09-10', 'close': 1035, 'symbol': 'MPMX.JK'}"
MPOW.JK,2026-09-10,113,,,2026-09-11T08:08:23.304818+00:00,"{'date': '2026-09-10', 'close': 113, 'symbol': 'MPOW.JK'}"
MPPA.JK,2026-09-10,41,,,2026-09-11T08:08:23.304818+00:00,"{'date': '2026-09-10', 'close': 41, 'symbol': 'MPPA.JK'}"
MPRO.JK,2026-09-10,12000,,,2026-09-11T08:08:23.304818+00:00,"{'date': '2026-09-10', 'close': 12000, 'symbol': 'MPRO.JK'}"
MPXL.JK,2026-09-10,169,,,2026-09-11T08:08:23.304818+00:00,"{'date': '2026-09-10', 'close': 169, 'symbol': 'MPXL.JK'}"
MRAT.JK,2026-09-10,382,,,2026-09-11T08:08:23.304818+00:00,"{'date': '2026-09-10', 'close': 382, 'symbol': 'MRAT.JK'}"
MREI.JK,2026-09-10,920,,,2026-09-11T08:08:23.304818+00:00,"{'date': '2026-09-10', 'close': 920, 'symbol': 'MREI.JK'}"
MSIE.JK,2026-09-10,150,,,2026-09-11T08:08:23.304818+00:00,"{'date': '2026-09-10', 'close': 150, 'symbol': 'MSIE.JK'}"
MSIN.JK,2026-09-10,310,,,2026-09-11T08:08:23.304818+00:00,"{'date': '2026-09-10', 'close': 310, 'symbol': 'MSIN.JK'}"
MSJA.JK,2026-09-10,890,,,2026-09-11T08:08:23.304818+00:00,"{'date': '2026-09-10', 'close': 890, 'symbol': 'MSJA.JK'}"
MSKY.JK,2026-09-10,82,,,2026-09-11T08:08:23.304818+00:00,"{'date': '2026-09-10', 'close': 82, 'symbol': 'MSKY.JK'}"
MSTI.JK,2026-09-10,1385,,,2026-09-11T08:08:23.304818+00:00,"{'date': '2026-09-10', 'close': 1385, 'symbol': 'MSTI.JK'}"
MTDL.JK,2026-09-10,520,,,2026-09-11T08:08:23.304818+00:00,"{'date': '2026-09-10', 'close': 520, 'symbol': 'MTDL.JK'}"
MTEL.JK,2026-09-10,494,,,2026-09-11T08:08:23.304818+00:00,"{'date': '2026-09-10', 'close': 494, 'symbol': 'MTEL.JK'}"
MTFN.JK,2026-09-10,13,,,2026-09-11T08:08:23.304818+00:00,"{'date': '2026-09-10', 'close': 13, 'symbol': 'MTFN.JK'}"
MTLA.JK,2026-09-10,540,,,2026-09-11T08:08:23.304818+00:00,"{'date': '2026-09-10', 'close': 540, 'symbol': 'MTLA.JK'}"
MTMH.JK,2026-09-10,960,,,2026-09-11T08:08:23.304818+00:00,"{'date': '2026-09-10', 'close': 960, 'symbol': 'MTMH.JK'}"
MTPS.JK,2026-09-10,81,,,2026-09-11T08:08:23.304818+00:00,"{'date': '2026-09-10', 'close': 81, 'symbol': 'MTPS.JK'}"
MTRA.JK,2026-09-10,244,,,2026-09-11T08:08:23.304818+00:00,"{'date': '2026-09-10', 'close': 244, 'symbol': 'MTRA.JK'}"
MTSM.JK,2026-09-10,500,,,2026-09-11T08:08:23.304818+00:00,"{'date': '2026-09-10', 'close': 500, 'symbol': 'MTSM.JK'}"
MTWI.JK,2026-09-10,272,,,2026-09-11T08:08:23.304818+00:00,"{'date': '2026-09-10', 'close': 272, 'symbol': 'MTWI.JK'}"
MUTU.JK,2026-09-10,117,,,2026-09-11T08:08:23.304818+00:00,"{'date': '2026-09-10', 'close': 117, 'symbol': 'MUTU.JK'}"
MYOH.JK,2026-09-10,1135,,,2026-09-11T08:08:23.304818+00:00,"{'date': '2026-09-10', 'close': 1135, 'symbol': 'MYOH.JK'}"
MYOR.JK,2026-09-10,1530,,,2026-09-11T08:08:23.304818+00:00,"{'date': '2026-09-10', 'close': 1530, 'symbol': 'MYOR.JK'}"
MYTX.JK,2026-09-10,41,,,2026-09-11T08:08:23.304818+00:00,"{'date': '2026-09-10', 'close': 41, 'symbol': 'MYTX.JK'}"
NAIK.JK,2026-09-10,93,,,2026-09-11T08:08:23.304818+00:00,"{'date': '2026-09-10', 'close': 93, 'symbol': 'NAIK.JK'}"
NANO.JK,2026-09-10,35,,,2026-09-11T08:08:23.304818+00:00,"{'date': '2026-09-10', 'close': 35, 'symbol': 'NANO.JK'}"
NASA.JK,2026-09-10,37,,,2026-09-11T08:08:23.304818+00:00,"{'date': '2026-09-10', 'close': 37, 'symbol': 'NASA.JK'}"
NASI.JK,2026-09-10,163,,,2026-09-11T08:08:23.304818+00:00,"{'date': '2026-09-10', 'close': 163, 'symbol': 'NASI.JK'}"
NATO.JK,2026-09-10,1020,,,2026-09-11T08:08:23.304818+00:00,"{'date': '2026-09-10', 'close': 1020, 'symbol': 'NATO.JK'}"
NAYZ.JK,2026-09-10,74,,,2026-09-11T08:08:23.304818+00:00,"{'date': '2026-09-10', 'close': 74, 'symbol': 'NAYZ.JK'}"
NCKL.JK,2026-09-10,955,,,2026-09-11T08:08:23.304818+00:00,"{'date': '2026-09-10', 'close': 955, 'symbol': 'NCKL.JK'}"
NELY.JK,2026-09-10,208,,,2026-09-11T08:08:23.304818+00:00,"{'date': '2026-09-10', 'close': 208, 'symbol': 'NELY.JK'}"
NEST.JK,2026-09-10,725,,,2026-09-11T08:08:23.304818+00:00,"{'date': '2026-09-10', 'close': 725, 'symbol': 'NEST.JK'}"
NETV.JK,2026-09-10,50,,,2026-09-11T08:08:23.304818+00:00,"{'date': '2026-09-10', 'close': 50, 'symbol': 'NETV.JK'}"
NFCX.JK,2026-09-10,1730,,,2026-09-11T08:08:23.304818+00:00,"{'date': '2026-09-10', 'close': 1730, 'symbol': 'NFCX.JK'}"
NICE.JK,2026-09-10,368,,,2026-09-11T08:08:23.304818+00:00,"{'date': '2026-09-10', 'close': 368, 'symbol': 'NICE.JK'}"
NICK.JK,2026-09-10,2450,,,2026-09-11T08:08:23.304818+00:00,"{'date': '2026-09-10', 'close': 2450, 'symbol': 'NICK.JK'}"
NICL.JK,2026-09-10,488,,,2026-09-11T08:08:23.304818+00:00,"{'date': '2026-09-10', 'close': 488, 'symbol': 'NICL.JK'}"
NIKL.JK,2026-09-10,236,,,2026-09-11T08:08:23.304818+00:00,"{'date': '2026-09-10', 'close': 236, 'symbol': 'NIKL.JK'}"
NINE.JK,2026-09-10,94,,,2026-09-11T08:08:23.304818+00:00,"{'date': '2026-09-10', 'close': 94, 'symbol': 'NINE.JK'}"
NIRO.JK,2026-09-10,185,,,2026-09-11T08:08:23.304818+00:00,"{'date': '2026-09-10', 'close': 185, 'symbol': 'NIRO.JK'}"
NISP.JK,2026-09-10,1280,,,2026-09-11T08:08:23.304818+00:00,"{'date': '2026-09-10', 'close': 1280, 'symbol': 'NISP.JK'}"
NOBU.JK,2026-09-10,530,,,2026-09-11T08:08:23.304818+00:00,"{'date': '2026-09-10', 'close': 530, 'symbol': 'NOBU.JK'}"
NPGF.JK,2026-09-10,58,,,2026-09-11T08:08:23.304818+00:00,"{'date': '2026-09-10', 'close': 58, 'symbol': 'NPGF.JK'}"
NRCA.JK,2026-09-10,555,,,2026-09-11T08:08:23.304818+00:00,"{'date': '2026-09-10', 'close': 555, 'symbol': 'NRCA.JK'}"
NSSS.JK,2026-09-10,825,,,2026-09-11T08:08:23.304818+00:00,"{'date': '2026-09-10', 'close': 825, 'symbol': 'NSSS.JK'}"
NTBK.JK,2026-09-10,84,,,2026-09-11T08:08:23.304818+00:00,"{'date': '2026-09-10', 'close': 84, 'symbol': 'NTBK.JK'}"
NUSA.JK,2026-09-10,50,,,2026-09-11T08:08:23.304818+00:00,"{'date': '2026-09-10', 'close': 50, 'symbol': 'NUSA.JK'}"
NZIA.JK,2026-09-10,199,,,2026-09-11T08:08:23.304818+00:00,"{'date': '2026-09-10', 'close': 199, 'symbol': 'NZIA.JK'}"
OASA.JK,2026-09-10,312,,,2026-09-11T08:08:23.304818+00:00,"{'date': '2026-09-10', 'close': 312, 'symbol': 'OASA.JK'}"
OBAT.JK,2026-09-10,244,,,2026-09-11T08:08:23.304818+00:00,"{'date': '2026-09-10', 'close': 244, 'symbol': 'OBAT.JK'}"
OBMD.JK,2026-09-10,194,,,2026-09-11T08:08:23.304818+00:00,"{'date': '2026-09-10', 'close': 194, 'symbol': 'OBMD.JK'}"
OCAP.JK,2026-09-10,159,,,2026-09-11T08:08:23.304818+00:00,"{'date': '2026-09-10', 'close': 159, 'symbol': 'OCAP.JK'}"
OILS.JK,2026-09-10,300,,,2026-09-11T08:08:23.304818+00:00,"{'date': '2026-09-10', 'close': 300, 'symbol': 'OILS.JK'}"
OKAS.JK,2026-09-10,118,,,2026-09-11T08:08:23.304818+00:00,"{'date': '2026-09-10', 'close': 118, 'symbol': 'OKAS.JK'}"
OLIV.JK,2026-09-10,63,,,2026-09-11T08:08:23.304818+00:00,"{'date': '2026-09-10', 'close': 63, 'symbol': 'OLIV.JK'}"
OMED.JK,2026-09-10,214,,,2026-09-11T08:08:23.304818+00:00,"{'date': '2026-09-10', 'close': 214, 'symbol': 'OMED.JK'}"
OMRE.JK,2026-09-10,970,,,2026-09-11T08:08:23.304818+00:00,"{'date': '2026-09-10', 'close': 970, 'symbol': 'OMRE.JK'}"
OPMS.JK,2026-09-10,117,,,2026-09-11T08:08:23.304818+00:00,"{'date': '2026-09-10', 'close': 117, 'symbol': 'OPMS.JK'}"
PACK.JK,2026-09-10,560,,,2026-09-11T08:08:23.304818+00:00,"{'date': '2026-09-10', 'close': 560, 'symbol': 'PACK.JK'}"
PADA.JK,2026-09-10,208,,,2026-09-11T08:08:23.304818+00:00,"{'date': '2026-09-10', 'close': 208, 'symbol': 'PADA.JK'}"
PADI.JK,2026-09-10,71,,,2026-09-11T08:08:23.304818+00:00,"{'date': '2026-09-10', 'close': 71, 'symbol': 'PADI.JK'}"
PALM.JK,2026-09-10,294,,,2026-09-11T08:08:23.304818+00:00,"{'date': '2026-09-10', 'close': 294, 'symbol': 'PALM.JK'}"
PAMG.JK,2026-09-10,56,,,2026-09-11T08:08:23.304818+00:00,"{'date': '2026-09-10', 'close': 56, 'symbol': 'PAMG.JK'}"
PANI.JK,2026-09-10,5750,,,2026-09-11T08:08:23.304818+00:00,"{'date': '2026-09-10', 'close': 5750, 'symbol': 'PANI.JK'}"
PANR.JK,2026-09-10,424,,,2026-09-11T08:08:23.304818+00:00,"{'date': '2026-09-10', 'close': 424, 'symbol': 'PANR.JK'}"
PANS.JK,2026-09-10,1660,,,2026-09-11T08:08:23.304818+00:00,"{'date': '2026-09-10', 'close': 1660, 'symbol': 'PANS.JK'}"
PART.JK,2026-09-10,103,,,2026-09-11T08:08:23.304818+00:00,"{'date': '2026-09-10', 'close': 103, 'symbol': 'PART.JK'}"
PBID.JK,2026-09-10,530,,,2026-09-11T08:08:23.304818+00:00,"{'date': '2026-09-10', 'close': 530, 'symbol': 'PBID.JK'}"
PBRX.JK,2026-09-10,27,,,2026-09-11T08:08:23.304818+00:00,"{'date': '2026-09-10', 'close': 27, 'symbol': 'PBRX.JK'}"
PBSA.JK,2026-09-10,760,,,2026-09-11T08:08:23.304818+00:00,"{'date': '2026-09-10', 'close': 760, 'symbol': 'PBSA.JK'}"
PCAR.JK,2026-09-10,44,,,2026-09-11T08:08:23.304818+00:00,"{'date': '2026-09-10', 'close': 44, 'symbol': 'PCAR.JK'}"
PDES.JK,2026-09-10,386,,,2026-09-11T08:08:23.304818+00:00,"{'date': '2026-09-10', 'close': 386, 'symbol': 'PDES.JK'}"
PDPP.JK,2026-09-10,330,,,2026-09-11T08:08:23.304818+00:00,"{'date': '2026-09-10', 'close': 330, 'symbol': 'PDPP.JK'}"
PEGE.JK,2026-09-10,129,,,2026-09-11T08:08:23.304818+00:00,"{'date': '2026-09-10', 'close': 129, 'symbol': 'PEGE.JK'}"
PEHA.JK,2026-09-10,298,,,2026-09-11T08:08:23.304818+00:00,"{'date': '2026-09-10', 'close': 298, 'symbol': 'PEHA.JK'}"
PEVE.JK,2026-09-10,310,,,2026-09-11T08:08:23.304818+00:00,"{'date': '2026-09-10', 'close': 310, 'symbol': 'PEVE.JK'}"
PGAS.JK,2026-09-10,1515,,,2026-09-11T08:08:23.304818+00:00,"{'date': '2026-09-10', 'close': 1515, 'symbol': 'PGAS.JK'}"
PGEO.JK,2026-09-10,1015,,,2026-09-11T08:08:23.304818+00:00,"{'date': '2026-09-10', 'close': 1015, 'symbol': 'PGEO.JK'}"
PGJO.JK,2026-09-10,900,,,2026-09-11T08:08:23.304818+00:00,"{'date': '2026-09-10', 'close': 900, 'symbol': 'PGJO.JK'}"
PGLI.JK,2026-09-10,210,,,2026-09-11T08:08:23.304818+00:00,"{'date': '2026-09-10', 'close': 210, 'symbol': 'PGLI.JK'}"
PGUN.JK,2026-09-10,9750,,,2026-09-11T08:08:23.304818+00:00,"{'date': '2026-09-10', 'close': 9750, 'symbol': 'PGUN.JK'}"
PICO.JK,2026-09-10,185,,,2026-09-11T08:08:23.304818+00:00,"{'date': '2026-09-10', 'close': 185, 'symbol': 'PICO.JK'}"
PIPA.JK,2026-09-10,202,,,2026-09-11T08:08:23.304818+00:00,"{'date': '2026-09-10', 'close': 202, 'symbol': 'PIPA.JK'}"
PJAA.JK,2026-09-10,468,,,2026-09-11T08:08:23.304818+00:00,"{'date': '2026-09-10', 'close': 468, 'symbol': 'PJAA.JK'}"
PJHB.JK,2026-09-10,183,,,2026-09-11T08:08:23.304818+00:00,"{'date': '2026-09-10', 'close': 183, 'symbol': 'PJHB.JK'}"
PKPK.JK,2026-09-10,4450,,,2026-09-11T08:08:23.304818+00:00,"{'date': '2026-09-10', 'close': 4450, 'symbol': 'PKPK.JK'}"
PLAN.JK,2026-09-10,72,,,2026-09-11T08:08:23.304818+00:00,"{'date': '2026-09-10', 'close': 72, 'symbol': 'PLAN.JK'}"
PLAS.JK,2026-09-10,50,,,2026-09-11T08:08:23.304818+00:00,"{'date': '2026-09-10', 'close': 50, 'symbol': 'PLAS.JK'}"
PLIN.JK,2026-09-10,2510,,,2026-09-11T08:08:23.304818+00:00,"{'date': '2026-09-10', 'close': 2510, 'symbol': 'PLIN.JK'}"
PMJS.JK,2026-09-10,146,,,2026-09-11T08:08:23.304818+00:00,"{'date': '2026-09-10', 'close': 146, 'symbol': 'PMJS.JK'}"
PMMP.JK,2026-09-10,50,,,2026-09-11T08:08:23.304818+00:00,"{'date': '2026-09-10', 'close': 50, 'symbol': 'PMMP.JK'}"
PMUI.JK,2026-09-10,104,,,2026-09-11T08:08:23.304818+00:00,"{'date': '2026-09-10', 'close': 104, 'symbol': 'PMUI.JK'}"
PNBN.JK,2026-09-10,915,,,2026-09-11T08:08:23.304818+00:00,"{'date': '2026-09-10', 'close': 915, 'symbol': 'PNBN.JK'}"
PNBS.JK,2026-09-10,50,,,2026-09-11T08:08:23.304818+00:00,"{'date': '2026-09-10', 'close': 50, 'symbol': 'PNBS.JK'}"
PNGO.JK,2026-09-10,3500,,,2026-09-11T08:08:23.304818+00:00,"{'date': '2026-09-10', 'close': 3500, 'symbol': 'PNGO.JK'}"
PNIN.JK,2026-09-10,720,,,2026-09-11T08:08:23.304818+00:00,"{'date': '2026-09-10', 'close': 720, 'symbol': 'PNIN.JK'}"
PNLF.JK,2026-09-10,224,,,2026-09-11T08:08:23.304818+00:00,"{'date': '2026-09-10', 'close': 224, 'symbol': 'PNLF.JK'}"
PNSE.JK,2026-09-10,500,,,2026-09-11T08:08:23.304818+00:00,"{'date': '2026-09-10', 'close': 500, 'symbol': 'PNSE.JK'}"
POLA.JK,2026-09-10,71,,,2026-09-11T08:08:23.304818+00:00,"{'date': '2026-09-10', 'close': 71, 'symbol': 'POLA.JK'}"
POLI.JK,2026-09-10,950,,,2026-09-11T08:08:23.304818+00:00,"{'date': '2026-09-10', 'close': 950, 'symbol': 'POLI.JK'}"
POLL.JK,2026-09-10,112,,,2026-09-11T08:08:23.304818+00:00,"{'date': '2026-09-10', 'close': 112, 'symbol': 'POLL.JK'}"
POLU.JK,2026-09-10,17650,,,2026-09-11T08:08:23.304818+00:00,"{'date': '2026-09-10', 'close': 17650, 'symbol': 'POLU.JK'}"
POLY.JK,2026-09-10,32,,,2026-09-11T08:08:23.304818+00:00,"{'date': '2026-09-10', 'close': 32, 'symbol': 'POLY.JK'}"
POOL.JK,2026-09-10,50,,,2026-09-11T08:08:23.304818+00:00,"{'date': '2026-09-10', 'close': 50, 'symbol': 'POOL.JK'}"
PORT.JK,2026-09-10,915,,,2026-09-11T08:08:23.304818+00:00,"{'date': '2026-09-10', 'close': 915, 'symbol': 'PORT.JK'}"
POSA.JK,2026-09-10,50,,,2026-09-11T08:08:23.304818+00:00,"{'date': '2026-09-10', 'close': 50, 'symbol': 'POSA.JK'}"
POWR.JK,2026-09-10,985,,,2026-09-11T08:08:23.304818+00:00,"{'date': '2026-09-10', 'close': 985, 'symbol': 'POWR.JK'}"
PPGL.JK,2026-09-10,468,,,2026-09-11T08:08:23.304818+00:00,"{'date': '2026-09-10', 'close': 468, 'symbol': 'PPGL.JK'}"
PPRE.JK,2026-09-10,106,,,2026-09-11T08:08:23.304818+00:00,"{'date': '2026-09-10', 'close': 106, 'symbol': 'PPRE.JK'}"
PPRI.JK,2026-09-10,185,,,2026-09-11T08:08:23.304818+00:00,"{'date': '2026-09-10', 'close': 185, 'symbol': 'PPRI.JK'}"
PPRO.JK,2026-09-10,15,,,2026-09-11T08:08:23.304818+00:00,"{'date': '2026-09-10', 'close': 15, 'symbol': 'PPRO.JK'}"
PRAY.JK,2026-09-10,745,,,2026-09-11T08:08:23.304818+00:00,"{'date': '2026-09-10', 'close': 745, 'symbol': 'PRAY.JK'}"
PRDA.JK,2026-09-10,2810,,,2026-09-11T08:08:23.304818+00:00,"{'date': '2026-09-10', 'close': 2810, 'symbol': 'PRDA.JK'}"
PRDL.JK,2026-09-10,246,,,2026-09-11T08:08:23.304818+00:00,"{'date': '2026-09-10', 'close': 246, 'symbol': 'PRDL.JK'}"
PRIM.JK,2026-09-10,117,,,2026-09-11T08:08:23.304818+00:00,"{'date': '2026-09-10', 'close': 117, 'symbol': 'PRIM.JK'}"
PSAB.JK,2026-09-10,585,,,2026-09-11T08:08:23.304818+00:00,"{'date': '2026-09-10', 'close': 585, 'symbol': 'PSAB.JK'}"
PSAT.JK,2026-09-10,890,,,2026-09-11T08:08:23.304818+00:00,"{'date': '2026-09-10', 'close': 890, 'symbol': 'PSAT.JK'}"
PSDN.JK,2026-09-10,142,,,2026-09-11T08:08:23.304818+00:00,"{'date': '2026-09-10', 'close': 142, 'symbol': 'PSDN.JK'}"
PSGO.JK,2026-09-10,195,,,2026-09-11T08:08:23.304818+00:00,"{'date': '2026-09-10', 'close': 195, 'symbol': 'PSGO.JK'}"
PSKT.JK,2026-09-10,236,,,2026-09-11T08:08:23.304818+00:00,"{'date': '2026-09-10', 'close': 236, 'symbol': 'PSKT.JK'}"
PSSI.JK,2026-09-10,360,,,2026-09-11T08:08:23.304818+00:00,"{'date': '2026-09-10', 'close': 360, 'symbol': 'PSSI.JK'}"
PTBA.JK,2026-09-10,3100,,,2026-09-11T08:08:23.304818+00:00,"{'date': '2026-09-10', 'close': 3100, 'symbol': 'PTBA.JK'}"
PTDU.JK,2026-09-10,70,,,2026-09-11T08:08:23.304818+00:00,"{'date': '2026-09-10', 'close': 70, 'symbol': 'PTDU.JK'}"
PTIS.JK,2026-09-10,262,,,2026-09-11T08:08:23.304818+00:00,"{'date': '2026-09-10', 'close': 262, 'symbol': 'PTIS.JK'}"
PTMP.JK,2026-09-10,63,,,2026-09-11T08:08:23.304818+00:00,"{'date': '2026-09-10', 'close': 63, 'symbol': 'PTMP.JK'}"
PTMR.JK,2026-09-10,374,,,2026-09-11T08:08:23.304818+00:00,"{'date': '2026-09-10', 'close': 374, 'symbol': 'PTMR.JK'}"
PTPP.JK,2026-09-10,202,,,2026-09-11T08:08:23.304818+00:00,"{'date': '2026-09-10', 'close': 202, 'symbol': 'PTPP.JK'}"
PTPS.JK,2026-09-10,166,,,2026-09-11T08:08:23.304818+00:00,"{'date': '2026-09-10', 'close': 166, 'symbol': 'PTPS.JK'}"
PTPW.JK,2026-09-10,1180,,,2026-09-11T08:08:23.304818+00:00,"{'date': '2026-09-10', 'close': 1180, 'symbol': 'PTPW.JK'}"
PTRO.JK,2026-09-10,5450,,,2026-09-11T08:08:23.304818+00:00,"{'date': '2026-09-10', 'close': 5450, 'symbol': 'PTRO.JK'}"
PTSN.JK,2026-09-10,298,,,2026-09-11T08:08:23.304818+00:00,"{'date': '2026-09-10', 'close': 298, 'symbol': 'PTSN.JK'}"
PTSP.JK,2026-09-10,1240,,,2026-09-11T08:08:23.304818+00:00,"{'date': '2026-09-10', 'close': 1240, 'symbol': 'PTSP.JK'}"
PUDP.JK,2026-09-10,278,,,2026-09-11T08:08:23.304818+00:00,"{'date': '2026-09-10', 'close': 278, 'symbol': 'PUDP.JK'}"
PURA.JK,2026-09-10,34,,,2026-09-11T08:08:23.304818+00:00,"{'date': '2026-09-10', 'close': 34, 'symbol': 'PURA.JK'}"
PURE.JK,2026-09-10,51,,,2026-09-11T08:08:23.304818+00:00,"{'date': '2026-09-10', 'close': 51, 'symbol': 'PURE.JK'}"
PURI.JK,2026-09-10,162,,,2026-09-11T08:08:23.304818+00:00,"{'date': '2026-09-10', 'close': 162, 'symbol': 'PURI.JK'}"
PWON.JK,2026-09-10,272,,,2026-09-11T08:08:23.304818+00:00,"{'date': '2026-09-10', 'close': 272, 'symbol': 'PWON.JK'}"
PYFA.JK,2026-09-10,254,,,2026-09-11T08:08:23.304818+00:00,"{'date': '2026-09-10', 'close': 254, 'symbol': 'PYFA.JK'}"
PZZA.JK,2026-09-10,194,,,2026-09-11T08:08:23.304818+00:00,"{'date': '2026-09-10', 'close': 194, 'symbol': 'PZZA.JK'}"
RAAM.JK,2026-09-10,181,,,2026-09-11T08:08:23.304818+00:00,"{'date': '2026-09-10', 'close': 181, 'symbol': 'RAAM.JK'}"
RAFI.JK,2026-09-10,36,,,2026-09-11T08:08:23.304818+00:00,"{'date': '2026-09-10', 'close': 36, 'symbol': 'RAFI.JK'}"
RAJA.JK,2026-09-10,815,,,2026-09-11T08:08:23.304818+00:00,"{'date': '2026-09-10', 'close': 815, 'symbol': 'RAJA.JK'}"
RALS.JK,2026-09-10,390,,,2026-09-11T08:08:23.304818+00:00,"{'date': '2026-09-10', 'close': 390, 'symbol': 'RALS.JK'}"
RANC.JK,2026-09-10,565,,,2026-09-11T08:08:23.304818+00:00,"{'date': '2026-09-10', 'close': 565, 'symbol': 'RANC.JK'}"
RANS.JK,2026-09-10,204,,,2026-09-11T08:08:23.304818+00:00,"{'date': '2026-09-10', 'close': 204, 'symbol': 'RANS.JK'}"
RATU.JK,2026-09-10,4600,,,2026-09-11T08:08:23.304818+00:00,"{'date': '2026-09-10', 'close': 4600, 'symbol': 'RATU.JK'}"
RBMS.JK,2026-09-10,61,,,2026-09-11T08:08:23.304818+00:00,"{'date': '2026-09-10', 'close': 61, 'symbol': 'RBMS.JK'}"
RCCC.JK,2026-09-10,115,,,2026-09-11T08:08:23.304818+00:00,"{'date': '2026-09-10', 'close': 115, 'symbol': 'RCCC.JK'}"
RDTX.JK,2026-09-10,13525,,,2026-09-11T08:08:23.304818+00:00,"{'date': '2026-09-10', 'close': 13525, 'symbol': 'RDTX.JK'}"
REAL.JK,2026-09-10,50,,,2026-09-11T08:08:23.304818+00:00,"{'date': '2026-09-10', 'close': 50, 'symbol': 'REAL.JK'}"
RELF.JK,2026-09-10,39,,,2026-09-11T08:08:23.304818+00:00,"{'date': '2026-09-10', 'close': 39, 'symbol': 'RELF.JK'}"
RELI.JK,2026-09-10,555,,,2026-09-11T08:08:23.304818+00:00,"{'date': '2026-09-10', 'close': 555, 'symbol': 'RELI.JK'}"
RGAS.JK,2026-09-10,112,,,2026-09-11T08:08:23.304818+00:00,"{'date': '2026-09-10', 'close': 112, 'symbol': 'RGAS.JK'}"
RICY.JK,2026-09-10,80,,,2026-09-11T08:08:23.304818+00:00,"{'date': '2026-09-10', 'close': 80, 'symbol': 'RICY.JK'}"
RIGS.JK,2026-09-10,700,,,2026-09-11T08:08:23.304818+00:00,"{'date': '2026-09-10', 'close': 700, 'symbol': 'RIGS.JK'}"
RIMO.JK,2026-09-10,50,,,2026-09-11T08:08:23.304818+00:00,"{'date': '2026-09-10', 'close': 50, 'symbol': 'RIMO.JK'}"
RISE.JK,2026-09-10,805,,,2026-09-11T08:08:23.304818+00:00,"{'date': '2026-09-10', 'close': 805, 'symbol': 'RISE.JK'}"
RLCO.JK,2026-09-10,4560,,,2026-09-11T08:08:23.304818+00:00,"{'date': '2026-09-10', 'close': 4560, 'symbol': 'RLCO.JK'}"
RMKE.JK,2026-09-10,418,,,2026-09-11T08:08:23.304818+00:00,"{'date': '2026-09-10', 'close': 418, 'symbol': 'RMKE.JK'}"
RMKO.JK,2026-09-10,356,,,2026-09-11T08:08:23.304818+00:00,"{'date': '2026-09-10', 'close': 356, 'symbol': 'RMKO.JK'}"
ROCK.JK,2026-09-10,2090,,,2026-09-11T08:08:23.304818+00:00,"{'date': '2026-09-10', 'close': 2090, 'symbol': 'ROCK.JK'}"
RODA.JK,2026-09-10,68,,,2026-09-11T08:08:23.304818+00:00,"{'date': '2026-09-10', 'close': 68, 'symbol': 'RODA.JK'}"
RONY.JK,2026-09-10,1445,,,2026-09-11T08:08:23.304818+00:00,"{'date': '2026-09-10', 'close': 1445, 'symbol': 'RONY.JK'}"
ROTI.JK,2026-09-10,585,,,2026-09-11T08:08:23.304818+00:00,"{'date': '2026-09-10', 'close': 585, 'symbol': 'ROTI.JK'}"
RSCH.JK,2026-09-10,420,,,2026-09-11T08:08:23.304818+00:00,"{'date': '2026-09-10', 'close': 420, 'symbol': 'RSCH.JK'}"
RSGK.JK,2026-09-10,1020,,,2026-09-11T08:08:23.304818+00:00,"{'date': '2026-09-10', 'close': 1020, 'symbol': 'RSGK.JK'}"
RUIS.JK,2026-09-10,208,,,2026-09-11T08:08:23.304818+00:00,"{'date': '2026-09-10', 'close': 208, 'symbol': 'RUIS.JK'}"
RUNS.JK,2026-09-10,75,,,2026-09-11T08:08:23.304818+00:00,"{'date': '2026-09-10', 'close': 75, 'symbol': 'RUNS.JK'}"
SAFE.JK,2026-09-10,875,,,2026-09-11T08:08:23.304818+00:00,"{'date': '2026-09-10', 'close': 875, 'symbol': 'SAFE.JK'}"
SAGE.JK,2026-09-10,33,,,2026-09-11T08:08:23.304818+00:00,"{'date': '2026-09-10', 'close': 33, 'symbol': 'SAGE.JK'}"
SAME.JK,2026-09-10,304,,,2026-09-11T08:08:23.304818+00:00,"{'date': '2026-09-10', 'close': 304, 'symbol': 'SAME.JK'}"
SAMF.JK,2026-09-10,332,,,2026-09-11T08:08:23.304818+00:00,"{'date': '2026-09-10', 'close': 332, 'symbol': 'SAMF.JK'}"
SAPX.JK,2026-09-10,406,,,2026-09-11T08:08:23.304818+00:00,"{'date': '2026-09-10', 'close': 406, 'symbol': 'SAPX.JK'}"
SATU.JK,2026-09-10,250,,,2026-09-11T08:08:23.304818+00:00,"{'date': '2026-09-10', 'close': 250, 'symbol': 'SATU.JK'}"
SBAT.JK,2026-09-10,1,,,2026-09-11T08:08:23.304818+00:00,"{'date': '2026-09-10', 'close': 1, 'symbol': 'SBAT.JK'}"
SBMA.JK,2026-09-10,109,,,2026-09-11T08:08:23.304818+00:00,"{'date': '2026-09-10', 'close': 109, 'symbol': 'SBMA.JK'}"
SCCO.JK,2026-09-10,2570,,,2026-09-11T08:08:23.304818+00:00,"{'date': '2026-09-10', 'close': 2570, 'symbol': 'SCCO.JK'}"
SCMA.JK,2026-09-10,202,,,2026-09-11T08:08:23.304818+00:00,"{'date': '2026-09-10', 'close': 202, 'symbol': 'SCMA.JK'}"
SCNP.JK,2026-09-10,155,,,2026-09-11T08:08:23.304818+00:00,"{'date': '2026-09-10', 'close': 155, 'symbol': 'SCNP.JK'}"
SCPI.JK,2026-09-10,29000,,,2026-09-11T08:08:23.304818+00:00,"{'date': '2026-09-10', 'close': 29000, 'symbol': 'SCPI.JK'}"
SDMU.JK,2026-09-10,90,,,2026-09-11T08:08:23.304818+00:00,"{'date': '2026-09-10', 'close': 90, 'symbol': 'SDMU.JK'}"
SDPC.JK,2026-09-10,198,,,2026-09-11T08:08:23.304818+00:00,"{'date': '2026-09-10', 'close': 198, 'symbol': 'SDPC.JK'}"
SDRA.JK,2026-09-10,214,,,2026-09-11T08:08:23.304818+00:00,"{'date': '2026-09-10', 'close': 214, 'symbol': 'SDRA.JK'}"
SEMA.JK,2026-09-10,132,,,2026-09-11T08:08:23.304818+00:00,"{'date': '2026-09-10', 'close': 132, 'symbol': 'SEMA.JK'}"
SFAN.JK,2026-09-10,2030,,,2026-09-11T08:08:23.304818+00:00,"{'date': '2026-09-10', 'close': 2030, 'symbol': 'SFAN.JK'}"
SGER.JK,2026-09-10,720,,,2026-09-11T08:08:23.304818+00:00,"{'date': '2026-09-10', 'close': 720, 'symbol': 'SGER.JK'}"
SGRO.JK,2026-09-10,4830,,,2026-09-11T08:08:23.304818+00:00,"{'date': '2026-09-10', 'close': 4830, 'symbol': 'SGRO.JK'}"
SHID.JK,2026-09-10,775,,,2026-09-11T08:08:23.304818+00:00,"{'date': '2026-09-10', 'close': 775, 'symbol': 'SHID.JK'}"
SHIP.JK,2026-09-10,2640,,,2026-09-11T08:08:23.304818+00:00,"{'date': '2026-09-10', 'close': 2640, 'symbol': 'SHIP.JK'}"
SICO.JK,2026-09-10,115,,,2026-09-11T08:08:23.304818+00:00,"{'date': '2026-09-10', 'close': 115, 'symbol': 'SICO.JK'}"
SIDO.JK,2026-09-10,350,,,2026-09-11T08:08:23.304818+00:00,"{'date': '2026-09-10', 'close': 350, 'symbol': 'SIDO.JK'}"
SILO.JK,2026-09-10,2040,,,2026-09-11T08:08:23.304818+00:00,"{'date': '2026-09-10', 'close': 2040, 'symbol': 'SILO.JK'}"
SIMA.JK,2026-09-10,50,,,2026-09-11T08:08:23.304818+00:00,"{'date': '2026-09-10', 'close': 50, 'symbol': 'SIMA.JK'}"
SIMP.JK,2026-09-10,620,,,2026-09-11T08:08:23.304818+00:00,"{'date': '2026-09-10', 'close': 620, 'symbol': 'SIMP.JK'}"
SINI.JK,2026-09-10,13550,,,2026-09-11T08:08:23.304818+00:00,"{'date': '2026-09-10', 'close': 13550, 'symbol': 'SINI.JK'}"
SIPD.JK,2026-09-10,935,,,2026-09-11T08:08:23.304818+00:00,"{'date': '2026-09-10', 'close': 935, 'symbol': 'SIPD.JK'}"
SKBM.JK,2026-09-10,540,,,2026-09-11T08:08:23.304818+00:00,"{'date': '2026-09-10', 'close': 540, 'symbol': 'SKBM.JK'}"
SKLT.JK,2026-09-10,214,,,2026-09-11T08:08:23.304818+00:00,"{'date': '2026-09-10', 'close': 214, 'symbol': 'SKLT.JK'}"
SKRN.JK,2026-09-10,418,,,2026-09-11T08:08:23.304818+00:00,"{'date': '2026-09-10', 'close': 418, 'symbol': 'SKRN.JK'}"
SKYB.JK,2026-09-10,51,,,2026-09-11T08:08:23.304818+00:00,"{'date': '2026-09-10', 'close': 51, 'symbol': 'SKYB.JK'}"
SLIS.JK,2026-09-10,86,,,2026-09-11T08:08:23.304818+00:00,"{'date': '2026-09-10', 'close': 86, 'symbol': 'SLIS.JK'}"
SMAR.JK,2026-09-10,6375,,,2026-09-11T08:08:23.304818+00:00,"{'date': '2026-09-10', 'close': 6375, 'symbol': 'SMAR.JK'}"
SMBR.JK,2026-09-10,175,,,2026-09-11T08:08:23.304818+00:00,"{'date': '2026-09-10', 'close': 175, 'symbol': 'SMBR.JK'}"
SMCB.JK,2026-09-10,775,,,2026-09-11T08:08:23.304818+00:00,"{'date': '2026-09-10', 'close': 775, 'symbol': 'SMCB.JK'}"
SMDM.JK,2026-09-10,550,,,2026-09-11T08:08:23.304818+00:00,"{'date': '2026-09-10', 'close': 550, 'symbol': 'SMDM.JK'}"
SMDR.JK,2026-09-10,384,,,2026-09-11T08:08:23.304818+00:00,"{'date': '2026-09-10', 'close': 384, 'symbol': 'SMDR.JK'}"
SMGA.JK,2026-09-10,89,,,2026-09-11T08:08:23.304818+00:00,"{'date': '2026-09-10', 'close': 89, 'symbol': 'SMGA.JK'}"
SMGR.JK,2026-09-10,1730,,,2026-09-11T08:08:23.304818+00:00,"{'date': '2026-09-10', 'close': 1730, 'symbol': 'SMGR.JK'}"
SMIL.JK,2026-09-10,442,,,2026-09-11T08:08:23.304818+00:00,"{'date': '2026-09-10', 'close': 442, 'symbol': 'SMIL.JK'}"
SMKL.JK,2026-09-10,157,,,2026-09-11T08:08:23.304818+00:00,"{'date': '2026-09-10', 'close': 157, 'symbol': 'SMKL.JK'}"
SMKM.JK,2026-09-10,106,,,2026-09-11T08:08:23.304818+00:00,"{'date': '2026-09-10', 'close': 106, 'symbol': 'SMKM.JK'}"
SMLE.JK,2026-09-10,191,,,2026-09-11T08:08:23.304818+00:00,"{'date': '2026-09-10', 'close': 191, 'symbol': 'SMLE.JK'}"
SMMA.JK,2026-09-10,20025,,,2026-09-11T08:08:23.304818+00:00,"{'date': '2026-09-10', 'close': 20025, 'symbol': 'SMMA.JK'}"
SMMT.JK,2026-09-10,2710,,,2026-09-11T08:08:23.304818+00:00,"{'date': '2026-09-10', 'close': 2710, 'symbol': 'SMMT.JK'}"
SMRA.JK,2026-09-10,332,,,2026-09-11T08:08:23.304818+00:00,"{'date': '2026-09-10', 'close': 332, 'symbol': 'SMRA.JK'}"
SMRU.JK,2026-09-10,50,,,2026-09-11T08:08:23.304818+00:00,"{'date': '2026-09-10', 'close': 50, 'symbol': 'SMRU.JK'}"
SMSM.JK,2026-09-10,1760,,,2026-09-11T08:08:23.304818+00:00,"{'date': '2026-09-10', 'close': 1760, 'symbol': 'SMSM.JK'}"
SNLK.JK,2026-09-10,228,,,2026-09-11T08:08:23.304818+00:00,"{'date': '2026-09-10', 'close': 228, 'symbol': 'SNLK.JK'}"
SOCI.JK,2026-09-10,650,,,2026-09-11T08:08:23.304818+00:00,"{'date': '2026-09-10', 'close': 650, 'symbol': 'SOCI.JK'}"
SOFA.JK,2026-09-10,324,,,2026-09-11T08:08:23.304818+00:00,"{'date': '2026-09-10', 'close': 324, 'symbol': 'SOFA.JK'}"
SOHO.JK,2026-09-10,1640,,,2026-09-11T08:08:23.304818+00:00,"{'date': '2026-09-10', 'close': 1640, 'symbol': 'SOHO.JK'}"
SOLA.JK,2026-09-10,93,,,2026-09-11T08:08:23.304818+00:00,"{'date': '2026-09-10', 'close': 93, 'symbol': 'SOLA.JK'}"
SONA.JK,2026-09-10,2250,,,2026-09-11T08:08:23.304818+00:00,"{'date': '2026-09-10', 'close': 2250, 'symbol': 'SONA.JK'}"
SOSS.JK,2026-09-10,945,,,2026-09-11T08:08:23.304818+00:00,"{'date': '2026-09-10', 'close': 945, 'symbol': 'SOSS.JK'}"
SOTS.JK,2026-09-10,610,,,2026-09-11T08:08:23.304818+00:00,"{'date': '2026-09-10', 'close': 610, 'symbol': 'SOTS.JK'}"
SOUL.JK,2026-09-10,37,,,2026-09-11T08:08:23.304818+00:00,"{'date': '2026-09-10', 'close': 37, 'symbol': 'SOUL.JK'}"
SPMA.JK,2026-09-10,174,,,2026-09-11T08:08:23.304818+00:00,"{'date': '2026-09-10', 'close': 174, 'symbol': 'SPMA.JK'}"
SPRE.JK,2026-09-10,101,,,2026-09-11T08:08:23.304818+00:00,"{'date': '2026-09-10', 'close': 101, 'symbol': 'SPRE.JK'}"
SPTO.JK,2026-09-10,615,,,2026-09-11T08:08:23.304818+00:00,"{'date': '2026-09-10', 'close': 615, 'symbol': 'SPTO.JK'}"
SQMI.JK,2026-09-10,100,,,2026-09-11T08:08:23.304818+00:00,"{'date': '2026-09-10', 'close': 100, 'symbol': 'SQMI.JK'}"
SRAJ.JK,2026-09-10,13000,,,2026-09-11T08:08:23.304818+00:00,"{'date': '2026-09-10', 'close': 13000, 'symbol': 'SRAJ.JK'}"
SRIL.JK,2026-09-10,146,,,2026-09-11T08:08:23.304818+00:00,"{'date': '2026-09-10', 'close': 146, 'symbol': 'SRIL.JK'}"
SRSN.JK,2026-09-10,97,,,2026-09-11T08:08:23.304818+00:00,"{'date': '2026-09-10', 'close': 97, 'symbol': 'SRSN.JK'}"
SRTG.JK,2026-09-10,1820,,,2026-09-11T08:08:23.304818+00:00,"{'date': '2026-09-10', 'close': 1820, 'symbol': 'SRTG.JK'}"
SSIA.JK,2026-09-10,1750,,,2026-09-11T08:08:23.304818+00:00,"{'date': '2026-09-10', 'close': 1750, 'symbol': 'SSIA.JK'}"
SSMS.JK,2026-09-10,1195,,,2026-09-11T08:08:23.304818+00:00,"{'date': '2026-09-10', 'close': 1195, 'symbol': 'SSMS.JK'}"
SSTM.JK,2026-09-10,482,,,2026-09-11T08:08:23.304818+00:00,"{'date': '2026-09-10', 'close': 482, 'symbol': 'SSTM.JK'}"
STAA.JK,2026-09-10,1260,,,2026-09-11T08:08:23.304818+00:00,"{'date': '2026-09-10', 'close': 1260, 'symbol': 'STAA.JK'}"
STAR.JK,2026-09-10,364,,,2026-09-11T08:08:23.304818+00:00,"{'date': '2026-09-10', 'close': 364, 'symbol': 'STAR.JK'}"
STRK.JK,2026-09-10,63,,,2026-09-11T08:08:23.304818+00:00,"{'date': '2026-09-10', 'close': 63, 'symbol': 'STRK.JK'}"
STTP.JK,2026-09-10,9400,,,2026-09-11T08:08:23.304818+00:00,"{'date': '2026-09-10', 'close': 9400, 'symbol': 'STTP.JK'}"
SUGI.JK,2026-09-10,50,,,2026-09-11T08:08:23.304818+00:00,"{'date': '2026-09-10', 'close': 50, 'symbol': 'SUGI.JK'}"
SULI.JK,2026-09-10,90,,,2026-09-11T08:08:23.304818+00:00,"{'date': '2026-09-10', 'close': 90, 'symbol': 'SULI.JK'}"
SUNI.JK,2026-09-10,695,,,2026-09-11T08:08:23.304818+00:00,"{'date': '2026-09-10', 'close': 695, 'symbol': 'SUNI.JK'}"
SUPA.JK,2026-09-10,510,,,2026-09-11T08:08:23.304818+00:00,"{'date': '2026-09-10', 'close': 510, 'symbol': 'SUPA.JK'}"
SUPR.JK,2026-09-10,43850,,,2026-09-11T08:08:23.304818+00:00,"{'date': '2026-09-10', 'close': 43850, 'symbol': 'SUPR.JK'}"
SURE.JK,2026-09-10,3040,,,2026-09-11T08:08:23.304818+00:00,"{'date': '2026-09-10', 'close': 3040, 'symbol': 'SURE.JK'}"
SURI.JK,2026-09-10,85,,,2026-09-11T08:08:23.304818+00:00,"{'date': '2026-09-10', 'close': 85, 'symbol': 'SURI.JK'}"
SWAT.JK,2026-09-10,16,,,2026-09-11T08:08:23.304818+00:00,"{'date': '2026-09-10', 'close': 16, 'symbol': 'SWAT.JK'}"
SWID.JK,2026-09-10,118,,,2026-09-11T08:08:23.304818+00:00,"{'date': '2026-09-10', 'close': 118, 'symbol': 'SWID.JK'}"
TALF.JK,2026-09-10,685,,,2026-09-11T08:08:23.304818+00:00,"{'date': '2026-09-10', 'close': 685, 'symbol': 'TALF.JK'}"
TAMA.JK,2026-09-10,196,,,2026-09-11T08:08:23.304818+00:00,"{'date': '2026-09-10', 'close': 196, 'symbol': 'TAMA.JK'}"
TAMU.JK,2026-09-10,28,,,2026-09-11T08:08:23.304818+00:00,"{'date': '2026-09-10', 'close': 28, 'symbol': 'TAMU.JK'}"
TAPG.JK,2026-09-10,2250,,,2026-09-11T08:08:23.304818+00:00,"{'date': '2026-09-10', 'close': 2250, 'symbol': 'TAPG.JK'}"
TARA.JK,2026-09-10,34,,,2026-09-11T08:08:23.304818+00:00,"{'date': '2026-09-10', 'close': 34, 'symbol': 'TARA.JK'}"
TAXI.JK,2026-09-10,14,,,2026-09-11T08:08:23.304818+00:00,"{'date': '2026-09-10', 'close': 14, 'symbol': 'TAXI.JK'}"
TAYS.JK,2026-09-10,50,,,2026-09-11T08:08:23.304818+00:00,"{'date': '2026-09-10', 'close': 50, 'symbol': 'TAYS.JK'}"
TBIG.JK,2026-09-10,1485,,,2026-09-11T08:08:23.304818+00:00,"{'date': '2026-09-10', 'close': 1485, 'symbol': 'TBIG.JK'}"
TBLA.JK,2026-09-10,630,,,2026-09-11T08:08:23.304818+00:00,"{'date': '2026-09-10', 'close': 630, 'symbol': 'TBLA.JK'}"
TBMS.JK,2026-09-10,1245,,,2026-09-11T08:08:23.304818+00:00,"{'date': '2026-09-10', 'close': 1245, 'symbol': 'TBMS.JK'}"
TCID.JK,2026-09-10,2580,,,2026-09-11T08:08:23.304818+00:00,"{'date': '2026-09-10', 'close': 2580, 'symbol': 'TCID.JK'}"
TCPI.JK,2026-09-10,2110,,,2026-09-11T08:08:23.304818+00:00,"{'date': '2026-09-10', 'close': 2110, 'symbol': 'TCPI.JK'}"
TDPM.JK,2026-09-10,119,,,2026-09-11T08:08:23.304818+00:00,"{'date': '2026-09-10', 'close': 119, 'symbol': 'TDPM.JK'}"
TEBE.JK,2026-09-10,1775,,,2026-09-11T08:08:23.304818+00:00,"{'date': '2026-09-10', 'close': 1775, 'symbol': 'TEBE.JK'}"
TECH.JK,2026-09-10,50,,,2026-09-11T08:08:23.304818+00:00,"{'date': '2026-09-10', 'close': 50, 'symbol': 'TECH.JK'}"
TELE.JK,2026-09-10,9,,,2026-09-11T08:08:23.304818+00:00,"{'date': '2026-09-10', 'close': 9, 'symbol': 'TELE.JK'}"
TFAS.JK,2026-09-10,187,,,2026-09-11T08:08:23.304818+00:00,"{'date': '2026-09-10', 'close': 187, 'symbol': 'TFAS.JK'}"
TFCO.JK,2026-09-10,800,,,2026-09-11T08:08:23.304818+00:00,"{'date': '2026-09-10', 'close': 800, 'symbol': 'TFCO.JK'}"
TGKA.JK,2026-09-10,4960,,,2026-09-11T08:08:23.304818+00:00,"{'date': '2026-09-10', 'close': 4960, 'symbol': 'TGKA.JK'}"
TGRA.JK,2026-09-10,27,,,2026-09-11T08:08:23.304818+00:00,"{'date': '2026-09-10', 'close': 27, 'symbol': 'TGRA.JK'}"
TGUK.JK,2026-09-10,83,,,2026-09-11T08:08:23.304818+00:00,"{'date': '2026-09-10', 'close': 83, 'symbol': 'TGUK.JK'}"
TIFA.JK,2026-09-10,320,,,2026-09-11T08:08:23.304818+00:00,"{'date': '2026-09-10', 'close': 320, 'symbol': 'TIFA.JK'}"
TINS.JK,2026-09-10,4650,,,2026-09-11T08:08:23.304818+00:00,"{'date': '2026-09-10', 'close': 4650, 'symbol': 'TINS.JK'}"
TIRA.JK,2026-09-10,406,,,2026-09-11T08:08:23.304818+00:00,"{'date': '2026-09-10', 'close': 406, 'symbol': 'TIRA.JK'}"
TIRT.JK,2026-09-10,590,,,2026-09-11T08:08:23.304818+00:00,"{'date': '2026-09-10', 'close': 590, 'symbol': 'TIRT.JK'}"
TKIM.JK,2026-09-10,7975,,,2026-09-11T08:08:23.304818+00:00,"{'date': '2026-09-10', 'close': 7975, 'symbol': 'TKIM.JK'}"
TLDN.JK,2026-09-10,635,,,2026-09-11T08:08:23.304818+00:00,"{'date': '2026-09-10', 'close': 635, 'symbol': 'TLDN.JK'}"
TLKM.JK,2026-09-10,2630,,,2026-09-11T08:08:23.304818+00:00,"{'date': '2026-09-10', 'close': 2630, 'symbol': 'TLKM.JK'}"
TMAS.JK,2026-09-10,148,,,2026-09-11T08:08:23.304818+00:00,"{'date': '2026-09-10', 'close': 148, 'symbol': 'TMAS.JK'}"
TMPO.JK,2026-09-10,159,,,2026-09-11T08:08:23.304818+00:00,"{'date': '2026-09-10', 'close': 159, 'symbol': 'TMPO.JK'}"
TNCA.JK,2026-09-10,185,,,2026-09-11T08:08:23.304818+00:00,"{'date': '2026-09-10', 'close': 185, 'symbol': 'TNCA.JK'}"
TOBA.JK,2026-09-10,560,,,2026-09-11T08:08:23.304818+00:00,"{'date': '2026-09-10', 'close': 560, 'symbol': 'TOBA.JK'}"
TOOL.JK,2026-09-10,70,,,2026-09-11T08:08:23.304818+00:00,"{'date': '2026-09-10', 'close': 70, 'symbol': 'TOOL.JK'}"
TOPS.JK,2026-09-10,1,,,2026-09-11T08:08:23.304818+00:00,"{'date': '2026-09-10', 'close': 1, 'symbol': 'TOPS.JK'}"
TOSK.JK,2026-09-10,83,,,2026-09-11T08:08:23.304818+00:00,"{'date': '2026-09-10', 'close': 83, 'symbol': 'TOSK.JK'}"
TOTL.JK,2026-09-10,1510,,,2026-09-11T08:08:23.304818+00:00,"{'date': '2026-09-10', 'close': 1510, 'symbol': 'TOTL.JK'}"
TOTO.JK,2026-09-10,240,,,2026-09-11T08:08:23.304818+00:00,"{'date': '2026-09-10', 'close': 240, 'symbol': 'TOTO.JK'}"
TOWR.JK,2026-09-10,458,,,2026-09-11T08:08:23.304818+00:00,"{'date': '2026-09-10', 'close': 458, 'symbol': 'TOWR.JK'}"
TOYS.JK,2026-09-10,8,,,2026-09-11T08:08:23.304818+00:00,"{'date': '2026-09-10', 'close': 8, 'symbol': 'TOYS.JK'}"
TPIA.JK,2026-09-10,1930,,,2026-09-11T08:08:23.304818+00:00,"{'date': '2026-09-10', 'close': 1930, 'symbol': 'TPIA.JK'}"
TPMA.JK,2026-09-10,490,,,2026-09-11T08:08:23.304818+00:00,"{'date': '2026-09-10', 'close': 490, 'symbol': 'TPMA.JK'}"
TRAM.JK,2026-09-10,50,,,2026-09-11T08:08:23.304818+00:00,"{'date': '2026-09-10', 'close': 50, 'symbol': 'TRAM.JK'}"
TRGU.JK,2026-09-10,180,,,2026-09-11T08:08:23.304818+00:00,"{'date': '2026-09-10', 'close': 180, 'symbol': 'TRGU.JK'}"
TRIL.JK,2026-09-10,50,,,2026-09-11T08:08:23.304818+00:00,"{'date': '2026-09-10', 'close': 50, 'symbol': 'TRIL.JK'}"
TRIM.JK,2026-09-10,715,,,2026-09-11T08:08:23.304818+00:00,"{'date': '2026-09-10', 'close': 715, 'symbol': 'TRIM.JK'}"
TRIN.JK,2026-09-10,410,,,2026-09-11T08:08:23.304818+00:00,"{'date': '2026-09-10', 'close': 410, 'symbol': 'TRIN.JK'}"
TRIO.JK,2026-09-10,426,,,2026-09-11T08:08:23.304818+00:00,"{'date': '2026-09-10', 'close': 426, 'symbol': 'TRIO.JK'}"
TRIS.JK,2026-09-10,170,,,2026-09-11T08:08:23.304818+00:00,"{'date': '2026-09-10', 'close': 170, 'symbol': 'TRIS.JK'}"
TRJA.JK,2026-09-10,130,,,2026-09-11T08:08:23.304818+00:00,"{'date': '2026-09-10', 'close': 130, 'symbol': 'TRJA.JK'}"
TRON.JK,2026-09-10,101,,,2026-09-11T08:08:23.304818+00:00,"{'date': '2026-09-10', 'close': 101, 'symbol': 'TRON.JK'}"
TRST.JK,2026-09-10,462,,,2026-09-11T08:08:23.304818+00:00,"{'date': '2026-09-10', 'close': 462, 'symbol': 'TRST.JK'}"
TRUE.JK,2026-09-10,50,,,2026-09-11T08:08:23.304818+00:00,"{'date': '2026-09-10', 'close': 50, 'symbol': 'TRUE.JK'}"
TRUK.JK,2026-09-10,1075,,,2026-09-11T08:08:23.304818+00:00,"{'date': '2026-09-10', 'close': 1075, 'symbol': 'TRUK.JK'}"
TRUS.JK,2026-09-10,450,,,2026-09-11T08:08:23.304818+00:00,"{'date': '2026-09-10', 'close': 450, 'symbol': 'TRUS.JK'}"
TSPC.JK,2026-09-10,2740,,,2026-09-11T08:08:23.304818+00:00,"{'date': '2026-09-10', 'close': 2740, 'symbol': 'TSPC.JK'}"
TUGU.JK,2026-09-10,1435,,,2026-09-11T08:08:23.304818+00:00,"{'date': '2026-09-10', 'close': 1435, 'symbol': 'TUGU.JK'}"
TYRE.JK,2026-09-10,114,,,2026-09-11T08:08:23.304818+00:00,"{'date': '2026-09-10', 'close': 114, 'symbol': 'TYRE.JK'}"
UANG.JK,2026-09-10,4110,,,2026-09-11T08:08:23.304818+00:00,"{'date': '2026-09-10', 'close': 4110, 'symbol': 'UANG.JK'}"
UCID.JK,2026-09-10,515,,,2026-09-11T08:08:23.304818+00:00,"{'date': '2026-09-10', 'close': 515, 'symbol': 'UCID.JK'}"
UDNG.JK,2026-09-10,660,,,2026-09-11T08:08:23.304818+00:00,"{'date': '2026-09-10', 'close': 660, 'symbol': 'UDNG.JK'}"
UFOE.JK,2026-09-10,146,,,2026-09-11T08:08:23.304818+00:00,"{'date': '2026-09-10', 'close': 146, 'symbol': 'UFOE.JK'}"
ULTJ.JK,2026-09-10,1525,,,2026-09-11T08:08:23.304818+00:00,"{'date': '2026-09-10', 'close': 1525, 'symbol': 'ULTJ.JK'}"
UNIC.JK,2026-09-10,15000,,,2026-09-11T08:08:23.304818+00:00,"{'date': '2026-09-10', 'close': 15000, 'symbol': 'UNIC.JK'}"
UNIQ.JK,2026-09-10,122,,,2026-09-11T08:08:23.304818+00:00,"{'date': '2026-09-10', 'close': 122, 'symbol': 'UNIQ.JK'}"
UNIT.JK,2026-09-10,316,,,2026-09-11T08:08:23.304818+00:00,"{'date': '2026-09-10', 'close': 316, 'symbol': 'UNIT.JK'}"
UNSP.JK,2026-09-10,206,,,2026-09-11T08:08:23.304818+00:00,"{'date': '2026-09-10', 'close': 206, 'symbol': 'UNSP.JK'}"
UNTD.JK,2026-09-10,83,,,2026-09-11T08:08:23.304818+00:00,"{'date': '2026-09-10', 'close': 83, 'symbol': 'UNTD.JK'}"
UNTR.JK,2026-09-10,26375,,,2026-09-11T08:08:23.304818+00:00,"{'date': '2026-09-10', 'close': 26375, 'symbol': 'UNTR.JK'}"
UNVR.JK,2026-09-10,1655,,,2026-09-11T08:08:23.304818+00:00,"{'date': '2026-09-10', 'close': 1655, 'symbol': 'UNVR.JK'}"
URBN.JK,2026-09-10,222,,,2026-09-11T08:08:23.304818+00:00,"{'date': '2026-09-10', 'close': 222, 'symbol': 'URBN.JK'}"
UVCR.JK,2026-09-10,157,,,2026-09-11T08:08:23.304818+00:00,"{'date': '2026-09-10', 'close': 157, 'symbol': 'UVCR.JK'}"
VAST.JK,2026-09-10,110,,,2026-09-11T08:08:23.304818+00:00,"{'date': '2026-09-10', 'close': 110, 'symbol': 'VAST.JK'}"
VERN.JK,2026-09-10,230,,,2026-09-11T08:08:23.304818+00:00,"{'date': '2026-09-10', 'close': 230, 'symbol': 'VERN.JK'}"
VICI.JK,2026-09-10,1110,,,2026-09-11T08:08:23.304818+00:00,"{'date': '2026-09-10', 'close': 1110, 'symbol': 'VICI.JK'}"
VICO.JK,2026-09-10,174,,,2026-09-11T08:08:23.304818+00:00,"{'date': '2026-09-10', 'close': 174, 'symbol': 'VICO.JK'}"
VINS.JK,2026-09-10,152,,,2026-09-11T08:08:23.304818+00:00,"{'date': '2026-09-10', 'close': 152, 'symbol': 'VINS.JK'}"
VISI.JK,2026-09-10,985,,,2026-09-11T08:08:23.304818+00:00,"{'date': '2026-09-10', 'close': 985, 'symbol': 'VISI.JK'}"
VIVA.JK,2026-09-10,45,,,2026-09-11T08:08:23.304818+00:00,"{'date': '2026-09-10', 'close': 45, 'symbol': 'VIVA.JK'}"
VKTR.JK,2026-09-10,805,,,2026-09-11T08:08:23.304818+00:00,"{'date': '2026-09-10', 'close': 805, 'symbol': 'VKTR.JK'}"
VOKS.JK,2026-09-10,240,,,2026-09-11T08:08:23.304818+00:00,"{'date': '2026-09-10', 'close': 240, 'symbol': 'VOKS.JK'}"
VRNA.JK,2026-09-10,94,,,2026-09-11T08:08:23.304818+00:00,"{'date': '2026-09-10', 'close': 94, 'symbol': 'VRNA.JK'}"
VTNY.JK,2026-09-10,76,,,2026-09-11T08:08:23.304818+00:00,"{'date': '2026-09-10', 'close': 76, 'symbol': 'VTNY.JK'}"
WAPO.JK,2026-09-10,185,,,2026-09-11T08:08:23.304818+00:00,"{'date': '2026-09-10', 'close': 185, 'symbol': 'WAPO.JK'}"
WBSA.JK,2026-09-10,705,,,2026-09-11T08:08:23.304818+00:00,"{'date': '2026-09-10', 'close': 705, 'symbol': 'WBSA.JK'}"
WEGE.JK,2026-09-10,51,,,2026-09-11T08:08:23.304818+00:00,"{'date': '2026-09-10', 'close': 51, 'symbol': 'WEGE.JK'}"
WEHA.JK,2026-09-10,111,,,2026-09-11T08:08:23.304818+00:00,"{'date': '2026-09-10', 'close': 111, 'symbol': 'WEHA.JK'}"
WGSH.JK,2026-09-10,141,,,2026-09-11T08:08:23.304818+00:00,"{'date': '2026-09-10', 'close': 141, 'symbol': 'WGSH.JK'}"
WICO.JK,2026-09-10,123,,,2026-09-11T08:08:23.304818+00:00,"{'date': '2026-09-10', 'close': 123, 'symbol': 'WICO.JK'}"
WIDI.JK,2026-09-10,27,,,2026-09-11T08:08:23.304818+00:00,"{'date': '2026-09-10', 'close': 27, 'symbol': 'WIDI.JK'}"
WIFI.JK,2026-09-10,2050,,,2026-09-11T08:08:23.304818+00:00,"{'date': '2026-09-10', 'close': 2050, 'symbol': 'WIFI.JK'}"
WIIM.JK,2026-09-10,1580,,,2026-09-11T08:08:23.304818+00:00,"{'date': '2026-09-10', 'close': 1580, 'symbol': 'WIIM.JK'}"
WIKA.JK,2026-09-10,204,,,2026-09-11T08:08:23.304818+00:00,"{'date': '2026-09-10', 'close': 204, 'symbol': 'WIKA.JK'}"
WINE.JK,2026-09-10,132,,,2026-09-11T08:08:23.304818+00:00,"{'date': '2026-09-10', 'close': 132, 'symbol': 'WINE.JK'}"
WINR.JK,2026-09-10,28,,,2026-09-11T08:08:23.304818+00:00,"{'date': '2026-09-10', 'close': 28, 'symbol': 'WINR.JK'}"
WINS.JK,2026-09-10,550,,,2026-09-11T08:08:23.304818+00:00,"{'date': '2026-09-10', 'close': 550, 'symbol': 'WINS.JK'}"
WIRG.JK,2026-09-10,80,,,2026-09-11T08:08:23.304818+00:00,"{'date': '2026-09-10', 'close': 80, 'symbol': 'WIRG.JK'}"
WMPP.JK,2026-09-10,29,,,2026-09-11T08:08:23.304818+00:00,"{'date': '2026-09-10', 'close': 29, 'symbol': 'WMPP.JK'}"
WMUU.JK,2026-09-10,50,,,2026-09-11T08:08:23.304818+00:00,"{'date': '2026-09-10', 'close': 50, 'symbol': 'WMUU.JK'}"
WOMF.JK,2026-09-10,270,,,2026-09-11T08:08:23.304818+00:00,"{'date': '2026-09-10', 'close': 270, 'symbol': 'WOMF.JK'}"
WOOD.JK,2026-09-10,204,,,2026-09-11T08:08:23.304818+00:00,"{'date': '2026-09-10', 'close': 204, 'symbol': 'WOOD.JK'}"
WOWS.JK,2026-09-10,58,,,2026-09-11T08:08:23.304818+00:00,"{'date': '2026-09-10', 'close': 58, 'symbol': 'WOWS.JK'}"
WSBP.JK,2026-09-10,14,,,2026-09-11T08:08:23.304818+00:00,"{'date': '2026-09-10', 'close': 14, 'symbol': 'WSBP.JK'}"
WSKT.JK,2026-09-10,202,,,2026-09-11T08:08:23.304818+00:00,"{'date': '2026-09-10', 'close': 202, 'symbol': 'WSKT.JK'}"
WTON.JK,2026-09-10,79,,,2026-09-11T08:08:23.304818+00:00,"{'date': '2026-09-10', 'close': 79, 'symbol': 'WTON.JK'}"
YELO.JK,2026-09-10,97,,,2026-09-11T08:08:23.304818+00:00,"{'date': '2026-09-10', 'close': 97, 'symbol': 'YELO.JK'}"
YOII.JK,2026-09-10,82,,,2026-09-11T08:08:23.304818+00:00,"{'date': '2026-09-10', 'close': 82, 'symbol': 'YOII.JK'}"
YPAS.JK,2026-09-10,1205,,,2026-09-11T08:08:23.304818+00:00,"{'date': '2026-09-10', 'close': 1205, 'symbol': 'YPAS.JK'}"
YULE.JK,2026-09-10,3500,,,2026-09-11T08:08:23.304818+00:00,"{'date': '2026-09-10', 'close': 3500, 'symbol': 'YULE.JK'}"
YUPI.JK,2026-09-10,1330,,,2026-09-11T08:08:23.304818+00:00,"{'date': '2026-09-10', 'close': 1330, 'symbol': 'YUPI.JK'}"
ZATA.JK,2026-09-10,69,,,2026-09-11T08:08:23.304818+00:00,"{'date': '2026-09-10', 'close': 69, 'symbol': 'ZATA.JK'}"
ZBRA.JK,2026-09-10,50,,,2026-09-11T08:08:23.304818+00:00,"{'date': '2026-09-10', 'close': 50, 'symbol': 'ZBRA.JK'}"
ZINC.JK,2026-09-10,30,,,2026-09-11T08:08:23.304818+00:00,"{'date': '2026-09-10', 'close': 30, 'symbol': 'ZINC.JK'}"
ZONE.JK,2026-09-10,710,,,2026-09-11T08:08:23.304818+00:00,"{'date': '2026-09-10', 'close': 710, 'symbol': 'ZONE.JK'}"
ZYRX.JK,2026-09-10,129,,,2026-09-11T08:08:23.304818+00:00,"{'date': '2026-09-10', 'close': 129, 'symbol': 'ZYRX.JK'}"
AADI.JK,2026-09-11,12225,,,2026-09-11T13:51:21.380204+00:00,"{'date': '2026-09-11', 'close': 12225, 'symbol': 'AADI.JK'}"
AALI.JK,2026-09-11,8600,,,2026-09-11T13:51:21.380204+00:00,"{'date': '2026-09-11', 'close': 8600, 'symbol': 'AALI.JK'}"
ABBA.JK,2026-09-11,30,,,2026-09-11T13:51:21.380204+00:00,"{'date': '2026-09-11', 'close': 30, 'symbol': 'ABBA.JK'}"
ABDA.JK,2026-09-11,4970,,,2026-09-11T13:51:21.380204+00:00,"{'date': '2026-09-11', 'close': 4970, 'symbol': 'ABDA.JK'}"
ABMM.JK,2026-09-11,2840,,,2026-09-11T13:51:21.380204+00:00,"{'date': '2026-09-11', 'close': 2840, 'symbol': 'ABMM.JK'}"
ACES.JK,2026-09-11,352,,,2026-09-11T13:51:21.380204+00:00,"{'date': '2026-09-11', 'close': 352, 'symbol': 'ACES.JK'}"
ACRO.JK,2026-09-11,65,,,2026-09-11T13:51:21.380204+00:00,"{'date': '2026-09-11', 'close': 65, 'symbol': 'ACRO.JK'}"
ACST.JK,2026-09-11,115,,,2026-09-11T13:51:21.380204+00:00,"{'date': '2026-09-11', 'close': 115, 'symbol': 'ACST.JK'}"
ADCP.JK,2026-09-11,50,,,2026-09-11T13:51:21.380204+00:00,"{'date': '2026-09-11', 'close': 50, 'symbol': 'ADCP.JK'}"
ADES.JK,2026-09-11,32000,,,2026-09-11T13:51:21.380204+00:00,"{'date': '2026-09-11', 'close': 32000, 'symbol': 'ADES.JK'}"
ADHI.JK,2026-09-11,133,,,2026-09-11T13:51:21.380204+00:00,"{'date': '2026-09-11', 'close': 133, 'symbol': 'ADHI.JK'}"
ADMF.JK,2026-09-11,8675,,,2026-09-11T13:51:21.380204+00:00,"{'date': '2026-09-11', 'close': 8675, 'symbol': 'ADMF.JK'}"
ADMG.JK,2026-09-11,260,,,2026-09-11T13:51:21.380204+00:00,"{'date': '2026-09-11', 'close': 260, 'symbol': 'ADMG.JK'}"
ADMR.JK,2026-09-11,1600,,,2026-09-11T13:51:21.380204+00:00,"{'date': '2026-09-11', 'close': 1600, 'symbol': 'ADMR.JK'}"
ADRO.JK,2026-09-11,2640,,,2026-09-11T13:51:21.380204+00:00,"{'date': '2026-09-11', 'close': 2640, 'symbol': 'ADRO.JK'}"
AEGS.JK,2026-09-11,50,,,2026-09-11T13:51:21.380204+00:00,"{'date': '2026-09-11', 'close': 50, 'symbol': 'AEGS.JK'}"
AGAR.JK,2026-09-11,1935,,,2026-09-11T13:51:21.380204+00:00,"{'date': '2026-09-11', 'close': 1935, 'symbol': 'AGAR.JK'}"
AGII.JK,2026-09-11,3130,,,2026-09-11T13:51:21.380204+00:00,"{'date': '2026-09-11', 'close': 3130, 'symbol': 'AGII.JK'}"
AGRO.JK,2026-09-11,149,,,2026-09-11T13:51:21.380204+00:00,"{'date': '2026-09-11', 'close': 149, 'symbol': 'AGRO.JK'}"
AGRS.JK,2026-09-11,61,,,2026-09-11T13:51:21.380204+00:00,"{'date': '2026-09-11', 'close': 61, 'symbol': 'AGRS.JK'}"
AHAP.JK,2026-09-11,98,,,2026-09-11T13:51:21.380204+00:00,"{'date': '2026-09-11', 'close': 98, 'symbol': 'AHAP.JK'}"
AIMS.JK,2026-09-11,490,,,2026-09-11T13:51:21.380204+00:00,"{'date': '2026-09-11', 'close': 490, 'symbol': 'AIMS.JK'}"
AISA.JK,2026-09-11,116,,,2026-09-11T13:51:21.380204+00:00,"{'date': '2026-09-11', 'close': 116, 'symbol': 'AISA.JK'}"
AKKU.JK,2026-09-11,38,,,2026-09-11T13:51:21.380204+00:00,"{'date': '2026-09-11', 'close': 38, 'symbol': 'AKKU.JK'}"
AKPI.JK,2026-09-11,535,,,2026-09-11T13:51:21.380204+00:00,"{'date': '2026-09-11', 'close': 535, 'symbol': 'AKPI.JK'}"
AKRA.JK,2026-09-11,1520,,,2026-09-11T13:51:21.380204+00:00,"{'date': '2026-09-11', 'close': 1520, 'symbol': 'AKRA.JK'}"
AKSI.JK,2026-09-11,340,,,2026-09-11T13:51:21.380204+00:00,"{'date': '2026-09-11', 'close': 340, 'symbol': 'AKSI.JK'}"
ALDO.JK,2026-09-11,950,,,2026-09-11T13:51:21.380204+00:00,"{'date': '2026-09-11', 'close': 950, 'symbol': 'ALDO.JK'}"
ALII.JK,2026-09-11,795,,,2026-09-11T13:51:21.380204+00:00,"{'date': '2026-09-11', 'close': 795, 'symbol': 'ALII.JK'}"
ALKA.JK,2026-09-11,4980,,,2026-09-11T13:51:21.380204+00:00,"{'date': '2026-09-11', 'close': 4980, 'symbol': 'ALKA.JK'}"
ALMI.JK,2026-09-11,74,,,2026-09-11T13:51:21.380204+00:00,"{'date': '2026-09-11', 'close': 74, 'symbol': 'ALMI.JK'}"
ALTO.JK,2026-09-11,18,,,2026-09-11T13:51:21.380204+00:00,"{'date': '2026-09-11', 'close': 18, 'symbol': 'ALTO.JK'}"
AMAG.JK,2026-09-11,388,,,2026-09-11T13:51:21.380204+00:00,"{'date': '2026-09-11', 'close': 388, 'symbol': 'AMAG.JK'}"
AMAN.JK,2026-09-11,226,,,2026-09-11T13:51:21.380204+00:00,"{'date': '2026-09-11', 'close': 226, 'symbol': 'AMAN.JK'}"
AMAR.JK,2026-09-11,230,,,2026-09-11T13:51:21.380204+00:00,"{'date': '2026-09-11', 'close': 230, 'symbol': 'AMAR.JK'}"
AMFG.JK,2026-09-11,3280,,,2026-09-11T13:51:21.380204+00:00,"{'date': '2026-09-11', 'close': 3280, 'symbol': 'AMFG.JK'}"
AMIN.JK,2026-09-11,238,,,2026-09-11T13:51:21.380204+00:00,"{'date': '2026-09-11', 'close': 238, 'symbol': 'AMIN.JK'}"
AMMN.JK,2026-09-11,4860,,,2026-09-11T13:51:21.380204+00:00,"{'date': '2026-09-11', 'close': 4860, 'symbol': 'AMMN.JK'}"
AMMS.JK,2026-09-11,224,,,2026-09-11T13:51:21.380204+00:00,"{'date': '2026-09-11', 'close': 224, 'symbol': 'AMMS.JK'}"
AMOR.JK,2026-09-11,368,,,2026-09-11T13:51:21.380204+00:00,"{'date': '2026-09-11', 'close': 368, 'symbol': 'AMOR.JK'}"
AMRT.JK,2026-09-11,1255,,,2026-09-11T13:51:21.380204+00:00,"{'date': '2026-09-11', 'close': 1255, 'symbol': 'AMRT.JK'}"
ANDI.JK,2026-09-11,21,,,2026-09-11T13:51:21.380204+00:00,"{'date': '2026-09-11', 'close': 21, 'symbol': 'ANDI.JK'}"
ANJT.JK,2026-09-11,1595,,,2026-09-11T13:51:21.380204+00:00,"{'date': '2026-09-11', 'close': 1595, 'symbol': 'ANJT.JK'}"
ANTM.JK,2026-09-11,3270,,,2026-09-11T13:51:21.380204+00:00,"{'date': '2026-09-11', 'close': 3270, 'symbol': 'ANTM.JK'}"
APEX.JK,2026-09-11,204,,,2026-09-11T13:51:21.380204+00:00,"{'date': '2026-09-11', 'close': 204, 'symbol': 'APEX.JK'}"
APIC.JK,2026-09-11,448,,,2026-09-11T13:51:21.380204+00:00,"{'date': '2026-09-11', 'close': 448, 'symbol': 'APIC.JK'}"
APII.JK,2026-09-11,192,,,2026-09-11T13:51:21.380204+00:00,"{'date': '2026-09-11', 'close': 192, 'symbol': 'APII.JK'}"
APLI.JK,2026-09-11,272,,,2026-09-11T13:51:21.380204+00:00,"{'date': '2026-09-11', 'close': 272, 'symbol': 'APLI.JK'}"
APLN.JK,2026-09-11,127,,,2026-09-11T13:51:21.380204+00:00,"{'date': '2026-09-11', 'close': 127, 'symbol': 'APLN.JK'}"
ARCI.JK,2026-09-11,1315,,,2026-09-11T13:51:21.380204+00:00,"{'date': '2026-09-11', 'close': 1315, 'symbol': 'ARCI.JK'}"
AREA.JK,2026-09-11,330,,,2026-09-11T13:51:21.380204+00:00,"{'date': '2026-09-11', 'close': 330, 'symbol': 'AREA.JK'}"
ARGO.JK,2026-09-11,1165,,,2026-09-11T13:51:21.380204+00:00,"{'date': '2026-09-11', 'close': 1165, 'symbol': 'ARGO.JK'}"
ARII.JK,2026-09-11,302,,,2026-09-11T13:51:21.380204+00:00,"{'date': '2026-09-11', 'close': 302, 'symbol': 'ARII.JK'}"
ARKA.JK,2026-09-11,22,,,2026-09-11T13:51:21.380204+00:00,"{'date': '2026-09-11', 'close': 22, 'symbol': 'ARKA.JK'}"
ARKO.JK,2026-09-11,4590,,,2026-09-11T13:51:21.380204+00:00,"{'date': '2026-09-11', 'close': 4590, 'symbol': 'ARKO.JK'}"
ARMY.JK,2026-09-11,50,,,2026-09-11T13:51:21.380204+00:00,"{'date': '2026-09-11', 'close': 50, 'symbol': 'ARMY.JK'}"
ARNA.JK,2026-09-11,510,,,2026-09-11T13:51:21.380204+00:00,"{'date': '2026-09-11', 'close': 510, 'symbol': 'ARNA.JK'}"
ARTA.JK,2026-09-11,2240,,,2026-09-11T13:51:21.380204+00:00,"{'date': '2026-09-11', 'close': 2240, 'symbol': 'ARTA.JK'}"
ARTI.JK,2026-09-11,2,,,2026-09-11T13:51:21.380204+00:00,"{'date': '2026-09-11', 'close': 2, 'symbol': 'ARTI.JK'}"
ARTO.JK,2026-09-11,1015,,,2026-09-11T13:51:21.380204+00:00,"{'date': '2026-09-11', 'close': 1015, 'symbol': 'ARTO.JK'}"
ASBI.JK,2026-09-11,400,,,2026-09-11T13:51:21.380204+00:00,"{'date': '2026-09-11', 'close': 400, 'symbol': 'ASBI.JK'}"
ASDM.JK,2026-09-11,520,,,2026-09-11T13:51:21.380204+00:00,"{'date': '2026-09-11', 'close': 520, 'symbol': 'ASDM.JK'}"
ASGR.JK,2026-09-11,2110,,,2026-09-11T13:51:21.380204+00:00,"{'date': '2026-09-11', 'close': 2110, 'symbol': 'ASGR.JK'}"
ASHA.JK,2026-09-11,57,,,2026-09-11T13:51:21.380204+00:00,"{'date': '2026-09-11', 'close': 57, 'symbol': 'ASHA.JK'}"
ASII.JK,2026-09-11,4910,,,2026-09-11T13:51:21.380204+00:00,"{'date': '2026-09-11', 'close': 4910, 'symbol': 'ASII.JK'}"
ASJT.JK,2026-09-11,160,,,2026-09-11T13:51:21.380204+00:00,"{'date': '2026-09-11', 'close': 160, 'symbol': 'ASJT.JK'}"
ASLC.JK,2026-09-11,67,,,2026-09-11T13:51:21.380204+00:00,"{'date': '2026-09-11', 'close': 67, 'symbol': 'ASLC.JK'}"
ASLI.JK,2026-09-11,416,,,2026-09-11T13:51:21.380204+00:00,"{'date': '2026-09-11', 'close': 416, 'symbol': 'ASLI.JK'}"
ASMI.JK,2026-09-11,15,,,2026-09-11T13:51:21.380204+00:00,"{'date': '2026-09-11', 'close': 15, 'symbol': 'ASMI.JK'}"
ASPI.JK,2026-09-11,490,,,2026-09-11T13:51:21.380204+00:00,"{'date': '2026-09-11', 'close': 490, 'symbol': 'ASPI.JK'}"
ASPR.JK,2026-09-11,140,,,2026-09-11T13:51:21.380204+00:00,"{'date': '2026-09-11', 'close': 140, 'symbol': 'ASPR.JK'}"
ASRI.JK,2026-09-11,125,,,2026-09-11T13:51:21.380204+00:00,"{'date': '2026-09-11', 'close': 125, 'symbol': 'ASRI.JK'}"
ASRM.JK,2026-09-11,286,,,2026-09-11T13:51:21.380204+00:00,"{'date': '2026-09-11', 'close': 286, 'symbol': 'ASRM.JK'}"
ASSA.JK,2026-09-11,610,,,2026-09-11T13:51:21.380204+00:00,"{'date': '2026-09-11', 'close': 610, 'symbol': 'ASSA.JK'}"
ATAP.JK,2026-09-11,565,,,2026-09-11T13:51:21.380204+00:00,"{'date': '2026-09-11', 'close': 565, 'symbol': 'ATAP.JK'}"
ATIC.JK,2026-09-11,466,,,2026-09-11T13:51:21.380204+00:00,"{'date': '2026-09-11', 'close': 466, 'symbol': 'ATIC.JK'}"
ATLA.JK,2026-09-11,50,,,2026-09-11T13:51:21.380204+00:00,"{'date': '2026-09-11', 'close': 50, 'symbol': 'ATLA.JK'}"
AUTO.JK,2026-09-11,3300,,,2026-09-11T13:51:21.380204+00:00,"{'date': '2026-09-11', 'close': 3300, 'symbol': 'AUTO.JK'}"
AVIA.JK,2026-09-11,352,,,2026-09-11T13:51:21.380204+00:00,"{'date': '2026-09-11', 'close': 352, 'symbol': 'AVIA.JK'}"
AWAN.JK,2026-09-11,161,,,2026-09-11T13:51:21.380204+00:00,"{'date': '2026-09-11', 'close': 161, 'symbol': 'AWAN.JK'}"
AXIO.JK,2026-09-11,115,,,2026-09-11T13:51:21.380204+00:00,"{'date': '2026-09-11', 'close': 115, 'symbol': 'AXIO.JK'}"
AYAM.JK,2026-09-11,478,,,2026-09-11T13:51:21.380204+00:00,"{'date': '2026-09-11', 'close': 478, 'symbol': 'AYAM.JK'}"
AYLS.JK,2026-09-11,150,,,2026-09-11T13:51:21.380204+00:00,"{'date': '2026-09-11', 'close': 150, 'symbol': 'AYLS.JK'}"
BABP.JK,2026-09-11,50,,,2026-09-11T13:51:21.380204+00:00,"{'date': '2026-09-11', 'close': 50, 'symbol': 'BABP.JK'}"
BABY.JK,2026-09-11,212,,,2026-09-11T13:51:21.380204+00:00,"{'date': '2026-09-11', 'close': 212, 'symbol': 'BABY.JK'}"
BACA.JK,2026-09-11,118,,,2026-09-11T13:51:21.380204+00:00,"{'date': '2026-09-11', 'close': 118, 'symbol': 'BACA.JK'}"
BACH.JK,2026-09-11,434,,,2026-09-11T13:51:21.380204+00:00,"{'date': '2026-09-11', 'close': 434, 'symbol': 'BACH.JK'}"
BAIK.JK,2026-09-11,248,,,2026-09-11T13:51:21.380204+00:00,"{'date': '2026-09-11', 'close': 248, 'symbol': 'BAIK.JK'}"
BAJA.JK,2026-09-11,282,,,2026-09-11T13:51:21.380204+00:00,"{'date': '2026-09-11', 'close': 282, 'symbol': 'BAJA.JK'}"
BALI.JK,2026-09-11,1425,,,2026-09-11T13:51:21.380204+00:00,"{'date': '2026-09-11', 'close': 1425, 'symbol': 'BALI.JK'}"
BANK.JK,2026-09-11,260,,,2026-09-11T13:51:21.380204+00:00,"{'date': '2026-09-11', 'close': 260, 'symbol': 'BANK.JK'}"
BAPA.JK,2026-09-11,128,,,2026-09-11T13:51:21.380204+00:00,"{'date': '2026-09-11', 'close': 128, 'symbol': 'BAPA.JK'}"
BAPI.JK,2026-09-11,23,,,2026-09-11T13:51:21.380204+00:00,"{'date': '2026-09-11', 'close': 23, 'symbol': 'BAPI.JK'}"
BATA.JK,2026-09-11,59,,,2026-09-11T13:51:21.380204+00:00,"{'date': '2026-09-11', 'close': 59, 'symbol': 'BATA.JK'}"
BATR.JK,2026-09-11,91,,,2026-09-11T13:51:21.380204+00:00,"{'date': '2026-09-11', 'close': 91, 'symbol': 'BATR.JK'}"
BAUT.JK,2026-09-11,39,,,2026-09-11T13:51:21.380204+00:00,"{'date': '2026-09-11', 'close': 39, 'symbol': 'BAUT.JK'}"
BAYU.JK,2026-09-11,1345,,,2026-09-11T13:51:21.380204+00:00,"{'date': '2026-09-11', 'close': 1345, 'symbol': 'BAYU.JK'}"
BBCA.JK,2026-09-11,6325,,,2026-09-11T13:51:21.380204+00:00,"{'date': '2026-09-11', 'close': 6325, 'symbol': 'BBCA.JK'}"
BBHI.JK,2026-09-11,900,,,2026-09-11T13:51:21.380204+00:00,"{'date': '2026-09-11', 'close': 900, 'symbol': 'BBHI.JK'}"
BBKP.JK,2026-09-11,52,,,2026-09-11T13:51:21.380204+00:00,"{'date': '2026-09-11', 'close': 52, 'symbol': 'BBKP.JK'}"
BBLD.JK,2026-09-11,665,,,2026-09-11T13:51:21.380204+00:00,"{'date': '2026-09-11', 'close': 665, 'symbol': 'BBLD.JK'}"
BBMD.JK,2026-09-11,2010,,,2026-09-11T13:51:21.380204+00:00,"{'date': '2026-09-11', 'close': 2010, 'symbol': 'BBMD.JK'}"
BBNI.JK,2026-09-11,3750,,,2026-09-11T13:51:21.380204+00:00,"{'date': '2026-09-11', 'close': 3750, 'symbol': 'BBNI.JK'}"
BBRI.JK,2026-09-11,3270,,,2026-09-11T13:51:21.380204+00:00,"{'date': '2026-09-11', 'close': 3270, 'symbol': 'BBRI.JK'}"
BBRM.JK,2026-09-11,124,,,2026-09-11T13:51:21.380204+00:00,"{'date': '2026-09-11', 'close': 124, 'symbol': 'BBRM.JK'}"
BBSI.JK,2026-09-11,4610,,,2026-09-11T13:51:21.380204+00:00,"{'date': '2026-09-11', 'close': 4610, 'symbol': 'BBSI.JK'}"
BBSS.JK,2026-09-11,93,,,2026-09-11T13:51:21.380204+00:00,"{'date': '2026-09-11', 'close': 93, 'symbol': 'BBSS.JK'}"
BBTN.JK,2026-09-11,1175,,,2026-09-11T13:51:21.380204+00:00,"{'date': '2026-09-11', 'close': 1175, 'symbol': 'BBTN.JK'}"
BBYB.JK,2026-09-11,250,,,2026-09-11T13:51:21.380204+00:00,"{'date': '2026-09-11', 'close': 250, 'symbol': 'BBYB.JK'}"
BCAP.JK,2026-09-11,50,,,2026-09-11T13:51:21.380204+00:00,"{'date': '2026-09-11', 'close': 50, 'symbol': 'BCAP.JK'}"
BCIC.JK,2026-09-11,131,,,2026-09-11T13:51:21.380204+00:00,"{'date': '2026-09-11', 'close': 131, 'symbol': 'BCIC.JK'}"
BCIP.JK,2026-09-11,62,,,2026-09-11T13:51:21.380204+00:00,"{'date': '2026-09-11', 'close': 62, 'symbol': 'BCIP.JK'}"
BDKR.JK,2026-09-11,155,,,2026-09-11T13:51:21.380204+00:00,"{'date': '2026-09-11', 'close': 155, 'symbol': 'BDKR.JK'}"
BDMN.JK,2026-09-11,4460,,,2026-09-11T13:51:21.380204+00:00,"{'date': '2026-09-11', 'close': 4460, 'symbol': 'BDMN.JK'}"
BEBS.JK,2026-09-11,5,,,2026-09-11T13:51:21.380204+00:00,"{'date': '2026-09-11', 'close': 5, 'symbol': 'BEBS.JK'}"
BEEF.JK,2026-09-11,452,,,2026-09-11T13:51:21.380204+00:00,"{'date': '2026-09-11', 'close': 452, 'symbol': 'BEEF.JK'}"
BEER.JK,2026-09-11,79,,,2026-09-11T13:51:21.380204+00:00,"{'date': '2026-09-11', 'close': 79, 'symbol': 'BEER.JK'}"
BEKS.JK,2026-09-11,24,,,2026-09-11T13:51:21.380204+00:00,"{'date': '2026-09-11', 'close': 24, 'symbol': 'BEKS.JK'}"
BELI.JK,2026-09-11,296,,,2026-09-11T13:51:21.380204+00:00,"{'date': '2026-09-11', 'close': 296, 'symbol': 'BELI.JK'}"
BELL.JK,2026-09-11,110,,,2026-09-11T13:51:21.380204+00:00,"{'date': '2026-09-11', 'close': 110, 'symbol': 'BELL.JK'}"
BESS.JK,2026-09-11,930,,,2026-09-11T13:51:21.380204+00:00,"{'date': '2026-09-11', 'close': 930, 'symbol': 'BESS.JK'}"
BEST.JK,2026-09-11,128,,,2026-09-11T13:51:21.380204+00:00,"{'date': '2026-09-11', 'close': 128, 'symbol': 'BEST.JK'}"
BFIN.JK,2026-09-11,1005,,,2026-09-11T13:51:21.380204+00:00,"{'date': '2026-09-11', 'close': 1005, 'symbol': 'BFIN.JK'}"
BGTG.JK,2026-09-11,120,,,2026-09-11T13:51:21.380204+00:00,"{'date': '2026-09-11', 'close': 120, 'symbol': 'BGTG.JK'}"
BHAT.JK,2026-09-11,1770,,,2026-09-11T13:51:21.380204+00:00,"{'date': '2026-09-11', 'close': 1770, 'symbol': 'BHAT.JK'}"
BHIT.JK,2026-09-11,26,,,2026-09-11T13:51:21.380204+00:00,"{'date': '2026-09-11', 'close': 26, 'symbol': 'BHIT.JK'}"
BIKA.JK,2026-09-11,55,,,2026-09-11T13:51:21.380204+00:00,"{'date': '2026-09-11', 'close': 55, 'symbol': 'BIKA.JK'}"
BIKE.JK,2026-09-11,920,,,2026-09-11T13:51:21.380204+00:00,"{'date': '2026-09-11', 'close': 920, 'symbol': 'BIKE.JK'}"
BIMA.JK,2026-09-11,82,,,2026-09-11T13:51:21.380204+00:00,"{'date': '2026-09-11', 'close': 82, 'symbol': 'BIMA.JK'}"
BINA.JK,2026-09-11,4130,,,2026-09-11T13:51:21.380204+00:00,"{'date': '2026-09-11', 'close': 4130, 'symbol': 'BINA.JK'}"
BINO.JK,2026-09-11,120,,,2026-09-11T13:51:21.380204+00:00,"{'date': '2026-09-11', 'close': 120, 'symbol': 'BINO.JK'}"
BIPI.JK,2026-09-11,146,,,2026-09-11T13:51:21.380204+00:00,"{'date': '2026-09-11', 'close': 146, 'symbol': 'BIPI.JK'}"
BIPP.JK,2026-09-11,67,,,2026-09-11T13:51:21.380204+00:00,"{'date': '2026-09-11', 'close': 67, 'symbol': 'BIPP.JK'}"
BIRD.JK,2026-09-11,1600,,,2026-09-11T13:51:21.380204+00:00,"{'date': '2026-09-11', 'close': 1600, 'symbol': 'BIRD.JK'}"
BISI.JK,2026-09-11,720,,,2026-09-11T13:51:21.380204+00:00,"{'date': '2026-09-11', 'close': 720, 'symbol': 'BISI.JK'}"
BJBR.JK,2026-09-11,795,,,2026-09-11T13:51:21.380204+00:00,"{'date': '2026-09-11', 'close': 795, 'symbol': 'BJBR.JK'}"
BJTM.JK,2026-09-11,520,,,2026-09-11T13:51:21.380204+00:00,"{'date': '2026-09-11', 'close': 520, 'symbol': 'BJTM.JK'}"
BKDP.JK,2026-09-11,170,,,2026-09-11T13:51:21.380204+00:00,"{'date': '2026-09-11', 'close': 170, 'symbol': 'BKDP.JK'}"
BKSL.JK,2026-09-11,71,,,2026-09-11T13:51:21.380204+00:00,"{'date': '2026-09-11', 'close': 71, 'symbol': 'BKSL.JK'}"
BKSW.JK,2026-09-11,54,,,2026-09-11T13:51:21.380204+00:00,"{'date': '2026-09-11', 'close': 54, 'symbol': 'BKSW.JK'}"
BLES.JK,2026-09-11,212,,,2026-09-11T13:51:21.380204+00:00,"{'date': '2026-09-11', 'close': 212, 'symbol': 'BLES.JK'}"
BLOG.JK,2026-09-11,364,,,2026-09-11T13:51:21.380204+00:00,"{'date': '2026-09-11', 'close': 364, 'symbol': 'BLOG.JK'}"
BLTA.JK,2026-09-11,32,,,2026-09-11T13:51:21.380204+00:00,"{'date': '2026-09-11', 'close': 32, 'symbol': 'BLTA.JK'}"
BLTZ.JK,2026-09-11,2000,,,2026-09-11T13:51:21.380204+00:00,"{'date': '2026-09-11', 'close': 2000, 'symbol': 'BLTZ.JK'}"
BLUE.JK,2026-09-11,2980,,,2026-09-11T13:51:21.380204+00:00,"{'date': '2026-09-11', 'close': 2980, 'symbol': 'BLUE.JK'}"
BMAS.JK,2026-09-11,520,,,2026-09-11T13:51:21.380204+00:00,"{'date': '2026-09-11', 'close': 520, 'symbol': 'BMAS.JK'}"
BMBL.JK,2026-09-11,30,,,2026-09-11T13:51:21.380204+00:00,"{'date': '2026-09-11', 'close': 30, 'symbol': 'BMBL.JK'}"
BMHS.JK,2026-09-11,200,,,2026-09-11T13:51:21.380204+00:00,"{'date': '2026-09-11', 'close': 200, 'symbol': 'BMHS.JK'}"
BMRI.JK,2026-09-11,4360,,,2026-09-11T13:51:21.380204+00:00,"{'date': '2026-09-11', 'close': 4360, 'symbol': 'BMRI.JK'}"
BMSR.JK,2026-09-11,322,,,2026-09-11T13:51:21.380204+00:00,"{'date': '2026-09-11', 'close': 322, 'symbol': 'BMSR.JK'}"
BMTR.JK,2026-09-11,117,,,2026-09-11T13:51:21.380204+00:00,"{'date': '2026-09-11', 'close': 117, 'symbol': 'BMTR.JK'}"
BNBA.JK,2026-09-11,785,,,2026-09-11T13:51:21.380204+00:00,"{'date': '2026-09-11', 'close': 785, 'symbol': 'BNBA.JK'}"
BNBR.JK,2026-09-11,95,,,2026-09-11T13:51:21.380204+00:00,"{'date': '2026-09-11', 'close': 95, 'symbol': 'BNBR.JK'}"
BNGA.JK,2026-09-11,1730,,,2026-09-11T13:51:21.380204+00:00,"{'date': '2026-09-11', 'close': 1730, 'symbol': 'BNGA.JK'}"
BNII.JK,2026-09-11,191,,,2026-09-11T13:51:21.380204+00:00,"{'date': '2026-09-11', 'close': 191, 'symbol': 'BNII.JK'}"
BNLI.JK,2026-09-11,2140,,,2026-09-11T13:51:21.380204+00:00,"{'date': '2026-09-11', 'close': 2140, 'symbol': 'BNLI.JK'}"
BOAT.JK,2026-09-11,137,,,2026-09-11T13:51:21.380204+00:00,"{'date': '2026-09-11', 'close': 137, 'symbol': 'BOAT.JK'}"
BOBA.JK,2026-09-11,212,,,2026-09-11T13:51:21.380204+00:00,"{'date': '2026-09-11', 'close': 212, 'symbol': 'BOBA.JK'}"
BOGA.JK,2026-09-11,1560,,,2026-09-11T13:51:21.380204+00:00,"{'date': '2026-09-11', 'close': 1560, 'symbol': 'BOGA.JK'}"
BOLA.JK,2026-09-11,188,,,2026-09-11T13:51:21.380204+00:00,"{'date': '2026-09-11', 'close': 188, 'symbol': 'BOLA.JK'}"
BOLT.JK,2026-09-11,810,,,2026-09-11T13:51:21.380204+00:00,"{'date': '2026-09-11', 'close': 810, 'symbol': 'BOLT.JK'}"
BOSS.JK,2026-09-11,50,,,2026-09-11T13:51:21.380204+00:00,"{'date': '2026-09-11', 'close': 50, 'symbol': 'BOSS.JK'}"
BPFI.JK,2026-09-11,246,,,2026-09-11T13:51:21.380204+00:00,"{'date': '2026-09-11', 'close': 246, 'symbol': 'BPFI.JK'}"
BPII.JK,2026-09-11,478,,,2026-09-11T13:51:21.380204+00:00,"{'date': '2026-09-11', 'close': 478, 'symbol': 'BPII.JK'}"
BPTR.JK,2026-09-11,76,,,2026-09-11T13:51:21.380204+00:00,"{'date': '2026-09-11', 'close': 76, 'symbol': 'BPTR.JK'}"
BRAM.JK,2026-09-11,4680,,,2026-09-11T13:51:21.380204+00:00,"{'date': '2026-09-11', 'close': 4680, 'symbol': 'BRAM.JK'}"
BREN.JK,2026-09-11,3240,,,2026-09-11T13:51:21.380204+00:00,"{'date': '2026-09-11', 'close': 3240, 'symbol': 'BREN.JK'}"
BRIS.JK,2026-09-11,1720,,,2026-09-11T13:51:21.380204+00:00,"{'date': '2026-09-11', 'close': 1720, 'symbol': 'BRIS.JK'}"
BRMS.JK,2026-09-11,675,,,2026-09-11T13:51:21.380204+00:00,"{'date': '2026-09-11', 'close': 675, 'symbol': 'BRMS.JK'}"
BRNA.JK,2026-09-11,640,,,2026-09-11T13:51:21.380204+00:00,"{'date': '2026-09-11', 'close': 640, 'symbol': 'BRNA.JK'}"
BRPT.JK,2026-09-11,1700,,,2026-09-11T13:51:21.380204+00:00,"{'date': '2026-09-11', 'close': 1700, 'symbol': 'BRPT.JK'}"
BRRC.JK,2026-09-11,73,,,2026-09-11T13:51:21.380204+00:00,"{'date': '2026-09-11', 'close': 73, 'symbol': 'BRRC.JK'}"
BSBK.JK,2026-09-11,50,,,2026-09-11T13:51:21.380204+00:00,"{'date': '2026-09-11', 'close': 50, 'symbol': 'BSBK.JK'}"
BSDE.JK,2026-09-11,645,,,2026-09-11T13:51:21.380204+00:00,"{'date': '2026-09-11', 'close': 645, 'symbol': 'BSDE.JK'}"
BSIM.JK,2026-09-11,1100,,,2026-09-11T13:51:21.380204+00:00,"{'date': '2026-09-11', 'close': 1100, 'symbol': 'BSIM.JK'}"
BSML.JK,2026-09-11,535,,,2026-09-11T13:51:21.380204+00:00,"{'date': '2026-09-11', 'close': 535, 'symbol': 'BSML.JK'}"
BSSR.JK,2026-09-11,4930,,,2026-09-11T13:51:21.380204+00:00,"{'date': '2026-09-11', 'close': 4930, 'symbol': 'BSSR.JK'}"
BSWD.JK,2026-09-11,1500,,,2026-09-11T13:51:21.380204+00:00,"{'date': '2026-09-11', 'close': 1500, 'symbol': 'BSWD.JK'}"
BTEK.JK,2026-09-11,12,,,2026-09-11T13:51:21.380204+00:00,"{'date': '2026-09-11', 'close': 12, 'symbol': 'BTEK.JK'}"
BTEL.JK,2026-09-11,50,,,2026-09-11T13:51:21.380204+00:00,"{'date': '2026-09-11', 'close': 50, 'symbol': 'BTEL.JK'}"
BTON.JK,2026-09-11,358,,,2026-09-11T13:51:21.380204+00:00,"{'date': '2026-09-11', 'close': 358, 'symbol': 'BTON.JK'}"
BTPN.JK,2026-09-11,2350,,,2026-09-11T13:51:21.380204+00:00,"{'date': '2026-09-11', 'close': 2350, 'symbol': 'BTPN.JK'}"
BTPS.JK,2026-09-11,1035,,,2026-09-11T13:51:21.380204+00:00,"{'date': '2026-09-11', 'close': 1035, 'symbol': 'BTPS.JK'}"
BUAH.JK,2026-09-11,496,,,2026-09-11T13:51:21.380204+00:00,"{'date': '2026-09-11', 'close': 496, 'symbol': 'BUAH.JK'}"
BUDI.JK,2026-09-11,222,,,2026-09-11T13:51:21.380204+00:00,"{'date': '2026-09-11', 'close': 222, 'symbol': 'BUDI.JK'}"
BUKA.JK,2026-09-11,107,,,2026-09-11T13:51:21.380204+00:00,"{'date': '2026-09-11', 'close': 107, 'symbol': 'BUKA.JK'}"
BUKK.JK,2026-09-11,970,,,2026-09-11T13:51:21.380204+00:00,"{'date': '2026-09-11', 'close': 970, 'symbol': 'BUKK.JK'}"
BULL.JK,2026-09-11,428,,,2026-09-11T13:51:21.380204+00:00,"{'date': '2026-09-11', 'close': 428, 'symbol': 'BULL.JK'}"
BUMI.JK,2026-09-11,212,,,2026-09-11T13:51:21.380204+00:00,"{'date': '2026-09-11', 'close': 212, 'symbol': 'BUMI.JK'}"
BUVA.JK,2026-09-11,720,,,2026-09-11T13:51:21.380204+00:00,"{'date': '2026-09-11', 'close': 720, 'symbol': 'BUVA.JK'}"
BVIC.JK,2026-09-11,95,,,2026-09-11T13:51:21.380204+00:00,"{'date': '2026-09-11', 'close': 95, 'symbol': 'BVIC.JK'}"
BWPT.JK,2026-09-11,125,,,2026-09-11T13:51:21.380204+00:00,"{'date': '2026-09-11', 'close': 125, 'symbol': 'BWPT.JK'}"
BYAN.JK,2026-09-11,12350,,,2026-09-11T13:51:21.380204+00:00,"{'date': '2026-09-11', 'close': 12350, 'symbol': 'BYAN.JK'}"
CAKK.JK,2026-09-11,159,,,2026-09-11T13:51:21.380204+00:00,"{'date': '2026-09-11', 'close': 159, 'symbol': 'CAKK.JK'}"
CAMP.JK,2026-09-11,171,,,2026-09-11T13:51:21.380204+00:00,"{'date': '2026-09-11', 'close': 171, 'symbol': 'CAMP.JK'}"
CANI.JK,2026-09-11,135,,,2026-09-11T13:51:21.380204+00:00,"{'date': '2026-09-11', 'close': 135, 'symbol': 'CANI.JK'}"
CARE.JK,2026-09-11,402,,,2026-09-11T13:51:21.380204+00:00,"{'date': '2026-09-11', 'close': 402, 'symbol': 'CARE.JK'}"
CARS.JK,2026-09-11,115,,,2026-09-11T13:51:21.380204+00:00,"{'date': '2026-09-11', 'close': 115, 'symbol': 'CARS.JK'}"
CASA.JK,2026-09-11,1995,,,2026-09-11T13:51:21.380204+00:00,"{'date': '2026-09-11', 'close': 1995, 'symbol': 'CASA.JK'}"
CASH.JK,2026-09-11,228,,,2026-09-11T13:51:21.380204+00:00,"{'date': '2026-09-11', 'close': 228, 'symbol': 'CASH.JK'}"
CASS.JK,2026-09-11,1865,,,2026-09-11T13:51:21.380204+00:00,"{'date': '2026-09-11', 'close': 1865, 'symbol': 'CASS.JK'}"
CBDK.JK,2026-09-11,3800,,,2026-09-11T13:51:21.380204+00:00,"{'date': '2026-09-11', 'close': 3800, 'symbol': 'CBDK.JK'}"
CBMF.JK,2026-09-11,50,,,2026-09-11T13:51:21.380204+00:00,"{'date': '2026-09-11', 'close': 50, 'symbol': 'CBMF.JK'}"
CBPE.JK,2026-09-11,484,,,2026-09-11T13:51:21.380204+00:00,"{'date': '2026-09-11', 'close': 484, 'symbol': 'CBPE.JK'}"
CBRE.JK,2026-09-11,735,,,2026-09-11T13:51:21.380204+00:00,"{'date': '2026-09-11', 'close': 735, 'symbol': 'CBRE.JK'}"
CBUT.JK,2026-09-11,1015,,,2026-09-11T13:51:21.380204+00:00,"{'date': '2026-09-11', 'close': 1015, 'symbol': 'CBUT.JK'}"
CCSI.JK,2026-09-11,314,,,2026-09-11T13:51:21.380204+00:00,"{'date': '2026-09-11', 'close': 314, 'symbol': 'CCSI.JK'}"
CDIA.JK,2026-09-11,675,,,2026-09-11T13:51:21.380204+00:00,"{'date': '2026-09-11', 'close': 675, 'symbol': 'CDIA.JK'}"
CEKA.JK,2026-09-11,2220,,,2026-09-11T13:51:21.380204+00:00,"{'date': '2026-09-11', 'close': 2220, 'symbol': 'CEKA.JK'}"
CENT.JK,2026-09-11,107,,,2026-09-11T13:51:21.380204+00:00,"{'date': '2026-09-11', 'close': 107, 'symbol': 'CENT.JK'}"
CFIN.JK,2026-09-11,366,,,2026-09-11T13:51:21.380204+00:00,"{'date': '2026-09-11', 'close': 366, 'symbol': 'CFIN.JK'}"
CGAS.JK,2026-09-11,149,,,2026-09-11T13:51:21.380204+00:00,"{'date': '2026-09-11', 'close': 149, 'symbol': 'CGAS.JK'}"
CHEK.JK,2026-09-11,128,,,2026-09-11T13:51:21.380204+00:00,"{'date': '2026-09-11', 'close': 128, 'symbol': 'CHEK.JK'}"
CHEM.JK,2026-09-11,72,,,2026-09-11T13:51:21.380204+00:00,"{'date': '2026-09-11', 'close': 72, 'symbol': 'CHEM.JK'}"
CHIP.JK,2026-09-11,795,,,2026-09-11T13:51:21.380204+00:00,"{'date': '2026-09-11', 'close': 795, 'symbol': 'CHIP.JK'}"
CINT.JK,2026-09-11,185,,,2026-09-11T13:51:21.380204+00:00,"{'date': '2026-09-11', 'close': 185, 'symbol': 'CINT.JK'}"
CITA.JK,2026-09-11,3470,,,2026-09-11T13:51:21.380204+00:00,"{'date': '2026-09-11', 'close': 3470, 'symbol': 'CITA.JK'}"
CITY.JK,2026-09-11,184,,,2026-09-11T13:51:21.380204+00:00,"{'date': '2026-09-11', 'close': 184, 'symbol': 'CITY.JK'}"
CLAY.JK,2026-09-11,2680,,,2026-09-11T13:51:21.380204+00:00,"{'date': '2026-09-11', 'close': 2680, 'symbol': 'CLAY.JK'}"
CLEO.JK,2026-09-11,420,,,2026-09-11T13:51:21.380204+00:00,"{'date': '2026-09-11', 'close': 420, 'symbol': 'CLEO.JK'}"
CLPI.JK,2026-09-11,1610,,,2026-09-11T13:51:21.380204+00:00,"{'date': '2026-09-11', 'close': 1610, 'symbol': 'CLPI.JK'}"
CMNP.JK,2026-09-11,1425,,,2026-09-11T13:51:21.380204+00:00,"{'date': '2026-09-11', 'close': 1425, 'symbol': 'CMNP.JK'}"
CMNT.JK,2026-09-11,755,,,2026-09-11T13:51:21.380204+00:00,"{'date': '2026-09-11', 'close': 755, 'symbol': 'CMNT.JK'}"
CMPP.JK,2026-09-11,69,,,2026-09-11T13:51:21.380204+00:00,"{'date': '2026-09-11', 'close': 69, 'symbol': 'CMPP.JK'}"
CMRY.JK,2026-09-11,4410,,,2026-09-11T13:51:21.380204+00:00,"{'date': '2026-09-11', 'close': 4410, 'symbol': 'CMRY.JK'}"
CNKO.JK,2026-09-11,37,,,2026-09-11T13:51:21.380204+00:00,"{'date': '2026-09-11', 'close': 37, 'symbol': 'CNKO.JK'}"
CNMA.JK,2026-09-11,92,,,2026-09-11T13:51:21.380204+00:00,"{'date': '2026-09-11', 'close': 92, 'symbol': 'CNMA.JK'}"
COAL.JK,2026-09-11,31,,,2026-09-11T13:51:21.380204+00:00,"{'date': '2026-09-11', 'close': 31, 'symbol': 'COAL.JK'}"
COCO.JK,2026-09-11,131,,,2026-09-11T13:51:21.380204+00:00,"{'date': '2026-09-11', 'close': 131, 'symbol': 'COCO.JK'}"
COIN.JK,2026-09-11,715,,,2026-09-11T13:51:21.380204+00:00,"{'date': '2026-09-11', 'close': 715, 'symbol': 'COIN.JK'}"
COWL.JK,2026-09-11,50,,,2026-09-11T13:51:21.380204+00:00,"{'date': '2026-09-11', 'close': 50, 'symbol': 'COWL.JK'}"
CPIN.JK,2026-09-11,3160,,,2026-09-11T13:51:21.380204+00:00,"{'date': '2026-09-11', 'close': 3160, 'symbol': 'CPIN.JK'}"
CPRI.JK,2026-09-11,50,,,2026-09-11T13:51:21.380204+00:00,"{'date': '2026-09-11', 'close': 50, 'symbol': 'CPRI.JK'}"
CPRO.JK,2026-09-11,50,,,2026-09-11T13:51:21.380204+00:00,"{'date': '2026-09-11', 'close': 50, 'symbol': 'CPRO.JK'}"
CRAB.JK,2026-09-11,216,,,2026-09-11T13:51:21.380204+00:00,"{'date': '2026-09-11', 'close': 216, 'symbol': 'CRAB.JK'}"
CRSN.JK,2026-09-11,134,,,2026-09-11T13:51:21.380204+00:00,"{'date': '2026-09-11', 'close': 134, 'symbol': 'CRSN.JK'}"
CSAP.JK,2026-09-11,296,,,2026-09-11T13:51:21.380204+00:00,"{'date': '2026-09-11', 'close': 296, 'symbol': 'CSAP.JK'}"
CSIS.JK,2026-09-11,208,,,2026-09-11T13:51:21.380204+00:00,"{'date': '2026-09-11', 'close': 208, 'symbol': 'CSIS.JK'}"
CSMI.JK,2026-09-11,220,,,2026-09-11T13:51:21.380204+00:00,"{'date': '2026-09-11', 'close': 220, 'symbol': 'CSMI.JK'}"
CSRA.JK,2026-09-11,760,,,2026-09-11T13:51:21.380204+00:00,"{'date': '2026-09-11', 'close': 760, 'symbol': 'CSRA.JK'}"
CTBN.JK,2026-09-11,3050,,,2026-09-11T13:51:21.380204+00:00,"{'date': '2026-09-11', 'close': 3050, 'symbol': 'CTBN.JK'}"
CTRA.JK,2026-09-11,615,,,2026-09-11T13:51:21.380204+00:00,"{'date': '2026-09-11', 'close': 615, 'symbol': 'CTRA.JK'}"
CTTH.JK,2026-09-11,126,,,2026-09-11T13:51:21.380204+00:00,"{'date': '2026-09-11', 'close': 126, 'symbol': 'CTTH.JK'}"
CUAN.JK,2026-09-11,945,,,2026-09-11T13:51:21.380204+00:00,"{'date': '2026-09-11', 'close': 945, 'symbol': 'CUAN.JK'}"
CYBR.JK,2026-09-11,530,,,2026-09-11T13:51:21.380204+00:00,"{'date': '2026-09-11', 'close': 530, 'symbol': 'CYBR.JK'}"
DAAZ.JK,2026-09-11,1670,,,2026-09-11T13:51:21.380204+00:00,"{'date': '2026-09-11', 'close': 1670, 'symbol': 'DAAZ.JK'}"
DADA.JK,2026-09-11,50,,,2026-09-11T13:51:21.380204+00:00,"{'date': '2026-09-11', 'close': 50, 'symbol': 'DADA.JK'}"
DART.JK,2026-09-11,157,,,2026-09-11T13:51:21.380204+00:00,"{'date': '2026-09-11', 'close': 157, 'symbol': 'DART.JK'}"
DATA.JK,2026-09-11,1760,,,2026-09-11T13:51:21.380204+00:00,"{'date': '2026-09-11', 'close': 1760, 'symbol': 'DATA.JK'}"
DAYA.JK,2026-09-11,1085,,,2026-09-11T13:51:21.380204+00:00,"{'date': '2026-09-11', 'close': 1085, 'symbol': 'DAYA.JK'}"
DCII.JK,2026-09-11,201100,,,2026-09-11T13:51:21.380204+00:00,"{'date': '2026-09-11', 'close': 201100, 'symbol': 'DCII.JK'}"
DEAL.JK,2026-09-11,6,,,2026-09-11T13:51:21.380204+00:00,"{'date': '2026-09-11', 'close': 6, 'symbol': 'DEAL.JK'}"
DEFI.JK,2026-09-11,104,,,2026-09-11T13:51:21.380204+00:00,"{'date': '2026-09-11', 'close': 104, 'symbol': 'DEFI.JK'}"
DEPO.JK,2026-09-11,240,,,2026-09-11T13:51:21.380204+00:00,"{'date': '2026-09-11', 'close': 240, 'symbol': 'DEPO.JK'}"
DEWA.JK,2026-09-11,418,,,2026-09-11T13:51:21.380204+00:00,"{'date': '2026-09-11', 'close': 418, 'symbol': 'DEWA.JK'}"
DEWI.JK,2026-09-11,164,,,2026-09-11T13:51:21.380204+00:00,"{'date': '2026-09-11', 'close': 164, 'symbol': 'DEWI.JK'}"
DFAM.JK,2026-09-11,83,,,2026-09-11T13:51:21.380204+00:00,"{'date': '2026-09-11', 'close': 83, 'symbol': 'DFAM.JK'}"
DGIK.JK,2026-09-11,136,,,2026-09-11T13:51:21.380204+00:00,"{'date': '2026-09-11', 'close': 136, 'symbol': 'DGIK.JK'}"
DGNS.JK,2026-09-11,280,,,2026-09-11T13:51:21.380204+00:00,"{'date': '2026-09-11', 'close': 280, 'symbol': 'DGNS.JK'}"
DGWG.JK,2026-09-11,336,,,2026-09-11T13:51:21.380204+00:00,"{'date': '2026-09-11', 'close': 336, 'symbol': 'DGWG.JK'}"
DIGI.JK,2026-09-11,29,,,2026-09-11T13:51:21.380204+00:00,"{'date': '2026-09-11', 'close': 29, 'symbol': 'DIGI.JK'}"
DILD.JK,2026-09-11,118,,,2026-09-11T13:51:21.380204+00:00,"{'date': '2026-09-11', 'close': 118, 'symbol': 'DILD.JK'}"
DIVA.JK,2026-09-11,135,,,2026-09-11T13:51:21.380204+00:00,"{'date': '2026-09-11', 'close': 135, 'symbol': 'DIVA.JK'}"
DKFT.JK,2026-09-11,700,,,2026-09-11T13:51:21.380204+00:00,"{'date': '2026-09-11', 'close': 700, 'symbol': 'DKFT.JK'}"
DKHH.JK,2026-09-11,70,,,2026-09-11T13:51:21.380204+00:00,"{'date': '2026-09-11', 'close': 70, 'symbol': 'DKHH.JK'}"
DLTA.JK,2026-09-11,1790,,,2026-09-11T13:51:21.380204+00:00,"{'date': '2026-09-11', 'close': 1790, 'symbol': 'DLTA.JK'}"
DMAS.JK,2026-09-11,193,,,2026-09-11T13:51:21.380204+00:00,"{'date': '2026-09-11', 'close': 193, 'symbol': 'DMAS.JK'}"
DMMX.JK,2026-09-11,185,,,2026-09-11T13:51:21.380204+00:00,"{'date': '2026-09-11', 'close': 185, 'symbol': 'DMMX.JK'}"
DMND.JK,2026-09-11,620,,,2026-09-11T13:51:21.380204+00:00,"{'date': '2026-09-11', 'close': 620, 'symbol': 'DMND.JK'}"
DNAR.JK,2026-09-11,131,,,2026-09-11T13:51:21.380204+00:00,"{'date': '2026-09-11', 'close': 131, 'symbol': 'DNAR.JK'}"
DNET.JK,2026-09-11,9875,,,2026-09-11T13:51:21.380204+00:00,"{'date': '2026-09-11', 'close': 9875, 'symbol': 'DNET.JK'}"
DOID.JK,2026-09-11,252,,,2026-09-11T13:51:21.380204+00:00,"{'date': '2026-09-11', 'close': 252, 'symbol': 'DOID.JK'}"
DOOH.JK,2026-09-11,400,,,2026-09-11T13:51:21.380204+00:00,"{'date': '2026-09-11', 'close': 400, 'symbol': 'DOOH.JK'}"
DOSS.JK,2026-09-11,164,,,2026-09-11T13:51:21.380204+00:00,"{'date': '2026-09-11', 'close': 164, 'symbol': 'DOSS.JK'}"
DPNS.JK,2026-09-11,310,,,2026-09-11T13:51:21.380204+00:00,"{'date': '2026-09-11', 'close': 310, 'symbol': 'DPNS.JK'}"
DPUM.JK,2026-09-11,129,,,2026-09-11T13:51:21.380204+00:00,"{'date': '2026-09-11', 'close': 129, 'symbol': 'DPUM.JK'}"
DRMA.JK,2026-09-11,1010,,,2026-09-11T13:51:21.380204+00:00,"{'date': '2026-09-11', 'close': 1010, 'symbol': 'DRMA.JK'}"
DSFI.JK,2026-09-11,87,,,2026-09-11T13:51:21.380204+00:00,"{'date': '2026-09-11', 'close': 87, 'symbol': 'DSFI.JK'}"
DSNG.JK,2026-09-11,1625,,,2026-09-11T13:51:21.380204+00:00,"{'date': '2026-09-11', 'close': 1625, 'symbol': 'DSNG.JK'}"
DSSA.JK,2026-09-11,1100,,,2026-09-11T13:51:21.380204+00:00,"{'date': '2026-09-11', 'close': 1100, 'symbol': 'DSSA.JK'}"
DUCK.JK,2026-09-11,176,,,2026-09-11T13:51:21.380204+00:00,"{'date': '2026-09-11', 'close': 176, 'symbol': 'DUCK.JK'}"
DUTI.JK,2026-09-11,4770,,,2026-09-11T13:51:21.380204+00:00,"{'date': '2026-09-11', 'close': 4770, 'symbol': 'DUTI.JK'}"
DVLA.JK,2026-09-11,1595,,,2026-09-11T13:51:21.380204+00:00,"{'date': '2026-09-11', 'close': 1595, 'symbol': 'DVLA.JK'}"
DWGL.JK,2026-09-11,234,,,2026-09-11T13:51:21.380204+00:00,"{'date': '2026-09-11', 'close': 234, 'symbol': 'DWGL.JK'}"
DYAN.JK,2026-09-11,88,,,2026-09-11T13:51:21.380204+00:00,"{'date': '2026-09-11', 'close': 88, 'symbol': 'DYAN.JK'}"
EAST.JK,2026-09-11,89,,,2026-09-11T13:51:21.380204+00:00,"{'date': '2026-09-11', 'close': 89, 'symbol': 'EAST.JK'}"
ECII.JK,2026-09-11,166,,,2026-09-11T13:51:21.380204+00:00,"{'date': '2026-09-11', 'close': 166, 'symbol': 'ECII.JK'}"
EDGE.JK,2026-09-11,4790,,,2026-09-11T13:51:21.380204+00:00,"{'date': '2026-09-11', 'close': 4790, 'symbol': 'EDGE.JK'}"
EKAD.JK,2026-09-11,406,,,2026-09-11T13:51:21.380204+00:00,"{'date': '2026-09-11', 'close': 406, 'symbol': 'EKAD.JK'}"
ELIT.JK,2026-09-11,290,,,2026-09-11T13:51:21.380204+00:00,"{'date': '2026-09-11', 'close': 290, 'symbol': 'ELIT.JK'}"
ELPI.JK,2026-09-11,680,,,2026-09-11T13:51:21.380204+00:00,"{'date': '2026-09-11', 'close': 680, 'symbol': 'ELPI.JK'}"
ELSA.JK,2026-09-11,725,,,2026-09-11T13:51:21.380204+00:00,"{'date': '2026-09-11', 'close': 725, 'symbol': 'ELSA.JK'}"
ELTY.JK,2026-09-11,35,,,2026-09-11T13:51:21.380204+00:00,"{'date': '2026-09-11', 'close': 35, 'symbol': 'ELTY.JK'}"
EMAS.JK,2026-09-11,8750,,,2026-09-11T13:51:21.380204+00:00,"{'date': '2026-09-11', 'close': 8750, 'symbol': 'EMAS.JK'}"
EMDE.JK,2026-09-11,78,,,2026-09-11T13:51:21.380204+00:00,"{'date': '2026-09-11', 'close': 78, 'symbol': 'EMDE.JK'}"
EMMI.JK,2026-09-11,348,,,2026-09-11T13:51:21.380204+00:00,"{'date': '2026-09-11', 'close': 348, 'symbol': 'EMMI.JK'}"
EMTK.JK,2026-09-11,500,,,2026-09-11T13:51:21.380204+00:00,"{'date': '2026-09-11', 'close': 500, 'symbol': 'EMTK.JK'}"
ENAK.JK,2026-09-11,224,,,2026-09-11T13:51:21.380204+00:00,"{'date': '2026-09-11', 'close': 224, 'symbol': 'ENAK.JK'}"
ENRG.JK,2026-09-11,1460,,,2026-09-11T13:51:21.380204+00:00,"{'date': '2026-09-11', 'close': 1460, 'symbol': 'ENRG.JK'}"
ENVY.JK,2026-09-11,50,,,2026-09-11T13:51:21.380204+00:00,"{'date': '2026-09-11', 'close': 50, 'symbol': 'ENVY.JK'}"
ENZO.JK,2026-09-11,78,,,2026-09-11T13:51:21.380204+00:00,"{'date': '2026-09-11', 'close': 78, 'symbol': 'ENZO.JK'}"
EPAC.JK,2026-09-11,55,,,2026-09-11T13:51:21.380204+00:00,"{'date': '2026-09-11', 'close': 55, 'symbol': 'EPAC.JK'}"
EPMT.JK,2026-09-11,2540,,,2026-09-11T13:51:21.380204+00:00,"{'date': '2026-09-11', 'close': 2540, 'symbol': 'EPMT.JK'}"
ERAA.JK,2026-09-11,595,,,2026-09-11T13:51:21.380204+00:00,"{'date': '2026-09-11', 'close': 595, 'symbol': 'ERAA.JK'}"
ERAL.JK,2026-09-11,320,,,2026-09-11T13:51:21.380204+00:00,"{'date': '2026-09-11', 'close': 320, 'symbol': 'ERAL.JK'}"
ERTX.JK,2026-09-11,181,,,2026-09-11T13:51:21.380204+00:00,"{'date': '2026-09-11', 'close': 181, 'symbol': 'ERTX.JK'}"
ESIP.JK,2026-09-11,122,,,2026-09-11T13:51:21.380204+00:00,"{'date': '2026-09-11', 'close': 122, 'symbol': 'ESIP.JK'}"
ESSA.JK,2026-09-11,655,,,2026-09-11T13:51:21.380204+00:00,"{'date': '2026-09-11', 'close': 655, 'symbol': 'ESSA.JK'}"
ESTA.JK,2026-09-11,172,,,2026-09-11T13:51:21.380204+00:00,"{'date': '2026-09-11', 'close': 172, 'symbol': 'ESTA.JK'}"
ESTI.JK,2026-09-11,170,,,2026-09-11T13:51:21.380204+00:00,"{'date': '2026-09-11', 'close': 170, 'symbol': 'ESTI.JK'}"
ETWA.JK,2026-09-11,70,,,2026-09-11T13:51:21.380204+00:00,"{'date': '2026-09-11', 'close': 70, 'symbol': 'ETWA.JK'}"
EURO.JK,2026-09-11,1400,,,2026-09-11T13:51:21.380204+00:00,"{'date': '2026-09-11', 'close': 1400, 'symbol': 'EURO.JK'}"
EXCL.JK,2026-09-11,2630,,,2026-09-11T13:51:21.380204+00:00,"{'date': '2026-09-11', 'close': 2630, 'symbol': 'EXCL.JK'}"
FAPA.JK,2026-09-11,7450,,,2026-09-11T13:51:21.380204+00:00,"{'date': '2026-09-11', 'close': 7450, 'symbol': 'FAPA.JK'}"
FAST.JK,2026-09-11,440,,,2026-09-11T13:51:21.380204+00:00,"{'date': '2026-09-11', 'close': 440, 'symbol': 'FAST.JK'}"
FASW.JK,2026-09-11,5275,,,2026-09-11T13:51:21.380204+00:00,"{'date': '2026-09-11', 'close': 5275, 'symbol': 'FASW.JK'}"
FILM.JK,2026-09-11,810,,,2026-09-11T13:51:21.380204+00:00,"{'date': '2026-09-11', 'close': 810, 'symbol': 'FILM.JK'}"
FIMP.JK,2026-09-11,69,,,2026-09-11T13:51:21.380204+00:00,"{'date': '2026-09-11', 'close': 69, 'symbol': 'FIMP.JK'}"
FIRE.JK,2026-09-11,122,,,2026-09-11T13:51:21.380204+00:00,"{'date': '2026-09-11', 'close': 122, 'symbol': 'FIRE.JK'}"
FISH.JK,2026-09-11,630,,,2026-09-11T13:51:21.380204+00:00,"{'date': '2026-09-11', 'close': 630, 'symbol': 'FISH.JK'}"
FITT.JK,2026-09-11,454,,,2026-09-11T13:51:21.380204+00:00,"{'date': '2026-09-11', 'close': 454, 'symbol': 'FITT.JK'}"
FLMC.JK,2026-09-11,136,,,2026-09-11T13:51:21.380204+00:00,"{'date': '2026-09-11', 'close': 136, 'symbol': 'FLMC.JK'}"
FMII.JK,2026-09-11,254,,,2026-09-11T13:51:21.380204+00:00,"{'date': '2026-09-11', 'close': 254, 'symbol': 'FMII.JK'}"
FOLK.JK,2026-09-11,262,,,2026-09-11T13:51:21.380204+00:00,"{'date': '2026-09-11', 'close': 262, 'symbol': 'FOLK.JK'}"
FOOD.JK,2026-09-11,176,,,2026-09-11T13:51:21.380204+00:00,"{'date': '2026-09-11', 'close': 176, 'symbol': 'FOOD.JK'}"
FORE.JK,2026-09-11,775,,,2026-09-11T13:51:21.380204+00:00,"{'date': '2026-09-11', 'close': 775, 'symbol': 'FORE.JK'}"
FORU.JK,2026-09-11,3720,,,2026-09-11T13:51:21.380204+00:00,"{'date': '2026-09-11', 'close': 3720, 'symbol': 'FORU.JK'}"
FPNI.JK,2026-09-11,545,,,2026-09-11T13:51:21.380204+00:00,"{'date': '2026-09-11', 'close': 545, 'symbol': 'FPNI.JK'}"
FUJI.JK,2026-09-11,246,,,2026-09-11T13:51:21.380204+00:00,"{'date': '2026-09-11', 'close': 246, 'symbol': 'FUJI.JK'}"
FUTR.JK,2026-09-11,294,,,2026-09-11T13:51:21.380204+00:00,"{'date': '2026-09-11', 'close': 294, 'symbol': 'FUTR.JK'}"
FWCT.JK,2026-09-11,92,,,2026-09-11T13:51:21.380204+00:00,"{'date': '2026-09-11', 'close': 92, 'symbol': 'FWCT.JK'}"
GAMA.JK,2026-09-11,18,,,2026-09-11T13:51:21.380204+00:00,"{'date': '2026-09-11', 'close': 18, 'symbol': 'GAMA.JK'}"
GDST.JK,2026-09-11,112,,,2026-09-11T13:51:21.380204+00:00,"{'date': '2026-09-11', 'close': 112, 'symbol': 'GDST.JK'}"
GDYR.JK,2026-09-11,1130,,,2026-09-11T13:51:21.380204+00:00,"{'date': '2026-09-11', 'close': 1130, 'symbol': 'GDYR.JK'}"
GEMA.JK,2026-09-11,93,,,2026-09-11T13:51:21.380204+00:00,"{'date': '2026-09-11', 'close': 93, 'symbol': 'GEMA.JK'}"
GEMS.JK,2026-09-11,7500,,,2026-09-11T13:51:21.380204+00:00,"{'date': '2026-09-11', 'close': 7500, 'symbol': 'GEMS.JK'}"
GGRM.JK,2026-09-11,19375,,,2026-09-11T13:51:21.380204+00:00,"{'date': '2026-09-11', 'close': 19375, 'symbol': 'GGRM.JK'}"
GGRP.JK,2026-09-11,330,,,2026-09-11T13:51:21.380204+00:00,"{'date': '2026-09-11', 'close': 330, 'symbol': 'GGRP.JK'}"
GHON.JK,2026-09-11,1675,,,2026-09-11T13:51:21.380204+00:00,"{'date': '2026-09-11', 'close': 1675, 'symbol': 'GHON.JK'}"
GIAA.JK,2026-09-11,64,,,2026-09-11T13:51:21.380204+00:00,"{'date': '2026-09-11', 'close': 64, 'symbol': 'GIAA.JK'}"
GJTL.JK,2026-09-11,1350,,,2026-09-11T13:51:21.380204+00:00,"{'date': '2026-09-11', 'close': 1350, 'symbol': 'GJTL.JK'}"
GLOB.JK,2026-09-11,155,,,2026-09-11T13:51:21.380204+00:00,"{'date': '2026-09-11', 'close': 155, 'symbol': 'GLOB.JK'}"
GLVA.JK,2026-09-11,326,,,2026-09-11T13:51:21.380204+00:00,"{'date': '2026-09-11', 'close': 326, 'symbol': 'GLVA.JK'}"
GMFI.JK,2026-09-11,58,,,2026-09-11T13:51:21.380204+00:00,"{'date': '2026-09-11', 'close': 58, 'symbol': 'GMFI.JK'}"
GMTD.JK,2026-09-11,1280,,,2026-09-11T13:51:21.380204+00:00,"{'date': '2026-09-11', 'close': 1280, 'symbol': 'GMTD.JK'}"
GOLD.JK,2026-09-11,278,,,2026-09-11T13:51:21.380204+00:00,"{'date': '2026-09-11', 'close': 278, 'symbol': 'GOLD.JK'}"
GOLF.JK,2026-09-11,180,,,2026-09-11T13:51:21.380204+00:00,"{'date': '2026-09-11', 'close': 180, 'symbol': 'GOLF.JK'}"
GOLL.JK,2026-09-11,50,,,2026-09-11T13:51:21.380204+00:00,"{'date': '2026-09-11', 'close': 50, 'symbol': 'GOLL.JK'}"
GOOD.JK,2026-09-11,316,,,2026-09-11T13:51:21.380204+00:00,"{'date': '2026-09-11', 'close': 316, 'symbol': 'GOOD.JK'}"
GOTO.JK,2026-09-11,50,,,2026-09-11T13:51:21.380204+00:00,"{'date': '2026-09-11', 'close': 50, 'symbol': 'GOTO.JK'}"
GPRA.JK,2026-09-11,105,,,2026-09-11T13:51:21.380204+00:00,"{'date': '2026-09-11', 'close': 105, 'symbol': 'GPRA.JK'}"
GPSO.JK,2026-09-11,288,,,2026-09-11T13:51:21.380204+00:00,"{'date': '2026-09-11', 'close': 288, 'symbol': 'GPSO.JK'}"
GRIA.JK,2026-09-11,164,,,2026-09-11T13:51:21.380204+00:00,"{'date': '2026-09-11', 'close': 164, 'symbol': 'GRIA.JK'}"
GRPH.JK,2026-09-11,137,,,2026-09-11T13:51:21.380204+00:00,"{'date': '2026-09-11', 'close': 137, 'symbol': 'GRPH.JK'}"
GRPM.JK,2026-09-11,171,,,2026-09-11T13:51:21.380204+00:00,"{'date': '2026-09-11', 'close': 171, 'symbol': 'GRPM.JK'}"
GSMF.JK,2026-09-11,106,,,2026-09-11T13:51:21.380204+00:00,"{'date': '2026-09-11', 'close': 106, 'symbol': 'GSMF.JK'}"
GTBO.JK,2026-09-11,156,,,2026-09-11T13:51:21.380204+00:00,"{'date': '2026-09-11', 'close': 156, 'symbol': 'GTBO.JK'}"
GTRA.JK,2026-09-11,248,,,2026-09-11T13:51:21.380204+00:00,"{'date': '2026-09-11', 'close': 248, 'symbol': 'GTRA.JK'}"
GTSI.JK,2026-09-11,165,,,2026-09-11T13:51:21.380204+00:00,"{'date': '2026-09-11', 'close': 165, 'symbol': 'GTSI.JK'}"
GULA.JK,2026-09-11,845,,,2026-09-11T13:51:21.380204+00:00,"{'date': '2026-09-11', 'close': 845, 'symbol': 'GULA.JK'}"
GUNA.JK,2026-09-11,220,,,2026-09-11T13:51:21.380204+00:00,"{'date': '2026-09-11', 'close': 220, 'symbol': 'GUNA.JK'}"
GWSA.JK,2026-09-11,167,,,2026-09-11T13:51:21.380204+00:00,"{'date': '2026-09-11', 'close': 167, 'symbol': 'GWSA.JK'}"
GZCO.JK,2026-09-11,190,,,2026-09-11T13:51:21.380204+00:00,"{'date': '2026-09-11', 'close': 190, 'symbol': 'GZCO.JK'}"
HADE.JK,2026-09-11,24,,,2026-09-11T13:51:21.380204+00:00,"{'date': '2026-09-11', 'close': 24, 'symbol': 'HADE.JK'}"
HAIS.JK,2026-09-11,184,,,2026-09-11T13:51:21.380204+00:00,"{'date': '2026-09-11', 'close': 184, 'symbol': 'HAIS.JK'}"
HAJJ.JK,2026-09-11,112,,,2026-09-11T13:51:21.380204+00:00,"{'date': '2026-09-11', 'close': 112, 'symbol': 'HAJJ.JK'}"
HALO.JK,2026-09-11,74,,,2026-09-11T13:51:21.380204+00:00,"{'date': '2026-09-11', 'close': 74, 'symbol': 'HALO.JK'}"
HATM.JK,2026-09-11,595,,,2026-09-11T13:51:21.380204+00:00,"{'date': '2026-09-11', 'close': 595, 'symbol': 'HATM.JK'}"
HBAT.JK,2026-09-11,340,,,2026-09-11T13:51:21.380204+00:00,"{'date': '2026-09-11', 'close': 340, 'symbol': 'HBAT.JK'}"
HDFA.JK,2026-09-11,100,,,2026-09-11T13:51:21.380204+00:00,"{'date': '2026-09-11', 'close': 100, 'symbol': 'HDFA.JK'}"
HDIT.JK,2026-09-11,50,,,2026-09-11T13:51:21.380204+00:00,"{'date': '2026-09-11', 'close': 50, 'symbol': 'HDIT.JK'}"
HEAL.JK,2026-09-11,675,,,2026-09-11T13:51:21.380204+00:00,"{'date': '2026-09-11', 'close': 675, 'symbol': 'HEAL.JK'}"
HELI.JK,2026-09-11,202,,,2026-09-11T13:51:21.380204+00:00,"{'date': '2026-09-11', 'close': 202, 'symbol': 'HELI.JK'}"
HERO.JK,2026-09-11,334,,,2026-09-11T13:51:21.380204+00:00,"{'date': '2026-09-11', 'close': 334, 'symbol': 'HERO.JK'}"
HEXA.JK,2026-09-11,4460,,,2026-09-11T13:51:21.380204+00:00,"{'date': '2026-09-11', 'close': 4460, 'symbol': 'HEXA.JK'}"
HGII.JK,2026-09-11,140,,,2026-09-11T13:51:21.380204+00:00,"{'date': '2026-09-11', 'close': 140, 'symbol': 'HGII.JK'}"
HILL.JK,2026-09-11,16,,,2026-09-11T13:51:21.380204+00:00,"{'date': '2026-09-11', 'close': 16, 'symbol': 'HILL.JK'}"
HITS.JK,2026-09-11,116,,,2026-09-11T13:51:21.380204+00:00,"{'date': '2026-09-11', 'close': 116, 'symbol': 'HITS.JK'}"
HKMU.JK,2026-09-11,50,,,2026-09-11T13:51:21.380204+00:00,"{'date': '2026-09-11', 'close': 50, 'symbol': 'HKMU.JK'}"
HMSP.JK,2026-09-11,730,,,2026-09-11T13:51:21.380204+00:00,"{'date': '2026-09-11', 'close': 730, 'symbol': 'HMSP.JK'}"
HOKI.JK,2026-09-11,56,,,2026-09-11T13:51:21.380204+00:00,"{'date': '2026-09-11', 'close': 56, 'symbol': 'HOKI.JK'}"
HOME.JK,2026-09-11,50,,,2026-09-11T13:51:21.380204+00:00,"{'date': '2026-09-11', 'close': 50, 'symbol': 'HOME.JK'}"
HOMI.JK,2026-09-11,232,,,2026-09-11T13:51:21.380204+00:00,"{'date': '2026-09-11', 'close': 232, 'symbol': 'HOMI.JK'}"
HOPE.JK,2026-09-11,204,,,2026-09-11T13:51:21.380204+00:00,"{'date': '2026-09-11', 'close': 204, 'symbol': 'HOPE.JK'}"
HOTL.JK,2026-09-11,50,,,2026-09-11T13:51:21.380204+00:00,"{'date': '2026-09-11', 'close': 50, 'symbol': 'HOTL.JK'}"
HRME.JK,2026-09-11,45,,,2026-09-11T13:51:21.380204+00:00,"{'date': '2026-09-11', 'close': 45, 'symbol': 'HRME.JK'}"
HRTA.JK,2026-09-11,2170,,,2026-09-11T13:51:21.380204+00:00,"{'date': '2026-09-11', 'close': 2170, 'symbol': 'HRTA.JK'}"
HRUM.JK,2026-09-11,920,,,2026-09-11T13:51:21.380204+00:00,"{'date': '2026-09-11', 'close': 920, 'symbol': 'HRUM.JK'}"
HUMI.JK,2026-09-11,137,,,2026-09-11T13:51:21.380204+00:00,"{'date': '2026-09-11', 'close': 137, 'symbol': 'HUMI.JK'}"
HYGN.JK,2026-09-11,198,,,2026-09-11T13:51:21.380204+00:00,"{'date': '2026-09-11', 'close': 198, 'symbol': 'HYGN.JK'}"
IATA.JK,2026-09-11,126,,,2026-09-11T13:51:21.380204+00:00,"{'date': '2026-09-11', 'close': 126, 'symbol': 'IATA.JK'}"
IBFN.JK,2026-09-11,63,,,2026-09-11T13:51:21.380204+00:00,"{'date': '2026-09-11', 'close': 63, 'symbol': 'IBFN.JK'}"
IBOS.JK,2026-09-11,97,,,2026-09-11T13:51:21.380204+00:00,"{'date': '2026-09-11', 'close': 97, 'symbol': 'IBOS.JK'}"
IBST.JK,2026-09-11,8475,,,2026-09-11T13:51:21.380204+00:00,"{'date': '2026-09-11', 'close': 8475, 'symbol': 'IBST.JK'}"
ICBP.JK,2026-09-11,7125,,,2026-09-11T13:51:21.380204+00:00,"{'date': '2026-09-11', 'close': 7125, 'symbol': 'ICBP.JK'}"
ICON.JK,2026-09-11,143,,,2026-09-11T13:51:21.380204+00:00,"{'date': '2026-09-11', 'close': 143, 'symbol': 'ICON.JK'}"
IDEA.JK,2026-09-11,78,,,2026-09-11T13:51:21.380204+00:00,"{'date': '2026-09-11', 'close': 78, 'symbol': 'IDEA.JK'}"
IDPR.JK,2026-09-11,278,,,2026-09-11T13:51:21.380204+00:00,"{'date': '2026-09-11', 'close': 278, 'symbol': 'IDPR.JK'}"
IFII.JK,2026-09-11,222,,,2026-09-11T13:51:21.380204+00:00,"{'date': '2026-09-11', 'close': 222, 'symbol': 'IFII.JK'}"
IFSH.JK,2026-09-11,1075,,,2026-09-11T13:51:21.380204+00:00,"{'date': '2026-09-11', 'close': 1075, 'symbol': 'IFSH.JK'}"
IGAR.JK,2026-09-11,466,,,2026-09-11T13:51:21.380204+00:00,"{'date': '2026-09-11', 'close': 466, 'symbol': 'IGAR.JK'}"
IIKP.JK,2026-09-11,50,,,2026-09-11T13:51:21.380204+00:00,"{'date': '2026-09-11', 'close': 50, 'symbol': 'IIKP.JK'}"
IKAI.JK,2026-09-11,20,,,2026-09-11T13:51:21.380204+00:00,"{'date': '2026-09-11', 'close': 20, 'symbol': 'IKAI.JK'}"
IKAN.JK,2026-09-11,90,,,2026-09-11T13:51:21.380204+00:00,"{'date': '2026-09-11', 'close': 90, 'symbol': 'IKAN.JK'}"
IKBI.JK,2026-09-11,555,,,2026-09-11T13:51:21.380204+00:00,"{'date': '2026-09-11', 'close': 555, 'symbol': 'IKBI.JK'}"
IKPM.JK,2026-09-11,183,,,2026-09-11T13:51:21.380204+00:00,"{'date': '2026-09-11', 'close': 183, 'symbol': 'IKPM.JK'}"
IMAS.JK,2026-09-11,900,,,2026-09-11T13:51:21.380204+00:00,"{'date': '2026-09-11', 'close': 900, 'symbol': 'IMAS.JK'}"
IMJS.JK,2026-09-11,183,,,2026-09-11T13:51:21.380204+00:00,"{'date': '2026-09-11', 'close': 183, 'symbol': 'IMJS.JK'}"
IMPC.JK,2026-09-11,1720,,,2026-09-11T13:51:21.380204+00:00,"{'date': '2026-09-11', 'close': 1720, 'symbol': 'IMPC.JK'}"
INAF.JK,2026-09-11,126,,,2026-09-11T13:51:21.380204+00:00,"{'date': '2026-09-11', 'close': 126, 'symbol': 'INAF.JK'}"
INAI.JK,2026-09-11,175,,,2026-09-11T13:51:21.380204+00:00,"{'date': '2026-09-11', 'close': 175, 'symbol': 'INAI.JK'}"
INCF.JK,2026-09-11,50,,,2026-09-11T13:51:21.380204+00:00,"{'date': '2026-09-11', 'close': 50, 'symbol': 'INCF.JK'}"
INCI.JK,2026-09-11,800,,,2026-09-11T13:51:21.380204+00:00,"{'date': '2026-09-11', 'close': 800, 'symbol': 'INCI.JK'}"
INCO.JK,2026-09-11,4830,,,2026-09-11T13:51:21.380204+00:00,"{'date': '2026-09-11', 'close': 4830, 'symbol': 'INCO.JK'}"
INDF.JK,2026-09-11,7300,,,2026-09-11T13:51:21.380204+00:00,"{'date': '2026-09-11', 'close': 7300, 'symbol': 'INDF.JK'}"
INDO.JK,2026-09-11,184,,,2026-09-11T13:51:21.380204+00:00,"{'date': '2026-09-11', 'close': 184, 'symbol': 'INDO.JK'}"
INDR.JK,2026-09-11,2960,,,2026-09-11T13:51:21.380204+00:00,"{'date': '2026-09-11', 'close': 2960, 'symbol': 'INDR.JK'}"
INDS.JK,2026-09-11,260,,,2026-09-11T13:51:21.380204+00:00,"{'date': '2026-09-11', 'close': 260, 'symbol': 'INDS.JK'}"
INDX.JK,2026-09-11,60,,,2026-09-11T13:51:21.380204+00:00,"{'date': '2026-09-11', 'close': 60, 'symbol': 'INDX.JK'}"
INDY.JK,2026-09-11,2830,,,2026-09-11T13:51:21.380204+00:00,"{'date': '2026-09-11', 'close': 2830, 'symbol': 'INDY.JK'}"
INET.JK,2026-09-11,344,,,2026-09-11T13:51:21.380204+00:00,"{'date': '2026-09-11', 'close': 344, 'symbol': 'INET.JK'}"
INKP.JK,2026-09-11,8850,,,2026-09-11T13:51:21.380204+00:00,"{'date': '2026-09-11', 'close': 8850, 'symbol': 'INKP.JK'}"
INOV.JK,2026-09-11,138,,,2026-09-11T13:51:21.380204+00:00,"{'date': '2026-09-11', 'close': 138, 'symbol': 'INOV.JK'}"
INPC.JK,2026-09-11,160,,,2026-09-11T13:51:21.380204+00:00,"{'date': '2026-09-11', 'close': 160, 'symbol': 'INPC.JK'}"
INPP.JK,2026-09-11,750,,,2026-09-11T13:51:21.380204+00:00,"{'date': '2026-09-11', 'close': 750, 'symbol': 'INPP.JK'}"
INPS.JK,2026-09-11,810,,,2026-09-11T13:51:21.380204+00:00,"{'date': '2026-09-11', 'close': 810, 'symbol': 'INPS.JK'}"
INRU.JK,2026-09-11,590,,,2026-09-11T13:51:21.380204+00:00,"{'date': '2026-09-11', 'close': 590, 'symbol': 'INRU.JK'}"
INTA.JK,2026-09-11,61,,,2026-09-11T13:51:21.380204+00:00,"{'date': '2026-09-11', 'close': 61, 'symbol': 'INTA.JK'}"
INTD.JK,2026-09-11,264,,,2026-09-11T13:51:21.380204+00:00,"{'date': '2026-09-11', 'close': 264, 'symbol': 'INTD.JK'}"
INTP.JK,2026-09-11,5200,,,2026-09-11T13:51:21.380204+00:00,"{'date': '2026-09-11', 'close': 5200, 'symbol': 'INTP.JK'}"
IOTF.JK,2026-09-11,62,,,2026-09-11T13:51:21.380204+00:00,"{'date': '2026-09-11', 'close': 62, 'symbol': 'IOTF.JK'}"
IPAC.JK,2026-09-11,189,,,2026-09-11T13:51:21.380204+00:00,"{'date': '2026-09-11', 'close': 189, 'symbol': 'IPAC.JK'}"
IPCC.JK,2026-09-11,1125,,,2026-09-11T13:51:21.380204+00:00,"{'date': '2026-09-11', 'close': 1125, 'symbol': 'IPCC.JK'}"
IPCM.JK,2026-09-11,292,,,2026-09-11T13:51:21.380204+00:00,"{'date': '2026-09-11', 'close': 292, 'symbol': 'IPCM.JK'}"
IPOL.JK,2026-09-11,115,,,2026-09-11T13:51:21.380204+00:00,"{'date': '2026-09-11', 'close': 115, 'symbol': 'IPOL.JK'}"
IPPE.JK,2026-09-11,14,,,2026-09-11T13:51:21.380204+00:00,"{'date': '2026-09-11', 'close': 14, 'symbol': 'IPPE.JK'}"
IPTV.JK,2026-09-11,32,,,2026-09-11T13:51:21.380204+00:00,"{'date': '2026-09-11', 'close': 32, 'symbol': 'IPTV.JK'}"
IRRA.JK,2026-09-11,374,,,2026-09-11T13:51:21.380204+00:00,"{'date': '2026-09-11', 'close': 374, 'symbol': 'IRRA.JK'}"
IRSX.JK,2026-09-11,414,,,2026-09-11T13:51:21.380204+00:00,"{'date': '2026-09-11', 'close': 414, 'symbol': 'IRSX.JK'}"
ISAP.JK,2026-09-11,27,,,2026-09-11T13:51:21.380204+00:00,"{'date': '2026-09-11', 'close': 27, 'symbol': 'ISAP.JK'}"
ISAT.JK,2026-09-11,2430,,,2026-09-11T13:51:21.380204+00:00,"{'date': '2026-09-11', 'close': 2430, 'symbol': 'ISAT.JK'}"
ISEA.JK,2026-09-11,90,,,2026-09-11T13:51:21.380204+00:00,"{'date': '2026-09-11', 'close': 90, 'symbol': 'ISEA.JK'}"
ISSP.JK,2026-09-11,450,,,2026-09-11T13:51:21.380204+00:00,"{'date': '2026-09-11', 'close': 450, 'symbol': 'ISSP.JK'}"
ITIC.JK,2026-09-11,224,,,2026-09-11T13:51:21.380204+00:00,"{'date': '2026-09-11', 'close': 224, 'symbol': 'ITIC.JK'}"
ITMA.JK,2026-09-11,1530,,,2026-09-11T13:51:21.380204+00:00,"{'date': '2026-09-11', 'close': 1530, 'symbol': 'ITMA.JK'}"
ITMG.JK,2026-09-11,26100,,,2026-09-11T13:51:21.380204+00:00,"{'date': '2026-09-11', 'close': 26100, 'symbol': 'ITMG.JK'}"
JARR.JK,2026-09-11,3710,,,2026-09-11T13:51:21.380204+00:00,"{'date': '2026-09-11', 'close': 3710, 'symbol': 'JARR.JK'}"
JAST.JK,2026-09-11,92,,,2026-09-11T13:51:21.380204+00:00,"{'date': '2026-09-11', 'close': 92, 'symbol': 'JAST.JK'}"
JATI.JK,2026-09-11,111,,,2026-09-11T13:51:21.380204+00:00,"{'date': '2026-09-11', 'close': 111, 'symbol': 'JATI.JK'}"
JAWA.JK,2026-09-11,148,,,2026-09-11T13:51:21.380204+00:00,"{'date': '2026-09-11', 'close': 148, 'symbol': 'JAWA.JK'}"
JAYA.JK,2026-09-11,156,,,2026-09-11T13:51:21.380204+00:00,"{'date': '2026-09-11', 'close': 156, 'symbol': 'JAYA.JK'}"
JECC.JK,2026-09-11,805,,,2026-09-11T13:51:21.380204+00:00,"{'date': '2026-09-11', 'close': 805, 'symbol': 'JECC.JK'}"
JECX.JK,2026-09-11,1340,,,2026-09-11T13:51:21.380204+00:00,"{'date': '2026-09-11', 'close': 1340, 'symbol': 'JECX.JK'}"
JELI.JK,2026-09-11,515,,,2026-09-11T13:51:21.380204+00:00,"{'date': '2026-09-11', 'close': 515, 'symbol': 'JELI.JK'}"
JGLE.JK,2026-09-11,77,,,2026-09-11T13:51:21.380204+00:00,"{'date': '2026-09-11', 'close': 77, 'symbol': 'JGLE.JK'}"
JIHD.JK,2026-09-11,450,,,2026-09-11T13:51:21.380204+00:00,"{'date': '2026-09-11', 'close': 450, 'symbol': 'JIHD.JK'}"
JKON.JK,2026-09-11,85,,,2026-09-11T13:51:21.380204+00:00,"{'date': '2026-09-11', 'close': 85, 'symbol': 'JKON.JK'}"
JMAS.JK,2026-09-11,228,,,2026-09-11T13:51:21.380204+00:00,"{'date': '2026-09-11', 'close': 228, 'symbol': 'JMAS.JK'}"
JPFA.JK,2026-09-11,2250,,,2026-09-11T13:51:21.380204+00:00,"{'date': '2026-09-11', 'close': 2250, 'symbol': 'JPFA.JK'}"
JRPT.JK,2026-09-11,1115,,,2026-09-11T13:51:21.380204+00:00,"{'date': '2026-09-11', 'close': 1115, 'symbol': 'JRPT.JK'}"
JSKY.JK,2026-09-11,52,,,2026-09-11T13:51:21.380204+00:00,"{'date': '2026-09-11', 'close': 52, 'symbol': 'JSKY.JK'}"
JSMR.JK,2026-09-11,2950,,,2026-09-11T13:51:21.380204+00:00,"{'date': '2026-09-11', 'close': 2950, 'symbol': 'JSMR.JK'}"
JSPT.JK,2026-09-11,1500,,,2026-09-11T13:51:21.380204+00:00,"{'date': '2026-09-11', 'close': 1500, 'symbol': 'JSPT.JK'}"
JTPE.JK,2026-09-11,605,,,2026-09-11T13:51:21.380204+00:00,"{'date': '2026-09-11', 'close': 605, 'symbol': 'JTPE.JK'}"
KAEF.JK,2026-09-11,452,,,2026-09-11T13:51:21.380204+00:00,"{'date': '2026-09-11', 'close': 452, 'symbol': 'KAEF.JK'}"
KAQI.JK,2026-09-11,98,,,2026-09-11T13:51:21.380204+00:00,"{'date': '2026-09-11', 'close': 98, 'symbol': 'KAQI.JK'}"
KARW.JK,2026-09-11,212,,,2026-09-11T13:51:21.380204+00:00,"{'date': '2026-09-11', 'close': 212, 'symbol': 'KARW.JK'}"
KAYU.JK,2026-09-11,18,,,2026-09-11T13:51:21.380204+00:00,"{'date': '2026-09-11', 'close': 18, 'symbol': 'KAYU.JK'}"
KBAG.JK,2026-09-11,43,,,2026-09-11T13:51:21.380204+00:00,"{'date': '2026-09-11', 'close': 43, 'symbol': 'KBAG.JK'}"
KBLI.JK,2026-09-11,340,,,2026-09-11T13:51:21.380204+00:00,"{'date': '2026-09-11', 'close': 340, 'symbol': 'KBLI.JK'}"
KBLM.JK,2026-09-11,352,,,2026-09-11T13:51:21.380204+00:00,"{'date': '2026-09-11', 'close': 352, 'symbol': 'KBLM.JK'}"
KBLV.JK,2026-09-11,128,,,2026-09-11T13:51:21.380204+00:00,"{'date': '2026-09-11', 'close': 128, 'symbol': 'KBLV.JK'}"
KBRI.JK,2026-09-11,50,,,2026-09-11T13:51:21.380204+00:00,"{'date': '2026-09-11', 'close': 50, 'symbol': 'KBRI.JK'}"
KDSI.JK,2026-09-11,468,,,2026-09-11T13:51:21.380204+00:00,"{'date': '2026-09-11', 'close': 468, 'symbol': 'KDSI.JK'}"
KDTN.JK,2026-09-11,396,,,2026-09-11T13:51:21.380204+00:00,"{'date': '2026-09-11', 'close': 396, 'symbol': 'KDTN.JK'}"
KEEN.JK,2026-09-11,920,,,2026-09-11T13:51:21.380204+00:00,"{'date': '2026-09-11', 'close': 920, 'symbol': 'KEEN.JK'}"
KEJU.JK,2026-09-11,600,,,2026-09-11T13:51:21.380204+00:00,"{'date': '2026-09-11', 'close': 600, 'symbol': 'KEJU.JK'}"
KETR.JK,2026-09-11,955,,,2026-09-11T13:51:21.380204+00:00,"{'date': '2026-09-11', 'close': 955, 'symbol': 'KETR.JK'}"
KIAS.JK,2026-09-11,21,,,2026-09-11T13:51:21.380204+00:00,"{'date': '2026-09-11', 'close': 21, 'symbol': 'KIAS.JK'}"
KICI.JK,2026-09-11,280,,,2026-09-11T13:51:21.380204+00:00,"{'date': '2026-09-11', 'close': 280, 'symbol': 'KICI.JK'}"
KIJA.JK,2026-09-11,197,,,2026-09-11T13:51:21.380204+00:00,"{'date': '2026-09-11', 'close': 197, 'symbol': 'KIJA.JK'}"
KING.JK,2026-09-11,388,,,2026-09-11T13:51:21.380204+00:00,"{'date': '2026-09-11', 'close': 388, 'symbol': 'KING.JK'}"
KINO.JK,2026-09-11,1355,,,2026-09-11T13:51:21.380204+00:00,"{'date': '2026-09-11', 'close': 1355, 'symbol': 'KINO.JK'}"
KIOS.JK,2026-09-11,99,,,2026-09-11T13:51:21.380204+00:00,"{'date': '2026-09-11', 'close': 99, 'symbol': 'KIOS.JK'}"
KJEN.JK,2026-09-11,152,,,2026-09-11T13:51:21.380204+00:00,"{'date': '2026-09-11', 'close': 152, 'symbol': 'KJEN.JK'}"
KKES.JK,2026-09-11,89,,,2026-09-11T13:51:21.380204+00:00,"{'date': '2026-09-11', 'close': 89, 'symbol': 'KKES.JK'}"
KKGI.JK,2026-09-11,302,,,2026-09-11T13:51:21.380204+00:00,"{'date': '2026-09-11', 'close': 302, 'symbol': 'KKGI.JK'}"
KLAS.JK,2026-09-11,84,,,2026-09-11T13:51:21.380204+00:00,"{'date': '2026-09-11', 'close': 84, 'symbol': 'KLAS.JK'}"
KLBF.JK,2026-09-11,735,,,2026-09-11T13:51:21.380204+00:00,"{'date': '2026-09-11', 'close': 735, 'symbol': 'KLBF.JK'}"
KLIN.JK,2026-09-11,125,,,2026-09-11T13:51:21.380204+00:00,"{'date': '2026-09-11', 'close': 125, 'symbol': 'KLIN.JK'}"
KMDS.JK,2026-09-11,525,,,2026-09-11T13:51:21.380204+00:00,"{'date': '2026-09-11', 'close': 525, 'symbol': 'KMDS.JK'}"
KMTR.JK,2026-09-11,254,,,2026-09-11T13:51:21.380204+00:00,"{'date': '2026-09-11', 'close': 254, 'symbol': 'KMTR.JK'}"
KOBX.JK,2026-09-11,177,,,2026-09-11T13:51:21.380204+00:00,"{'date': '2026-09-11', 'close': 177, 'symbol': 'KOBX.JK'}"
KOCI.JK,2026-09-11,134,,,2026-09-11T13:51:21.380204+00:00,"{'date': '2026-09-11', 'close': 134, 'symbol': 'KOCI.JK'}"
KOIN.JK,2026-09-11,78,,,2026-09-11T13:51:21.380204+00:00,"{'date': '2026-09-11', 'close': 78, 'symbol': 'KOIN.JK'}"
KOKA.JK,2026-09-11,191,,,2026-09-11T13:51:21.380204+00:00,"{'date': '2026-09-11', 'close': 191, 'symbol': 'KOKA.JK'}"
KONI.JK,2026-09-11,2070,,,2026-09-11T13:51:21.380204+00:00,"{'date': '2026-09-11', 'close': 2070, 'symbol': 'KONI.JK'}"
KOPI.JK,2026-09-11,199,,,2026-09-11T13:51:21.380204+00:00,"{'date': '2026-09-11', 'close': 199, 'symbol': 'KOPI.JK'}"
KOTA.JK,2026-09-11,202,,,2026-09-11T13:51:21.380204+00:00,"{'date': '2026-09-11', 'close': 202, 'symbol': 'KOTA.JK'}"
KPIG.JK,2026-09-11,79,,,2026-09-11T13:51:21.380204+00:00,"{'date': '2026-09-11', 'close': 79, 'symbol': 'KPIG.JK'}"
KRAS.JK,2026-09-11,238,,,2026-09-11T13:51:21.663965+00:00,"{'date': '2026-09-11', 'close': 238, 'symbol': 'KRAS.JK'}"
KREN.JK,2026-09-11,16,,,2026-09-11T13:51:21.663965+00:00,"{'date': '2026-09-11', 'close': 16, 'symbol': 'KREN.JK'}"
KRYA.JK,2026-09-11,67,,,2026-09-11T13:51:21.663965+00:00,"{'date': '2026-09-11', 'close': 67, 'symbol': 'KRYA.JK'}"
KSIX.JK,2026-09-11,406,,,2026-09-11T13:51:21.663965+00:00,"{'date': '2026-09-11', 'close': 406, 'symbol': 'KSIX.JK'}"
KUAS.JK,2026-09-11,100,,,2026-09-11T13:51:21.663965+00:00,"{'date': '2026-09-11', 'close': 100, 'symbol': 'KUAS.JK'}"
LABA.JK,2026-09-11,124,,,2026-09-11T13:51:21.663965+00:00,"{'date': '2026-09-11', 'close': 124, 'symbol': 'LABA.JK'}"
LABS.JK,2026-09-11,174,,,2026-09-11T13:51:21.663965+00:00,"{'date': '2026-09-11', 'close': 174, 'symbol': 'LABS.JK'}"
LAJU.JK,2026-09-11,70,,,2026-09-11T13:51:21.663965+00:00,"{'date': '2026-09-11', 'close': 70, 'symbol': 'LAJU.JK'}"
LAND.JK,2026-09-11,75,,,2026-09-11T13:51:21.663965+00:00,"{'date': '2026-09-11', 'close': 75, 'symbol': 'LAND.JK'}"
LAPD.JK,2026-09-11,69,,,2026-09-11T13:51:21.663965+00:00,"{'date': '2026-09-11', 'close': 69, 'symbol': 'LAPD.JK'}"
LCGP.JK,2026-09-11,114,,,2026-09-11T13:51:21.663965+00:00,"{'date': '2026-09-11', 'close': 114, 'symbol': 'LCGP.JK'}"
LCKM.JK,2026-09-11,109,,,2026-09-11T13:51:21.663965+00:00,"{'date': '2026-09-11', 'close': 109, 'symbol': 'LCKM.JK'}"
LEAD.JK,2026-09-11,112,,,2026-09-11T13:51:21.663965+00:00,"{'date': '2026-09-11', 'close': 112, 'symbol': 'LEAD.JK'}"
LFLO.JK,2026-09-11,520,,,2026-09-11T13:51:21.663965+00:00,"{'date': '2026-09-11', 'close': 520, 'symbol': 'LFLO.JK'}"
LIFE.JK,2026-09-11,12725,,,2026-09-11T13:51:21.663965+00:00,"{'date': '2026-09-11', 'close': 12725, 'symbol': 'LIFE.JK'}"
LINK.JK,2026-09-11,1780,,,2026-09-11T13:51:21.663965+00:00,"{'date': '2026-09-11', 'close': 1780, 'symbol': 'LINK.JK'}"
LION.JK,2026-09-11,374,,,2026-09-11T13:51:21.663965+00:00,"{'date': '2026-09-11', 'close': 374, 'symbol': 'LION.JK'}"
LIVE.JK,2026-09-11,199,,,2026-09-11T13:51:21.663965+00:00,"{'date': '2026-09-11', 'close': 199, 'symbol': 'LIVE.JK'}"
LMAS.JK,2026-09-11,50,,,2026-09-11T13:51:21.663965+00:00,"{'date': '2026-09-11', 'close': 50, 'symbol': 'LMAS.JK'}"
LMAX.JK,2026-09-11,106,,,2026-09-11T13:51:21.663965+00:00,"{'date': '2026-09-11', 'close': 106, 'symbol': 'LMAX.JK'}"
LMPI.JK,2026-09-11,158,,,2026-09-11T13:51:21.663965+00:00,"{'date': '2026-09-11', 'close': 158, 'symbol': 'LMPI.JK'}"
LMSH.JK,2026-09-11,256,,,2026-09-11T13:51:21.663965+00:00,"{'date': '2026-09-11', 'close': 256, 'symbol': 'LMSH.JK'}"
LOPI.JK,2026-09-11,62,,,2026-09-11T13:51:21.663965+00:00,"{'date': '2026-09-11', 'close': 62, 'symbol': 'LOPI.JK'}"
LPCK.JK,2026-09-11,595,,,2026-09-11T13:51:21.663965+00:00,"{'date': '2026-09-11', 'close': 595, 'symbol': 'LPCK.JK'}"
LPGI.JK,2026-09-11,645,,,2026-09-11T13:51:21.663965+00:00,"{'date': '2026-09-11', 'close': 645, 'symbol': 'LPGI.JK'}"
LPIN.JK,2026-09-11,428,,,2026-09-11T13:51:21.663965+00:00,"{'date': '2026-09-11', 'close': 428, 'symbol': 'LPIN.JK'}"
LPKR.JK,2026-09-11,61,,,2026-09-11T13:51:21.663965+00:00,"{'date': '2026-09-11', 'close': 61, 'symbol': 'LPKR.JK'}"
LPLI.JK,2026-09-11,236,,,2026-09-11T13:51:21.663965+00:00,"{'date': '2026-09-11', 'close': 236, 'symbol': 'LPLI.JK'}"
LPPF.JK,2026-09-11,1630,,,2026-09-11T13:51:21.663965+00:00,"{'date': '2026-09-11', 'close': 1630, 'symbol': 'LPPF.JK'}"
LPPS.JK,2026-09-11,82,,,2026-09-11T13:51:21.663965+00:00,"{'date': '2026-09-11', 'close': 82, 'symbol': 'LPPS.JK'}"
LRNA.JK,2026-09-11,212,,,2026-09-11T13:51:21.663965+00:00,"{'date': '2026-09-11', 'close': 212, 'symbol': 'LRNA.JK'}"
LSIP.JK,2026-09-11,1700,,,2026-09-11T13:51:21.663965+00:00,"{'date': '2026-09-11', 'close': 1700, 'symbol': 'LSIP.JK'}"
LTLS.JK,2026-09-11,1075,,,2026-09-11T13:51:21.663965+00:00,"{'date': '2026-09-11', 'close': 1075, 'symbol': 'LTLS.JK'}"
LUCK.JK,2026-09-11,117,,,2026-09-11T13:51:21.663965+00:00,"{'date': '2026-09-11', 'close': 117, 'symbol': 'LUCK.JK'}"
LUCY.JK,2026-09-11,388,,,2026-09-11T13:51:21.663965+00:00,"{'date': '2026-09-11', 'close': 388, 'symbol': 'LUCY.JK'}"
MABA.JK,2026-09-11,50,,,2026-09-11T13:51:21.663965+00:00,"{'date': '2026-09-11', 'close': 50, 'symbol': 'MABA.JK'}"
MAGP.JK,2026-09-11,50,,,2026-09-11T13:51:21.663965+00:00,"{'date': '2026-09-11', 'close': 50, 'symbol': 'MAGP.JK'}"
MAHA.JK,2026-09-11,145,,,2026-09-11T13:51:21.663965+00:00,"{'date': '2026-09-11', 'close': 145, 'symbol': 'MAHA.JK'}"
MAIN.JK,2026-09-11,670,,,2026-09-11T13:51:21.663965+00:00,"{'date': '2026-09-11', 'close': 670, 'symbol': 'MAIN.JK'}"
MANG.JK,2026-09-11,40,,,2026-09-11T13:51:21.663965+00:00,"{'date': '2026-09-11', 'close': 40, 'symbol': 'MANG.JK'}"
MAPA.JK,2026-09-11,660,,,2026-09-11T13:51:21.663965+00:00,"{'date': '2026-09-11', 'close': 660, 'symbol': 'MAPA.JK'}"
MAPB.JK,2026-09-11,1260,,,2026-09-11T13:51:21.663965+00:00,"{'date': '2026-09-11', 'close': 1260, 'symbol': 'MAPB.JK'}"
MAPI.JK,2026-09-11,1340,,,2026-09-11T13:51:21.663965+00:00,"{'date': '2026-09-11', 'close': 1340, 'symbol': 'MAPI.JK'}"
MARI.JK,2026-09-11,23,,,2026-09-11T13:51:21.663965+00:00,"{'date': '2026-09-11', 'close': 23, 'symbol': 'MARI.JK'}"
MARK.JK,2026-09-11,1105,,,2026-09-11T13:51:21.663965+00:00,"{'date': '2026-09-11', 'close': 1105, 'symbol': 'MARK.JK'}"
MASB.JK,2026-09-11,3360,,,2026-09-11T13:51:21.663965+00:00,"{'date': '2026-09-11', 'close': 3360, 'symbol': 'MASB.JK'}"
MAXI.JK,2026-09-11,50,,,2026-09-11T13:51:21.663965+00:00,"{'date': '2026-09-11', 'close': 50, 'symbol': 'MAXI.JK'}"
MAYA.JK,2026-09-11,197,,,2026-09-11T13:51:21.663965+00:00,"{'date': '2026-09-11', 'close': 197, 'symbol': 'MAYA.JK'}"
MBAP.JK,2026-09-11,1720,,,2026-09-11T13:51:21.663965+00:00,"{'date': '2026-09-11', 'close': 1720, 'symbol': 'MBAP.JK'}"
MBMA.JK,2026-09-11,520,,,2026-09-11T13:51:21.663965+00:00,"{'date': '2026-09-11', 'close': 520, 'symbol': 'MBMA.JK'}"
MBSS.JK,2026-09-11,2890,,,2026-09-11T13:51:21.663965+00:00,"{'date': '2026-09-11', 'close': 2890, 'symbol': 'MBSS.JK'}"
MBTO.JK,2026-09-11,168,,,2026-09-11T13:51:21.663965+00:00,"{'date': '2026-09-11', 'close': 168, 'symbol': 'MBTO.JK'}"
MCAS.JK,2026-09-11,270,,,2026-09-11T13:51:21.663965+00:00,"{'date': '2026-09-11', 'close': 270, 'symbol': 'MCAS.JK'}"
MCOL.JK,2026-09-11,3690,,,2026-09-11T13:51:21.663965+00:00,"{'date': '2026-09-11', 'close': 3690, 'symbol': 'MCOL.JK'}"
MCOR.JK,2026-09-11,69,,,2026-09-11T13:51:21.663965+00:00,"{'date': '2026-09-11', 'close': 69, 'symbol': 'MCOR.JK'}"
MDIA.JK,2026-09-11,216,,,2026-09-11T13:51:21.663965+00:00,"{'date': '2026-09-11', 'close': 216, 'symbol': 'MDIA.JK'}"
MDIY.JK,2026-09-11,935,,,2026-09-11T13:51:21.663965+00:00,"{'date': '2026-09-11', 'close': 935, 'symbol': 'MDIY.JK'}"
MDKA.JK,2026-09-11,3050,,,2026-09-11T13:51:21.663965+00:00,"{'date': '2026-09-11', 'close': 3050, 'symbol': 'MDKA.JK'}"
MDKI.JK,2026-09-11,196,,,2026-09-11T13:51:21.663965+00:00,"{'date': '2026-09-11', 'close': 196, 'symbol': 'MDKI.JK'}"
MDLA.JK,2026-09-11,208,,,2026-09-11T13:51:21.663965+00:00,"{'date': '2026-09-11', 'close': 208, 'symbol': 'MDLA.JK'}"
MDLN.JK,2026-09-11,50,,,2026-09-11T13:51:21.663965+00:00,"{'date': '2026-09-11', 'close': 50, 'symbol': 'MDLN.JK'}"
MDRN.JK,2026-09-11,26,,,2026-09-11T13:51:21.663965+00:00,"{'date': '2026-09-11', 'close': 26, 'symbol': 'MDRN.JK'}"
MEDC.JK,2026-09-11,1555,,,2026-09-11T13:51:21.663965+00:00,"{'date': '2026-09-11', 'close': 1555, 'symbol': 'MEDC.JK'}"
MEDS.JK,2026-09-11,86,,,2026-09-11T13:51:21.663965+00:00,"{'date': '2026-09-11', 'close': 86, 'symbol': 'MEDS.JK'}"
MEGA.JK,2026-09-11,1965,,,2026-09-11T13:51:21.663965+00:00,"{'date': '2026-09-11', 'close': 1965, 'symbol': 'MEGA.JK'}"
MEJA.JK,2026-09-11,112,,,2026-09-11T13:51:21.663965+00:00,"{'date': '2026-09-11', 'close': 112, 'symbol': 'MEJA.JK'}"
MENN.JK,2026-09-11,53,,,2026-09-11T13:51:21.663965+00:00,"{'date': '2026-09-11', 'close': 53, 'symbol': 'MENN.JK'}"
MERI.JK,2026-09-11,120,,,2026-09-11T13:51:21.663965+00:00,"{'date': '2026-09-11', 'close': 120, 'symbol': 'MERI.JK'}"
MERK.JK,2026-09-11,3900,,,2026-09-11T13:51:21.663965+00:00,"{'date': '2026-09-11', 'close': 3900, 'symbol': 'MERK.JK'}"
META.JK,2026-09-11,238,,,2026-09-11T13:51:21.663965+00:00,"{'date': '2026-09-11', 'close': 238, 'symbol': 'META.JK'}"
MFMI.JK,2026-09-11,1300,,,2026-09-11T13:51:21.663965+00:00,"{'date': '2026-09-11', 'close': 1300, 'symbol': 'MFMI.JK'}"
MGLV.JK,2026-09-11,15250,,,2026-09-11T13:51:21.663965+00:00,"{'date': '2026-09-11', 'close': 15250, 'symbol': 'MGLV.JK'}"
MGNA.JK,2026-09-11,142,,,2026-09-11T13:51:21.663965+00:00,"{'date': '2026-09-11', 'close': 142, 'symbol': 'MGNA.JK'}"
MGRO.JK,2026-09-11,685,,,2026-09-11T13:51:21.663965+00:00,"{'date': '2026-09-11', 'close': 685, 'symbol': 'MGRO.JK'}"
MHKI.JK,2026-09-11,132,,,2026-09-11T13:51:21.663965+00:00,"{'date': '2026-09-11', 'close': 132, 'symbol': 'MHKI.JK'}"
MICE.JK,2026-09-11,540,,,2026-09-11T13:51:21.663965+00:00,"{'date': '2026-09-11', 'close': 540, 'symbol': 'MICE.JK'}"
MIDI.JK,2026-09-11,266,,,2026-09-11T13:51:21.663965+00:00,"{'date': '2026-09-11', 'close': 266, 'symbol': 'MIDI.JK'}"
MIKA.JK,2026-09-11,1860,,,2026-09-11T13:51:21.663965+00:00,"{'date': '2026-09-11', 'close': 1860, 'symbol': 'MIKA.JK'}"
MINA.JK,2026-09-11,274,,,2026-09-11T13:51:21.663965+00:00,"{'date': '2026-09-11', 'close': 274, 'symbol': 'MINA.JK'}"
MINE.JK,2026-09-11,286,,,2026-09-11T13:51:21.663965+00:00,"{'date': '2026-09-11', 'close': 286, 'symbol': 'MINE.JK'}"
MIRA.JK,2026-09-11,25,,,2026-09-11T13:51:21.663965+00:00,"{'date': '2026-09-11', 'close': 25, 'symbol': 'MIRA.JK'}"
MITI.JK,2026-09-11,286,,,2026-09-11T13:51:21.663965+00:00,"{'date': '2026-09-11', 'close': 286, 'symbol': 'MITI.JK'}"
MKAP.JK,2026-09-11,1115,,,2026-09-11T13:51:21.663965+00:00,"{'date': '2026-09-11', 'close': 1115, 'symbol': 'MKAP.JK'}"
MKNT.JK,2026-09-11,1,,,2026-09-11T13:51:21.663965+00:00,"{'date': '2026-09-11', 'close': 1, 'symbol': 'MKNT.JK'}"
MKPI.JK,2026-09-11,21750,,,2026-09-11T13:51:21.663965+00:00,"{'date': '2026-09-11', 'close': 21750, 'symbol': 'MKPI.JK'}"
MKTR.JK,2026-09-11,122,,,2026-09-11T13:51:21.663965+00:00,"{'date': '2026-09-11', 'close': 122, 'symbol': 'MKTR.JK'}"
MLBI.JK,2026-09-11,6800,,,2026-09-11T13:51:21.663965+00:00,"{'date': '2026-09-11', 'close': 6800, 'symbol': 'MLBI.JK'}"
MLIA.JK,2026-09-11,220,,,2026-09-11T13:51:21.663965+00:00,"{'date': '2026-09-11', 'close': 220, 'symbol': 'MLIA.JK'}"
MLPL.JK,2026-09-11,90,,,2026-09-11T13:51:21.663965+00:00,"{'date': '2026-09-11', 'close': 90, 'symbol': 'MLPL.JK'}"
MLPT.JK,2026-09-11,1185,,,2026-09-11T13:51:21.663965+00:00,"{'date': '2026-09-11', 'close': 1185, 'symbol': 'MLPT.JK'}"
MMIX.JK,2026-09-11,850,,,2026-09-11T13:51:21.663965+00:00,"{'date': '2026-09-11', 'close': 850, 'symbol': 'MMIX.JK'}"
MMLP.JK,2026-09-11,302,,,2026-09-11T13:51:21.663965+00:00,"{'date': '2026-09-11', 'close': 302, 'symbol': 'MMLP.JK'}"
MNCN.JK,2026-09-11,202,,,2026-09-11T13:51:21.663965+00:00,"{'date': '2026-09-11', 'close': 202, 'symbol': 'MNCN.JK'}"
MOLI.JK,2026-09-11,318,,,2026-09-11T13:51:21.663965+00:00,"{'date': '2026-09-11', 'close': 318, 'symbol': 'MOLI.JK'}"
MORA.JK,2026-09-11,5175,,,2026-09-11T13:51:21.663965+00:00,"{'date': '2026-09-11', 'close': 5175, 'symbol': 'MORA.JK'}"
MPIX.JK,2026-09-11,127,,,2026-09-11T13:51:21.663965+00:00,"{'date': '2026-09-11', 'close': 127, 'symbol': 'MPIX.JK'}"
MPMX.JK,2026-09-11,1030,,,2026-09-11T13:51:21.663965+00:00,"{'date': '2026-09-11', 'close': 1030, 'symbol': 'MPMX.JK'}"
MPOW.JK,2026-09-11,113,,,2026-09-11T13:51:21.663965+00:00,"{'date': '2026-09-11', 'close': 113, 'symbol': 'MPOW.JK'}"
MPPA.JK,2026-09-11,42,,,2026-09-11T13:51:21.663965+00:00,"{'date': '2026-09-11', 'close': 42, 'symbol': 'MPPA.JK'}"
MPRO.JK,2026-09-11,12050,,,2026-09-11T13:51:21.663965+00:00,"{'date': '2026-09-11', 'close': 12050, 'symbol': 'MPRO.JK'}"
MPXL.JK,2026-09-11,169,,,2026-09-11T13:51:21.663965+00:00,"{'date': '2026-09-11', 'close': 169, 'symbol': 'MPXL.JK'}"
MRAT.JK,2026-09-11,390,,,2026-09-11T13:51:21.663965+00:00,"{'date': '2026-09-11', 'close': 390, 'symbol': 'MRAT.JK'}"
MREI.JK,2026-09-11,920,,,2026-09-11T13:51:21.663965+00:00,"{'date': '2026-09-11', 'close': 920, 'symbol': 'MREI.JK'}"
MSIE.JK,2026-09-11,165,,,2026-09-11T13:51:21.663965+00:00,"{'date': '2026-09-11', 'close': 165, 'symbol': 'MSIE.JK'}"
MSIN.JK,2026-09-11,304,,,2026-09-11T13:51:21.663965+00:00,"{'date': '2026-09-11', 'close': 304, 'symbol': 'MSIN.JK'}"
MSJA.JK,2026-09-11,825,,,2026-09-11T13:51:21.663965+00:00,"{'date': '2026-09-11', 'close': 825, 'symbol': 'MSJA.JK'}"
MSKY.JK,2026-09-11,73,,,2026-09-11T13:51:21.663965+00:00,"{'date': '2026-09-11', 'close': 73, 'symbol': 'MSKY.JK'}"
MSTI.JK,2026-09-11,1365,,,2026-09-11T13:51:21.663965+00:00,"{'date': '2026-09-11', 'close': 1365, 'symbol': 'MSTI.JK'}"
MTDL.JK,2026-09-11,505,,,2026-09-11T13:51:21.663965+00:00,"{'date': '2026-09-11', 'close': 505, 'symbol': 'MTDL.JK'}"
MTEL.JK,2026-09-11,478,,,2026-09-11T13:51:21.663965+00:00,"{'date': '2026-09-11', 'close': 478, 'symbol': 'MTEL.JK'}"
MTFN.JK,2026-09-11,13,,,2026-09-11T13:51:21.663965+00:00,"{'date': '2026-09-11', 'close': 13, 'symbol': 'MTFN.JK'}"
MTLA.JK,2026-09-11,535,,,2026-09-11T13:51:21.663965+00:00,"{'date': '2026-09-11', 'close': 535, 'symbol': 'MTLA.JK'}"
MTMH.JK,2026-09-11,940,,,2026-09-11T13:51:21.663965+00:00,"{'date': '2026-09-11', 'close': 940, 'symbol': 'MTMH.JK'}"
MTPS.JK,2026-09-11,81,,,2026-09-11T13:51:21.663965+00:00,"{'date': '2026-09-11', 'close': 81, 'symbol': 'MTPS.JK'}"
MTRA.JK,2026-09-11,244,,,2026-09-11T13:51:21.663965+00:00,"{'date': '2026-09-11', 'close': 244, 'symbol': 'MTRA.JK'}"
MTSM.JK,2026-09-11,500,,,2026-09-11T13:51:21.663965+00:00,"{'date': '2026-09-11', 'close': 500, 'symbol': 'MTSM.JK'}"
MTWI.JK,2026-09-11,274,,,2026-09-11T13:51:21.663965+00:00,"{'date': '2026-09-11', 'close': 274, 'symbol': 'MTWI.JK'}"
MUTU.JK,2026-09-11,135,,,2026-09-11T13:51:21.663965+00:00,"{'date': '2026-09-11', 'close': 135, 'symbol': 'MUTU.JK'}"
MYOH.JK,2026-09-11,1135,,,2026-09-11T13:51:21.663965+00:00,"{'date': '2026-09-11', 'close': 1135, 'symbol': 'MYOH.JK'}"
MYOR.JK,2026-09-11,1515,,,2026-09-11T13:51:21.663965+00:00,"{'date': '2026-09-11', 'close': 1515, 'symbol': 'MYOR.JK'}"
MYTX.JK,2026-09-11,41,,,2026-09-11T13:51:21.663965+00:00,"{'date': '2026-09-11', 'close': 41, 'symbol': 'MYTX.JK'}"
NAIK.JK,2026-09-11,93,,,2026-09-11T13:51:21.663965+00:00,"{'date': '2026-09-11', 'close': 93, 'symbol': 'NAIK.JK'}"
NANO.JK,2026-09-11,37,,,2026-09-11T13:51:21.663965+00:00,"{'date': '2026-09-11', 'close': 37, 'symbol': 'NANO.JK'}"
NASA.JK,2026-09-11,34,,,2026-09-11T13:51:21.663965+00:00,"{'date': '2026-09-11', 'close': 34, 'symbol': 'NASA.JK'}"
NASI.JK,2026-09-11,165,,,2026-09-11T13:51:21.663965+00:00,"{'date': '2026-09-11', 'close': 165, 'symbol': 'NASI.JK'}"
NATO.JK,2026-09-11,1030,,,2026-09-11T13:51:21.663965+00:00,"{'date': '2026-09-11', 'close': 1030, 'symbol': 'NATO.JK'}"
NAYZ.JK,2026-09-11,73,,,2026-09-11T13:51:21.663965+00:00,"{'date': '2026-09-11', 'close': 73, 'symbol': 'NAYZ.JK'}"
NCKL.JK,2026-09-11,940,,,2026-09-11T13:51:21.663965+00:00,"{'date': '2026-09-11', 'close': 940, 'symbol': 'NCKL.JK'}"
NELY.JK,2026-09-11,212,,,2026-09-11T13:51:21.663965+00:00,"{'date': '2026-09-11', 'close': 212, 'symbol': 'NELY.JK'}"
NEST.JK,2026-09-11,750,,,2026-09-11T13:51:21.663965+00:00,"{'date': '2026-09-11', 'close': 750, 'symbol': 'NEST.JK'}"
NETV.JK,2026-09-11,50,,,2026-09-11T13:51:21.663965+00:00,"{'date': '2026-09-11', 'close': 50, 'symbol': 'NETV.JK'}"
NFCX.JK,2026-09-11,1740,,,2026-09-11T13:51:21.663965+00:00,"{'date': '2026-09-11', 'close': 1740, 'symbol': 'NFCX.JK'}"
NICE.JK,2026-09-11,364,,,2026-09-11T13:51:21.663965+00:00,"{'date': '2026-09-11', 'close': 364, 'symbol': 'NICE.JK'}"
NICK.JK,2026-09-11,2430,,,2026-09-11T13:51:21.663965+00:00,"{'date': '2026-09-11', 'close': 2430, 'symbol': 'NICK.JK'}"
NICL.JK,2026-09-11,468,,,2026-09-11T13:51:21.663965+00:00,"{'date': '2026-09-11', 'close': 468, 'symbol': 'NICL.JK'}"
NIKL.JK,2026-09-11,224,,,2026-09-11T13:51:21.663965+00:00,"{'date': '2026-09-11', 'close': 224, 'symbol': 'NIKL.JK'}"
NINE.JK,2026-09-11,94,,,2026-09-11T13:51:21.663965+00:00,"{'date': '2026-09-11', 'close': 94, 'symbol': 'NINE.JK'}"
NIRO.JK,2026-09-11,177,,,2026-09-11T13:51:21.663965+00:00,"{'date': '2026-09-11', 'close': 177, 'symbol': 'NIRO.JK'}"
NISP.JK,2026-09-11,1265,,,2026-09-11T13:51:21.663965+00:00,"{'date': '2026-09-11', 'close': 1265, 'symbol': 'NISP.JK'}"
NOBU.JK,2026-09-11,515,,,2026-09-11T13:51:21.663965+00:00,"{'date': '2026-09-11', 'close': 515, 'symbol': 'NOBU.JK'}"
NPGF.JK,2026-09-11,57,,,2026-09-11T13:51:21.663965+00:00,"{'date': '2026-09-11', 'close': 57, 'symbol': 'NPGF.JK'}"
NRCA.JK,2026-09-11,555,,,2026-09-11T13:51:21.663965+00:00,"{'date': '2026-09-11', 'close': 555, 'symbol': 'NRCA.JK'}"
NSSS.JK,2026-09-11,800,,,2026-09-11T13:51:21.663965+00:00,"{'date': '2026-09-11', 'close': 800, 'symbol': 'NSSS.JK'}"
NTBK.JK,2026-09-11,84,,,2026-09-11T13:51:21.663965+00:00,"{'date': '2026-09-11', 'close': 84, 'symbol': 'NTBK.JK'}"
NUSA.JK,2026-09-11,50,,,2026-09-11T13:51:21.663965+00:00,"{'date': '2026-09-11', 'close': 50, 'symbol': 'NUSA.JK'}"
NZIA.JK,2026-09-11,190,,,2026-09-11T13:51:21.663965+00:00,"{'date': '2026-09-11', 'close': 190, 'symbol': 'NZIA.JK'}"
OASA.JK,2026-09-11,306,,,2026-09-11T13:51:21.663965+00:00,"{'date': '2026-09-11', 'close': 306, 'symbol': 'OASA.JK'}"
OBAT.JK,2026-09-11,240,,,2026-09-11T13:51:21.663965+00:00,"{'date': '2026-09-11', 'close': 240, 'symbol': 'OBAT.JK'}"
OBMD.JK,2026-09-11,195,,,2026-09-11T13:51:21.663965+00:00,"{'date': '2026-09-11', 'close': 195, 'symbol': 'OBMD.JK'}"
OCAP.JK,2026-09-11,159,,,2026-09-11T13:51:21.663965+00:00,"{'date': '2026-09-11', 'close': 159, 'symbol': 'OCAP.JK'}"
OILS.JK,2026-09-11,312,,,2026-09-11T13:51:21.663965+00:00,"{'date': '2026-09-11', 'close': 312, 'symbol': 'OILS.JK'}"
OKAS.JK,2026-09-11,116,,,2026-09-11T13:51:21.663965+00:00,"{'date': '2026-09-11', 'close': 116, 'symbol': 'OKAS.JK'}"
OLIV.JK,2026-09-11,60,,,2026-09-11T13:51:21.663965+00:00,"{'date': '2026-09-11', 'close': 60, 'symbol': 'OLIV.JK'}"
OMED.JK,2026-09-11,214,,,2026-09-11T13:51:21.663965+00:00,"{'date': '2026-09-11', 'close': 214, 'symbol': 'OMED.JK'}"
OMRE.JK,2026-09-11,935,,,2026-09-11T13:51:21.663965+00:00,"{'date': '2026-09-11', 'close': 935, 'symbol': 'OMRE.JK'}"
OPMS.JK,2026-09-11,116,,,2026-09-11T13:51:21.663965+00:00,"{'date': '2026-09-11', 'close': 116, 'symbol': 'OPMS.JK'}"
PACK.JK,2026-09-11,560,,,2026-09-11T13:51:21.663965+00:00,"{'date': '2026-09-11', 'close': 560, 'symbol': 'PACK.JK'}"
PADA.JK,2026-09-11,204,,,2026-09-11T13:51:21.663965+00:00,"{'date': '2026-09-11', 'close': 204, 'symbol': 'PADA.JK'}"
PADI.JK,2026-09-11,72,,,2026-09-11T13:51:21.663965+00:00,"{'date': '2026-09-11', 'close': 72, 'symbol': 'PADI.JK'}"
PALM.JK,2026-09-11,294,,,2026-09-11T13:51:21.663965+00:00,"{'date': '2026-09-11', 'close': 294, 'symbol': 'PALM.JK'}"
PAMG.JK,2026-09-11,56,,,2026-09-11T13:51:21.663965+00:00,"{'date': '2026-09-11', 'close': 56, 'symbol': 'PAMG.JK'}"
PANI.JK,2026-09-11,5625,,,2026-09-11T13:51:21.663965+00:00,"{'date': '2026-09-11', 'close': 5625, 'symbol': 'PANI.JK'}"
PANR.JK,2026-09-11,424,,,2026-09-11T13:51:21.663965+00:00,"{'date': '2026-09-11', 'close': 424, 'symbol': 'PANR.JK'}"
PANS.JK,2026-09-11,1640,,,2026-09-11T13:51:21.663965+00:00,"{'date': '2026-09-11', 'close': 1640, 'symbol': 'PANS.JK'}"
PART.JK,2026-09-11,102,,,2026-09-11T13:51:21.663965+00:00,"{'date': '2026-09-11', 'close': 102, 'symbol': 'PART.JK'}"
PBID.JK,2026-09-11,525,,,2026-09-11T13:51:21.663965+00:00,"{'date': '2026-09-11', 'close': 525, 'symbol': 'PBID.JK'}"
PBRX.JK,2026-09-11,26,,,2026-09-11T13:51:21.663965+00:00,"{'date': '2026-09-11', 'close': 26, 'symbol': 'PBRX.JK'}"
PBSA.JK,2026-09-11,750,,,2026-09-11T13:51:21.663965+00:00,"{'date': '2026-09-11', 'close': 750, 'symbol': 'PBSA.JK'}"
PCAR.JK,2026-09-11,43,,,2026-09-11T13:51:21.663965+00:00,"{'date': '2026-09-11', 'close': 43, 'symbol': 'PCAR.JK'}"
PDES.JK,2026-09-11,384,,,2026-09-11T13:51:21.663965+00:00,"{'date': '2026-09-11', 'close': 384, 'symbol': 'PDES.JK'}"
PDPP.JK,2026-09-11,338,,,2026-09-11T13:51:21.663965+00:00,"{'date': '2026-09-11', 'close': 338, 'symbol': 'PDPP.JK'}"
PEGE.JK,2026-09-11,130,,,2026-09-11T13:51:21.663965+00:00,"{'date': '2026-09-11', 'close': 130, 'symbol': 'PEGE.JK'}"
PEHA.JK,2026-09-11,298,,,2026-09-11T13:51:21.663965+00:00,"{'date': '2026-09-11', 'close': 298, 'symbol': 'PEHA.JK'}"
PEVE.JK,2026-09-11,308,,,2026-09-11T13:51:21.663965+00:00,"{'date': '2026-09-11', 'close': 308, 'symbol': 'PEVE.JK'}"
PGAS.JK,2026-09-11,1520,,,2026-09-11T13:51:21.663965+00:00,"{'date': '2026-09-11', 'close': 1520, 'symbol': 'PGAS.JK'}"
PGEO.JK,2026-09-11,1025,,,2026-09-11T13:51:21.663965+00:00,"{'date': '2026-09-11', 'close': 1025, 'symbol': 'PGEO.JK'}"
PGJO.JK,2026-09-11,870,,,2026-09-11T13:51:21.663965+00:00,"{'date': '2026-09-11', 'close': 870, 'symbol': 'PGJO.JK'}"
PGLI.JK,2026-09-11,208,,,2026-09-11T13:51:21.663965+00:00,"{'date': '2026-09-11', 'close': 208, 'symbol': 'PGLI.JK'}"
PGUN.JK,2026-09-11,9600,,,2026-09-11T13:51:21.663965+00:00,"{'date': '2026-09-11', 'close': 9600, 'symbol': 'PGUN.JK'}"
PICO.JK,2026-09-11,179,,,2026-09-11T13:51:21.663965+00:00,"{'date': '2026-09-11', 'close': 179, 'symbol': 'PICO.JK'}"
PIPA.JK,2026-09-11,200,,,2026-09-11T13:51:21.663965+00:00,"{'date': '2026-09-11', 'close': 200, 'symbol': 'PIPA.JK'}"
PJAA.JK,2026-09-11,470,,,2026-09-11T13:51:21.663965+00:00,"{'date': '2026-09-11', 'close': 470, 'symbol': 'PJAA.JK'}"
PJHB.JK,2026-09-11,181,,,2026-09-11T13:51:21.663965+00:00,"{'date': '2026-09-11', 'close': 181, 'symbol': 'PJHB.JK'}"
PKPK.JK,2026-09-11,4450,,,2026-09-11T13:51:21.663965+00:00,"{'date': '2026-09-11', 'close': 4450, 'symbol': 'PKPK.JK'}"
PLAN.JK,2026-09-11,69,,,2026-09-11T13:51:21.663965+00:00,"{'date': '2026-09-11', 'close': 69, 'symbol': 'PLAN.JK'}"
PLAS.JK,2026-09-11,50,,,2026-09-11T13:51:21.663965+00:00,"{'date': '2026-09-11', 'close': 50, 'symbol': 'PLAS.JK'}"
PLIN.JK,2026-09-11,2510,,,2026-09-11T13:51:21.663965+00:00,"{'date': '2026-09-11', 'close': 2510, 'symbol': 'PLIN.JK'}"
PMJS.JK,2026-09-11,143,,,2026-09-11T13:51:21.663965+00:00,"{'date': '2026-09-11', 'close': 143, 'symbol': 'PMJS.JK'}"
PMMP.JK,2026-09-11,50,,,2026-09-11T13:51:21.663965+00:00,"{'date': '2026-09-11', 'close': 50, 'symbol': 'PMMP.JK'}"
PMUI.JK,2026-09-11,103,,,2026-09-11T13:51:21.663965+00:00,"{'date': '2026-09-11', 'close': 103, 'symbol': 'PMUI.JK'}"
PNBN.JK,2026-09-11,910,,,2026-09-11T13:51:21.663965+00:00,"{'date': '2026-09-11', 'close': 910, 'symbol': 'PNBN.JK'}"
PNBS.JK,2026-09-11,50,,,2026-09-11T13:51:21.663965+00:00,"{'date': '2026-09-11', 'close': 50, 'symbol': 'PNBS.JK'}"
PNGO.JK,2026-09-11,3500,,,2026-09-11T13:51:21.663965+00:00,"{'date': '2026-09-11', 'close': 3500, 'symbol': 'PNGO.JK'}"
PNIN.JK,2026-09-11,725,,,2026-09-11T13:51:21.663965+00:00,"{'date': '2026-09-11', 'close': 725, 'symbol': 'PNIN.JK'}"
PNLF.JK,2026-09-11,222,,,2026-09-11T13:51:21.663965+00:00,"{'date': '2026-09-11', 'close': 222, 'symbol': 'PNLF.JK'}"
PNSE.JK,2026-09-11,498,,,2026-09-11T13:51:21.663965+00:00,"{'date': '2026-09-11', 'close': 498, 'symbol': 'PNSE.JK'}"
POLA.JK,2026-09-11,76,,,2026-09-11T13:51:21.663965+00:00,"{'date': '2026-09-11', 'close': 76, 'symbol': 'POLA.JK'}"
POLI.JK,2026-09-11,890,,,2026-09-11T13:51:21.663965+00:00,"{'date': '2026-09-11', 'close': 890, 'symbol': 'POLI.JK'}"
POLL.JK,2026-09-11,112,,,2026-09-11T13:51:21.663965+00:00,"{'date': '2026-09-11', 'close': 112, 'symbol': 'POLL.JK'}"
POLU.JK,2026-09-11,17350,,,2026-09-11T13:51:21.663965+00:00,"{'date': '2026-09-11', 'close': 17350, 'symbol': 'POLU.JK'}"
POLY.JK,2026-09-11,32,,,2026-09-11T13:51:21.663965+00:00,"{'date': '2026-09-11', 'close': 32, 'symbol': 'POLY.JK'}"
POOL.JK,2026-09-11,50,,,2026-09-11T13:51:21.663965+00:00,"{'date': '2026-09-11', 'close': 50, 'symbol': 'POOL.JK'}"
PORT.JK,2026-09-11,950,,,2026-09-11T13:51:21.663965+00:00,"{'date': '2026-09-11', 'close': 950, 'symbol': 'PORT.JK'}"
POSA.JK,2026-09-11,50,,,2026-09-11T13:51:21.663965+00:00,"{'date': '2026-09-11', 'close': 50, 'symbol': 'POSA.JK'}"
POWR.JK,2026-09-11,995,,,2026-09-11T13:51:21.663965+00:00,"{'date': '2026-09-11', 'close': 995, 'symbol': 'POWR.JK'}"
PPGL.JK,2026-09-11,468,,,2026-09-11T13:51:21.663965+00:00,"{'date': '2026-09-11', 'close': 468, 'symbol': 'PPGL.JK'}"
PPRE.JK,2026-09-11,105,,,2026-09-11T13:51:21.663965+00:00,"{'date': '2026-09-11', 'close': 105, 'symbol': 'PPRE.JK'}"
PPRI.JK,2026-09-11,178,,,2026-09-11T13:51:21.663965+00:00,"{'date': '2026-09-11', 'close': 178, 'symbol': 'PPRI.JK'}"
PPRO.JK,2026-09-11,16,,,2026-09-11T13:51:21.663965+00:00,"{'date': '2026-09-11', 'close': 16, 'symbol': 'PPRO.JK'}"
PRAY.JK,2026-09-11,745,,,2026-09-11T13:51:21.663965+00:00,"{'date': '2026-09-11', 'close': 745, 'symbol': 'PRAY.JK'}"
PRDA.JK,2026-09-11,2810,,,2026-09-11T13:51:21.663965+00:00,"{'date': '2026-09-11', 'close': 2810, 'symbol': 'PRDA.JK'}"
PRDL.JK,2026-09-11,236,,,2026-09-11T13:51:21.663965+00:00,"{'date': '2026-09-11', 'close': 236, 'symbol': 'PRDL.JK'}"
PRIM.JK,2026-09-11,120,,,2026-09-11T13:51:21.663965+00:00,"{'date': '2026-09-11', 'close': 120, 'symbol': 'PRIM.JK'}"
PSAB.JK,2026-09-11,580,,,2026-09-11T13:51:21.663965+00:00,"{'date': '2026-09-11', 'close': 580, 'symbol': 'PSAB.JK'}"
PSAT.JK,2026-09-11,880,,,2026-09-11T13:51:21.663965+00:00,"{'date': '2026-09-11', 'close': 880, 'symbol': 'PSAT.JK'}"
PSDN.JK,2026-09-11,141,,,2026-09-11T13:51:21.663965+00:00,"{'date': '2026-09-11', 'close': 141, 'symbol': 'PSDN.JK'}"
PSGO.JK,2026-09-11,193,,,2026-09-11T13:51:21.663965+00:00,"{'date': '2026-09-11', 'close': 193, 'symbol': 'PSGO.JK'}"
PSKT.JK,2026-09-11,242,,,2026-09-11T13:51:21.663965+00:00,"{'date': '2026-09-11', 'close': 242, 'symbol': 'PSKT.JK'}"
PSSI.JK,2026-09-11,356,,,2026-09-11T13:51:21.663965+00:00,"{'date': '2026-09-11', 'close': 356, 'symbol': 'PSSI.JK'}"
PTBA.JK,2026-09-11,3100,,,2026-09-11T13:51:21.663965+00:00,"{'date': '2026-09-11', 'close': 3100, 'symbol': 'PTBA.JK'}"
PTDU.JK,2026-09-11,70,,,2026-09-11T13:51:21.663965+00:00,"{'date': '2026-09-11', 'close': 70, 'symbol': 'PTDU.JK'}"
PTIS.JK,2026-09-11,260,,,2026-09-11T13:51:21.663965+00:00,"{'date': '2026-09-11', 'close': 260, 'symbol': 'PTIS.JK'}"
PTMP.JK,2026-09-11,64,,,2026-09-11T13:51:21.663965+00:00,"{'date': '2026-09-11', 'close': 64, 'symbol': 'PTMP.JK'}"
PTMR.JK,2026-09-11,374,,,2026-09-11T13:51:21.663965+00:00,"{'date': '2026-09-11', 'close': 374, 'symbol': 'PTMR.JK'}"
PTPP.JK,2026-09-11,199,,,2026-09-11T13:51:21.663965+00:00,"{'date': '2026-09-11', 'close': 199, 'symbol': 'PTPP.JK'}"
PTPS.JK,2026-09-11,165,,,2026-09-11T13:51:21.663965+00:00,"{'date': '2026-09-11', 'close': 165, 'symbol': 'PTPS.JK'}"
PTPW.JK,2026-09-11,1175,,,2026-09-11T13:51:21.663965+00:00,"{'date': '2026-09-11', 'close': 1175, 'symbol': 'PTPW.JK'}"
PTRO.JK,2026-09-11,5400,,,2026-09-11T13:51:21.663965+00:00,"{'date': '2026-09-11', 'close': 5400, 'symbol': 'PTRO.JK'}"
PTSN.JK,2026-09-11,372,,,2026-09-11T13:51:21.663965+00:00,"{'date': '2026-09-11', 'close': 372, 'symbol': 'PTSN.JK'}"
PTSP.JK,2026-09-11,1260,,,2026-09-11T13:51:21.663965+00:00,"{'date': '2026-09-11', 'close': 1260, 'symbol': 'PTSP.JK'}"
PUDP.JK,2026-09-11,272,,,2026-09-11T13:51:21.663965+00:00,"{'date': '2026-09-11', 'close': 272, 'symbol': 'PUDP.JK'}"
PURA.JK,2026-09-11,33,,,2026-09-11T13:51:21.663965+00:00,"{'date': '2026-09-11', 'close': 33, 'symbol': 'PURA.JK'}"
PURE.JK,2026-09-11,51,,,2026-09-11T13:51:21.663965+00:00,"{'date': '2026-09-11', 'close': 51, 'symbol': 'PURE.JK'}"
PURI.JK,2026-09-11,159,,,2026-09-11T13:51:21.663965+00:00,"{'date': '2026-09-11', 'close': 159, 'symbol': 'PURI.JK'}"
PWON.JK,2026-09-11,272,,,2026-09-11T13:51:21.663965+00:00,"{'date': '2026-09-11', 'close': 272, 'symbol': 'PWON.JK'}"
PYFA.JK,2026-09-11,252,,,2026-09-11T13:51:21.663965+00:00,"{'date': '2026-09-11', 'close': 252, 'symbol': 'PYFA.JK'}"
PZZA.JK,2026-09-11,193,,,2026-09-11T13:51:21.663965+00:00,"{'date': '2026-09-11', 'close': 193, 'symbol': 'PZZA.JK'}"
RAAM.JK,2026-09-11,176,,,2026-09-11T13:51:21.663965+00:00,"{'date': '2026-09-11', 'close': 176, 'symbol': 'RAAM.JK'}"
RAFI.JK,2026-09-11,36,,,2026-09-11T13:51:21.663965+00:00,"{'date': '2026-09-11', 'close': 36, 'symbol': 'RAFI.JK'}"
RAJA.JK,2026-09-11,820,,,2026-09-11T13:51:21.663965+00:00,"{'date': '2026-09-11', 'close': 820, 'symbol': 'RAJA.JK'}"
RALS.JK,2026-09-11,390,,,2026-09-11T13:51:21.663965+00:00,"{'date': '2026-09-11', 'close': 390, 'symbol': 'RALS.JK'}"
RANC.JK,2026-09-11,545,,,2026-09-11T13:51:21.663965+00:00,"{'date': '2026-09-11', 'close': 545, 'symbol': 'RANC.JK'}"
RANS.JK,2026-09-11,200,,,2026-09-11T13:51:21.663965+00:00,"{'date': '2026-09-11', 'close': 200, 'symbol': 'RANS.JK'}"
RATU.JK,2026-09-11,4580,,,2026-09-11T13:51:21.663965+00:00,"{'date': '2026-09-11', 'close': 4580, 'symbol': 'RATU.JK'}"
RBMS.JK,2026-09-11,63,,,2026-09-11T13:51:21.663965+00:00,"{'date': '2026-09-11', 'close': 63, 'symbol': 'RBMS.JK'}"
RCCC.JK,2026-09-11,115,,,2026-09-11T13:51:21.663965+00:00,"{'date': '2026-09-11', 'close': 115, 'symbol': 'RCCC.JK'}"
RDTX.JK,2026-09-11,13225,,,2026-09-11T13:51:21.663965+00:00,"{'date': '2026-09-11', 'close': 13225, 'symbol': 'RDTX.JK'}"
REAL.JK,2026-09-11,50,,,2026-09-11T13:51:21.663965+00:00,"{'date': '2026-09-11', 'close': 50, 'symbol': 'REAL.JK'}"
RELF.JK,2026-09-11,37,,,2026-09-11T13:51:21.663965+00:00,"{'date': '2026-09-11', 'close': 37, 'symbol': 'RELF.JK'}"
RELI.JK,2026-09-11,560,,,2026-09-11T13:51:21.663965+00:00,"{'date': '2026-09-11', 'close': 560, 'symbol': 'RELI.JK'}"
RGAS.JK,2026-09-11,114,,,2026-09-11T13:51:21.663965+00:00,"{'date': '2026-09-11', 'close': 114, 'symbol': 'RGAS.JK'}"
RICY.JK,2026-09-11,79,,,2026-09-11T13:51:21.663965+00:00,"{'date': '2026-09-11', 'close': 79, 'symbol': 'RICY.JK'}"
RIGS.JK,2026-09-11,705,,,2026-09-11T13:51:21.663965+00:00,"{'date': '2026-09-11', 'close': 705, 'symbol': 'RIGS.JK'}"
RIMO.JK,2026-09-11,50,,,2026-09-11T13:51:21.663965+00:00,"{'date': '2026-09-11', 'close': 50, 'symbol': 'RIMO.JK'}"
RISE.JK,2026-09-11,800,,,2026-09-11T13:51:21.663965+00:00,"{'date': '2026-09-11', 'close': 800, 'symbol': 'RISE.JK'}"
RLCO.JK,2026-09-11,4500,,,2026-09-11T13:51:21.663965+00:00,"{'date': '2026-09-11', 'close': 4500, 'symbol': 'RLCO.JK'}"
RMKE.JK,2026-09-11,408,,,2026-09-11T13:51:21.663965+00:00,"{'date': '2026-09-11', 'close': 408, 'symbol': 'RMKE.JK'}"
RMKO.JK,2026-09-11,350,,,2026-09-11T13:51:21.663965+00:00,"{'date': '2026-09-11', 'close': 350, 'symbol': 'RMKO.JK'}"
ROCK.JK,2026-09-11,2070,,,2026-09-11T13:51:21.663965+00:00,"{'date': '2026-09-11', 'close': 2070, 'symbol': 'ROCK.JK'}"
RODA.JK,2026-09-11,65,,,2026-09-11T13:51:21.663965+00:00,"{'date': '2026-09-11', 'close': 65, 'symbol': 'RODA.JK'}"
RONY.JK,2026-09-11,1390,,,2026-09-11T13:51:21.663965+00:00,"{'date': '2026-09-11', 'close': 1390, 'symbol': 'RONY.JK'}"
ROTI.JK,2026-09-11,585,,,2026-09-11T13:51:21.663965+00:00,"{'date': '2026-09-11', 'close': 585, 'symbol': 'ROTI.JK'}"
RSCH.JK,2026-09-11,430,,,2026-09-11T13:51:21.663965+00:00,"{'date': '2026-09-11', 'close': 430, 'symbol': 'RSCH.JK'}"
RSGK.JK,2026-09-11,1030,,,2026-09-11T13:51:21.663965+00:00,"{'date': '2026-09-11', 'close': 1030, 'symbol': 'RSGK.JK'}"
RUIS.JK,2026-09-11,212,,,2026-09-11T13:51:21.663965+00:00,"{'date': '2026-09-11', 'close': 212, 'symbol': 'RUIS.JK'}"
RUNS.JK,2026-09-11,70,,,2026-09-11T13:51:21.663965+00:00,"{'date': '2026-09-11', 'close': 70, 'symbol': 'RUNS.JK'}"
SAFE.JK,2026-09-11,875,,,2026-09-11T13:51:21.663965+00:00,"{'date': '2026-09-11', 'close': 875, 'symbol': 'SAFE.JK'}"
SAGE.JK,2026-09-11,32,,,2026-09-11T13:51:21.663965+00:00,"{'date': '2026-09-11', 'close': 32, 'symbol': 'SAGE.JK'}"
SAME.JK,2026-09-11,304,,,2026-09-11T13:51:21.663965+00:00,"{'date': '2026-09-11', 'close': 304, 'symbol': 'SAME.JK'}"
SAMF.JK,2026-09-11,332,,,2026-09-11T13:51:21.663965+00:00,"{'date': '2026-09-11', 'close': 332, 'symbol': 'SAMF.JK'}"
SAPX.JK,2026-09-11,505,,,2026-09-11T13:51:21.663965+00:00,"{'date': '2026-09-11', 'close': 505, 'symbol': 'SAPX.JK'}"
SATU.JK,2026-09-11,246,,,2026-09-11T13:51:21.663965+00:00,"{'date': '2026-09-11', 'close': 246, 'symbol': 'SATU.JK'}"
SBAT.JK,2026-09-11,1,,,2026-09-11T13:51:21.663965+00:00,"{'date': '2026-09-11', 'close': 1, 'symbol': 'SBAT.JK'}"
SBMA.JK,2026-09-11,111,,,2026-09-11T13:51:21.663965+00:00,"{'date': '2026-09-11', 'close': 111, 'symbol': 'SBMA.JK'}"
SCCO.JK,2026-09-11,2520,,,2026-09-11T13:51:21.663965+00:00,"{'date': '2026-09-11', 'close': 2520, 'symbol': 'SCCO.JK'}"
SCMA.JK,2026-09-11,199,,,2026-09-11T13:51:21.663965+00:00,"{'date': '2026-09-11', 'close': 199, 'symbol': 'SCMA.JK'}"
SCNP.JK,2026-09-11,153,,,2026-09-11T13:51:21.663965+00:00,"{'date': '2026-09-11', 'close': 153, 'symbol': 'SCNP.JK'}"
SCPI.JK,2026-09-11,29000,,,2026-09-11T13:51:21.663965+00:00,"{'date': '2026-09-11', 'close': 29000, 'symbol': 'SCPI.JK'}"
SDMU.JK,2026-09-11,90,,,2026-09-11T13:51:21.663965+00:00,"{'date': '2026-09-11', 'close': 90, 'symbol': 'SDMU.JK'}"
SDPC.JK,2026-09-11,196,,,2026-09-11T13:51:21.663965+00:00,"{'date': '2026-09-11', 'close': 196, 'symbol': 'SDPC.JK'}"
SDRA.JK,2026-09-11,214,,,2026-09-11T13:51:21.663965+00:00,"{'date': '2026-09-11', 'close': 214, 'symbol': 'SDRA.JK'}"
SEMA.JK,2026-09-11,146,,,2026-09-11T13:51:21.663965+00:00,"{'date': '2026-09-11', 'close': 146, 'symbol': 'SEMA.JK'}"
SFAN.JK,2026-09-11,2040,,,2026-09-11T13:51:21.663965+00:00,"{'date': '2026-09-11', 'close': 2040, 'symbol': 'SFAN.JK'}"
SGER.JK,2026-09-11,680,,,2026-09-11T13:51:21.663965+00:00,"{'date': '2026-09-11', 'close': 680, 'symbol': 'SGER.JK'}"
SGRO.JK,2026-09-11,4790,,,2026-09-11T13:51:21.663965+00:00,"{'date': '2026-09-11', 'close': 4790, 'symbol': 'SGRO.JK'}"
SHID.JK,2026-09-11,820,,,2026-09-11T13:51:21.663965+00:00,"{'date': '2026-09-11', 'close': 820, 'symbol': 'SHID.JK'}"
SHIP.JK,2026-09-11,2600,,,2026-09-11T13:51:21.663965+00:00,"{'date': '2026-09-11', 'close': 2600, 'symbol': 'SHIP.JK'}"
SICO.JK,2026-09-11,115,,,2026-09-11T13:51:21.663965+00:00,"{'date': '2026-09-11', 'close': 115, 'symbol': 'SICO.JK'}"
SIDO.JK,2026-09-11,348,,,2026-09-11T13:51:21.663965+00:00,"{'date': '2026-09-11', 'close': 348, 'symbol': 'SIDO.JK'}"
SILO.JK,2026-09-11,2010,,,2026-09-11T13:51:21.663965+00:00,"{'date': '2026-09-11', 'close': 2010, 'symbol': 'SILO.JK'}"
SIMA.JK,2026-09-11,50,,,2026-09-11T13:51:21.663965+00:00,"{'date': '2026-09-11', 'close': 50, 'symbol': 'SIMA.JK'}"
SIMP.JK,2026-09-11,615,,,2026-09-11T13:51:21.663965+00:00,"{'date': '2026-09-11', 'close': 615, 'symbol': 'SIMP.JK'}"
SINI.JK,2026-09-11,13100,,,2026-09-11T13:51:21.663965+00:00,"{'date': '2026-09-11', 'close': 13100, 'symbol': 'SINI.JK'}"
SIPD.JK,2026-09-11,915,,,2026-09-11T13:51:21.663965+00:00,"{'date': '2026-09-11', 'close': 915, 'symbol': 'SIPD.JK'}"
SKBM.JK,2026-09-11,535,,,2026-09-11T13:51:21.663965+00:00,"{'date': '2026-09-11', 'close': 535, 'symbol': 'SKBM.JK'}"
SKLT.JK,2026-09-11,214,,,2026-09-11T13:51:21.663965+00:00,"{'date': '2026-09-11', 'close': 214, 'symbol': 'SKLT.JK'}"
SKRN.JK,2026-09-11,412,,,2026-09-11T13:51:21.663965+00:00,"{'date': '2026-09-11', 'close': 412, 'symbol': 'SKRN.JK'}"
SKYB.JK,2026-09-11,51,,,2026-09-11T13:51:21.663965+00:00,"{'date': '2026-09-11', 'close': 51, 'symbol': 'SKYB.JK'}"
SLIS.JK,2026-09-11,86,,,2026-09-11T13:51:21.663965+00:00,"{'date': '2026-09-11', 'close': 86, 'symbol': 'SLIS.JK'}"
SMAR.JK,2026-09-11,6300,,,2026-09-11T13:51:21.663965+00:00,"{'date': '2026-09-11', 'close': 6300, 'symbol': 'SMAR.JK'}"
SMBR.JK,2026-09-11,172,,,2026-09-11T13:51:21.663965+00:00,"{'date': '2026-09-11', 'close': 172, 'symbol': 'SMBR.JK'}"
SMCB.JK,2026-09-11,775,,,2026-09-11T13:51:21.663965+00:00,"{'date': '2026-09-11', 'close': 775, 'symbol': 'SMCB.JK'}"
SMDM.JK,2026-09-11,550,,,2026-09-11T13:51:21.663965+00:00,"{'date': '2026-09-11', 'close': 550, 'symbol': 'SMDM.JK'}"
SMDR.JK,2026-09-11,392,,,2026-09-11T13:51:21.663965+00:00,"{'date': '2026-09-11', 'close': 392, 'symbol': 'SMDR.JK'}"
SMGA.JK,2026-09-11,88,,,2026-09-11T13:51:21.663965+00:00,"{'date': '2026-09-11', 'close': 88, 'symbol': 'SMGA.JK'}"
SMGR.JK,2026-09-11,1695,,,2026-09-11T13:51:21.663965+00:00,"{'date': '2026-09-11', 'close': 1695, 'symbol': 'SMGR.JK'}"
SMIL.JK,2026-09-11,434,,,2026-09-11T13:51:21.663965+00:00,"{'date': '2026-09-11', 'close': 434, 'symbol': 'SMIL.JK'}"
SMKL.JK,2026-09-11,153,,,2026-09-11T13:51:21.663965+00:00,"{'date': '2026-09-11', 'close': 153, 'symbol': 'SMKL.JK'}"
SMKM.JK,2026-09-11,106,,,2026-09-11T13:51:21.663965+00:00,"{'date': '2026-09-11', 'close': 106, 'symbol': 'SMKM.JK'}"
SMLE.JK,2026-09-11,185,,,2026-09-11T13:51:21.663965+00:00,"{'date': '2026-09-11', 'close': 185, 'symbol': 'SMLE.JK'}"
SMMA.JK,2026-09-11,20025,,,2026-09-11T13:51:21.663965+00:00,"{'date': '2026-09-11', 'close': 20025, 'symbol': 'SMMA.JK'}"
SMMT.JK,2026-09-11,2700,,,2026-09-11T13:51:21.663965+00:00,"{'date': '2026-09-11', 'close': 2700, 'symbol': 'SMMT.JK'}"
SMRA.JK,2026-09-11,332,,,2026-09-11T13:51:21.663965+00:00,"{'date': '2026-09-11', 'close': 332, 'symbol': 'SMRA.JK'}"
SMRU.JK,2026-09-11,50,,,2026-09-11T13:51:21.663965+00:00,"{'date': '2026-09-11', 'close': 50, 'symbol': 'SMRU.JK'}"
SMSM.JK,2026-09-11,1735,,,2026-09-11T13:51:21.663965+00:00,"{'date': '2026-09-11', 'close': 1735, 'symbol': 'SMSM.JK'}"
SNLK.JK,2026-09-11,234,,,2026-09-11T13:51:21.663965+00:00,"{'date': '2026-09-11', 'close': 234, 'symbol': 'SNLK.JK'}"
SOCI.JK,2026-09-11,650,,,2026-09-11T13:51:21.663965+00:00,"{'date': '2026-09-11', 'close': 650, 'symbol': 'SOCI.JK'}"
SOFA.JK,2026-09-11,344,,,2026-09-11T13:51:21.663965+00:00,"{'date': '2026-09-11', 'close': 344, 'symbol': 'SOFA.JK'}"
SOHO.JK,2026-09-11,1605,,,2026-09-11T13:51:21.663965+00:00,"{'date': '2026-09-11', 'close': 1605, 'symbol': 'SOHO.JK'}"
SOLA.JK,2026-09-11,91,,,2026-09-11T13:51:21.663965+00:00,"{'date': '2026-09-11', 'close': 91, 'symbol': 'SOLA.JK'}"
SONA.JK,2026-09-11,2250,,,2026-09-11T13:51:21.663965+00:00,"{'date': '2026-09-11', 'close': 2250, 'symbol': 'SONA.JK'}"
SOSS.JK,2026-09-11,945,,,2026-09-11T13:51:21.663965+00:00,"{'date': '2026-09-11', 'close': 945, 'symbol': 'SOSS.JK'}"
SOTS.JK,2026-09-11,600,,,2026-09-11T13:51:21.663965+00:00,"{'date': '2026-09-11', 'close': 600, 'symbol': 'SOTS.JK'}"
SOUL.JK,2026-09-11,37,,,2026-09-11T13:51:21.663965+00:00,"{'date': '2026-09-11', 'close': 37, 'symbol': 'SOUL.JK'}"
SPMA.JK,2026-09-11,172,,,2026-09-11T13:51:21.663965+00:00,"{'date': '2026-09-11', 'close': 172, 'symbol': 'SPMA.JK'}"
SPRE.JK,2026-09-11,101,,,2026-09-11T13:51:21.663965+00:00,"{'date': '2026-09-11', 'close': 101, 'symbol': 'SPRE.JK'}"
SPTO.JK,2026-09-11,600,,,2026-09-11T13:51:21.663965+00:00,"{'date': '2026-09-11', 'close': 600, 'symbol': 'SPTO.JK'}"
SQMI.JK,2026-09-11,99,,,2026-09-11T13:51:21.663965+00:00,"{'date': '2026-09-11', 'close': 99, 'symbol': 'SQMI.JK'}"
SRAJ.JK,2026-09-11,15600,,,2026-09-11T13:51:21.663965+00:00,"{'date': '2026-09-11', 'close': 15600, 'symbol': 'SRAJ.JK'}"
SRIL.JK,2026-09-11,146,,,2026-09-11T13:51:21.663965+00:00,"{'date': '2026-09-11', 'close': 146, 'symbol': 'SRIL.JK'}"
SRSN.JK,2026-09-11,97,,,2026-09-11T13:51:21.663965+00:00,"{'date': '2026-09-11', 'close': 97, 'symbol': 'SRSN.JK'}"
SRTG.JK,2026-09-11,1805,,,2026-09-11T13:51:21.663965+00:00,"{'date': '2026-09-11', 'close': 1805, 'symbol': 'SRTG.JK'}"
SSIA.JK,2026-09-11,1695,,,2026-09-11T13:51:21.663965+00:00,"{'date': '2026-09-11', 'close': 1695, 'symbol': 'SSIA.JK'}"
SSMS.JK,2026-09-11,1195,,,2026-09-11T13:51:21.663965+00:00,"{'date': '2026-09-11', 'close': 1195, 'symbol': 'SSMS.JK'}"
SSTM.JK,2026-09-11,472,,,2026-09-11T13:51:21.663965+00:00,"{'date': '2026-09-11', 'close': 472, 'symbol': 'SSTM.JK'}"
STAA.JK,2026-09-11,1190,,,2026-09-11T13:51:21.663965+00:00,"{'date': '2026-09-11', 'close': 1190, 'symbol': 'STAA.JK'}"
STAR.JK,2026-09-11,376,,,2026-09-11T13:51:21.663965+00:00,"{'date': '2026-09-11', 'close': 376, 'symbol': 'STAR.JK'}"
STRK.JK,2026-09-11,62,,,2026-09-11T13:51:21.663965+00:00,"{'date': '2026-09-11', 'close': 62, 'symbol': 'STRK.JK'}"
STTP.JK,2026-09-11,9450,,,2026-09-11T13:51:21.663965+00:00,"{'date': '2026-09-11', 'close': 9450, 'symbol': 'STTP.JK'}"
SUGI.JK,2026-09-11,50,,,2026-09-11T13:51:21.663965+00:00,"{'date': '2026-09-11', 'close': 50, 'symbol': 'SUGI.JK'}"
SULI.JK,2026-09-11,88,,,2026-09-11T13:51:21.663965+00:00,"{'date': '2026-09-11', 'close': 88, 'symbol': 'SULI.JK'}"
SUNI.JK,2026-09-11,680,,,2026-09-11T13:51:21.663965+00:00,"{'date': '2026-09-11', 'close': 680, 'symbol': 'SUNI.JK'}"
SUPA.JK,2026-09-11,505,,,2026-09-11T13:51:21.663965+00:00,"{'date': '2026-09-11', 'close': 505, 'symbol': 'SUPA.JK'}"
SUPR.JK,2026-09-11,43850,,,2026-09-11T13:51:21.663965+00:00,"{'date': '2026-09-11', 'close': 43850, 'symbol': 'SUPR.JK'}"
SURE.JK,2026-09-11,3040,,,2026-09-11T13:51:21.663965+00:00,"{'date': '2026-09-11', 'close': 3040, 'symbol': 'SURE.JK'}"
SURI.JK,2026-09-11,85,,,2026-09-11T13:51:21.663965+00:00,"{'date': '2026-09-11', 'close': 85, 'symbol': 'SURI.JK'}"
SWAT.JK,2026-09-11,16,,,2026-09-11T13:51:21.663965+00:00,"{'date': '2026-09-11', 'close': 16, 'symbol': 'SWAT.JK'}"
SWID.JK,2026-09-11,117,,,2026-09-11T13:51:21.663965+00:00,"{'date': '2026-09-11', 'close': 117, 'symbol': 'SWID.JK'}"
TALF.JK,2026-09-11,710,,,2026-09-11T13:51:21.663965+00:00,"{'date': '2026-09-11', 'close': 710, 'symbol': 'TALF.JK'}"
TAMA.JK,2026-09-11,194,,,2026-09-11T13:51:21.663965+00:00,"{'date': '2026-09-11', 'close': 194, 'symbol': 'TAMA.JK'}"
TAMU.JK,2026-09-11,28,,,2026-09-11T13:51:21.663965+00:00,"{'date': '2026-09-11', 'close': 28, 'symbol': 'TAMU.JK'}"
TAPG.JK,2026-09-11,2270,,,2026-09-11T13:51:21.663965+00:00,"{'date': '2026-09-11', 'close': 2270, 'symbol': 'TAPG.JK'}"
TARA.JK,2026-09-11,32,,,2026-09-11T13:51:21.663965+00:00,"{'date': '2026-09-11', 'close': 32, 'symbol': 'TARA.JK'}"
TAXI.JK,2026-09-11,15,,,2026-09-11T13:51:21.663965+00:00,"{'date': '2026-09-11', 'close': 15, 'symbol': 'TAXI.JK'}"
TAYS.JK,2026-09-11,50,,,2026-09-11T13:51:21.663965+00:00,"{'date': '2026-09-11', 'close': 50, 'symbol': 'TAYS.JK'}"
TBIG.JK,2026-09-11,1480,,,2026-09-11T13:51:21.663965+00:00,"{'date': '2026-09-11', 'close': 1480, 'symbol': 'TBIG.JK'}"
TBLA.JK,2026-09-11,625,,,2026-09-11T13:51:21.663965+00:00,"{'date': '2026-09-11', 'close': 625, 'symbol': 'TBLA.JK'}"
TBMS.JK,2026-09-11,1225,,,2026-09-11T13:51:21.663965+00:00,"{'date': '2026-09-11', 'close': 1225, 'symbol': 'TBMS.JK'}"
TCID.JK,2026-09-11,2600,,,2026-09-11T13:51:21.663965+00:00,"{'date': '2026-09-11', 'close': 2600, 'symbol': 'TCID.JK'}"
TCPI.JK,2026-09-11,1980,,,2026-09-11T13:51:21.663965+00:00,"{'date': '2026-09-11', 'close': 1980, 'symbol': 'TCPI.JK'}"
TDPM.JK,2026-09-11,119,,,2026-09-11T13:51:21.663965+00:00,"{'date': '2026-09-11', 'close': 119, 'symbol': 'TDPM.JK'}"
TEBE.JK,2026-09-11,1715,,,2026-09-11T13:51:21.663965+00:00,"{'date': '2026-09-11', 'close': 1715, 'symbol': 'TEBE.JK'}"
TECH.JK,2026-09-11,50,,,2026-09-11T13:51:21.663965+00:00,"{'date': '2026-09-11', 'close': 50, 'symbol': 'TECH.JK'}"
TELE.JK,2026-09-11,9,,,2026-09-11T13:51:21.663965+00:00,"{'date': '2026-09-11', 'close': 9, 'symbol': 'TELE.JK'}"
TFAS.JK,2026-09-11,185,,,2026-09-11T13:51:21.663965+00:00,"{'date': '2026-09-11', 'close': 185, 'symbol': 'TFAS.JK'}"
TFCO.JK,2026-09-11,800,,,2026-09-11T13:51:21.663965+00:00,"{'date': '2026-09-11', 'close': 800, 'symbol': 'TFCO.JK'}"
TGKA.JK,2026-09-11,4970,,,2026-09-11T13:51:21.663965+00:00,"{'date': '2026-09-11', 'close': 4970, 'symbol': 'TGKA.JK'}"
TGRA.JK,2026-09-11,27,,,2026-09-11T13:51:21.663965+00:00,"{'date': '2026-09-11', 'close': 27, 'symbol': 'TGRA.JK'}"
TGUK.JK,2026-09-11,91,,,2026-09-11T13:51:21.663965+00:00,"{'date': '2026-09-11', 'close': 91, 'symbol': 'TGUK.JK'}"
TIFA.JK,2026-09-11,316,,,2026-09-11T13:51:21.663965+00:00,"{'date': '2026-09-11', 'close': 316, 'symbol': 'TIFA.JK'}"
TINS.JK,2026-09-11,4740,,,2026-09-11T13:51:21.663965+00:00,"{'date': '2026-09-11', 'close': 4740, 'symbol': 'TINS.JK'}"
TIRA.JK,2026-09-11,408,,,2026-09-11T13:51:21.663965+00:00,"{'date': '2026-09-11', 'close': 408, 'symbol': 'TIRA.JK'}"
TIRT.JK,2026-09-11,590,,,2026-09-11T13:51:21.663965+00:00,"{'date': '2026-09-11', 'close': 590, 'symbol': 'TIRT.JK'}"
TKIM.JK,2026-09-11,7850,,,2026-09-11T13:51:21.663965+00:00,"{'date': '2026-09-11', 'close': 7850, 'symbol': 'TKIM.JK'}"
TLDN.JK,2026-09-11,615,,,2026-09-11T13:51:21.663965+00:00,"{'date': '2026-09-11', 'close': 615, 'symbol': 'TLDN.JK'}"
TLKM.JK,2026-09-11,2600,,,2026-09-11T13:51:21.663965+00:00,"{'date': '2026-09-11', 'close': 2600, 'symbol': 'TLKM.JK'}"
TMAS.JK,2026-09-11,146,,,2026-09-11T13:51:21.663965+00:00,"{'date': '2026-09-11', 'close': 146, 'symbol': 'TMAS.JK'}"
TMPO.JK,2026-09-11,151,,,2026-09-11T13:51:21.663965+00:00,"{'date': '2026-09-11', 'close': 151, 'symbol': 'TMPO.JK'}"
TNCA.JK,2026-09-11,180,,,2026-09-11T13:51:21.663965+00:00,"{'date': '2026-09-11', 'close': 180, 'symbol': 'TNCA.JK'}"
TOBA.JK,2026-09-11,550,,,2026-09-11T13:51:21.663965+00:00,"{'date': '2026-09-11', 'close': 550, 'symbol': 'TOBA.JK'}"
TOOL.JK,2026-09-11,69,,,2026-09-11T13:51:21.663965+00:00,"{'date': '2026-09-11', 'close': 69, 'symbol': 'TOOL.JK'}"
TOPS.JK,2026-09-11,1,,,2026-09-11T13:51:21.663965+00:00,"{'date': '2026-09-11', 'close': 1, 'symbol': 'TOPS.JK'}"
TOSK.JK,2026-09-11,83,,,2026-09-11T13:51:21.663965+00:00,"{'date': '2026-09-11', 'close': 83, 'symbol': 'TOSK.JK'}"
TOTL.JK,2026-09-11,1500,,,2026-09-11T13:51:21.663965+00:00,"{'date': '2026-09-11', 'close': 1500, 'symbol': 'TOTL.JK'}"
TOTO.JK,2026-09-11,242,,,2026-09-11T13:51:21.663965+00:00,"{'date': '2026-09-11', 'close': 242, 'symbol': 'TOTO.JK'}"
TOWR.JK,2026-09-11,454,,,2026-09-11T13:51:21.663965+00:00,"{'date': '2026-09-11', 'close': 454, 'symbol': 'TOWR.JK'}"
TOYS.JK,2026-09-11,8,,,2026-09-11T13:51:21.663965+00:00,"{'date': '2026-09-11', 'close': 8, 'symbol': 'TOYS.JK'}"
TPIA.JK,2026-09-11,1880,,,2026-09-11T13:51:21.663965+00:00,"{'date': '2026-09-11', 'close': 1880, 'symbol': 'TPIA.JK'}"
TPMA.JK,2026-09-11,486,,,2026-09-11T13:51:21.663965+00:00,"{'date': '2026-09-11', 'close': 486, 'symbol': 'TPMA.JK'}"
TRAM.JK,2026-09-11,50,,,2026-09-11T13:51:21.663965+00:00,"{'date': '2026-09-11', 'close': 50, 'symbol': 'TRAM.JK'}"
TRGU.JK,2026-09-11,174,,,2026-09-11T13:51:21.663965+00:00,"{'date': '2026-09-11', 'close': 174, 'symbol': 'TRGU.JK'}"
TRIL.JK,2026-09-11,50,,,2026-09-11T13:51:21.663965+00:00,"{'date': '2026-09-11', 'close': 50, 'symbol': 'TRIL.JK'}"
TRIM.JK,2026-09-11,715,,,2026-09-11T13:51:21.663965+00:00,"{'date': '2026-09-11', 'close': 715, 'symbol': 'TRIM.JK'}"
TRIN.JK,2026-09-11,414,,,2026-09-11T13:51:21.663965+00:00,"{'date': '2026-09-11', 'close': 414, 'symbol': 'TRIN.JK'}"
TRIO.JK,2026-09-11,426,,,2026-09-11T13:51:21.663965+00:00,"{'date': '2026-09-11', 'close': 426, 'symbol': 'TRIO.JK'}"
TRIS.JK,2026-09-11,171,,,2026-09-11T13:51:21.663965+00:00,"{'date': '2026-09-11', 'close': 171, 'symbol': 'TRIS.JK'}"
TRJA.JK,2026-09-11,128,,,2026-09-11T13:51:21.663965+00:00,"{'date': '2026-09-11', 'close': 128, 'symbol': 'TRJA.JK'}"
TRON.JK,2026-09-11,100,,,2026-09-11T13:51:21.663965+00:00,"{'date': '2026-09-11', 'close': 100, 'symbol': 'TRON.JK'}"
TRST.JK,2026-09-11,462,,,2026-09-11T13:51:21.663965+00:00,"{'date': '2026-09-11', 'close': 462, 'symbol': 'TRST.JK'}"
TRUE.JK,2026-09-11,50,,,2026-09-11T13:51:21.663965+00:00,"{'date': '2026-09-11', 'close': 50, 'symbol': 'TRUE.JK'}"
TRUK.JK,2026-09-11,1075,,,2026-09-11T13:51:21.663965+00:00,"{'date': '2026-09-11', 'close': 1075, 'symbol': 'TRUK.JK'}"
TRUS.JK,2026-09-11,460,,,2026-09-11T13:51:21.663965+00:00,"{'date': '2026-09-11', 'close': 460, 'symbol': 'TRUS.JK'}"
TSPC.JK,2026-09-11,2730,,,2026-09-11T13:51:21.663965+00:00,"{'date': '2026-09-11', 'close': 2730, 'symbol': 'TSPC.JK'}"
TUGU.JK,2026-09-11,1410,,,2026-09-11T13:51:21.663965+00:00,"{'date': '2026-09-11', 'close': 1410, 'symbol': 'TUGU.JK'}"
TYRE.JK,2026-09-11,110,,,2026-09-11T13:51:21.663965+00:00,"{'date': '2026-09-11', 'close': 110, 'symbol': 'TYRE.JK'}"
UANG.JK,2026-09-11,3790,,,2026-09-11T13:51:21.663965+00:00,"{'date': '2026-09-11', 'close': 3790, 'symbol': 'UANG.JK'}"
UCID.JK,2026-09-11,515,,,2026-09-11T13:51:21.663965+00:00,"{'date': '2026-09-11', 'close': 515, 'symbol': 'UCID.JK'}"
UDNG.JK,2026-09-11,595,,,2026-09-11T13:51:21.663965+00:00,"{'date': '2026-09-11', 'close': 595, 'symbol': 'UDNG.JK'}"
UFOE.JK,2026-09-11,145,,,2026-09-11T13:51:21.663965+00:00,"{'date': '2026-09-11', 'close': 145, 'symbol': 'UFOE.JK'}"
ULTJ.JK,2026-09-11,1510,,,2026-09-11T13:51:21.663965+00:00,"{'date': '2026-09-11', 'close': 1510, 'symbol': 'ULTJ.JK'}"
UNIC.JK,2026-09-11,15050,,,2026-09-11T13:51:21.663965+00:00,"{'date': '2026-09-11', 'close': 15050, 'symbol': 'UNIC.JK'}"
UNIQ.JK,2026-09-11,121,,,2026-09-11T13:51:21.663965+00:00,"{'date': '2026-09-11', 'close': 121, 'symbol': 'UNIQ.JK'}"
UNIT.JK,2026-09-11,316,,,2026-09-11T13:51:21.663965+00:00,"{'date': '2026-09-11', 'close': 316, 'symbol': 'UNIT.JK'}"
UNSP.JK,2026-09-11,206,,,2026-09-11T13:51:21.663965+00:00,"{'date': '2026-09-11', 'close': 206, 'symbol': 'UNSP.JK'}"
UNTD.JK,2026-09-11,81,,,2026-09-11T13:51:21.663965+00:00,"{'date': '2026-09-11', 'close': 81, 'symbol': 'UNTD.JK'}"
UNTR.JK,2026-09-11,26300,,,2026-09-11T13:51:21.663965+00:00,"{'date': '2026-09-11', 'close': 26300, 'symbol': 'UNTR.JK'}"
UNVR.JK,2026-09-11,1630,,,2026-09-11T13:51:21.663965+00:00,"{'date': '2026-09-11', 'close': 1630, 'symbol': 'UNVR.JK'}"
URBN.JK,2026-09-11,218,,,2026-09-11T13:51:21.663965+00:00,"{'date': '2026-09-11', 'close': 218, 'symbol': 'URBN.JK'}"
UVCR.JK,2026-09-11,155,,,2026-09-11T13:51:21.663965+00:00,"{'date': '2026-09-11', 'close': 155, 'symbol': 'UVCR.JK'}"
VAST.JK,2026-09-11,113,,,2026-09-11T13:51:21.663965+00:00,"{'date': '2026-09-11', 'close': 113, 'symbol': 'VAST.JK'}"
VERN.JK,2026-09-11,232,,,2026-09-11T13:51:21.663965+00:00,"{'date': '2026-09-11', 'close': 232, 'symbol': 'VERN.JK'}"
VICI.JK,2026-09-11,1115,,,2026-09-11T13:51:21.663965+00:00,"{'date': '2026-09-11', 'close': 1115, 'symbol': 'VICI.JK'}"
VICO.JK,2026-09-11,168,,,2026-09-11T13:51:21.663965+00:00,"{'date': '2026-09-11', 'close': 168, 'symbol': 'VICO.JK'}"
VINS.JK,2026-09-11,145,,,2026-09-11T13:51:21.663965+00:00,"{'date': '2026-09-11', 'close': 145, 'symbol': 'VINS.JK'}"
VISI.JK,2026-09-11,1035,,,2026-09-11T13:51:21.663965+00:00,"{'date': '2026-09-11', 'close': 1035, 'symbol': 'VISI.JK'}"
VIVA.JK,2026-09-11,45,,,2026-09-11T13:51:21.663965+00:00,"{'date': '2026-09-11', 'close': 45, 'symbol': 'VIVA.JK'}"
VKTR.JK,2026-09-11,795,,,2026-09-11T13:51:21.663965+00:00,"{'date': '2026-09-11', 'close': 795, 'symbol': 'VKTR.JK'}"
VOKS.JK,2026-09-11,242,,,2026-09-11T13:51:21.663965+00:00,"{'date': '2026-09-11', 'close': 242, 'symbol': 'VOKS.JK'}"
VRNA.JK,2026-09-11,91,,,2026-09-11T13:51:21.663965+00:00,"{'date': '2026-09-11', 'close': 91, 'symbol': 'VRNA.JK'}"
VTNY.JK,2026-09-11,72,,,2026-09-11T13:51:21.663965+00:00,"{'date': '2026-09-11', 'close': 72, 'symbol': 'VTNY.JK'}"
WAPO.JK,2026-09-11,185,,,2026-09-11T13:51:21.663965+00:00,"{'date': '2026-09-11', 'close': 185, 'symbol': 'WAPO.JK'}"
WBSA.JK,2026-09-11,680,,,2026-09-11T13:51:21.663965+00:00,"{'date': '2026-09-11', 'close': 680, 'symbol': 'WBSA.JK'}"
WEGE.JK,2026-09-11,50,,,2026-09-11T13:51:21.663965+00:00,"{'date': '2026-09-11', 'close': 50, 'symbol': 'WEGE.JK'}"
WEHA.JK,2026-09-11,110,,,2026-09-11T13:51:21.663965+00:00,"{'date': '2026-09-11', 'close': 110, 'symbol': 'WEHA.JK'}"
WGSH.JK,2026-09-11,136,,,2026-09-11T13:51:21.663965+00:00,"{'date': '2026-09-11', 'close': 136, 'symbol': 'WGSH.JK'}"
WICO.JK,2026-09-11,123,,,2026-09-11T13:51:21.663965+00:00,"{'date': '2026-09-11', 'close': 123, 'symbol': 'WICO.JK'}"
WIDI.JK,2026-09-11,28,,,2026-09-11T13:51:21.663965+00:00,"{'date': '2026-09-11', 'close': 28, 'symbol': 'WIDI.JK'}"
WIFI.JK,2026-09-11,1995,,,2026-09-11T13:51:21.663965+00:00,"{'date': '2026-09-11', 'close': 1995, 'symbol': 'WIFI.JK'}"
WIIM.JK,2026-09-11,1615,,,2026-09-11T13:51:21.663965+00:00,"{'date': '2026-09-11', 'close': 1615, 'symbol': 'WIIM.JK'}"
WIKA.JK,2026-09-11,204,,,2026-09-11T13:51:21.663965+00:00,"{'date': '2026-09-11', 'close': 204, 'symbol': 'WIKA.JK'}"
WINE.JK,2026-09-11,129,,,2026-09-11T13:51:21.663965+00:00,"{'date': '2026-09-11', 'close': 129, 'symbol': 'WINE.JK'}"
WINR.JK,2026-09-11,28,,,2026-09-11T13:51:21.663965+00:00,"{'date': '2026-09-11', 'close': 28, 'symbol': 'WINR.JK'}"
WINS.JK,2026-09-11,620,,,2026-09-11T13:51:21.663965+00:00,"{'date': '2026-09-11', 'close': 620, 'symbol': 'WINS.JK'}"
WIRG.JK,2026-09-11,77,,,2026-09-11T13:51:21.663965+00:00,"{'date': '2026-09-11', 'close': 77, 'symbol': 'WIRG.JK'}"
WMPP.JK,2026-09-11,30,,,2026-09-11T13:51:21.663965+00:00,"{'date': '2026-09-11', 'close': 30, 'symbol': 'WMPP.JK'}"
WMUU.JK,2026-09-11,50,,,2026-09-11T13:51:21.663965+00:00,"{'date': '2026-09-11', 'close': 50, 'symbol': 'WMUU.JK'}"
WOMF.JK,2026-09-11,296,,,2026-09-11T13:51:21.663965+00:00,"{'date': '2026-09-11', 'close': 296, 'symbol': 'WOMF.JK'}"
WOOD.JK,2026-09-11,204,,,2026-09-11T13:51:21.663965+00:00,"{'date': '2026-09-11', 'close': 204, 'symbol': 'WOOD.JK'}"
WOWS.JK,2026-09-11,58,,,2026-09-11T13:51:21.663965+00:00,"{'date': '2026-09-11', 'close': 58, 'symbol': 'WOWS.JK'}"
WSBP.JK,2026-09-11,14,,,2026-09-11T13:51:21.663965+00:00,"{'date': '2026-09-11', 'close': 14, 'symbol': 'WSBP.JK'}"
WSKT.JK,2026-09-11,202,,,2026-09-11T13:51:21.663965+00:00,"{'date': '2026-09-11', 'close': 202, 'symbol': 'WSKT.JK'}"
WTON.JK,2026-09-11,79,,,2026-09-11T13:51:21.663965+00:00,"{'date': '2026-09-11', 'close': 79, 'symbol': 'WTON.JK'}"
YELO.JK,2026-09-11,95,,,2026-09-11T13:51:21.663965+00:00,"{'date': '2026-09-11', 'close': 95, 'symbol': 'YELO.JK'}"
YOII.JK,2026-09-11,80,,,2026-09-11T13:51:21.663965+00:00,"{'date': '2026-09-11', 'close': 80, 'symbol': 'YOII.JK'}"
YPAS.JK,2026-09-11,1385,,,2026-09-11T13:51:21.663965+00:00,"{'date': '2026-09-11', 'close': 1385, 'symbol': 'YPAS.JK'}"
YULE.JK,2026-09-11,3500,,,2026-09-11T13:51:21.663965+00:00,"{'date': '2026-09-11', 'close': 3500, 'symbol': 'YULE.JK'}"
YUPI.JK,2026-09-11,1300,,,2026-09-11T13:51:21.663965+00:00,"{'date': '2026-09-11', 'close': 1300, 'symbol': 'YUPI.JK'}"
ZATA.JK,2026-09-11,67,,,2026-09-11T13:51:21.663965+00:00,"{'date': '2026-09-11', 'close': 67, 'symbol': 'ZATA.JK'}"
ZBRA.JK,2026-09-11,50,,,2026-09-11T13:51:21.663965+00:00,"{'date': '2026-09-11', 'close': 50, 'symbol': 'ZBRA.JK'}"
ZINC.JK,2026-09-11,30,,,2026-09-11T13:51:21.663965+00:00,"{'date': '2026-09-11', 'close': 30, 'symbol': 'ZINC.JK'}"
ZONE.JK,2026-09-11,710,,,2026-09-11T13:51:21.663965+00:00,"{'date': '2026-09-11', 'close': 710, 'symbol': 'ZONE.JK'}"
ZYRX.JK,2026-09-11,127,,,2026-09-11T13:51:21.663965+00:00,"{'date': '2026-09-11', 'close': 127, 'symbol': 'ZYRX.JK'}"
AADI.JK,2026-09-16,12400,,,2026-09-16T12:17:22.062909+00:00,"{'date': '2026-09-16', 'close': 12400, 'symbol': 'AADI.JK'}"
AALI.JK,2026-09-16,8625,,,2026-09-16T12:17:22.062909+00:00,"{'date': '2026-09-16', 'close': 8625, 'symbol': 'AALI.JK'}"
ABBA.JK,2026-09-16,30,,,2026-09-16T12:17:22.062909+00:00,"{'date': '2026-09-16', 'close': 30, 'symbol': 'ABBA.JK'}"
ABDA.JK,2026-09-16,4970,,,2026-09-16T12:17:22.062909+00:00,"{'date': '2026-09-16', 'close': 4970, 'symbol': 'ABDA.JK'}"
ABMM.JK,2026-09-16,2800,,,2026-09-16T12:17:22.062909+00:00,"{'date': '2026-09-16', 'close': 2800, 'symbol': 'ABMM.JK'}"
ACES.JK,2026-09-16,350,,,2026-09-16T12:17:22.062909+00:00,"{'date': '2026-09-16', 'close': 350, 'symbol': 'ACES.JK'}"
ACRO.JK,2026-09-16,64,,,2026-09-16T12:17:22.062909+00:00,"{'date': '2026-09-16', 'close': 64, 'symbol': 'ACRO.JK'}"
ACST.JK,2026-09-16,106,,,2026-09-16T12:17:22.062909+00:00,"{'date': '2026-09-16', 'close': 106, 'symbol': 'ACST.JK'}"
ADCP.JK,2026-09-16,50,,,2026-09-16T12:17:22.062909+00:00,"{'date': '2026-09-16', 'close': 50, 'symbol': 'ADCP.JK'}"
ADES.JK,2026-09-16,31975,,,2026-09-16T12:17:22.062909+00:00,"{'date': '2026-09-16', 'close': 31975, 'symbol': 'ADES.JK'}"
ADHI.JK,2026-09-16,133,,,2026-09-16T12:17:22.062909+00:00,"{'date': '2026-09-16', 'close': 133, 'symbol': 'ADHI.JK'}"
ADMF.JK,2026-09-16,8750,,,2026-09-16T12:17:22.062909+00:00,"{'date': '2026-09-16', 'close': 8750, 'symbol': 'ADMF.JK'}"
ADMG.JK,2026-09-16,252,,,2026-09-16T12:17:22.062909+00:00,"{'date': '2026-09-16', 'close': 252, 'symbol': 'ADMG.JK'}"
ADMR.JK,2026-09-16,1510,,,2026-09-16T12:17:22.062909+00:00,"{'date': '2026-09-16', 'close': 1510, 'symbol': 'ADMR.JK'}"
ADRO.JK,2026-09-16,2600,,,2026-09-16T12:17:22.062909+00:00,"{'date': '2026-09-16', 'close': 2600, 'symbol': 'ADRO.JK'}"
AEGS.JK,2026-09-16,51,,,2026-09-16T12:17:22.062909+00:00,"{'date': '2026-09-16', 'close': 51, 'symbol': 'AEGS.JK'}"
AGAR.JK,2026-09-16,2530,,,2026-09-16T12:17:22.062909+00:00,"{'date': '2026-09-16', 'close': 2530, 'symbol': 'AGAR.JK'}"
AGII.JK,2026-09-16,3300,,,2026-09-16T12:17:22.062909+00:00,"{'date': '2026-09-16', 'close': 3300, 'symbol': 'AGII.JK'}"
AGRO.JK,2026-09-16,146,,,2026-09-16T12:17:22.062909+00:00,"{'date': '2026-09-16', 'close': 146, 'symbol': 'AGRO.JK'}"
AGRS.JK,2026-09-16,59,,,2026-09-16T12:17:22.062909+00:00,"{'date': '2026-09-16', 'close': 59, 'symbol': 'AGRS.JK'}"
AHAP.JK,2026-09-16,112,,,2026-09-16T12:17:22.062909+00:00,"{'date': '2026-09-16', 'close': 112, 'symbol': 'AHAP.JK'}"
AIMS.JK,2026-09-16,482,,,2026-09-16T12:17:22.062909+00:00,"{'date': '2026-09-16', 'close': 482, 'symbol': 'AIMS.JK'}"
AISA.JK,2026-09-16,116,,,2026-09-16T12:17:22.062909+00:00,"{'date': '2026-09-16', 'close': 116, 'symbol': 'AISA.JK'}"
AKKU.JK,2026-09-16,38,,,2026-09-16T12:17:22.062909+00:00,"{'date': '2026-09-16', 'close': 38, 'symbol': 'AKKU.JK'}"
AKPI.JK,2026-09-16,550,,,2026-09-16T12:17:22.062909+00:00,"{'date': '2026-09-16', 'close': 550, 'symbol': 'AKPI.JK'}"
AKRA.JK,2026-09-16,1475,,,2026-09-16T12:17:22.062909+00:00,"{'date': '2026-09-16', 'close': 1475, 'symbol': 'AKRA.JK'}"
AKSI.JK,2026-09-16,370,,,2026-09-16T12:17:22.062909+00:00,"{'date': '2026-09-16', 'close': 370, 'symbol': 'AKSI.JK'}"
ALDO.JK,2026-09-16,960,,,2026-09-16T12:17:22.062909+00:00,"{'date': '2026-09-16', 'close': 960, 'symbol': 'ALDO.JK'}"
ALII.JK,2026-09-16,725,,,2026-09-16T12:17:22.062909+00:00,"{'date': '2026-09-16', 'close': 725, 'symbol': 'ALII.JK'}"
ALKA.JK,2026-09-16,7400,,,2026-09-16T12:17:22.062909+00:00,"{'date': '2026-09-16', 'close': 7400, 'symbol': 'ALKA.JK'}"
ALMI.JK,2026-09-16,74,,,2026-09-16T12:17:22.062909+00:00,"{'date': '2026-09-16', 'close': 74, 'symbol': 'ALMI.JK'}"
ALTO.JK,2026-09-16,18,,,2026-09-16T12:17:22.062909+00:00,"{'date': '2026-09-16', 'close': 18, 'symbol': 'ALTO.JK'}"
AMAG.JK,2026-09-16,388,,,2026-09-16T12:17:22.062909+00:00,"{'date': '2026-09-16', 'close': 388, 'symbol': 'AMAG.JK'}"
AMAN.JK,2026-09-16,222,,,2026-09-16T12:17:22.062909+00:00,"{'date': '2026-09-16', 'close': 222, 'symbol': 'AMAN.JK'}"
AMAR.JK,2026-09-16,234,,,2026-09-16T12:17:22.062909+00:00,"{'date': '2026-09-16', 'close': 234, 'symbol': 'AMAR.JK'}"
AMFG.JK,2026-09-16,3250,,,2026-09-16T12:17:22.062909+00:00,"{'date': '2026-09-16', 'close': 3250, 'symbol': 'AMFG.JK'}"
AMIN.JK,2026-09-16,246,,,2026-09-16T12:17:22.062909+00:00,"{'date': '2026-09-16', 'close': 246, 'symbol': 'AMIN.JK'}"
AMMN.JK,2026-09-16,5150,,,2026-09-16T12:17:22.062909+00:00,"{'date': '2026-09-16', 'close': 5150, 'symbol': 'AMMN.JK'}"
AMMS.JK,2026-09-16,206,,,2026-09-16T12:17:22.062909+00:00,"{'date': '2026-09-16', 'close': 206, 'symbol': 'AMMS.JK'}"
AMOR.JK,2026-09-16,370,,,2026-09-16T12:17:22.062909+00:00,"{'date': '2026-09-16', 'close': 370, 'symbol': 'AMOR.JK'}"
AMRT.JK,2026-09-16,1300,,,2026-09-16T12:17:22.062909+00:00,"{'date': '2026-09-16', 'close': 1300, 'symbol': 'AMRT.JK'}"
ANDI.JK,2026-09-16,20,,,2026-09-16T12:17:22.062909+00:00,"{'date': '2026-09-16', 'close': 20, 'symbol': 'ANDI.JK'}"
ANJT.JK,2026-09-16,1600,,,2026-09-16T12:17:22.062909+00:00,"{'date': '2026-09-16', 'close': 1600, 'symbol': 'ANJT.JK'}"
ANTM.JK,2026-09-16,3220,,,2026-09-16T12:17:22.062909+00:00,"{'date': '2026-09-16', 'close': 3220, 'symbol': 'ANTM.JK'}"
APEX.JK,2026-09-16,192,,,2026-09-16T12:17:22.062909+00:00,"{'date': '2026-09-16', 'close': 192, 'symbol': 'APEX.JK'}"
APIC.JK,2026-09-16,404,,,2026-09-16T12:17:22.062909+00:00,"{'date': '2026-09-16', 'close': 404, 'symbol': 'APIC.JK'}"
APII.JK,2026-09-16,195,,,2026-09-16T12:17:22.062909+00:00,"{'date': '2026-09-16', 'close': 195, 'symbol': 'APII.JK'}"
APLI.JK,2026-09-16,292,,,2026-09-16T12:17:22.062909+00:00,"{'date': '2026-09-16', 'close': 292, 'symbol': 'APLI.JK'}"
APLN.JK,2026-09-16,128,,,2026-09-16T12:17:22.062909+00:00,"{'date': '2026-09-16', 'close': 128, 'symbol': 'APLN.JK'}"
ARCI.JK,2026-09-16,1330,,,2026-09-16T12:17:22.062909+00:00,"{'date': '2026-09-16', 'close': 1330, 'symbol': 'ARCI.JK'}"
AREA.JK,2026-09-16,314,,,2026-09-16T12:17:22.062909+00:00,"{'date': '2026-09-16', 'close': 314, 'symbol': 'AREA.JK'}"
ARGO.JK,2026-09-16,1150,,,2026-09-16T12:17:22.062909+00:00,"{'date': '2026-09-16', 'close': 1150, 'symbol': 'ARGO.JK'}"
ARII.JK,2026-09-16,304,,,2026-09-16T12:17:22.062909+00:00,"{'date': '2026-09-16', 'close': 304, 'symbol': 'ARII.JK'}"
ARKA.JK,2026-09-16,22,,,2026-09-16T12:17:22.062909+00:00,"{'date': '2026-09-16', 'close': 22, 'symbol': 'ARKA.JK'}"
ARKO.JK,2026-09-16,3970,,,2026-09-16T12:17:22.062909+00:00,"{'date': '2026-09-16', 'close': 3970, 'symbol': 'ARKO.JK'}"
ARMY.JK,2026-09-16,50,,,2026-09-16T12:17:22.062909+00:00,"{'date': '2026-09-16', 'close': 50, 'symbol': 'ARMY.JK'}"
ARNA.JK,2026-09-16,510,,,2026-09-16T12:17:22.062909+00:00,"{'date': '2026-09-16', 'close': 510, 'symbol': 'ARNA.JK'}"
ARTA.JK,2026-09-16,2230,,,2026-09-16T12:17:22.062909+00:00,"{'date': '2026-09-16', 'close': 2230, 'symbol': 'ARTA.JK'}"
ARTI.JK,2026-09-16,2,,,2026-09-16T12:17:22.062909+00:00,"{'date': '2026-09-16', 'close': 2, 'symbol': 'ARTI.JK'}"
ARTO.JK,2026-09-16,910,,,2026-09-16T12:17:22.062909+00:00,"{'date': '2026-09-16', 'close': 910, 'symbol': 'ARTO.JK'}"
ASBI.JK,2026-09-16,400,,,2026-09-16T12:17:22.062909+00:00,"{'date': '2026-09-16', 'close': 400, 'symbol': 'ASBI.JK'}"
ASDM.JK,2026-09-16,520,,,2026-09-16T12:17:22.062909+00:00,"{'date': '2026-09-16', 'close': 520, 'symbol': 'ASDM.JK'}"
ASGR.JK,2026-09-16,2090,,,2026-09-16T12:17:22.062909+00:00,"{'date': '2026-09-16', 'close': 2090, 'symbol': 'ASGR.JK'}"
ASHA.JK,2026-09-16,56,,,2026-09-16T12:17:22.062909+00:00,"{'date': '2026-09-16', 'close': 56, 'symbol': 'ASHA.JK'}"
ASII.JK,2026-09-16,4850,,,2026-09-16T12:17:22.062909+00:00,"{'date': '2026-09-16', 'close': 4850, 'symbol': 'ASII.JK'}"
ASJT.JK,2026-09-16,162,,,2026-09-16T12:17:22.062909+00:00,"{'date': '2026-09-16', 'close': 162, 'symbol': 'ASJT.JK'}"
ASLC.JK,2026-09-16,66,,,2026-09-16T12:17:22.062909+00:00,"{'date': '2026-09-16', 'close': 66, 'symbol': 'ASLC.JK'}"
ASLI.JK,2026-09-16,360,,,2026-09-16T12:17:22.062909+00:00,"{'date': '2026-09-16', 'close': 360, 'symbol': 'ASLI.JK'}"
ASMI.JK,2026-09-16,15,,,2026-09-16T12:17:22.062909+00:00,"{'date': '2026-09-16', 'close': 15, 'symbol': 'ASMI.JK'}"
ASPI.JK,2026-09-16,510,,,2026-09-16T12:17:22.062909+00:00,"{'date': '2026-09-16', 'close': 510, 'symbol': 'ASPI.JK'}"
ASPR.JK,2026-09-16,149,,,2026-09-16T12:17:22.062909+00:00,"{'date': '2026-09-16', 'close': 149, 'symbol': 'ASPR.JK'}"
ASRI.JK,2026-09-16,126,,,2026-09-16T12:17:22.062909+00:00,"{'date': '2026-09-16', 'close': 126, 'symbol': 'ASRI.JK'}"
ASRM.JK,2026-09-16,290,,,2026-09-16T12:17:22.062909+00:00,"{'date': '2026-09-16', 'close': 290, 'symbol': 'ASRM.JK'}"
ASSA.JK,2026-09-16,600,,,2026-09-16T12:17:22.062909+00:00,"{'date': '2026-09-16', 'close': 600, 'symbol': 'ASSA.JK'}"
ATAP.JK,2026-09-16,565,,,2026-09-16T12:17:22.062909+00:00,"{'date': '2026-09-16', 'close': 565, 'symbol': 'ATAP.JK'}"
ATIC.JK,2026-09-16,462,,,2026-09-16T12:17:22.062909+00:00,"{'date': '2026-09-16', 'close': 462, 'symbol': 'ATIC.JK'}"
ATLA.JK,2026-09-16,50,,,2026-09-16T12:17:22.062909+00:00,"{'date': '2026-09-16', 'close': 50, 'symbol': 'ATLA.JK'}"
AUTO.JK,2026-09-16,3330,,,2026-09-16T12:17:22.062909+00:00,"{'date': '2026-09-16', 'close': 3330, 'symbol': 'AUTO.JK'}"
AVIA.JK,2026-09-16,340,,,2026-09-16T12:17:22.062909+00:00,"{'date': '2026-09-16', 'close': 340, 'symbol': 'AVIA.JK'}"
AWAN.JK,2026-09-16,162,,,2026-09-16T12:17:22.062909+00:00,"{'date': '2026-09-16', 'close': 162, 'symbol': 'AWAN.JK'}"
AXIO.JK,2026-09-16,115,,,2026-09-16T12:17:22.062909+00:00,"{'date': '2026-09-16', 'close': 115, 'symbol': 'AXIO.JK'}"
AYAM.JK,2026-09-16,515,,,2026-09-16T12:17:22.062909+00:00,"{'date': '2026-09-16', 'close': 515, 'symbol': 'AYAM.JK'}"
AYLS.JK,2026-09-16,147,,,2026-09-16T12:17:22.062909+00:00,"{'date': '2026-09-16', 'close': 147, 'symbol': 'AYLS.JK'}"
BABP.JK,2026-09-16,50,,,2026-09-16T12:17:22.062909+00:00,"{'date': '2026-09-16', 'close': 50, 'symbol': 'BABP.JK'}"
BABY.JK,2026-09-16,202,,,2026-09-16T12:17:22.062909+00:00,"{'date': '2026-09-16', 'close': 202, 'symbol': 'BABY.JK'}"
BACA.JK,2026-09-16,116,,,2026-09-16T12:17:22.062909+00:00,"{'date': '2026-09-16', 'close': 116, 'symbol': 'BACA.JK'}"
BACH.JK,2026-09-16,414,,,2026-09-16T12:17:22.062909+00:00,"{'date': '2026-09-16', 'close': 414, 'symbol': 'BACH.JK'}"
BAIK.JK,2026-09-16,232,,,2026-09-16T12:17:22.062909+00:00,"{'date': '2026-09-16', 'close': 232, 'symbol': 'BAIK.JK'}"
BAJA.JK,2026-09-16,276,,,2026-09-16T12:17:22.062909+00:00,"{'date': '2026-09-16', 'close': 276, 'symbol': 'BAJA.JK'}"
BALI.JK,2026-09-16,1295,,,2026-09-16T12:17:22.062909+00:00,"{'date': '2026-09-16', 'close': 1295, 'symbol': 'BALI.JK'}"
BANK.JK,2026-09-16,260,,,2026-09-16T12:17:22.062909+00:00,"{'date': '2026-09-16', 'close': 260, 'symbol': 'BANK.JK'}"
BAPA.JK,2026-09-16,126,,,2026-09-16T12:17:22.062909+00:00,"{'date': '2026-09-16', 'close': 126, 'symbol': 'BAPA.JK'}"
BAPI.JK,2026-09-16,22,,,2026-09-16T12:17:22.062909+00:00,"{'date': '2026-09-16', 'close': 22, 'symbol': 'BAPI.JK'}"
BATA.JK,2026-09-16,59,,,2026-09-16T12:17:22.062909+00:00,"{'date': '2026-09-16', 'close': 59, 'symbol': 'BATA.JK'}"
BATR.JK,2026-09-16,90,,,2026-09-16T12:17:22.062909+00:00,"{'date': '2026-09-16', 'close': 90, 'symbol': 'BATR.JK'}"
BAUT.JK,2026-09-16,40,,,2026-09-16T12:17:22.062909+00:00,"{'date': '2026-09-16', 'close': 40, 'symbol': 'BAUT.JK'}"
BAYU.JK,2026-09-16,1335,,,2026-09-16T12:17:22.062909+00:00,"{'date': '2026-09-16', 'close': 1335, 'symbol': 'BAYU.JK'}"
BBCA.JK,2026-09-16,6325,,,2026-09-16T12:17:22.062909+00:00,"{'date': '2026-09-16', 'close': 6325, 'symbol': 'BBCA.JK'}"
BBHI.JK,2026-09-16,900,,,2026-09-16T12:17:22.062909+00:00,"{'date': '2026-09-16', 'close': 900, 'symbol': 'BBHI.JK'}"
BBKP.JK,2026-09-16,50,,,2026-09-16T12:17:22.062909+00:00,"{'date': '2026-09-16', 'close': 50, 'symbol': 'BBKP.JK'}"
BBLD.JK,2026-09-16,670,,,2026-09-16T12:17:22.062909+00:00,"{'date': '2026-09-16', 'close': 670, 'symbol': 'BBLD.JK'}"
BBMD.JK,2026-09-16,1995,,,2026-09-16T12:17:22.062909+00:00,"{'date': '2026-09-16', 'close': 1995, 'symbol': 'BBMD.JK'}"
BBNI.JK,2026-09-16,3730,,,2026-09-16T12:17:22.062909+00:00,"{'date': '2026-09-16', 'close': 3730, 'symbol': 'BBNI.JK'}"
BBRI.JK,2026-09-16,3330,,,2026-09-16T12:17:22.062909+00:00,"{'date': '2026-09-16', 'close': 3330, 'symbol': 'BBRI.JK'}"
BBRM.JK,2026-09-16,119,,,2026-09-16T12:17:22.062909+00:00,"{'date': '2026-09-16', 'close': 119, 'symbol': 'BBRM.JK'}"
BBSI.JK,2026-09-16,4520,,,2026-09-16T12:17:22.062909+00:00,"{'date': '2026-09-16', 'close': 4520, 'symbol': 'BBSI.JK'}"
BBSS.JK,2026-09-16,86,,,2026-09-16T12:17:22.062909+00:00,"{'date': '2026-09-16', 'close': 86, 'symbol': 'BBSS.JK'}"
BBTN.JK,2026-09-16,1170,,,2026-09-16T12:17:22.062909+00:00,"{'date': '2026-09-16', 'close': 1170, 'symbol': 'BBTN.JK'}"
BBYB.JK,2026-09-16,242,,,2026-09-16T12:17:22.062909+00:00,"{'date': '2026-09-16', 'close': 242, 'symbol': 'BBYB.JK'}"
BCAP.JK,2026-09-16,50,,,2026-09-16T12:17:22.062909+00:00,"{'date': '2026-09-16', 'close': 50, 'symbol': 'BCAP.JK'}"
BCIC.JK,2026-09-16,138,,,2026-09-16T12:17:22.062909+00:00,"{'date': '2026-09-16', 'close': 138, 'symbol': 'BCIC.JK'}"
BCIP.JK,2026-09-16,62,,,2026-09-16T12:17:22.062909+00:00,"{'date': '2026-09-16', 'close': 62, 'symbol': 'BCIP.JK'}"
BDKR.JK,2026-09-16,160,,,2026-09-16T12:17:22.062909+00:00,"{'date': '2026-09-16', 'close': 160, 'symbol': 'BDKR.JK'}"
BDMN.JK,2026-09-16,4420,,,2026-09-16T12:17:22.062909+00:00,"{'date': '2026-09-16', 'close': 4420, 'symbol': 'BDMN.JK'}"
BEBS.JK,2026-09-16,5,,,2026-09-16T12:17:22.062909+00:00,"{'date': '2026-09-16', 'close': 5, 'symbol': 'BEBS.JK'}"
BEEF.JK,2026-09-16,418,,,2026-09-16T12:17:22.062909+00:00,"{'date': '2026-09-16', 'close': 418, 'symbol': 'BEEF.JK'}"
BEER.JK,2026-09-16,77,,,2026-09-16T12:17:22.062909+00:00,"{'date': '2026-09-16', 'close': 77, 'symbol': 'BEER.JK'}"
BEKS.JK,2026-09-16,23,,,2026-09-16T12:17:22.062909+00:00,"{'date': '2026-09-16', 'close': 23, 'symbol': 'BEKS.JK'}"
BELI.JK,2026-09-16,286,,,2026-09-16T12:17:22.062909+00:00,"{'date': '2026-09-16', 'close': 286, 'symbol': 'BELI.JK'}"
BELL.JK,2026-09-16,107,,,2026-09-16T12:17:22.062909+00:00,"{'date': '2026-09-16', 'close': 107, 'symbol': 'BELL.JK'}"
BESS.JK,2026-09-16,920,,,2026-09-16T12:17:22.062909+00:00,"{'date': '2026-09-16', 'close': 920, 'symbol': 'BESS.JK'}"
BEST.JK,2026-09-16,121,,,2026-09-16T12:17:22.062909+00:00,"{'date': '2026-09-16', 'close': 121, 'symbol': 'BEST.JK'}"
BFIN.JK,2026-09-16,980,,,2026-09-16T12:17:22.062909+00:00,"{'date': '2026-09-16', 'close': 980, 'symbol': 'BFIN.JK'}"
BGTG.JK,2026-09-16,120,,,2026-09-16T12:17:22.062909+00:00,"{'date': '2026-09-16', 'close': 120, 'symbol': 'BGTG.JK'}"
BHAT.JK,2026-09-16,1770,,,2026-09-16T12:17:22.062909+00:00,"{'date': '2026-09-16', 'close': 1770, 'symbol': 'BHAT.JK'}"
BHIT.JK,2026-09-16,25,,,2026-09-16T12:17:22.062909+00:00,"{'date': '2026-09-16', 'close': 25, 'symbol': 'BHIT.JK'}"
BIKA.JK,2026-09-16,55,,,2026-09-16T12:17:22.062909+00:00,"{'date': '2026-09-16', 'close': 55, 'symbol': 'BIKA.JK'}"
BIKE.JK,2026-09-16,940,,,2026-09-16T12:17:22.062909+00:00,"{'date': '2026-09-16', 'close': 940, 'symbol': 'BIKE.JK'}"
BIMA.JK,2026-09-16,82,,,2026-09-16T12:17:22.062909+00:00,"{'date': '2026-09-16', 'close': 82, 'symbol': 'BIMA.JK'}"
BINA.JK,2026-09-16,4080,,,2026-09-16T12:17:22.062909+00:00,"{'date': '2026-09-16', 'close': 4080, 'symbol': 'BINA.JK'}"
BINO.JK,2026-09-16,116,,,2026-09-16T12:17:22.062909+00:00,"{'date': '2026-09-16', 'close': 116, 'symbol': 'BINO.JK'}"
BIPI.JK,2026-09-16,138,,,2026-09-16T12:17:22.062909+00:00,"{'date': '2026-09-16', 'close': 138, 'symbol': 'BIPI.JK'}"
BIPP.JK,2026-09-16,69,,,2026-09-16T12:17:22.062909+00:00,"{'date': '2026-09-16', 'close': 69, 'symbol': 'BIPP.JK'}"
BIRD.JK,2026-09-16,1600,,,2026-09-16T12:17:22.062909+00:00,"{'date': '2026-09-16', 'close': 1600, 'symbol': 'BIRD.JK'}"
BISI.JK,2026-09-16,720,,,2026-09-16T12:17:22.062909+00:00,"{'date': '2026-09-16', 'close': 720, 'symbol': 'BISI.JK'}"
BJBR.JK,2026-09-16,790,,,2026-09-16T12:17:22.062909+00:00,"{'date': '2026-09-16', 'close': 790, 'symbol': 'BJBR.JK'}"
BJTM.JK,2026-09-16,520,,,2026-09-16T12:17:22.062909+00:00,"{'date': '2026-09-16', 'close': 520, 'symbol': 'BJTM.JK'}"
BKDP.JK,2026-09-16,178,,,2026-09-16T12:17:22.062909+00:00,"{'date': '2026-09-16', 'close': 178, 'symbol': 'BKDP.JK'}"
BKSL.JK,2026-09-16,68,,,2026-09-16T12:17:22.062909+00:00,"{'date': '2026-09-16', 'close': 68, 'symbol': 'BKSL.JK'}"
BKSW.JK,2026-09-16,54,,,2026-09-16T12:17:22.062909+00:00,"{'date': '2026-09-16', 'close': 54, 'symbol': 'BKSW.JK'}"
BLES.JK,2026-09-16,197,,,2026-09-16T12:17:22.062909+00:00,"{'date': '2026-09-16', 'close': 197, 'symbol': 'BLES.JK'}"
BLOG.JK,2026-09-16,362,,,2026-09-16T12:17:22.062909+00:00,"{'date': '2026-09-16', 'close': 362, 'symbol': 'BLOG.JK'}"
BLTA.JK,2026-09-16,32,,,2026-09-16T12:17:22.062909+00:00,"{'date': '2026-09-16', 'close': 32, 'symbol': 'BLTA.JK'}"
BLTZ.JK,2026-09-16,2000,,,2026-09-16T12:17:22.062909+00:00,"{'date': '2026-09-16', 'close': 2000, 'symbol': 'BLTZ.JK'}"
BLUE.JK,2026-09-16,2990,,,2026-09-16T12:17:22.062909+00:00,"{'date': '2026-09-16', 'close': 2990, 'symbol': 'BLUE.JK'}"
BMAS.JK,2026-09-16,515,,,2026-09-16T12:17:22.062909+00:00,"{'date': '2026-09-16', 'close': 515, 'symbol': 'BMAS.JK'}"
BMBL.JK,2026-09-16,31,,,2026-09-16T12:17:22.062909+00:00,"{'date': '2026-09-16', 'close': 31, 'symbol': 'BMBL.JK'}"
BMHS.JK,2026-09-16,199,,,2026-09-16T12:17:22.062909+00:00,"{'date': '2026-09-16', 'close': 199, 'symbol': 'BMHS.JK'}"
BMRI.JK,2026-09-16,4260,,,2026-09-16T12:17:22.062909+00:00,"{'date': '2026-09-16', 'close': 4260, 'symbol': 'BMRI.JK'}"
BMSR.JK,2026-09-16,370,,,2026-09-16T12:17:22.062909+00:00,"{'date': '2026-09-16', 'close': 370, 'symbol': 'BMSR.JK'}"
BMTR.JK,2026-09-16,114,,,2026-09-16T12:17:22.062909+00:00,"{'date': '2026-09-16', 'close': 114, 'symbol': 'BMTR.JK'}"
BNBA.JK,2026-09-16,800,,,2026-09-16T12:17:22.062909+00:00,"{'date': '2026-09-16', 'close': 800, 'symbol': 'BNBA.JK'}"
BNBR.JK,2026-09-16,90,,,2026-09-16T12:17:22.062909+00:00,"{'date': '2026-09-16', 'close': 90, 'symbol': 'BNBR.JK'}"
BNGA.JK,2026-09-16,1735,,,2026-09-16T12:17:22.062909+00:00,"{'date': '2026-09-16', 'close': 1735, 'symbol': 'BNGA.JK'}"
BNII.JK,2026-09-16,191,,,2026-09-16T12:17:22.062909+00:00,"{'date': '2026-09-16', 'close': 191, 'symbol': 'BNII.JK'}"
BNLI.JK,2026-09-16,2100,,,2026-09-16T12:17:22.062909+00:00,"{'date': '2026-09-16', 'close': 2100, 'symbol': 'BNLI.JK'}"
BOAT.JK,2026-09-16,138,,,2026-09-16T12:17:22.062909+00:00,"{'date': '2026-09-16', 'close': 138, 'symbol': 'BOAT.JK'}"
BOBA.JK,2026-09-16,204,,,2026-09-16T12:17:22.062909+00:00,"{'date': '2026-09-16', 'close': 204, 'symbol': 'BOBA.JK'}"
BOGA.JK,2026-09-16,1560,,,2026-09-16T12:17:22.062909+00:00,"{'date': '2026-09-16', 'close': 1560, 'symbol': 'BOGA.JK'}"
BOLA.JK,2026-09-16,175,,,2026-09-16T12:17:22.062909+00:00,"{'date': '2026-09-16', 'close': 175, 'symbol': 'BOLA.JK'}"
BOLT.JK,2026-09-16,805,,,2026-09-16T12:17:22.062909+00:00,"{'date': '2026-09-16', 'close': 805, 'symbol': 'BOLT.JK'}"
BOSS.JK,2026-09-16,50,,,2026-09-16T12:17:22.062909+00:00,"{'date': '2026-09-16', 'close': 50, 'symbol': 'BOSS.JK'}"
BPFI.JK,2026-09-16,252,,,2026-09-16T12:17:22.062909+00:00,"{'date': '2026-09-16', 'close': 252, 'symbol': 'BPFI.JK'}"
BPII.JK,2026-09-16,474,,,2026-09-16T12:17:22.062909+00:00,"{'date': '2026-09-16', 'close': 474, 'symbol': 'BPII.JK'}"
BPTR.JK,2026-09-16,75,,,2026-09-16T12:17:22.062909+00:00,"{'date': '2026-09-16', 'close': 75, 'symbol': 'BPTR.JK'}"
BRAM.JK,2026-09-16,4590,,,2026-09-16T12:17:22.062909+00:00,"{'date': '2026-09-16', 'close': 4590, 'symbol': 'BRAM.JK'}"
BREN.JK,2026-09-16,3090,,,2026-09-16T12:17:22.062909+00:00,"{'date': '2026-09-16', 'close': 3090, 'symbol': 'BREN.JK'}"
BRIS.JK,2026-09-16,1665,,,2026-09-16T12:17:22.062909+00:00,"{'date': '2026-09-16', 'close': 1665, 'symbol': 'BRIS.JK'}"
BRMS.JK,2026-09-16,730,,,2026-09-16T12:17:22.062909+00:00,"{'date': '2026-09-16', 'close': 730, 'symbol': 'BRMS.JK'}"
BRNA.JK,2026-09-16,660,,,2026-09-16T12:17:22.062909+00:00,"{'date': '2026-09-16', 'close': 660, 'symbol': 'BRNA.JK'}"
BRPT.JK,2026-09-16,1600,,,2026-09-16T12:17:22.062909+00:00,"{'date': '2026-09-16', 'close': 1600, 'symbol': 'BRPT.JK'}"
BRRC.JK,2026-09-16,72,,,2026-09-16T12:17:22.062909+00:00,"{'date': '2026-09-16', 'close': 72, 'symbol': 'BRRC.JK'}"
BSBK.JK,2026-09-16,50,,,2026-09-16T12:17:22.062909+00:00,"{'date': '2026-09-16', 'close': 50, 'symbol': 'BSBK.JK'}"
BSDE.JK,2026-09-16,635,,,2026-09-16T12:17:22.062909+00:00,"{'date': '2026-09-16', 'close': 635, 'symbol': 'BSDE.JK'}"
BSIM.JK,2026-09-16,1030,,,2026-09-16T12:17:22.062909+00:00,"{'date': '2026-09-16', 'close': 1030, 'symbol': 'BSIM.JK'}"
BSML.JK,2026-09-16,550,,,2026-09-16T12:17:22.062909+00:00,"{'date': '2026-09-16', 'close': 550, 'symbol': 'BSML.JK'}"
BSSR.JK,2026-09-16,4880,,,2026-09-16T12:17:22.062909+00:00,"{'date': '2026-09-16', 'close': 4880, 'symbol': 'BSSR.JK'}"
BSWD.JK,2026-09-16,1500,,,2026-09-16T12:17:22.062909+00:00,"{'date': '2026-09-16', 'close': 1500, 'symbol': 'BSWD.JK'}"
BTEK.JK,2026-09-16,11,,,2026-09-16T12:17:22.062909+00:00,"{'date': '2026-09-16', 'close': 11, 'symbol': 'BTEK.JK'}"
BTEL.JK,2026-09-16,50,,,2026-09-16T12:17:22.062909+00:00,"{'date': '2026-09-16', 'close': 50, 'symbol': 'BTEL.JK'}"
BTON.JK,2026-09-16,384,,,2026-09-16T12:17:22.062909+00:00,"{'date': '2026-09-16', 'close': 384, 'symbol': 'BTON.JK'}"
BTPN.JK,2026-09-16,2350,,,2026-09-16T12:17:22.062909+00:00,"{'date': '2026-09-16', 'close': 2350, 'symbol': 'BTPN.JK'}"
BTPS.JK,2026-09-16,1030,,,2026-09-16T12:17:22.062909+00:00,"{'date': '2026-09-16', 'close': 1030, 'symbol': 'BTPS.JK'}"
BUAH.JK,2026-09-16,492,,,2026-09-16T12:17:22.062909+00:00,"{'date': '2026-09-16', 'close': 492, 'symbol': 'BUAH.JK'}"
BUDI.JK,2026-09-16,226,,,2026-09-16T12:17:22.062909+00:00,"{'date': '2026-09-16', 'close': 226, 'symbol': 'BUDI.JK'}"
BUKA.JK,2026-09-16,103,,,2026-09-16T12:17:22.062909+00:00,"{'date': '2026-09-16', 'close': 103, 'symbol': 'BUKA.JK'}"
BUKK.JK,2026-09-16,985,,,2026-09-16T12:17:22.062909+00:00,"{'date': '2026-09-16', 'close': 985, 'symbol': 'BUKK.JK'}"
BULL.JK,2026-09-16,406,,,2026-09-16T12:17:22.062909+00:00,"{'date': '2026-09-16', 'close': 406, 'symbol': 'BULL.JK'}"
BUMI.JK,2026-09-16,202,,,2026-09-16T12:17:22.062909+00:00,"{'date': '2026-09-16', 'close': 202, 'symbol': 'BUMI.JK'}"
BUVA.JK,2026-09-16,700,,,2026-09-16T12:17:22.062909+00:00,"{'date': '2026-09-16', 'close': 700, 'symbol': 'BUVA.JK'}"
BVIC.JK,2026-09-16,92,,,2026-09-16T12:17:22.062909+00:00,"{'date': '2026-09-16', 'close': 92, 'symbol': 'BVIC.JK'}"
BWPT.JK,2026-09-16,120,,,2026-09-16T12:17:22.062909+00:00,"{'date': '2026-09-16', 'close': 120, 'symbol': 'BWPT.JK'}"
BYAN.JK,2026-09-16,11350,,,2026-09-16T12:17:22.062909+00:00,"{'date': '2026-09-16', 'close': 11350, 'symbol': 'BYAN.JK'}"
CAKK.JK,2026-09-16,160,,,2026-09-16T12:17:22.062909+00:00,"{'date': '2026-09-16', 'close': 160, 'symbol': 'CAKK.JK'}"
CAMP.JK,2026-09-16,170,,,2026-09-16T12:17:22.062909+00:00,"{'date': '2026-09-16', 'close': 170, 'symbol': 'CAMP.JK'}"
CANI.JK,2026-09-16,135,,,2026-09-16T12:17:22.062909+00:00,"{'date': '2026-09-16', 'close': 135, 'symbol': 'CANI.JK'}"
CARE.JK,2026-09-16,398,,,2026-09-16T12:17:22.062909+00:00,"{'date': '2026-09-16', 'close': 398, 'symbol': 'CARE.JK'}"
CARS.JK,2026-09-16,113,,,2026-09-16T12:17:22.062909+00:00,"{'date': '2026-09-16', 'close': 113, 'symbol': 'CARS.JK'}"
CASA.JK,2026-09-16,1805,,,2026-09-16T12:17:22.062909+00:00,"{'date': '2026-09-16', 'close': 1805, 'symbol': 'CASA.JK'}"
CASH.JK,2026-09-16,248,,,2026-09-16T12:17:22.062909+00:00,"{'date': '2026-09-16', 'close': 248, 'symbol': 'CASH.JK'}"
CASS.JK,2026-09-16,1865,,,2026-09-16T12:17:22.062909+00:00,"{'date': '2026-09-16', 'close': 1865, 'symbol': 'CASS.JK'}"
CBDK.JK,2026-09-16,3710,,,2026-09-16T12:17:22.062909+00:00,"{'date': '2026-09-16', 'close': 3710, 'symbol': 'CBDK.JK'}"
CBMF.JK,2026-09-16,50,,,2026-09-16T12:17:22.062909+00:00,"{'date': '2026-09-16', 'close': 50, 'symbol': 'CBMF.JK'}"
CBPE.JK,2026-09-16,496,,,2026-09-16T12:17:22.062909+00:00,"{'date': '2026-09-16', 'close': 496, 'symbol': 'CBPE.JK'}"
CBRE.JK,2026-09-16,710,,,2026-09-16T12:17:22.062909+00:00,"{'date': '2026-09-16', 'close': 710, 'symbol': 'CBRE.JK'}"
CBUT.JK,2026-09-16,1050,,,2026-09-16T12:17:22.062909+00:00,"{'date': '2026-09-16', 'close': 1050, 'symbol': 'CBUT.JK'}"
CCSI.JK,2026-09-16,440,,,2026-09-16T12:17:22.062909+00:00,"{'date': '2026-09-16', 'close': 440, 'symbol': 'CCSI.JK'}"
CDIA.JK,2026-09-16,645,,,2026-09-16T12:17:22.062909+00:00,"{'date': '2026-09-16', 'close': 645, 'symbol': 'CDIA.JK'}"
CEKA.JK,2026-09-16,2210,,,2026-09-16T12:17:22.062909+00:00,"{'date': '2026-09-16', 'close': 2210, 'symbol': 'CEKA.JK'}"
CENT.JK,2026-09-16,104,,,2026-09-16T12:17:22.062909+00:00,"{'date': '2026-09-16', 'close': 104, 'symbol': 'CENT.JK'}"
CFIN.JK,2026-09-16,374,,,2026-09-16T12:17:22.062909+00:00,"{'date': '2026-09-16', 'close': 374, 'symbol': 'CFIN.JK'}"
CGAS.JK,2026-09-16,145,,,2026-09-16T12:17:22.062909+00:00,"{'date': '2026-09-16', 'close': 145, 'symbol': 'CGAS.JK'}"
CHEK.JK,2026-09-16,129,,,2026-09-16T12:17:22.062909+00:00,"{'date': '2026-09-16', 'close': 129, 'symbol': 'CHEK.JK'}"
CHEM.JK,2026-09-16,69,,,2026-09-16T12:17:22.062909+00:00,"{'date': '2026-09-16', 'close': 69, 'symbol': 'CHEM.JK'}"
CHIP.JK,2026-09-16,735,,,2026-09-16T12:17:22.062909+00:00,"{'date': '2026-09-16', 'close': 735, 'symbol': 'CHIP.JK'}"
CINT.JK,2026-09-16,194,,,2026-09-16T12:17:22.062909+00:00,"{'date': '2026-09-16', 'close': 194, 'symbol': 'CINT.JK'}"
CITA.JK,2026-09-16,3490,,,2026-09-16T12:17:22.062909+00:00,"{'date': '2026-09-16', 'close': 3490, 'symbol': 'CITA.JK'}"
CITY.JK,2026-09-16,179,,,2026-09-16T12:17:22.062909+00:00,"{'date': '2026-09-16', 'close': 179, 'symbol': 'CITY.JK'}"
CLAY.JK,2026-09-16,2740,,,2026-09-16T12:17:22.062909+00:00,"{'date': '2026-09-16', 'close': 2740, 'symbol': 'CLAY.JK'}"
CLEO.JK,2026-09-16,422,,,2026-09-16T12:17:22.062909+00:00,"{'date': '2026-09-16', 'close': 422, 'symbol': 'CLEO.JK'}"
CLPI.JK,2026-09-16,1605,,,2026-09-16T12:17:22.062909+00:00,"{'date': '2026-09-16', 'close': 1605, 'symbol': 'CLPI.JK'}"
CMNP.JK,2026-09-16,1400,,,2026-09-16T12:17:22.062909+00:00,"{'date': '2026-09-16', 'close': 1400, 'symbol': 'CMNP.JK'}"
CMNT.JK,2026-09-16,765,,,2026-09-16T12:17:22.062909+00:00,"{'date': '2026-09-16', 'close': 765, 'symbol': 'CMNT.JK'}"
CMPP.JK,2026-09-16,69,,,2026-09-16T12:17:22.062909+00:00,"{'date': '2026-09-16', 'close': 69, 'symbol': 'CMPP.JK'}"
CMRY.JK,2026-09-16,4480,,,2026-09-16T12:17:22.062909+00:00,"{'date': '2026-09-16', 'close': 4480, 'symbol': 'CMRY.JK'}"
CNKO.JK,2026-09-16,37,,,2026-09-16T12:17:22.062909+00:00,"{'date': '2026-09-16', 'close': 37, 'symbol': 'CNKO.JK'}"
CNMA.JK,2026-09-16,91,,,2026-09-16T12:17:22.062909+00:00,"{'date': '2026-09-16', 'close': 91, 'symbol': 'CNMA.JK'}"
COAL.JK,2026-09-16,31,,,2026-09-16T12:17:22.062909+00:00,"{'date': '2026-09-16', 'close': 31, 'symbol': 'COAL.JK'}"
COCO.JK,2026-09-16,133,,,2026-09-16T12:17:22.062909+00:00,"{'date': '2026-09-16', 'close': 133, 'symbol': 'COCO.JK'}"
COIN.JK,2026-09-16,735,,,2026-09-16T12:17:22.062909+00:00,"{'date': '2026-09-16', 'close': 735, 'symbol': 'COIN.JK'}"
COWL.JK,2026-09-16,50,,,2026-09-16T12:17:22.062909+00:00,"{'date': '2026-09-16', 'close': 50, 'symbol': 'COWL.JK'}"
CPIN.JK,2026-09-16,3120,,,2026-09-16T12:17:22.062909+00:00,"{'date': '2026-09-16', 'close': 3120, 'symbol': 'CPIN.JK'}"
CPRI.JK,2026-09-16,50,,,2026-09-16T12:17:22.062909+00:00,"{'date': '2026-09-16', 'close': 50, 'symbol': 'CPRI.JK'}"
CPRO.JK,2026-09-16,50,,,2026-09-16T12:17:22.062909+00:00,"{'date': '2026-09-16', 'close': 50, 'symbol': 'CPRO.JK'}"
CRAB.JK,2026-09-16,214,,,2026-09-16T12:17:22.062909+00:00,"{'date': '2026-09-16', 'close': 214, 'symbol': 'CRAB.JK'}"
CRSN.JK,2026-09-16,126,,,2026-09-16T12:17:22.062909+00:00,"{'date': '2026-09-16', 'close': 126, 'symbol': 'CRSN.JK'}"
CSAP.JK,2026-09-16,294,,,2026-09-16T12:17:22.062909+00:00,"{'date': '2026-09-16', 'close': 294, 'symbol': 'CSAP.JK'}"
CSIS.JK,2026-09-16,204,,,2026-09-16T12:17:22.062909+00:00,"{'date': '2026-09-16', 'close': 204, 'symbol': 'CSIS.JK'}"
CSMI.JK,2026-09-16,176,,,2026-09-16T12:17:22.062909+00:00,"{'date': '2026-09-16', 'close': 176, 'symbol': 'CSMI.JK'}"
CSRA.JK,2026-09-16,755,,,2026-09-16T12:17:22.062909+00:00,"{'date': '2026-09-16', 'close': 755, 'symbol': 'CSRA.JK'}"
CTBN.JK,2026-09-16,3030,,,2026-09-16T12:17:22.062909+00:00,"{'date': '2026-09-16', 'close': 3030, 'symbol': 'CTBN.JK'}"
CTRA.JK,2026-09-16,600,,,2026-09-16T12:17:22.062909+00:00,"{'date': '2026-09-16', 'close': 600, 'symbol': 'CTRA.JK'}"
CTTH.JK,2026-09-16,129,,,2026-09-16T12:17:22.062909+00:00,"{'date': '2026-09-16', 'close': 129, 'symbol': 'CTTH.JK'}"
CUAN.JK,2026-09-16,900,,,2026-09-16T12:17:22.062909+00:00,"{'date': '2026-09-16', 'close': 900, 'symbol': 'CUAN.JK'}"
CYBR.JK,2026-09-16,520,,,2026-09-16T12:17:22.062909+00:00,"{'date': '2026-09-16', 'close': 520, 'symbol': 'CYBR.JK'}"
DAAZ.JK,2026-09-16,1625,,,2026-09-16T12:17:22.062909+00:00,"{'date': '2026-09-16', 'close': 1625, 'symbol': 'DAAZ.JK'}"
DADA.JK,2026-09-16,50,,,2026-09-16T12:17:22.062909+00:00,"{'date': '2026-09-16', 'close': 50, 'symbol': 'DADA.JK'}"
DART.JK,2026-09-16,167,,,2026-09-16T12:17:22.062909+00:00,"{'date': '2026-09-16', 'close': 167, 'symbol': 'DART.JK'}"
DATA.JK,2026-09-16,1655,,,2026-09-16T12:17:22.062909+00:00,"{'date': '2026-09-16', 'close': 1655, 'symbol': 'DATA.JK'}"
DAYA.JK,2026-09-16,1050,,,2026-09-16T12:17:22.062909+00:00,"{'date': '2026-09-16', 'close': 1050, 'symbol': 'DAYA.JK'}"
DCII.JK,2026-09-16,192900,,,2026-09-16T12:17:22.062909+00:00,"{'date': '2026-09-16', 'close': 192900, 'symbol': 'DCII.JK'}"
DEAL.JK,2026-09-16,6,,,2026-09-16T12:17:22.062909+00:00,"{'date': '2026-09-16', 'close': 6, 'symbol': 'DEAL.JK'}"
DEFI.JK,2026-09-16,119,,,2026-09-16T12:17:22.062909+00:00,"{'date': '2026-09-16', 'close': 119, 'symbol': 'DEFI.JK'}"
DEPO.JK,2026-09-16,240,,,2026-09-16T12:17:22.062909+00:00,"{'date': '2026-09-16', 'close': 240, 'symbol': 'DEPO.JK'}"
DEWA.JK,2026-09-16,370,,,2026-09-16T12:17:22.062909+00:00,"{'date': '2026-09-16', 'close': 370, 'symbol': 'DEWA.JK'}"
DEWI.JK,2026-09-16,170,,,2026-09-16T12:17:22.062909+00:00,"{'date': '2026-09-16', 'close': 170, 'symbol': 'DEWI.JK'}"
DFAM.JK,2026-09-16,95,,,2026-09-16T12:17:22.062909+00:00,"{'date': '2026-09-16', 'close': 95, 'symbol': 'DFAM.JK'}"
DGIK.JK,2026-09-16,139,,,2026-09-16T12:17:22.062909+00:00,"{'date': '2026-09-16', 'close': 139, 'symbol': 'DGIK.JK'}"
DGNS.JK,2026-09-16,268,,,2026-09-16T12:17:22.062909+00:00,"{'date': '2026-09-16', 'close': 268, 'symbol': 'DGNS.JK'}"
DGWG.JK,2026-09-16,324,,,2026-09-16T12:17:22.062909+00:00,"{'date': '2026-09-16', 'close': 324, 'symbol': 'DGWG.JK'}"
DIGI.JK,2026-09-16,29,,,2026-09-16T12:17:22.062909+00:00,"{'date': '2026-09-16', 'close': 29, 'symbol': 'DIGI.JK'}"
DILD.JK,2026-09-16,115,,,2026-09-16T12:17:22.062909+00:00,"{'date': '2026-09-16', 'close': 115, 'symbol': 'DILD.JK'}"
DIVA.JK,2026-09-16,136,,,2026-09-16T12:17:22.062909+00:00,"{'date': '2026-09-16', 'close': 136, 'symbol': 'DIVA.JK'}"
DKFT.JK,2026-09-16,640,,,2026-09-16T12:17:22.062909+00:00,"{'date': '2026-09-16', 'close': 640, 'symbol': 'DKFT.JK'}"
DKHH.JK,2026-09-16,69,,,2026-09-16T12:17:22.062909+00:00,"{'date': '2026-09-16', 'close': 69, 'symbol': 'DKHH.JK'}"
DLTA.JK,2026-09-16,1785,,,2026-09-16T12:17:22.062909+00:00,"{'date': '2026-09-16', 'close': 1785, 'symbol': 'DLTA.JK'}"
DMAS.JK,2026-09-16,188,,,2026-09-16T12:17:22.062909+00:00,"{'date': '2026-09-16', 'close': 188, 'symbol': 'DMAS.JK'}"
DMMX.JK,2026-09-16,187,,,2026-09-16T12:17:22.062909+00:00,"{'date': '2026-09-16', 'close': 187, 'symbol': 'DMMX.JK'}"
DMND.JK,2026-09-16,610,,,2026-09-16T12:17:22.062909+00:00,"{'date': '2026-09-16', 'close': 610, 'symbol': 'DMND.JK'}"
DNAR.JK,2026-09-16,131,,,2026-09-16T12:17:22.062909+00:00,"{'date': '2026-09-16', 'close': 131, 'symbol': 'DNAR.JK'}"
DNET.JK,2026-09-16,9825,,,2026-09-16T12:17:22.062909+00:00,"{'date': '2026-09-16', 'close': 9825, 'symbol': 'DNET.JK'}"
DOID.JK,2026-09-16,240,,,2026-09-16T12:17:22.062909+00:00,"{'date': '2026-09-16', 'close': 240, 'symbol': 'DOID.JK'}"
DOOH.JK,2026-09-16,440,,,2026-09-16T12:17:22.062909+00:00,"{'date': '2026-09-16', 'close': 440, 'symbol': 'DOOH.JK'}"
DOSS.JK,2026-09-16,174,,,2026-09-16T12:17:22.062909+00:00,"{'date': '2026-09-16', 'close': 174, 'symbol': 'DOSS.JK'}"
DPNS.JK,2026-09-16,310,,,2026-09-16T12:17:22.062909+00:00,"{'date': '2026-09-16', 'close': 310, 'symbol': 'DPNS.JK'}"
DPUM.JK,2026-09-16,159,,,2026-09-16T12:17:22.062909+00:00,"{'date': '2026-09-16', 'close': 159, 'symbol': 'DPUM.JK'}"
DRMA.JK,2026-09-16,985,,,2026-09-16T12:17:22.062909+00:00,"{'date': '2026-09-16', 'close': 985, 'symbol': 'DRMA.JK'}"
DSFI.JK,2026-09-16,90,,,2026-09-16T12:17:22.062909+00:00,"{'date': '2026-09-16', 'close': 90, 'symbol': 'DSFI.JK'}"
DSNG.JK,2026-09-16,1595,,,2026-09-16T12:17:22.062909+00:00,"{'date': '2026-09-16', 'close': 1595, 'symbol': 'DSNG.JK'}"
DSSA.JK,2026-09-16,1085,,,2026-09-16T12:17:22.062909+00:00,"{'date': '2026-09-16', 'close': 1085, 'symbol': 'DSSA.JK'}"
DUCK.JK,2026-09-16,176,,,2026-09-16T12:17:22.062909+00:00,"{'date': '2026-09-16', 'close': 176, 'symbol': 'DUCK.JK'}"
DUTI.JK,2026-09-16,4770,,,2026-09-16T12:17:22.062909+00:00,"{'date': '2026-09-16', 'close': 4770, 'symbol': 'DUTI.JK'}"
DVLA.JK,2026-09-16,1590,,,2026-09-16T12:17:22.062909+00:00,"{'date': '2026-09-16', 'close': 1590, 'symbol': 'DVLA.JK'}"
DWGL.JK,2026-09-16,232,,,2026-09-16T12:17:22.062909+00:00,"{'date': '2026-09-16', 'close': 232, 'symbol': 'DWGL.JK'}"
DYAN.JK,2026-09-16,86,,,2026-09-16T12:17:22.062909+00:00,"{'date': '2026-09-16', 'close': 86, 'symbol': 'DYAN.JK'}"
EAST.JK,2026-09-16,90,,,2026-09-16T12:17:22.062909+00:00,"{'date': '2026-09-16', 'close': 90, 'symbol': 'EAST.JK'}"
ECII.JK,2026-09-16,170,,,2026-09-16T12:17:22.062909+00:00,"{'date': '2026-09-16', 'close': 170, 'symbol': 'ECII.JK'}"
EDGE.JK,2026-09-16,4790,,,2026-09-16T12:17:22.062909+00:00,"{'date': '2026-09-16', 'close': 4790, 'symbol': 'EDGE.JK'}"
EKAD.JK,2026-09-16,396,,,2026-09-16T12:17:22.062909+00:00,"{'date': '2026-09-16', 'close': 396, 'symbol': 'EKAD.JK'}"
ELIT.JK,2026-09-16,288,,,2026-09-16T12:17:22.062909+00:00,"{'date': '2026-09-16', 'close': 288, 'symbol': 'ELIT.JK'}"
ELPI.JK,2026-09-16,650,,,2026-09-16T12:17:22.062909+00:00,"{'date': '2026-09-16', 'close': 650, 'symbol': 'ELPI.JK'}"
ELSA.JK,2026-09-16,710,,,2026-09-16T12:17:22.062909+00:00,"{'date': '2026-09-16', 'close': 710, 'symbol': 'ELSA.JK'}"
ELTY.JK,2026-09-16,35,,,2026-09-16T12:17:22.062909+00:00,"{'date': '2026-09-16', 'close': 35, 'symbol': 'ELTY.JK'}"
EMAS.JK,2026-09-16,7475,,,2026-09-16T12:17:22.062909+00:00,"{'date': '2026-09-16', 'close': 7475, 'symbol': 'EMAS.JK'}"
EMDE.JK,2026-09-16,76,,,2026-09-16T12:17:22.062909+00:00,"{'date': '2026-09-16', 'close': 76, 'symbol': 'EMDE.JK'}"
EMMI.JK,2026-09-16,336,,,2026-09-16T12:17:22.062909+00:00,"{'date': '2026-09-16', 'close': 336, 'symbol': 'EMMI.JK'}"
EMTK.JK,2026-09-16,484,,,2026-09-16T12:17:22.062909+00:00,"{'date': '2026-09-16', 'close': 484, 'symbol': 'EMTK.JK'}"
ENAK.JK,2026-09-16,224,,,2026-09-16T12:17:22.062909+00:00,"{'date': '2026-09-16', 'close': 224, 'symbol': 'ENAK.JK'}"
ENRG.JK,2026-09-16,1365,,,2026-09-16T12:17:22.062909+00:00,"{'date': '2026-09-16', 'close': 1365, 'symbol': 'ENRG.JK'}"
ENVY.JK,2026-09-16,50,,,2026-09-16T12:17:22.062909+00:00,"{'date': '2026-09-16', 'close': 50, 'symbol': 'ENVY.JK'}"
ENZO.JK,2026-09-16,78,,,2026-09-16T12:17:22.062909+00:00,"{'date': '2026-09-16', 'close': 78, 'symbol': 'ENZO.JK'}"
EPAC.JK,2026-09-16,50,,,2026-09-16T12:17:22.062909+00:00,"{'date': '2026-09-16', 'close': 50, 'symbol': 'EPAC.JK'}"
EPMT.JK,2026-09-16,2630,,,2026-09-16T12:17:22.062909+00:00,"{'date': '2026-09-16', 'close': 2630, 'symbol': 'EPMT.JK'}"
ERAA.JK,2026-09-16,595,,,2026-09-16T12:17:22.062909+00:00,"{'date': '2026-09-16', 'close': 595, 'symbol': 'ERAA.JK'}"
ERAL.JK,2026-09-16,318,,,2026-09-16T12:17:22.062909+00:00,"{'date': '2026-09-16', 'close': 318, 'symbol': 'ERAL.JK'}"
ERTX.JK,2026-09-16,176,,,2026-09-16T12:17:22.062909+00:00,"{'date': '2026-09-16', 'close': 176, 'symbol': 'ERTX.JK'}"
ESIP.JK,2026-09-16,121,,,2026-09-16T12:17:22.062909+00:00,"{'date': '2026-09-16', 'close': 121, 'symbol': 'ESIP.JK'}"
ESSA.JK,2026-09-16,605,,,2026-09-16T12:17:22.062909+00:00,"{'date': '2026-09-16', 'close': 605, 'symbol': 'ESSA.JK'}"
ESTA.JK,2026-09-16,177,,,2026-09-16T12:17:22.062909+00:00,"{'date': '2026-09-16', 'close': 177, 'symbol': 'ESTA.JK'}"
ESTI.JK,2026-09-16,169,,,2026-09-16T12:17:22.062909+00:00,"{'date': '2026-09-16', 'close': 169, 'symbol': 'ESTI.JK'}"
ETWA.JK,2026-09-16,70,,,2026-09-16T12:17:22.062909+00:00,"{'date': '2026-09-16', 'close': 70, 'symbol': 'ETWA.JK'}"
EURO.JK,2026-09-16,1490,,,2026-09-16T12:17:22.062909+00:00,"{'date': '2026-09-16', 'close': 1490, 'symbol': 'EURO.JK'}"
EXCL.JK,2026-09-16,2540,,,2026-09-16T12:17:22.062909+00:00,"{'date': '2026-09-16', 'close': 2540, 'symbol': 'EXCL.JK'}"
FAPA.JK,2026-09-16,7425,,,2026-09-16T12:17:22.062909+00:00,"{'date': '2026-09-16', 'close': 7425, 'symbol': 'FAPA.JK'}"
FAST.JK,2026-09-16,426,,,2026-09-16T12:17:22.062909+00:00,"{'date': '2026-09-16', 'close': 426, 'symbol': 'FAST.JK'}"
FASW.JK,2026-09-16,5275,,,2026-09-16T12:17:22.062909+00:00,"{'date': '2026-09-16', 'close': 5275, 'symbol': 'FASW.JK'}"
FILM.JK,2026-09-16,680,,,2026-09-16T12:17:22.062909+00:00,"{'date': '2026-09-16', 'close': 680, 'symbol': 'FILM.JK'}"
FIMP.JK,2026-09-16,69,,,2026-09-16T12:17:22.062909+00:00,"{'date': '2026-09-16', 'close': 69, 'symbol': 'FIMP.JK'}"
FIRE.JK,2026-09-16,122,,,2026-09-16T12:17:22.062909+00:00,"{'date': '2026-09-16', 'close': 122, 'symbol': 'FIRE.JK'}"
FISH.JK,2026-09-16,700,,,2026-09-16T12:17:22.062909+00:00,"{'date': '2026-09-16', 'close': 700, 'symbol': 'FISH.JK'}"
FITT.JK,2026-09-16,430,,,2026-09-16T12:17:22.062909+00:00,"{'date': '2026-09-16', 'close': 430, 'symbol': 'FITT.JK'}"
FLMC.JK,2026-09-16,116,,,2026-09-16T12:17:22.062909+00:00,"{'date': '2026-09-16', 'close': 116, 'symbol': 'FLMC.JK'}"
FMII.JK,2026-09-16,252,,,2026-09-16T12:17:22.062909+00:00,"{'date': '2026-09-16', 'close': 252, 'symbol': 'FMII.JK'}"
FOLK.JK,2026-09-16,244,,,2026-09-16T12:17:22.062909+00:00,"{'date': '2026-09-16', 'close': 244, 'symbol': 'FOLK.JK'}"
FOOD.JK,2026-09-16,176,,,2026-09-16T12:17:22.062909+00:00,"{'date': '2026-09-16', 'close': 176, 'symbol': 'FOOD.JK'}"
FORE.JK,2026-09-16,780,,,2026-09-16T12:17:22.062909+00:00,"{'date': '2026-09-16', 'close': 780, 'symbol': 'FORE.JK'}"
FORU.JK,2026-09-16,4020,,,2026-09-16T12:17:22.062909+00:00,"{'date': '2026-09-16', 'close': 4020, 'symbol': 'FORU.JK'}"
FPNI.JK,2026-09-16,505,,,2026-09-16T12:17:22.062909+00:00,"{'date': '2026-09-16', 'close': 505, 'symbol': 'FPNI.JK'}"
FUJI.JK,2026-09-16,254,,,2026-09-16T12:17:22.062909+00:00,"{'date': '2026-09-16', 'close': 254, 'symbol': 'FUJI.JK'}"
FUTR.JK,2026-09-16,282,,,2026-09-16T12:17:22.062909+00:00,"{'date': '2026-09-16', 'close': 282, 'symbol': 'FUTR.JK'}"
FWCT.JK,2026-09-16,90,,,2026-09-16T12:17:22.062909+00:00,"{'date': '2026-09-16', 'close': 90, 'symbol': 'FWCT.JK'}"
GAMA.JK,2026-09-16,18,,,2026-09-16T12:17:22.062909+00:00,"{'date': '2026-09-16', 'close': 18, 'symbol': 'GAMA.JK'}"
GDST.JK,2026-09-16,113,,,2026-09-16T12:17:22.062909+00:00,"{'date': '2026-09-16', 'close': 113, 'symbol': 'GDST.JK'}"
GDYR.JK,2026-09-16,1125,,,2026-09-16T12:17:22.062909+00:00,"{'date': '2026-09-16', 'close': 1125, 'symbol': 'GDYR.JK'}"
GEMA.JK,2026-09-16,91,,,2026-09-16T12:17:22.062909+00:00,"{'date': '2026-09-16', 'close': 91, 'symbol': 'GEMA.JK'}"
GEMS.JK,2026-09-16,7350,,,2026-09-16T12:17:22.062909+00:00,"{'date': '2026-09-16', 'close': 7350, 'symbol': 'GEMS.JK'}"
GGRM.JK,2026-09-16,17750,,,2026-09-16T12:17:22.062909+00:00,"{'date': '2026-09-16', 'close': 17750, 'symbol': 'GGRM.JK'}"
GGRP.JK,2026-09-16,318,,,2026-09-16T12:17:22.062909+00:00,"{'date': '2026-09-16', 'close': 318, 'symbol': 'GGRP.JK'}"
GHON.JK,2026-09-16,1685,,,2026-09-16T12:17:22.062909+00:00,"{'date': '2026-09-16', 'close': 1685, 'symbol': 'GHON.JK'}"
GIAA.JK,2026-09-16,62,,,2026-09-16T12:17:22.062909+00:00,"{'date': '2026-09-16', 'close': 62, 'symbol': 'GIAA.JK'}"
GJTL.JK,2026-09-16,1330,,,2026-09-16T12:17:22.062909+00:00,"{'date': '2026-09-16', 'close': 1330, 'symbol': 'GJTL.JK'}"
GLOB.JK,2026-09-16,155,,,2026-09-16T12:17:22.062909+00:00,"{'date': '2026-09-16', 'close': 155, 'symbol': 'GLOB.JK'}"
GLVA.JK,2026-09-16,334,,,2026-09-16T12:17:22.062909+00:00,"{'date': '2026-09-16', 'close': 334, 'symbol': 'GLVA.JK'}"
GMFI.JK,2026-09-16,58,,,2026-09-16T12:17:22.062909+00:00,"{'date': '2026-09-16', 'close': 58, 'symbol': 'GMFI.JK'}"
GMTD.JK,2026-09-16,1235,,,2026-09-16T12:17:22.062909+00:00,"{'date': '2026-09-16', 'close': 1235, 'symbol': 'GMTD.JK'}"
GOLD.JK,2026-09-16,276,,,2026-09-16T12:17:22.062909+00:00,"{'date': '2026-09-16', 'close': 276, 'symbol': 'GOLD.JK'}"
GOLF.JK,2026-09-16,173,,,2026-09-16T12:17:22.062909+00:00,"{'date': '2026-09-16', 'close': 173, 'symbol': 'GOLF.JK'}"
GOLL.JK,2026-09-16,50,,,2026-09-16T12:17:22.062909+00:00,"{'date': '2026-09-16', 'close': 50, 'symbol': 'GOLL.JK'}"
GOOD.JK,2026-09-16,312,,,2026-09-16T12:17:22.062909+00:00,"{'date': '2026-09-16', 'close': 312, 'symbol': 'GOOD.JK'}"
GOTO.JK,2026-09-16,50,,,2026-09-16T12:17:22.062909+00:00,"{'date': '2026-09-16', 'close': 50, 'symbol': 'GOTO.JK'}"
GPRA.JK,2026-09-16,103,,,2026-09-16T12:17:22.062909+00:00,"{'date': '2026-09-16', 'close': 103, 'symbol': 'GPRA.JK'}"
GPSO.JK,2026-09-16,280,,,2026-09-16T12:17:22.062909+00:00,"{'date': '2026-09-16', 'close': 280, 'symbol': 'GPSO.JK'}"
GRIA.JK,2026-09-16,167,,,2026-09-16T12:17:22.062909+00:00,"{'date': '2026-09-16', 'close': 167, 'symbol': 'GRIA.JK'}"
GRPH.JK,2026-09-16,137,,,2026-09-16T12:17:22.062909+00:00,"{'date': '2026-09-16', 'close': 137, 'symbol': 'GRPH.JK'}"
GRPM.JK,2026-09-16,170,,,2026-09-16T12:17:22.062909+00:00,"{'date': '2026-09-16', 'close': 170, 'symbol': 'GRPM.JK'}"
GSMF.JK,2026-09-16,102,,,2026-09-16T12:17:22.062909+00:00,"{'date': '2026-09-16', 'close': 102, 'symbol': 'GSMF.JK'}"
GTBO.JK,2026-09-16,152,,,2026-09-16T12:17:22.062909+00:00,"{'date': '2026-09-16', 'close': 152, 'symbol': 'GTBO.JK'}"
GTRA.JK,2026-09-16,236,,,2026-09-16T12:17:22.062909+00:00,"{'date': '2026-09-16', 'close': 236, 'symbol': 'GTRA.JK'}"
GTSI.JK,2026-09-16,153,,,2026-09-16T12:17:22.062909+00:00,"{'date': '2026-09-16', 'close': 153, 'symbol': 'GTSI.JK'}"
GULA.JK,2026-09-16,830,,,2026-09-16T12:17:22.062909+00:00,"{'date': '2026-09-16', 'close': 830, 'symbol': 'GULA.JK'}"
GUNA.JK,2026-09-16,220,,,2026-09-16T12:17:22.062909+00:00,"{'date': '2026-09-16', 'close': 220, 'symbol': 'GUNA.JK'}"
GWSA.JK,2026-09-16,156,,,2026-09-16T12:17:22.062909+00:00,"{'date': '2026-09-16', 'close': 156, 'symbol': 'GWSA.JK'}"
GZCO.JK,2026-09-16,184,,,2026-09-16T12:17:22.062909+00:00,"{'date': '2026-09-16', 'close': 184, 'symbol': 'GZCO.JK'}"
HADE.JK,2026-09-16,23,,,2026-09-16T12:17:22.062909+00:00,"{'date': '2026-09-16', 'close': 23, 'symbol': 'HADE.JK'}"
HAIS.JK,2026-09-16,183,,,2026-09-16T12:17:22.062909+00:00,"{'date': '2026-09-16', 'close': 183, 'symbol': 'HAIS.JK'}"
HAJJ.JK,2026-09-16,111,,,2026-09-16T12:17:22.062909+00:00,"{'date': '2026-09-16', 'close': 111, 'symbol': 'HAJJ.JK'}"
HALO.JK,2026-09-16,71,,,2026-09-16T12:17:22.062909+00:00,"{'date': '2026-09-16', 'close': 71, 'symbol': 'HALO.JK'}"
HATM.JK,2026-09-16,565,,,2026-09-16T12:17:22.062909+00:00,"{'date': '2026-09-16', 'close': 565, 'symbol': 'HATM.JK'}"
HBAT.JK,2026-09-16,350,,,2026-09-16T12:17:22.062909+00:00,"{'date': '2026-09-16', 'close': 350, 'symbol': 'HBAT.JK'}"
HDFA.JK,2026-09-16,101,,,2026-09-16T12:17:22.062909+00:00,"{'date': '2026-09-16', 'close': 101, 'symbol': 'HDFA.JK'}"
HDIT.JK,2026-09-16,50,,,2026-09-16T12:17:22.062909+00:00,"{'date': '2026-09-16', 'close': 50, 'symbol': 'HDIT.JK'}"
HEAL.JK,2026-09-16,675,,,2026-09-16T12:17:22.062909+00:00,"{'date': '2026-09-16', 'close': 675, 'symbol': 'HEAL.JK'}"
HELI.JK,2026-09-16,216,,,2026-09-16T12:17:22.062909+00:00,"{'date': '2026-09-16', 'close': 216, 'symbol': 'HELI.JK'}"
HERO.JK,2026-09-16,340,,,2026-09-16T12:17:22.062909+00:00,"{'date': '2026-09-16', 'close': 340, 'symbol': 'HERO.JK'}"
HEXA.JK,2026-09-16,4400,,,2026-09-16T12:17:22.062909+00:00,"{'date': '2026-09-16', 'close': 4400, 'symbol': 'HEXA.JK'}"
HGII.JK,2026-09-16,141,,,2026-09-16T12:17:22.062909+00:00,"{'date': '2026-09-16', 'close': 141, 'symbol': 'HGII.JK'}"
HILL.JK,2026-09-16,16,,,2026-09-16T12:17:22.062909+00:00,"{'date': '2026-09-16', 'close': 16, 'symbol': 'HILL.JK'}"
HITS.JK,2026-09-16,116,,,2026-09-16T12:17:22.062909+00:00,"{'date': '2026-09-16', 'close': 116, 'symbol': 'HITS.JK'}"
HKMU.JK,2026-09-16,50,,,2026-09-16T12:17:22.062909+00:00,"{'date': '2026-09-16', 'close': 50, 'symbol': 'HKMU.JK'}"
HMSP.JK,2026-09-16,655,,,2026-09-16T12:17:22.062909+00:00,"{'date': '2026-09-16', 'close': 655, 'symbol': 'HMSP.JK'}"
HOKI.JK,2026-09-16,53,,,2026-09-16T12:17:22.062909+00:00,"{'date': '2026-09-16', 'close': 53, 'symbol': 'HOKI.JK'}"
HOME.JK,2026-09-16,50,,,2026-09-16T12:17:22.062909+00:00,"{'date': '2026-09-16', 'close': 50, 'symbol': 'HOME.JK'}"
HOMI.JK,2026-09-16,252,,,2026-09-16T12:17:22.062909+00:00,"{'date': '2026-09-16', 'close': 252, 'symbol': 'HOMI.JK'}"
HOPE.JK,2026-09-16,210,,,2026-09-16T12:17:22.062909+00:00,"{'date': '2026-09-16', 'close': 210, 'symbol': 'HOPE.JK'}"
HOTL.JK,2026-09-16,50,,,2026-09-16T12:17:22.062909+00:00,"{'date': '2026-09-16', 'close': 50, 'symbol': 'HOTL.JK'}"
HRME.JK,2026-09-16,44,,,2026-09-16T12:17:22.062909+00:00,"{'date': '2026-09-16', 'close': 44, 'symbol': 'HRME.JK'}"
HRTA.JK,2026-09-16,2110,,,2026-09-16T12:17:22.062909+00:00,"{'date': '2026-09-16', 'close': 2110, 'symbol': 'HRTA.JK'}"
HRUM.JK,2026-09-16,885,,,2026-09-16T12:17:22.062909+00:00,"{'date': '2026-09-16', 'close': 885, 'symbol': 'HRUM.JK'}"
HUMI.JK,2026-09-16,130,,,2026-09-16T12:17:22.062909+00:00,"{'date': '2026-09-16', 'close': 130, 'symbol': 'HUMI.JK'}"
HYGN.JK,2026-09-16,184,,,2026-09-16T12:17:22.062909+00:00,"{'date': '2026-09-16', 'close': 184, 'symbol': 'HYGN.JK'}"
IATA.JK,2026-09-16,116,,,2026-09-16T12:17:22.062909+00:00,"{'date': '2026-09-16', 'close': 116, 'symbol': 'IATA.JK'}"
IBFN.JK,2026-09-16,63,,,2026-09-16T12:17:22.062909+00:00,"{'date': '2026-09-16', 'close': 63, 'symbol': 'IBFN.JK'}"
IBOS.JK,2026-09-16,91,,,2026-09-16T12:17:22.062909+00:00,"{'date': '2026-09-16', 'close': 91, 'symbol': 'IBOS.JK'}"
IBST.JK,2026-09-16,8475,,,2026-09-16T12:17:22.062909+00:00,"{'date': '2026-09-16', 'close': 8475, 'symbol': 'IBST.JK'}"
ICBP.JK,2026-09-16,7025,,,2026-09-16T12:17:22.062909+00:00,"{'date': '2026-09-16', 'close': 7025, 'symbol': 'ICBP.JK'}"
ICON.JK,2026-09-16,146,,,2026-09-16T12:17:22.062909+00:00,"{'date': '2026-09-16', 'close': 146, 'symbol': 'ICON.JK'}"
IDEA.JK,2026-09-16,102,,,2026-09-16T12:17:22.062909+00:00,"{'date': '2026-09-16', 'close': 102, 'symbol': 'IDEA.JK'}"
IDPR.JK,2026-09-16,274,,,2026-09-16T12:17:22.062909+00:00,"{'date': '2026-09-16', 'close': 274, 'symbol': 'IDPR.JK'}"
IFII.JK,2026-09-16,210,,,2026-09-16T12:17:22.062909+00:00,"{'date': '2026-09-16', 'close': 210, 'symbol': 'IFII.JK'}"
IFSH.JK,2026-09-16,1000,,,2026-09-16T12:17:22.062909+00:00,"{'date': '2026-09-16', 'close': 1000, 'symbol': 'IFSH.JK'}"
IGAR.JK,2026-09-16,474,,,2026-09-16T12:17:22.062909+00:00,"{'date': '2026-09-16', 'close': 474, 'symbol': 'IGAR.JK'}"
IIKP.JK,2026-09-16,50,,,2026-09-16T12:17:22.062909+00:00,"{'date': '2026-09-16', 'close': 50, 'symbol': 'IIKP.JK'}"
IKAI.JK,2026-09-16,21,,,2026-09-16T12:17:22.062909+00:00,"{'date': '2026-09-16', 'close': 21, 'symbol': 'IKAI.JK'}"
IKAN.JK,2026-09-16,91,,,2026-09-16T12:17:22.062909+00:00,"{'date': '2026-09-16', 'close': 91, 'symbol': 'IKAN.JK'}"
IKBI.JK,2026-09-16,575,,,2026-09-16T12:17:22.062909+00:00,"{'date': '2026-09-16', 'close': 575, 'symbol': 'IKBI.JK'}"
IKPM.JK,2026-09-16,179,,,2026-09-16T12:17:22.062909+00:00,"{'date': '2026-09-16', 'close': 179, 'symbol': 'IKPM.JK'}"
IMAS.JK,2026-09-16,880,,,2026-09-16T12:17:22.062909+00:00,"{'date': '2026-09-16', 'close': 880, 'symbol': 'IMAS.JK'}"
IMJS.JK,2026-09-16,185,,,2026-09-16T12:17:22.062909+00:00,"{'date': '2026-09-16', 'close': 185, 'symbol': 'IMJS.JK'}"
IMPC.JK,2026-09-16,1700,,,2026-09-16T12:17:22.062909+00:00,"{'date': '2026-09-16', 'close': 1700, 'symbol': 'IMPC.JK'}"
INAF.JK,2026-09-16,126,,,2026-09-16T12:17:22.062909+00:00,"{'date': '2026-09-16', 'close': 126, 'symbol': 'INAF.JK'}"
INAI.JK,2026-09-16,175,,,2026-09-16T12:17:22.062909+00:00,"{'date': '2026-09-16', 'close': 175, 'symbol': 'INAI.JK'}"
INCF.JK,2026-09-16,50,,,2026-09-16T12:17:22.062909+00:00,"{'date': '2026-09-16', 'close': 50, 'symbol': 'INCF.JK'}"
INCI.JK,2026-09-16,815,,,2026-09-16T12:17:22.062909+00:00,"{'date': '2026-09-16', 'close': 815, 'symbol': 'INCI.JK'}"
INCO.JK,2026-09-16,4830,,,2026-09-16T12:17:22.062909+00:00,"{'date': '2026-09-16', 'close': 4830, 'symbol': 'INCO.JK'}"
INDF.JK,2026-09-16,7225,,,2026-09-16T12:17:22.062909+00:00,"{'date': '2026-09-16', 'close': 7225, 'symbol': 'INDF.JK'}"
INDO.JK,2026-09-16,185,,,2026-09-16T12:17:22.062909+00:00,"{'date': '2026-09-16', 'close': 185, 'symbol': 'INDO.JK'}"
INDR.JK,2026-09-16,2950,,,2026-09-16T12:17:22.062909+00:00,"{'date': '2026-09-16', 'close': 2950, 'symbol': 'INDR.JK'}"
INDS.JK,2026-09-16,252,,,2026-09-16T12:17:22.062909+00:00,"{'date': '2026-09-16', 'close': 252, 'symbol': 'INDS.JK'}"
INDX.JK,2026-09-16,60,,,2026-09-16T12:17:22.062909+00:00,"{'date': '2026-09-16', 'close': 60, 'symbol': 'INDX.JK'}"
INDY.JK,2026-09-16,2700,,,2026-09-16T12:17:22.062909+00:00,"{'date': '2026-09-16', 'close': 2700, 'symbol': 'INDY.JK'}"
INET.JK,2026-09-16,316,,,2026-09-16T12:17:22.062909+00:00,"{'date': '2026-09-16', 'close': 316, 'symbol': 'INET.JK'}"
INKP.JK,2026-09-16,8600,,,2026-09-16T12:17:22.062909+00:00,"{'date': '2026-09-16', 'close': 8600, 'symbol': 'INKP.JK'}"
INOV.JK,2026-09-16,136,,,2026-09-16T12:17:22.062909+00:00,"{'date': '2026-09-16', 'close': 136, 'symbol': 'INOV.JK'}"
INPC.JK,2026-09-16,151,,,2026-09-16T12:17:22.062909+00:00,"{'date': '2026-09-16', 'close': 151, 'symbol': 'INPC.JK'}"
INPP.JK,2026-09-16,740,,,2026-09-16T12:17:22.062909+00:00,"{'date': '2026-09-16', 'close': 740, 'symbol': 'INPP.JK'}"
INPS.JK,2026-09-16,970,,,2026-09-16T12:17:22.062909+00:00,"{'date': '2026-09-16', 'close': 970, 'symbol': 'INPS.JK'}"
INRU.JK,2026-09-16,590,,,2026-09-16T12:17:22.062909+00:00,"{'date': '2026-09-16', 'close': 590, 'symbol': 'INRU.JK'}"
INTA.JK,2026-09-16,61,,,2026-09-16T12:17:22.062909+00:00,"{'date': '2026-09-16', 'close': 61, 'symbol': 'INTA.JK'}"
INTD.JK,2026-09-16,272,,,2026-09-16T12:17:22.062909+00:00,"{'date': '2026-09-16', 'close': 272, 'symbol': 'INTD.JK'}"
INTP.JK,2026-09-16,5225,,,2026-09-16T12:17:22.062909+00:00,"{'date': '2026-09-16', 'close': 5225, 'symbol': 'INTP.JK'}"
IOTF.JK,2026-09-16,63,,,2026-09-16T12:17:22.062909+00:00,"{'date': '2026-09-16', 'close': 63, 'symbol': 'IOTF.JK'}"
IPAC.JK,2026-09-16,189,,,2026-09-16T12:17:22.062909+00:00,"{'date': '2026-09-16', 'close': 189, 'symbol': 'IPAC.JK'}"
IPCC.JK,2026-09-16,1105,,,2026-09-16T12:17:22.062909+00:00,"{'date': '2026-09-16', 'close': 1105, 'symbol': 'IPCC.JK'}"
IPCM.JK,2026-09-16,288,,,2026-09-16T12:17:22.062909+00:00,"{'date': '2026-09-16', 'close': 288, 'symbol': 'IPCM.JK'}"
IPOL.JK,2026-09-16,115,,,2026-09-16T12:17:22.062909+00:00,"{'date': '2026-09-16', 'close': 115, 'symbol': 'IPOL.JK'}"
IPPE.JK,2026-09-16,14,,,2026-09-16T12:17:22.062909+00:00,"{'date': '2026-09-16', 'close': 14, 'symbol': 'IPPE.JK'}"
IPTV.JK,2026-09-16,31,,,2026-09-16T12:17:22.062909+00:00,"{'date': '2026-09-16', 'close': 31, 'symbol': 'IPTV.JK'}"
IRRA.JK,2026-09-16,368,,,2026-09-16T12:17:22.062909+00:00,"{'date': '2026-09-16', 'close': 368, 'symbol': 'IRRA.JK'}"
IRSX.JK,2026-09-16,398,,,2026-09-16T12:17:22.062909+00:00,"{'date': '2026-09-16', 'close': 398, 'symbol': 'IRSX.JK'}"
ISAP.JK,2026-09-16,25,,,2026-09-16T12:17:22.062909+00:00,"{'date': '2026-09-16', 'close': 25, 'symbol': 'ISAP.JK'}"
ISAT.JK,2026-09-16,2360,,,2026-09-16T12:17:22.062909+00:00,"{'date': '2026-09-16', 'close': 2360, 'symbol': 'ISAT.JK'}"
ISEA.JK,2026-09-16,90,,,2026-09-16T12:17:22.062909+00:00,"{'date': '2026-09-16', 'close': 90, 'symbol': 'ISEA.JK'}"
ISSP.JK,2026-09-16,430,,,2026-09-16T12:17:22.062909+00:00,"{'date': '2026-09-16', 'close': 430, 'symbol': 'ISSP.JK'}"
ITIC.JK,2026-09-16,216,,,2026-09-16T12:17:22.062909+00:00,"{'date': '2026-09-16', 'close': 216, 'symbol': 'ITIC.JK'}"
ITMA.JK,2026-09-16,1470,,,2026-09-16T12:17:22.062909+00:00,"{'date': '2026-09-16', 'close': 1470, 'symbol': 'ITMA.JK'}"
ITMG.JK,2026-09-16,26225,,,2026-09-16T12:17:22.062909+00:00,"{'date': '2026-09-16', 'close': 26225, 'symbol': 'ITMG.JK'}"
JARR.JK,2026-09-16,3890,,,2026-09-16T12:17:22.062909+00:00,"{'date': '2026-09-16', 'close': 3890, 'symbol': 'JARR.JK'}"
JAST.JK,2026-09-16,88,,,2026-09-16T12:17:22.062909+00:00,"{'date': '2026-09-16', 'close': 88, 'symbol': 'JAST.JK'}"
JATI.JK,2026-09-16,114,,,2026-09-16T12:17:22.062909+00:00,"{'date': '2026-09-16', 'close': 114, 'symbol': 'JATI.JK'}"
JAWA.JK,2026-09-16,154,,,2026-09-16T12:17:22.062909+00:00,"{'date': '2026-09-16', 'close': 154, 'symbol': 'JAWA.JK'}"
JAYA.JK,2026-09-16,174,,,2026-09-16T12:17:22.062909+00:00,"{'date': '2026-09-16', 'close': 174, 'symbol': 'JAYA.JK'}"
JECC.JK,2026-09-16,890,,,2026-09-16T12:17:22.062909+00:00,"{'date': '2026-09-16', 'close': 890, 'symbol': 'JECC.JK'}"
JECX.JK,2026-09-16,1350,,,2026-09-16T12:17:22.062909+00:00,"{'date': '2026-09-16', 'close': 1350, 'symbol': 'JECX.JK'}"
JELI.JK,2026-09-16,482,,,2026-09-16T12:17:22.062909+00:00,"{'date': '2026-09-16', 'close': 482, 'symbol': 'JELI.JK'}"
JGLE.JK,2026-09-16,72,,,2026-09-16T12:17:22.062909+00:00,"{'date': '2026-09-16', 'close': 72, 'symbol': 'JGLE.JK'}"
JIHD.JK,2026-09-16,430,,,2026-09-16T12:17:22.062909+00:00,"{'date': '2026-09-16', 'close': 430, 'symbol': 'JIHD.JK'}"
JKON.JK,2026-09-16,86,,,2026-09-16T12:17:22.062909+00:00,"{'date': '2026-09-16', 'close': 86, 'symbol': 'JKON.JK'}"
JMAS.JK,2026-09-16,228,,,2026-09-16T12:17:22.062909+00:00,"{'date': '2026-09-16', 'close': 228, 'symbol': 'JMAS.JK'}"
JPFA.JK,2026-09-16,2300,,,2026-09-16T12:17:22.062909+00:00,"{'date': '2026-09-16', 'close': 2300, 'symbol': 'JPFA.JK'}"
JRPT.JK,2026-09-16,1120,,,2026-09-16T12:17:22.062909+00:00,"{'date': '2026-09-16', 'close': 1120, 'symbol': 'JRPT.JK'}"
JSKY.JK,2026-09-16,52,,,2026-09-16T12:17:22.062909+00:00,"{'date': '2026-09-16', 'close': 52, 'symbol': 'JSKY.JK'}"
JSMR.JK,2026-09-16,2840,,,2026-09-16T12:17:22.062909+00:00,"{'date': '2026-09-16', 'close': 2840, 'symbol': 'JSMR.JK'}"
JSPT.JK,2026-09-16,1470,,,2026-09-16T12:17:22.062909+00:00,"{'date': '2026-09-16', 'close': 1470, 'symbol': 'JSPT.JK'}"
JTPE.JK,2026-09-16,600,,,2026-09-16T12:17:22.062909+00:00,"{'date': '2026-09-16', 'close': 600, 'symbol': 'JTPE.JK'}"
KAEF.JK,2026-09-16,442,,,2026-09-16T12:17:22.062909+00:00,"{'date': '2026-09-16', 'close': 442, 'symbol': 'KAEF.JK'}"
KAQI.JK,2026-09-16,95,,,2026-09-16T12:17:22.062909+00:00,"{'date': '2026-09-16', 'close': 95, 'symbol': 'KAQI.JK'}"
KARW.JK,2026-09-16,212,,,2026-09-16T12:17:22.062909+00:00,"{'date': '2026-09-16', 'close': 212, 'symbol': 'KARW.JK'}"
KAYU.JK,2026-09-16,18,,,2026-09-16T12:17:22.062909+00:00,"{'date': '2026-09-16', 'close': 18, 'symbol': 'KAYU.JK'}"
KBAG.JK,2026-09-16,41,,,2026-09-16T12:17:22.062909+00:00,"{'date': '2026-09-16', 'close': 41, 'symbol': 'KBAG.JK'}"
KBLI.JK,2026-09-16,382,,,2026-09-16T12:17:22.062909+00:00,"{'date': '2026-09-16', 'close': 382, 'symbol': 'KBLI.JK'}"
KBLM.JK,2026-09-16,384,,,2026-09-16T12:17:22.062909+00:00,"{'date': '2026-09-16', 'close': 384, 'symbol': 'KBLM.JK'}"
KBLV.JK,2026-09-16,127,,,2026-09-16T12:17:22.062909+00:00,"{'date': '2026-09-16', 'close': 127, 'symbol': 'KBLV.JK'}"
KBRI.JK,2026-09-16,50,,,2026-09-16T12:17:22.062909+00:00,"{'date': '2026-09-16', 'close': 50, 'symbol': 'KBRI.JK'}"
KDSI.JK,2026-09-16,468,,,2026-09-16T12:17:22.062909+00:00,"{'date': '2026-09-16', 'close': 468, 'symbol': 'KDSI.JK'}"
KDTN.JK,2026-09-16,382,,,2026-09-16T12:17:22.062909+00:00,"{'date': '2026-09-16', 'close': 382, 'symbol': 'KDTN.JK'}"
KEEN.JK,2026-09-16,905,,,2026-09-16T12:17:22.062909+00:00,"{'date': '2026-09-16', 'close': 905, 'symbol': 'KEEN.JK'}"
KEJU.JK,2026-09-16,595,,,2026-09-16T12:17:22.062909+00:00,"{'date': '2026-09-16', 'close': 595, 'symbol': 'KEJU.JK'}"
KETR.JK,2026-09-16,925,,,2026-09-16T12:17:22.062909+00:00,"{'date': '2026-09-16', 'close': 925, 'symbol': 'KETR.JK'}"
KIAS.JK,2026-09-16,21,,,2026-09-16T12:17:22.062909+00:00,"{'date': '2026-09-16', 'close': 21, 'symbol': 'KIAS.JK'}"
KICI.JK,2026-09-16,274,,,2026-09-16T12:17:22.062909+00:00,"{'date': '2026-09-16', 'close': 274, 'symbol': 'KICI.JK'}"
KIJA.JK,2026-09-16,176,,,2026-09-16T12:17:22.062909+00:00,"{'date': '2026-09-16', 'close': 176, 'symbol': 'KIJA.JK'}"
KING.JK,2026-09-16,374,,,2026-09-16T12:17:22.062909+00:00,"{'date': '2026-09-16', 'close': 374, 'symbol': 'KING.JK'}"
KINO.JK,2026-09-16,1405,,,2026-09-16T12:17:22.062909+00:00,"{'date': '2026-09-16', 'close': 1405, 'symbol': 'KINO.JK'}"
KIOS.JK,2026-09-16,99,,,2026-09-16T12:17:22.062909+00:00,"{'date': '2026-09-16', 'close': 99, 'symbol': 'KIOS.JK'}"
KJEN.JK,2026-09-16,166,,,2026-09-16T12:17:22.062909+00:00,"{'date': '2026-09-16', 'close': 166, 'symbol': 'KJEN.JK'}"
KKES.JK,2026-09-16,86,,,2026-09-16T12:17:22.062909+00:00,"{'date': '2026-09-16', 'close': 86, 'symbol': 'KKES.JK'}"
KKGI.JK,2026-09-16,306,,,2026-09-16T12:17:22.062909+00:00,"{'date': '2026-09-16', 'close': 306, 'symbol': 'KKGI.JK'}"
KLAS.JK,2026-09-16,83,,,2026-09-16T12:17:22.062909+00:00,"{'date': '2026-09-16', 'close': 83, 'symbol': 'KLAS.JK'}"
KLBF.JK,2026-09-16,760,,,2026-09-16T12:17:22.062909+00:00,"{'date': '2026-09-16', 'close': 760, 'symbol': 'KLBF.JK'}"
KLIN.JK,2026-09-16,123,,,2026-09-16T12:17:22.062909+00:00,"{'date': '2026-09-16', 'close': 123, 'symbol': 'KLIN.JK'}"
KMDS.JK,2026-09-16,525,,,2026-09-16T12:17:22.062909+00:00,"{'date': '2026-09-16', 'close': 525, 'symbol': 'KMDS.JK'}"
KMTR.JK,2026-09-16,250,,,2026-09-16T12:17:22.062909+00:00,"{'date': '2026-09-16', 'close': 250, 'symbol': 'KMTR.JK'}"
KOBX.JK,2026-09-16,176,,,2026-09-16T12:17:22.062909+00:00,"{'date': '2026-09-16', 'close': 176, 'symbol': 'KOBX.JK'}"
KOCI.JK,2026-09-16,120,,,2026-09-16T12:17:22.062909+00:00,"{'date': '2026-09-16', 'close': 120, 'symbol': 'KOCI.JK'}"
KOIN.JK,2026-09-16,78,,,2026-09-16T12:17:22.062909+00:00,"{'date': '2026-09-16', 'close': 78, 'symbol': 'KOIN.JK'}"
KOKA.JK,2026-09-16,190,,,2026-09-16T12:17:22.062909+00:00,"{'date': '2026-09-16', 'close': 190, 'symbol': 'KOKA.JK'}"
KONI.JK,2026-09-16,2050,,,2026-09-16T12:17:22.062909+00:00,"{'date': '2026-09-16', 'close': 2050, 'symbol': 'KONI.JK'}"
KOPI.JK,2026-09-16,202,,,2026-09-16T12:17:22.062909+00:00,"{'date': '2026-09-16', 'close': 202, 'symbol': 'KOPI.JK'}"
KOTA.JK,2026-09-16,193,,,2026-09-16T12:17:22.062909+00:00,"{'date': '2026-09-16', 'close': 193, 'symbol': 'KOTA.JK'}"
KPIG.JK,2026-09-16,72,,,2026-09-16T12:17:22.062909+00:00,"{'date': '2026-09-16', 'close': 72, 'symbol': 'KPIG.JK'}"
KRAS.JK,2026-09-16,228,,,2026-09-16T12:17:22.604714+00:00,"{'date': '2026-09-16', 'close': 228, 'symbol': 'KRAS.JK'}"
KREN.JK,2026-09-16,15,,,2026-09-16T12:17:22.604714+00:00,"{'date': '2026-09-16', 'close': 15, 'symbol': 'KREN.JK'}"
KRYA.JK,2026-09-16,70,,,2026-09-16T12:17:22.604714+00:00,"{'date': '2026-09-16', 'close': 70, 'symbol': 'KRYA.JK'}"
KSIX.JK,2026-09-16,408,,,2026-09-16T12:17:22.604714+00:00,"{'date': '2026-09-16', 'close': 408, 'symbol': 'KSIX.JK'}"
KUAS.JK,2026-09-16,99,,,2026-09-16T12:17:22.604714+00:00,"{'date': '2026-09-16', 'close': 99, 'symbol': 'KUAS.JK'}"
LABA.JK,2026-09-16,126,,,2026-09-16T12:17:22.604714+00:00,"{'date': '2026-09-16', 'close': 126, 'symbol': 'LABA.JK'}"
LABS.JK,2026-09-16,168,,,2026-09-16T12:17:22.604714+00:00,"{'date': '2026-09-16', 'close': 168, 'symbol': 'LABS.JK'}"
LAJU.JK,2026-09-16,71,,,2026-09-16T12:17:22.604714+00:00,"{'date': '2026-09-16', 'close': 71, 'symbol': 'LAJU.JK'}"
LAND.JK,2026-09-16,72,,,2026-09-16T12:17:22.604714+00:00,"{'date': '2026-09-16', 'close': 72, 'symbol': 'LAND.JK'}"
LAPD.JK,2026-09-16,79,,,2026-09-16T12:17:22.604714+00:00,"{'date': '2026-09-16', 'close': 79, 'symbol': 'LAPD.JK'}"
LCGP.JK,2026-09-16,114,,,2026-09-16T12:17:22.604714+00:00,"{'date': '2026-09-16', 'close': 114, 'symbol': 'LCGP.JK'}"
LCKM.JK,2026-09-16,109,,,2026-09-16T12:17:22.604714+00:00,"{'date': '2026-09-16', 'close': 109, 'symbol': 'LCKM.JK'}"
LEAD.JK,2026-09-16,104,,,2026-09-16T12:17:22.604714+00:00,"{'date': '2026-09-16', 'close': 104, 'symbol': 'LEAD.JK'}"
LFLO.JK,2026-09-16,535,,,2026-09-16T12:17:22.604714+00:00,"{'date': '2026-09-16', 'close': 535, 'symbol': 'LFLO.JK'}"
LIFE.JK,2026-09-16,12725,,,2026-09-16T12:17:22.604714+00:00,"{'date': '2026-09-16', 'close': 12725, 'symbol': 'LIFE.JK'}"
LINK.JK,2026-09-16,1655,,,2026-09-16T12:17:22.604714+00:00,"{'date': '2026-09-16', 'close': 1655, 'symbol': 'LINK.JK'}"
LION.JK,2026-09-16,362,,,2026-09-16T12:17:22.604714+00:00,"{'date': '2026-09-16', 'close': 362, 'symbol': 'LION.JK'}"
LIVE.JK,2026-09-16,182,,,2026-09-16T12:17:22.604714+00:00,"{'date': '2026-09-16', 'close': 182, 'symbol': 'LIVE.JK'}"
LMAS.JK,2026-09-16,50,,,2026-09-16T12:17:22.604714+00:00,"{'date': '2026-09-16', 'close': 50, 'symbol': 'LMAS.JK'}"
LMAX.JK,2026-09-16,107,,,2026-09-16T12:17:22.604714+00:00,"{'date': '2026-09-16', 'close': 107, 'symbol': 'LMAX.JK'}"
LMPI.JK,2026-09-16,163,,,2026-09-16T12:17:22.604714+00:00,"{'date': '2026-09-16', 'close': 163, 'symbol': 'LMPI.JK'}"
LMSH.JK,2026-09-16,256,,,2026-09-16T12:17:22.604714+00:00,"{'date': '2026-09-16', 'close': 256, 'symbol': 'LMSH.JK'}"
LOPI.JK,2026-09-16,63,,,2026-09-16T12:17:22.604714+00:00,"{'date': '2026-09-16', 'close': 63, 'symbol': 'LOPI.JK'}"
LPCK.JK,2026-09-16,600,,,2026-09-16T12:17:22.604714+00:00,"{'date': '2026-09-16', 'close': 600, 'symbol': 'LPCK.JK'}"
LPGI.JK,2026-09-16,645,,,2026-09-16T12:17:22.604714+00:00,"{'date': '2026-09-16', 'close': 645, 'symbol': 'LPGI.JK'}"
LPIN.JK,2026-09-16,432,,,2026-09-16T12:17:22.604714+00:00,"{'date': '2026-09-16', 'close': 432, 'symbol': 'LPIN.JK'}"
LPKR.JK,2026-09-16,59,,,2026-09-16T12:17:22.604714+00:00,"{'date': '2026-09-16', 'close': 59, 'symbol': 'LPKR.JK'}"
LPLI.JK,2026-09-16,234,,,2026-09-16T12:17:22.604714+00:00,"{'date': '2026-09-16', 'close': 234, 'symbol': 'LPLI.JK'}"
LPPF.JK,2026-09-16,1615,,,2026-09-16T12:17:22.604714+00:00,"{'date': '2026-09-16', 'close': 1615, 'symbol': 'LPPF.JK'}"
LPPS.JK,2026-09-16,81,,,2026-09-16T12:17:22.604714+00:00,"{'date': '2026-09-16', 'close': 81, 'symbol': 'LPPS.JK'}"
LRNA.JK,2026-09-16,220,,,2026-09-16T12:17:22.604714+00:00,"{'date': '2026-09-16', 'close': 220, 'symbol': 'LRNA.JK'}"
LSIP.JK,2026-09-16,1710,,,2026-09-16T12:17:22.604714+00:00,"{'date': '2026-09-16', 'close': 1710, 'symbol': 'LSIP.JK'}"
LTLS.JK,2026-09-16,975,,,2026-09-16T12:17:22.604714+00:00,"{'date': '2026-09-16', 'close': 975, 'symbol': 'LTLS.JK'}"
LUCK.JK,2026-09-16,117,,,2026-09-16T12:17:22.604714+00:00,"{'date': '2026-09-16', 'close': 117, 'symbol': 'LUCK.JK'}"
LUCY.JK,2026-09-16,334,,,2026-09-16T12:17:22.604714+00:00,"{'date': '2026-09-16', 'close': 334, 'symbol': 'LUCY.JK'}"
MABA.JK,2026-09-16,50,,,2026-09-16T12:17:22.604714+00:00,"{'date': '2026-09-16', 'close': 50, 'symbol': 'MABA.JK'}"
MAGP.JK,2026-09-16,50,,,2026-09-16T12:17:22.604714+00:00,"{'date': '2026-09-16', 'close': 50, 'symbol': 'MAGP.JK'}"
MAHA.JK,2026-09-16,143,,,2026-09-16T12:17:22.604714+00:00,"{'date': '2026-09-16', 'close': 143, 'symbol': 'MAHA.JK'}"
MAIN.JK,2026-09-16,665,,,2026-09-16T12:17:22.604714+00:00,"{'date': '2026-09-16', 'close': 665, 'symbol': 'MAIN.JK'}"
MANG.JK,2026-09-16,39,,,2026-09-16T12:17:22.604714+00:00,"{'date': '2026-09-16', 'close': 39, 'symbol': 'MANG.JK'}"
MAPA.JK,2026-09-16,645,,,2026-09-16T12:17:22.604714+00:00,"{'date': '2026-09-16', 'close': 645, 'symbol': 'MAPA.JK'}"
MAPB.JK,2026-09-16,1220,,,2026-09-16T12:17:22.604714+00:00,"{'date': '2026-09-16', 'close': 1220, 'symbol': 'MAPB.JK'}"
MAPI.JK,2026-09-16,1380,,,2026-09-16T12:17:22.604714+00:00,"{'date': '2026-09-16', 'close': 1380, 'symbol': 'MAPI.JK'}"
MARI.JK,2026-09-16,23,,,2026-09-16T12:17:22.604714+00:00,"{'date': '2026-09-16', 'close': 23, 'symbol': 'MARI.JK'}"
MARK.JK,2026-09-16,1180,,,2026-09-16T12:17:22.604714+00:00,"{'date': '2026-09-16', 'close': 1180, 'symbol': 'MARK.JK'}"
MASB.JK,2026-09-16,3290,,,2026-09-16T12:17:22.604714+00:00,"{'date': '2026-09-16', 'close': 3290, 'symbol': 'MASB.JK'}"
MAXI.JK,2026-09-16,50,,,2026-09-16T12:17:22.604714+00:00,"{'date': '2026-09-16', 'close': 50, 'symbol': 'MAXI.JK'}"
MAYA.JK,2026-09-16,195,,,2026-09-16T12:17:22.604714+00:00,"{'date': '2026-09-16', 'close': 195, 'symbol': 'MAYA.JK'}"
MBAP.JK,2026-09-16,1720,,,2026-09-16T12:17:22.604714+00:00,"{'date': '2026-09-16', 'close': 1720, 'symbol': 'MBAP.JK'}"
MBMA.JK,2026-09-16,500,,,2026-09-16T12:17:22.604714+00:00,"{'date': '2026-09-16', 'close': 500, 'symbol': 'MBMA.JK'}"
MBSS.JK,2026-09-16,2880,,,2026-09-16T12:17:22.604714+00:00,"{'date': '2026-09-16', 'close': 2880, 'symbol': 'MBSS.JK'}"
MBTO.JK,2026-09-16,151,,,2026-09-16T12:17:22.604714+00:00,"{'date': '2026-09-16', 'close': 151, 'symbol': 'MBTO.JK'}"
MCAS.JK,2026-09-16,272,,,2026-09-16T12:17:22.604714+00:00,"{'date': '2026-09-16', 'close': 272, 'symbol': 'MCAS.JK'}"
MCOL.JK,2026-09-16,3650,,,2026-09-16T12:17:22.604714+00:00,"{'date': '2026-09-16', 'close': 3650, 'symbol': 'MCOL.JK'}"
MCOR.JK,2026-09-16,69,,,2026-09-16T12:17:22.604714+00:00,"{'date': '2026-09-16', 'close': 69, 'symbol': 'MCOR.JK'}"
MDIA.JK,2026-09-16,197,,,2026-09-16T12:17:22.604714+00:00,"{'date': '2026-09-16', 'close': 197, 'symbol': 'MDIA.JK'}"
MDIY.JK,2026-09-16,950,,,2026-09-16T12:17:22.604714+00:00,"{'date': '2026-09-16', 'close': 950, 'symbol': 'MDIY.JK'}"
MDKA.JK,2026-09-16,2850,,,2026-09-16T12:17:22.604714+00:00,"{'date': '2026-09-16', 'close': 2850, 'symbol': 'MDKA.JK'}"
MDKI.JK,2026-09-16,193,,,2026-09-16T12:17:22.604714+00:00,"{'date': '2026-09-16', 'close': 193, 'symbol': 'MDKI.JK'}"
MDLA.JK,2026-09-16,206,,,2026-09-16T12:17:22.604714+00:00,"{'date': '2026-09-16', 'close': 206, 'symbol': 'MDLA.JK'}"
MDLN.JK,2026-09-16,50,,,2026-09-16T12:17:22.604714+00:00,"{'date': '2026-09-16', 'close': 50, 'symbol': 'MDLN.JK'}"
MDRN.JK,2026-09-16,26,,,2026-09-16T12:17:22.604714+00:00,"{'date': '2026-09-16', 'close': 26, 'symbol': 'MDRN.JK'}"
MEDC.JK,2026-09-16,1565,,,2026-09-16T12:17:22.604714+00:00,"{'date': '2026-09-16', 'close': 1565, 'symbol': 'MEDC.JK'}"
MEDS.JK,2026-09-16,81,,,2026-09-16T12:17:22.604714+00:00,"{'date': '2026-09-16', 'close': 81, 'symbol': 'MEDS.JK'}"
MEGA.JK,2026-09-16,1960,,,2026-09-16T12:17:22.604714+00:00,"{'date': '2026-09-16', 'close': 1960, 'symbol': 'MEGA.JK'}"
MEJA.JK,2026-09-16,117,,,2026-09-16T12:17:22.604714+00:00,"{'date': '2026-09-16', 'close': 117, 'symbol': 'MEJA.JK'}"
MENN.JK,2026-09-16,53,,,2026-09-16T12:17:22.604714+00:00,"{'date': '2026-09-16', 'close': 53, 'symbol': 'MENN.JK'}"
MERI.JK,2026-09-16,118,,,2026-09-16T12:17:22.604714+00:00,"{'date': '2026-09-16', 'close': 118, 'symbol': 'MERI.JK'}"
MERK.JK,2026-09-16,3920,,,2026-09-16T12:17:22.604714+00:00,"{'date': '2026-09-16', 'close': 3920, 'symbol': 'MERK.JK'}"
META.JK,2026-09-16,238,,,2026-09-16T12:17:22.604714+00:00,"{'date': '2026-09-16', 'close': 238, 'symbol': 'META.JK'}"
MFMI.JK,2026-09-16,1300,,,2026-09-16T12:17:22.604714+00:00,"{'date': '2026-09-16', 'close': 1300, 'symbol': 'MFMI.JK'}"
MGLV.JK,2026-09-16,14325,,,2026-09-16T12:17:22.604714+00:00,"{'date': '2026-09-16', 'close': 14325, 'symbol': 'MGLV.JK'}"
MGNA.JK,2026-09-16,199,,,2026-09-16T12:17:22.604714+00:00,"{'date': '2026-09-16', 'close': 199, 'symbol': 'MGNA.JK'}"
MGRO.JK,2026-09-16,680,,,2026-09-16T12:17:22.604714+00:00,"{'date': '2026-09-16', 'close': 680, 'symbol': 'MGRO.JK'}"
MHKI.JK,2026-09-16,130,,,2026-09-16T12:17:22.604714+00:00,"{'date': '2026-09-16', 'close': 130, 'symbol': 'MHKI.JK'}"
MICE.JK,2026-09-16,530,,,2026-09-16T12:17:22.604714+00:00,"{'date': '2026-09-16', 'close': 530, 'symbol': 'MICE.JK'}"
MIDI.JK,2026-09-16,268,,,2026-09-16T12:17:22.604714+00:00,"{'date': '2026-09-16', 'close': 268, 'symbol': 'MIDI.JK'}"
MIKA.JK,2026-09-16,1790,,,2026-09-16T12:17:22.604714+00:00,"{'date': '2026-09-16', 'close': 1790, 'symbol': 'MIKA.JK'}"
MINA.JK,2026-09-16,260,,,2026-09-16T12:17:22.604714+00:00,"{'date': '2026-09-16', 'close': 260, 'symbol': 'MINA.JK'}"
MINE.JK,2026-09-16,300,,,2026-09-16T12:17:22.604714+00:00,"{'date': '2026-09-16', 'close': 300, 'symbol': 'MINE.JK'}"
MIRA.JK,2026-09-16,24,,,2026-09-16T12:17:22.604714+00:00,"{'date': '2026-09-16', 'close': 24, 'symbol': 'MIRA.JK'}"
MITI.JK,2026-09-16,288,,,2026-09-16T12:17:22.604714+00:00,"{'date': '2026-09-16', 'close': 288, 'symbol': 'MITI.JK'}"
MKAP.JK,2026-09-16,1140,,,2026-09-16T12:17:22.604714+00:00,"{'date': '2026-09-16', 'close': 1140, 'symbol': 'MKAP.JK'}"
MKNT.JK,2026-09-16,1,,,2026-09-16T12:17:22.604714+00:00,"{'date': '2026-09-16', 'close': 1, 'symbol': 'MKNT.JK'}"
MKPI.JK,2026-09-16,21750,,,2026-09-16T12:17:22.604714+00:00,"{'date': '2026-09-16', 'close': 21750, 'symbol': 'MKPI.JK'}"
MKTR.JK,2026-09-16,124,,,2026-09-16T12:17:22.604714+00:00,"{'date': '2026-09-16', 'close': 124, 'symbol': 'MKTR.JK'}"
MLBI.JK,2026-09-16,6875,,,2026-09-16T12:17:22.604714+00:00,"{'date': '2026-09-16', 'close': 6875, 'symbol': 'MLBI.JK'}"
MLIA.JK,2026-09-16,216,,,2026-09-16T12:17:22.604714+00:00,"{'date': '2026-09-16', 'close': 216, 'symbol': 'MLIA.JK'}"
MLPL.JK,2026-09-16,88,,,2026-09-16T12:17:22.604714+00:00,"{'date': '2026-09-16', 'close': 88, 'symbol': 'MLPL.JK'}"
MLPT.JK,2026-09-16,1160,,,2026-09-16T12:17:22.604714+00:00,"{'date': '2026-09-16', 'close': 1160, 'symbol': 'MLPT.JK'}"
MMIX.JK,2026-09-16,860,,,2026-09-16T12:17:22.604714+00:00,"{'date': '2026-09-16', 'close': 860, 'symbol': 'MMIX.JK'}"
MMLP.JK,2026-09-16,302,,,2026-09-16T12:17:22.604714+00:00,"{'date': '2026-09-16', 'close': 302, 'symbol': 'MMLP.JK'}"
MNCN.JK,2026-09-16,200,,,2026-09-16T12:17:22.604714+00:00,"{'date': '2026-09-16', 'close': 200, 'symbol': 'MNCN.JK'}"
MOLI.JK,2026-09-16,316,,,2026-09-16T12:17:22.604714+00:00,"{'date': '2026-09-16', 'close': 316, 'symbol': 'MOLI.JK'}"
MORA.JK,2026-09-16,5100,,,2026-09-16T12:17:22.604714+00:00,"{'date': '2026-09-16', 'close': 5100, 'symbol': 'MORA.JK'}"
MPIX.JK,2026-09-16,182,,,2026-09-16T12:17:22.604714+00:00,"{'date': '2026-09-16', 'close': 182, 'symbol': 'MPIX.JK'}"
MPMX.JK,2026-09-16,1025,,,2026-09-16T12:17:22.604714+00:00,"{'date': '2026-09-16', 'close': 1025, 'symbol': 'MPMX.JK'}"
MPOW.JK,2026-09-16,114,,,2026-09-16T12:17:22.604714+00:00,"{'date': '2026-09-16', 'close': 114, 'symbol': 'MPOW.JK'}"
MPPA.JK,2026-09-16,40,,,2026-09-16T12:17:22.604714+00:00,"{'date': '2026-09-16', 'close': 40, 'symbol': 'MPPA.JK'}"
MPRO.JK,2026-09-16,11850,,,2026-09-16T12:17:22.604714+00:00,"{'date': '2026-09-16', 'close': 11850, 'symbol': 'MPRO.JK'}"
MPXL.JK,2026-09-16,168,,,2026-09-16T12:17:22.604714+00:00,"{'date': '2026-09-16', 'close': 168, 'symbol': 'MPXL.JK'}"
MRAT.JK,2026-09-16,390,,,2026-09-16T12:17:22.604714+00:00,"{'date': '2026-09-16', 'close': 390, 'symbol': 'MRAT.JK'}"
MREI.JK,2026-09-16,920,,,2026-09-16T12:17:22.604714+00:00,"{'date': '2026-09-16', 'close': 920, 'symbol': 'MREI.JK'}"
MSIE.JK,2026-09-16,180,,,2026-09-16T12:17:22.604714+00:00,"{'date': '2026-09-16', 'close': 180, 'symbol': 'MSIE.JK'}"
MSIN.JK,2026-09-16,308,,,2026-09-16T12:17:22.604714+00:00,"{'date': '2026-09-16', 'close': 308, 'symbol': 'MSIN.JK'}"
MSJA.JK,2026-09-16,855,,,2026-09-16T12:17:22.604714+00:00,"{'date': '2026-09-16', 'close': 855, 'symbol': 'MSJA.JK'}"
MSKY.JK,2026-09-16,68,,,2026-09-16T12:17:22.604714+00:00,"{'date': '2026-09-16', 'close': 68, 'symbol': 'MSKY.JK'}"
MSTI.JK,2026-09-16,1355,,,2026-09-16T12:17:22.604714+00:00,"{'date': '2026-09-16', 'close': 1355, 'symbol': 'MSTI.JK'}"
MTDL.JK,2026-09-16,505,,,2026-09-16T12:17:22.604714+00:00,"{'date': '2026-09-16', 'close': 505, 'symbol': 'MTDL.JK'}"
MTEL.JK,2026-09-16,484,,,2026-09-16T12:17:22.604714+00:00,"{'date': '2026-09-16', 'close': 484, 'symbol': 'MTEL.JK'}"
MTFN.JK,2026-09-16,13,,,2026-09-16T12:17:22.604714+00:00,"{'date': '2026-09-16', 'close': 13, 'symbol': 'MTFN.JK'}"
MTLA.JK,2026-09-16,525,,,2026-09-16T12:17:22.604714+00:00,"{'date': '2026-09-16', 'close': 525, 'symbol': 'MTLA.JK'}"
MTMH.JK,2026-09-16,950,,,2026-09-16T12:17:22.604714+00:00,"{'date': '2026-09-16', 'close': 950, 'symbol': 'MTMH.JK'}"
MTPS.JK,2026-09-16,81,,,2026-09-16T12:17:22.604714+00:00,"{'date': '2026-09-16', 'close': 81, 'symbol': 'MTPS.JK'}"
MTRA.JK,2026-09-16,244,,,2026-09-16T12:17:22.604714+00:00,"{'date': '2026-09-16', 'close': 244, 'symbol': 'MTRA.JK'}"
MTSM.JK,2026-09-16,500,,,2026-09-16T12:17:22.604714+00:00,"{'date': '2026-09-16', 'close': 500, 'symbol': 'MTSM.JK'}"
MTWI.JK,2026-09-16,270,,,2026-09-16T12:17:22.604714+00:00,"{'date': '2026-09-16', 'close': 270, 'symbol': 'MTWI.JK'}"
MUTU.JK,2026-09-16,139,,,2026-09-16T12:17:22.604714+00:00,"{'date': '2026-09-16', 'close': 139, 'symbol': 'MUTU.JK'}"
MYOH.JK,2026-09-16,1030,,,2026-09-16T12:17:22.604714+00:00,"{'date': '2026-09-16', 'close': 1030, 'symbol': 'MYOH.JK'}"
MYOR.JK,2026-09-16,1490,,,2026-09-16T12:17:22.604714+00:00,"{'date': '2026-09-16', 'close': 1490, 'symbol': 'MYOR.JK'}"
MYTX.JK,2026-09-16,41,,,2026-09-16T12:17:22.604714+00:00,"{'date': '2026-09-16', 'close': 41, 'symbol': 'MYTX.JK'}"
NAIK.JK,2026-09-16,92,,,2026-09-16T12:17:22.604714+00:00,"{'date': '2026-09-16', 'close': 92, 'symbol': 'NAIK.JK'}"
NANO.JK,2026-09-16,34,,,2026-09-16T12:17:22.604714+00:00,"{'date': '2026-09-16', 'close': 34, 'symbol': 'NANO.JK'}"
NASA.JK,2026-09-16,36,,,2026-09-16T12:17:22.604714+00:00,"{'date': '2026-09-16', 'close': 36, 'symbol': 'NASA.JK'}"
NASI.JK,2026-09-16,161,,,2026-09-16T12:17:22.604714+00:00,"{'date': '2026-09-16', 'close': 161, 'symbol': 'NASI.JK'}"
NATO.JK,2026-09-16,980,,,2026-09-16T12:17:22.604714+00:00,"{'date': '2026-09-16', 'close': 980, 'symbol': 'NATO.JK'}"
NAYZ.JK,2026-09-16,78,,,2026-09-16T12:17:22.604714+00:00,"{'date': '2026-09-16', 'close': 78, 'symbol': 'NAYZ.JK'}"
NCKL.JK,2026-09-16,920,,,2026-09-16T12:17:22.604714+00:00,"{'date': '2026-09-16', 'close': 920, 'symbol': 'NCKL.JK'}"
NELY.JK,2026-09-16,210,,,2026-09-16T12:17:22.604714+00:00,"{'date': '2026-09-16', 'close': 210, 'symbol': 'NELY.JK'}"
NEST.JK,2026-09-16,720,,,2026-09-16T12:17:22.604714+00:00,"{'date': '2026-09-16', 'close': 720, 'symbol': 'NEST.JK'}"
NETV.JK,2026-09-16,50,,,2026-09-16T12:17:22.604714+00:00,"{'date': '2026-09-16', 'close': 50, 'symbol': 'NETV.JK'}"
NFCX.JK,2026-09-16,1700,,,2026-09-16T12:17:22.604714+00:00,"{'date': '2026-09-16', 'close': 1700, 'symbol': 'NFCX.JK'}"
NICE.JK,2026-09-16,358,,,2026-09-16T12:17:22.604714+00:00,"{'date': '2026-09-16', 'close': 358, 'symbol': 'NICE.JK'}"
NICK.JK,2026-09-16,2660,,,2026-09-16T12:17:22.604714+00:00,"{'date': '2026-09-16', 'close': 2660, 'symbol': 'NICK.JK'}"
NICL.JK,2026-09-16,454,,,2026-09-16T12:17:22.604714+00:00,"{'date': '2026-09-16', 'close': 454, 'symbol': 'NICL.JK'}"
NIKL.JK,2026-09-16,218,,,2026-09-16T12:17:22.604714+00:00,"{'date': '2026-09-16', 'close': 218, 'symbol': 'NIKL.JK'}"
NINE.JK,2026-09-16,82,,,2026-09-16T12:17:22.604714+00:00,"{'date': '2026-09-16', 'close': 82, 'symbol': 'NINE.JK'}"
NIRO.JK,2026-09-16,181,,,2026-09-16T12:17:22.604714+00:00,"{'date': '2026-09-16', 'close': 181, 'symbol': 'NIRO.JK'}"
NISP.JK,2026-09-16,1265,,,2026-09-16T12:17:22.604714+00:00,"{'date': '2026-09-16', 'close': 1265, 'symbol': 'NISP.JK'}"
NOBU.JK,2026-09-16,510,,,2026-09-16T12:17:22.604714+00:00,"{'date': '2026-09-16', 'close': 510, 'symbol': 'NOBU.JK'}"
NPGF.JK,2026-09-16,56,,,2026-09-16T12:17:22.604714+00:00,"{'date': '2026-09-16', 'close': 56, 'symbol': 'NPGF.JK'}"
NRCA.JK,2026-09-16,540,,,2026-09-16T12:17:22.604714+00:00,"{'date': '2026-09-16', 'close': 540, 'symbol': 'NRCA.JK'}"
NSSS.JK,2026-09-16,805,,,2026-09-16T12:17:22.604714+00:00,"{'date': '2026-09-16', 'close': 805, 'symbol': 'NSSS.JK'}"
NTBK.JK,2026-09-16,81,,,2026-09-16T12:17:22.604714+00:00,"{'date': '2026-09-16', 'close': 81, 'symbol': 'NTBK.JK'}"
NUSA.JK,2026-09-16,50,,,2026-09-16T12:17:22.604714+00:00,"{'date': '2026-09-16', 'close': 50, 'symbol': 'NUSA.JK'}"
NZIA.JK,2026-09-16,181,,,2026-09-16T12:17:22.604714+00:00,"{'date': '2026-09-16', 'close': 181, 'symbol': 'NZIA.JK'}"
OASA.JK,2026-09-16,274,,,2026-09-16T12:17:22.604714+00:00,"{'date': '2026-09-16', 'close': 274, 'symbol': 'OASA.JK'}"
OBAT.JK,2026-09-16,238,,,2026-09-16T12:17:22.604714+00:00,"{'date': '2026-09-16', 'close': 238, 'symbol': 'OBAT.JK'}"
OBMD.JK,2026-09-16,210,,,2026-09-16T12:17:22.604714+00:00,"{'date': '2026-09-16', 'close': 210, 'symbol': 'OBMD.JK'}"
OCAP.JK,2026-09-16,159,,,2026-09-16T12:17:22.604714+00:00,"{'date': '2026-09-16', 'close': 159, 'symbol': 'OCAP.JK'}"
OILS.JK,2026-09-16,312,,,2026-09-16T12:17:22.604714+00:00,"{'date': '2026-09-16', 'close': 312, 'symbol': 'OILS.JK'}"
OKAS.JK,2026-09-16,116,,,2026-09-16T12:17:22.604714+00:00,"{'date': '2026-09-16', 'close': 116, 'symbol': 'OKAS.JK'}"
OLIV.JK,2026-09-16,57,,,2026-09-16T12:17:22.604714+00:00,"{'date': '2026-09-16', 'close': 57, 'symbol': 'OLIV.JK'}"
OMED.JK,2026-09-16,212,,,2026-09-16T12:17:22.604714+00:00,"{'date': '2026-09-16', 'close': 212, 'symbol': 'OMED.JK'}"
OMRE.JK,2026-09-16,960,,,2026-09-16T12:17:22.604714+00:00,"{'date': '2026-09-16', 'close': 960, 'symbol': 'OMRE.JK'}"
OPMS.JK,2026-09-16,118,,,2026-09-16T12:17:22.604714+00:00,"{'date': '2026-09-16', 'close': 118, 'symbol': 'OPMS.JK'}"
PACK.JK,2026-09-16,560,,,2026-09-16T12:17:22.604714+00:00,"{'date': '2026-09-16', 'close': 560, 'symbol': 'PACK.JK'}"
PADA.JK,2026-09-16,190,,,2026-09-16T12:17:22.604714+00:00,"{'date': '2026-09-16', 'close': 190, 'symbol': 'PADA.JK'}"
PADI.JK,2026-09-16,69,,,2026-09-16T12:17:22.604714+00:00,"{'date': '2026-09-16', 'close': 69, 'symbol': 'PADI.JK'}"
PALM.JK,2026-09-16,290,,,2026-09-16T12:17:22.604714+00:00,"{'date': '2026-09-16', 'close': 290, 'symbol': 'PALM.JK'}"
PAMG.JK,2026-09-16,55,,,2026-09-16T12:17:22.604714+00:00,"{'date': '2026-09-16', 'close': 55, 'symbol': 'PAMG.JK'}"
PANI.JK,2026-09-16,5425,,,2026-09-16T12:17:22.604714+00:00,"{'date': '2026-09-16', 'close': 5425, 'symbol': 'PANI.JK'}"
PANR.JK,2026-09-16,410,,,2026-09-16T12:17:22.604714+00:00,"{'date': '2026-09-16', 'close': 410, 'symbol': 'PANR.JK'}"
PANS.JK,2026-09-16,1650,,,2026-09-16T12:17:22.604714+00:00,"{'date': '2026-09-16', 'close': 1650, 'symbol': 'PANS.JK'}"
PART.JK,2026-09-16,110,,,2026-09-16T12:17:22.604714+00:00,"{'date': '2026-09-16', 'close': 110, 'symbol': 'PART.JK'}"
PBID.JK,2026-09-16,525,,,2026-09-16T12:17:22.604714+00:00,"{'date': '2026-09-16', 'close': 525, 'symbol': 'PBID.JK'}"
PBRX.JK,2026-09-16,26,,,2026-09-16T12:17:22.604714+00:00,"{'date': '2026-09-16', 'close': 26, 'symbol': 'PBRX.JK'}"
PBSA.JK,2026-09-16,750,,,2026-09-16T12:17:22.604714+00:00,"{'date': '2026-09-16', 'close': 750, 'symbol': 'PBSA.JK'}"
PCAR.JK,2026-09-16,43,,,2026-09-16T12:17:22.604714+00:00,"{'date': '2026-09-16', 'close': 43, 'symbol': 'PCAR.JK'}"
PDES.JK,2026-09-16,376,,,2026-09-16T12:17:22.604714+00:00,"{'date': '2026-09-16', 'close': 376, 'symbol': 'PDES.JK'}"
PDPP.JK,2026-09-16,338,,,2026-09-16T12:17:22.604714+00:00,"{'date': '2026-09-16', 'close': 338, 'symbol': 'PDPP.JK'}"
PEGE.JK,2026-09-16,134,,,2026-09-16T12:17:22.604714+00:00,"{'date': '2026-09-16', 'close': 134, 'symbol': 'PEGE.JK'}"
PEHA.JK,2026-09-16,288,,,2026-09-16T12:17:22.604714+00:00,"{'date': '2026-09-16', 'close': 288, 'symbol': 'PEHA.JK'}"
PEVE.JK,2026-09-16,306,,,2026-09-16T12:17:22.604714+00:00,"{'date': '2026-09-16', 'close': 306, 'symbol': 'PEVE.JK'}"
PGAS.JK,2026-09-16,1520,,,2026-09-16T12:17:22.604714+00:00,"{'date': '2026-09-16', 'close': 1520, 'symbol': 'PGAS.JK'}"
PGEO.JK,2026-09-16,1040,,,2026-09-16T12:17:22.604714+00:00,"{'date': '2026-09-16', 'close': 1040, 'symbol': 'PGEO.JK'}"
PGJO.JK,2026-09-16,865,,,2026-09-16T12:17:22.604714+00:00,"{'date': '2026-09-16', 'close': 865, 'symbol': 'PGJO.JK'}"
PGLI.JK,2026-09-16,210,,,2026-09-16T12:17:22.604714+00:00,"{'date': '2026-09-16', 'close': 210, 'symbol': 'PGLI.JK'}"
PGUN.JK,2026-09-16,9400,,,2026-09-16T12:17:22.604714+00:00,"{'date': '2026-09-16', 'close': 9400, 'symbol': 'PGUN.JK'}"
PICO.JK,2026-09-16,177,,,2026-09-16T12:17:22.604714+00:00,"{'date': '2026-09-16', 'close': 177, 'symbol': 'PICO.JK'}"
PIPA.JK,2026-09-16,173,,,2026-09-16T12:17:22.604714+00:00,"{'date': '2026-09-16', 'close': 173, 'symbol': 'PIPA.JK'}"
PJAA.JK,2026-09-16,466,,,2026-09-16T12:17:22.604714+00:00,"{'date': '2026-09-16', 'close': 466, 'symbol': 'PJAA.JK'}"
PJHB.JK,2026-09-16,176,,,2026-09-16T12:17:22.604714+00:00,"{'date': '2026-09-16', 'close': 176, 'symbol': 'PJHB.JK'}"
PKPK.JK,2026-09-16,4170,,,2026-09-16T12:17:22.604714+00:00,"{'date': '2026-09-16', 'close': 4170, 'symbol': 'PKPK.JK'}"
PLAN.JK,2026-09-16,62,,,2026-09-16T12:17:22.604714+00:00,"{'date': '2026-09-16', 'close': 62, 'symbol': 'PLAN.JK'}"
PLAS.JK,2026-09-16,50,,,2026-09-16T12:17:22.604714+00:00,"{'date': '2026-09-16', 'close': 50, 'symbol': 'PLAS.JK'}"
PLIN.JK,2026-09-16,2510,,,2026-09-16T12:17:22.604714+00:00,"{'date': '2026-09-16', 'close': 2510, 'symbol': 'PLIN.JK'}"
PMJS.JK,2026-09-16,144,,,2026-09-16T12:17:22.604714+00:00,"{'date': '2026-09-16', 'close': 144, 'symbol': 'PMJS.JK'}"
PMMP.JK,2026-09-16,50,,,2026-09-16T12:17:22.604714+00:00,"{'date': '2026-09-16', 'close': 50, 'symbol': 'PMMP.JK'}"
PMUI.JK,2026-09-16,103,,,2026-09-16T12:17:22.604714+00:00,"{'date': '2026-09-16', 'close': 103, 'symbol': 'PMUI.JK'}"
PNBN.JK,2026-09-16,890,,,2026-09-16T12:17:22.604714+00:00,"{'date': '2026-09-16', 'close': 890, 'symbol': 'PNBN.JK'}"
PNBS.JK,2026-09-16,50,,,2026-09-16T12:17:22.604714+00:00,"{'date': '2026-09-16', 'close': 50, 'symbol': 'PNBS.JK'}"
PNGO.JK,2026-09-16,3590,,,2026-09-16T12:17:22.604714+00:00,"{'date': '2026-09-16', 'close': 3590, 'symbol': 'PNGO.JK'}"
PNIN.JK,2026-09-16,715,,,2026-09-16T12:17:22.604714+00:00,"{'date': '2026-09-16', 'close': 715, 'symbol': 'PNIN.JK'}"
PNLF.JK,2026-09-16,222,,,2026-09-16T12:17:22.604714+00:00,"{'date': '2026-09-16', 'close': 222, 'symbol': 'PNLF.JK'}"
PNSE.JK,2026-09-16,500,,,2026-09-16T12:17:22.604714+00:00,"{'date': '2026-09-16', 'close': 500, 'symbol': 'PNSE.JK'}"
POLA.JK,2026-09-16,72,,,2026-09-16T12:17:22.604714+00:00,"{'date': '2026-09-16', 'close': 72, 'symbol': 'POLA.JK'}"
POLI.JK,2026-09-16,900,,,2026-09-16T12:17:22.604714+00:00,"{'date': '2026-09-16', 'close': 900, 'symbol': 'POLI.JK'}"
POLL.JK,2026-09-16,112,,,2026-09-16T12:17:22.604714+00:00,"{'date': '2026-09-16', 'close': 112, 'symbol': 'POLL.JK'}"
POLU.JK,2026-09-16,18000,,,2026-09-16T12:17:22.604714+00:00,"{'date': '2026-09-16', 'close': 18000, 'symbol': 'POLU.JK'}"
POLY.JK,2026-09-16,32,,,2026-09-16T12:17:22.604714+00:00,"{'date': '2026-09-16', 'close': 32, 'symbol': 'POLY.JK'}"
POOL.JK,2026-09-16,50,,,2026-09-16T12:17:22.604714+00:00,"{'date': '2026-09-16', 'close': 50, 'symbol': 'POOL.JK'}"
PORT.JK,2026-09-16,960,,,2026-09-16T12:17:22.604714+00:00,"{'date': '2026-09-16', 'close': 960, 'symbol': 'PORT.JK'}"
POSA.JK,2026-09-16,50,,,2026-09-16T12:17:22.604714+00:00,"{'date': '2026-09-16', 'close': 50, 'symbol': 'POSA.JK'}"
POWR.JK,2026-09-16,985,,,2026-09-16T12:17:22.604714+00:00,"{'date': '2026-09-16', 'close': 985, 'symbol': 'POWR.JK'}"
PPGL.JK,2026-09-16,468,,,2026-09-16T12:17:22.604714+00:00,"{'date': '2026-09-16', 'close': 468, 'symbol': 'PPGL.JK'}"
PPRE.JK,2026-09-16,104,,,2026-09-16T12:17:22.604714+00:00,"{'date': '2026-09-16', 'close': 104, 'symbol': 'PPRE.JK'}"
PPRI.JK,2026-09-16,173,,,2026-09-16T12:17:22.604714+00:00,"{'date': '2026-09-16', 'close': 173, 'symbol': 'PPRI.JK'}"
PPRO.JK,2026-09-16,15,,,2026-09-16T12:17:22.604714+00:00,"{'date': '2026-09-16', 'close': 15, 'symbol': 'PPRO.JK'}"
PRAY.JK,2026-09-16,740,,,2026-09-16T12:17:22.604714+00:00,"{'date': '2026-09-16', 'close': 740, 'symbol': 'PRAY.JK'}"
PRDA.JK,2026-09-16,2820,,,2026-09-16T12:17:22.604714+00:00,"{'date': '2026-09-16', 'close': 2820, 'symbol': 'PRDA.JK'}"
PRDL.JK,2026-09-16,220,,,2026-09-16T12:17:22.604714+00:00,"{'date': '2026-09-16', 'close': 220, 'symbol': 'PRDL.JK'}"
PRIM.JK,2026-09-16,121,,,2026-09-16T12:17:22.604714+00:00,"{'date': '2026-09-16', 'close': 121, 'symbol': 'PRIM.JK'}"
PSAB.JK,2026-09-16,555,,,2026-09-16T12:17:22.604714+00:00,"{'date': '2026-09-16', 'close': 555, 'symbol': 'PSAB.JK'}"
PSAT.JK,2026-09-16,865,,,2026-09-16T12:17:22.604714+00:00,"{'date': '2026-09-16', 'close': 865, 'symbol': 'PSAT.JK'}"
PSDN.JK,2026-09-16,132,,,2026-09-16T12:17:22.604714+00:00,"{'date': '2026-09-16', 'close': 132, 'symbol': 'PSDN.JK'}"
PSGO.JK,2026-09-16,194,,,2026-09-16T12:17:22.604714+00:00,"{'date': '2026-09-16', 'close': 194, 'symbol': 'PSGO.JK'}"
PSKT.JK,2026-09-16,232,,,2026-09-16T12:17:22.604714+00:00,"{'date': '2026-09-16', 'close': 232, 'symbol': 'PSKT.JK'}"
PSSI.JK,2026-09-16,358,,,2026-09-16T12:17:22.604714+00:00,"{'date': '2026-09-16', 'close': 358, 'symbol': 'PSSI.JK'}"
PTBA.JK,2026-09-16,3000,,,2026-09-16T12:17:22.604714+00:00,"{'date': '2026-09-16', 'close': 3000, 'symbol': 'PTBA.JK'}"
PTDU.JK,2026-09-16,70,,,2026-09-16T12:17:22.604714+00:00,"{'date': '2026-09-16', 'close': 70, 'symbol': 'PTDU.JK'}"
PTIS.JK,2026-09-16,260,,,2026-09-16T12:17:22.604714+00:00,"{'date': '2026-09-16', 'close': 260, 'symbol': 'PTIS.JK'}"
PTMP.JK,2026-09-16,64,,,2026-09-16T12:17:22.604714+00:00,"{'date': '2026-09-16', 'close': 64, 'symbol': 'PTMP.JK'}"
PTMR.JK,2026-09-16,374,,,2026-09-16T12:17:22.604714+00:00,"{'date': '2026-09-16', 'close': 374, 'symbol': 'PTMR.JK'}"
PTPP.JK,2026-09-16,195,,,2026-09-16T12:17:22.604714+00:00,"{'date': '2026-09-16', 'close': 195, 'symbol': 'PTPP.JK'}"
PTPS.JK,2026-09-16,155,,,2026-09-16T12:17:22.604714+00:00,"{'date': '2026-09-16', 'close': 155, 'symbol': 'PTPS.JK'}"
PTPW.JK,2026-09-16,1170,,,2026-09-16T12:17:22.604714+00:00,"{'date': '2026-09-16', 'close': 1170, 'symbol': 'PTPW.JK'}"
PTRO.JK,2026-09-16,5075,,,2026-09-16T12:17:22.604714+00:00,"{'date': '2026-09-16', 'close': 5075, 'symbol': 'PTRO.JK'}"
PTSN.JK,2026-09-16,440,,,2026-09-16T12:17:22.604714+00:00,"{'date': '2026-09-16', 'close': 440, 'symbol': 'PTSN.JK'}"
PTSP.JK,2026-09-16,1230,,,2026-09-16T12:17:22.604714+00:00,"{'date': '2026-09-16', 'close': 1230, 'symbol': 'PTSP.JK'}"
PUDP.JK,2026-09-16,272,,,2026-09-16T12:17:22.604714+00:00,"{'date': '2026-09-16', 'close': 272, 'symbol': 'PUDP.JK'}"
PURA.JK,2026-09-16,32,,,2026-09-16T12:17:22.604714+00:00,"{'date': '2026-09-16', 'close': 32, 'symbol': 'PURA.JK'}"
PURE.JK,2026-09-16,51,,,2026-09-16T12:17:22.604714+00:00,"{'date': '2026-09-16', 'close': 51, 'symbol': 'PURE.JK'}"
PURI.JK,2026-09-16,159,,,2026-09-16T12:17:22.604714+00:00,"{'date': '2026-09-16', 'close': 159, 'symbol': 'PURI.JK'}"
PWON.JK,2026-09-16,268,,,2026-09-16T12:17:22.604714+00:00,"{'date': '2026-09-16', 'close': 268, 'symbol': 'PWON.JK'}"
PYFA.JK,2026-09-16,250,,,2026-09-16T12:17:22.604714+00:00,"{'date': '2026-09-16', 'close': 250, 'symbol': 'PYFA.JK'}"
PZZA.JK,2026-09-16,185,,,2026-09-16T12:17:22.604714+00:00,"{'date': '2026-09-16', 'close': 185, 'symbol': 'PZZA.JK'}"
RAAM.JK,2026-09-16,177,,,2026-09-16T12:17:22.604714+00:00,"{'date': '2026-09-16', 'close': 177, 'symbol': 'RAAM.JK'}"
RAFI.JK,2026-09-16,36,,,2026-09-16T12:17:22.604714+00:00,"{'date': '2026-09-16', 'close': 36, 'symbol': 'RAFI.JK'}"
RAJA.JK,2026-09-16,755,,,2026-09-16T12:17:22.604714+00:00,"{'date': '2026-09-16', 'close': 755, 'symbol': 'RAJA.JK'}"
RALS.JK,2026-09-16,386,,,2026-09-16T12:17:22.604714+00:00,"{'date': '2026-09-16', 'close': 386, 'symbol': 'RALS.JK'}"
RANC.JK,2026-09-16,535,,,2026-09-16T12:17:22.604714+00:00,"{'date': '2026-09-16', 'close': 535, 'symbol': 'RANC.JK'}"
RANS.JK,2026-09-16,199,,,2026-09-16T12:17:22.604714+00:00,"{'date': '2026-09-16', 'close': 199, 'symbol': 'RANS.JK'}"
RATU.JK,2026-09-16,4320,,,2026-09-16T12:17:22.604714+00:00,"{'date': '2026-09-16', 'close': 4320, 'symbol': 'RATU.JK'}"
RBMS.JK,2026-09-16,62,,,2026-09-16T12:17:22.604714+00:00,"{'date': '2026-09-16', 'close': 62, 'symbol': 'RBMS.JK'}"
RCCC.JK,2026-09-16,112,,,2026-09-16T12:17:22.604714+00:00,"{'date': '2026-09-16', 'close': 112, 'symbol': 'RCCC.JK'}"
RDTX.JK,2026-09-16,13100,,,2026-09-16T12:17:22.604714+00:00,"{'date': '2026-09-16', 'close': 13100, 'symbol': 'RDTX.JK'}"
REAL.JK,2026-09-16,50,,,2026-09-16T12:17:22.604714+00:00,"{'date': '2026-09-16', 'close': 50, 'symbol': 'REAL.JK'}"
RELF.JK,2026-09-16,41,,,2026-09-16T12:17:22.604714+00:00,"{'date': '2026-09-16', 'close': 41, 'symbol': 'RELF.JK'}"
RELI.JK,2026-09-16,560,,,2026-09-16T12:17:22.604714+00:00,"{'date': '2026-09-16', 'close': 560, 'symbol': 'RELI.JK'}"
RGAS.JK,2026-09-16,110,,,2026-09-16T12:17:22.604714+00:00,"{'date': '2026-09-16', 'close': 110, 'symbol': 'RGAS.JK'}"
RICY.JK,2026-09-16,78,,,2026-09-16T12:17:22.604714+00:00,"{'date': '2026-09-16', 'close': 78, 'symbol': 'RICY.JK'}"
RIGS.JK,2026-09-16,650,,,2026-09-16T12:17:22.604714+00:00,"{'date': '2026-09-16', 'close': 650, 'symbol': 'RIGS.JK'}"
RIMO.JK,2026-09-16,50,,,2026-09-16T12:17:22.604714+00:00,"{'date': '2026-09-16', 'close': 50, 'symbol': 'RIMO.JK'}"
RISE.JK,2026-09-16,795,,,2026-09-16T12:17:22.604714+00:00,"{'date': '2026-09-16', 'close': 795, 'symbol': 'RISE.JK'}"
RLCO.JK,2026-09-16,4310,,,2026-09-16T12:17:22.604714+00:00,"{'date': '2026-09-16', 'close': 4310, 'symbol': 'RLCO.JK'}"
RMKE.JK,2026-09-16,400,,,2026-09-16T12:17:22.604714+00:00,"{'date': '2026-09-16', 'close': 400, 'symbol': 'RMKE.JK'}"
RMKO.JK,2026-09-16,320,,,2026-09-16T12:17:22.604714+00:00,"{'date': '2026-09-16', 'close': 320, 'symbol': 'RMKO.JK'}"
ROCK.JK,2026-09-16,2010,,,2026-09-16T12:17:22.604714+00:00,"{'date': '2026-09-16', 'close': 2010, 'symbol': 'ROCK.JK'}"
RODA.JK,2026-09-16,66,,,2026-09-16T12:17:22.604714+00:00,"{'date': '2026-09-16', 'close': 66, 'symbol': 'RODA.JK'}"
RONY.JK,2026-09-16,1420,,,2026-09-16T12:17:22.604714+00:00,"{'date': '2026-09-16', 'close': 1420, 'symbol': 'RONY.JK'}"
ROTI.JK,2026-09-16,590,,,2026-09-16T12:17:22.604714+00:00,"{'date': '2026-09-16', 'close': 590, 'symbol': 'ROTI.JK'}"
RSCH.JK,2026-09-16,430,,,2026-09-16T12:17:22.604714+00:00,"{'date': '2026-09-16', 'close': 430, 'symbol': 'RSCH.JK'}"
RSGK.JK,2026-09-16,1070,,,2026-09-16T12:17:22.604714+00:00,"{'date': '2026-09-16', 'close': 1070, 'symbol': 'RSGK.JK'}"
RUIS.JK,2026-09-16,202,,,2026-09-16T12:17:22.604714+00:00,"{'date': '2026-09-16', 'close': 202, 'symbol': 'RUIS.JK'}"
RUNS.JK,2026-09-16,68,,,2026-09-16T12:17:22.604714+00:00,"{'date': '2026-09-16', 'close': 68, 'symbol': 'RUNS.JK'}"
SAFE.JK,2026-09-16,1055,,,2026-09-16T12:17:22.604714+00:00,"{'date': '2026-09-16', 'close': 1055, 'symbol': 'SAFE.JK'}"
SAGE.JK,2026-09-16,30,,,2026-09-16T12:17:22.604714+00:00,"{'date': '2026-09-16', 'close': 30, 'symbol': 'SAGE.JK'}"
SAME.JK,2026-09-16,298,,,2026-09-16T12:17:22.604714+00:00,"{'date': '2026-09-16', 'close': 298, 'symbol': 'SAME.JK'}"
SAMF.JK,2026-09-16,308,,,2026-09-16T12:17:22.604714+00:00,"{'date': '2026-09-16', 'close': 308, 'symbol': 'SAMF.JK'}"
SAPX.JK,2026-09-16,366,,,2026-09-16T12:17:22.604714+00:00,"{'date': '2026-09-16', 'close': 366, 'symbol': 'SAPX.JK'}"
SATU.JK,2026-09-16,240,,,2026-09-16T12:17:22.604714+00:00,"{'date': '2026-09-16', 'close': 240, 'symbol': 'SATU.JK'}"
SBAT.JK,2026-09-16,1,,,2026-09-16T12:17:22.604714+00:00,"{'date': '2026-09-16', 'close': 1, 'symbol': 'SBAT.JK'}"
SBMA.JK,2026-09-16,112,,,2026-09-16T12:17:22.604714+00:00,"{'date': '2026-09-16', 'close': 112, 'symbol': 'SBMA.JK'}"
SCCO.JK,2026-09-16,2980,,,2026-09-16T12:17:22.604714+00:00,"{'date': '2026-09-16', 'close': 2980, 'symbol': 'SCCO.JK'}"
SCMA.JK,2026-09-16,195,,,2026-09-16T12:17:22.604714+00:00,"{'date': '2026-09-16', 'close': 195, 'symbol': 'SCMA.JK'}"
SCNP.JK,2026-09-16,156,,,2026-09-16T12:17:22.604714+00:00,"{'date': '2026-09-16', 'close': 156, 'symbol': 'SCNP.JK'}"
SCPI.JK,2026-09-16,29000,,,2026-09-16T12:17:22.604714+00:00,"{'date': '2026-09-16', 'close': 29000, 'symbol': 'SCPI.JK'}"
SDMU.JK,2026-09-16,91,,,2026-09-16T12:17:22.604714+00:00,"{'date': '2026-09-16', 'close': 91, 'symbol': 'SDMU.JK'}"
SDPC.JK,2026-09-16,197,,,2026-09-16T12:17:22.604714+00:00,"{'date': '2026-09-16', 'close': 197, 'symbol': 'SDPC.JK'}"
SDRA.JK,2026-09-16,214,,,2026-09-16T12:17:22.604714+00:00,"{'date': '2026-09-16', 'close': 214, 'symbol': 'SDRA.JK'}"
SEMA.JK,2026-09-16,234,,,2026-09-16T12:17:22.604714+00:00,"{'date': '2026-09-16', 'close': 234, 'symbol': 'SEMA.JK'}"
SFAN.JK,2026-09-16,2030,,,2026-09-16T12:17:22.604714+00:00,"{'date': '2026-09-16', 'close': 2030, 'symbol': 'SFAN.JK'}"
SGER.JK,2026-09-16,685,,,2026-09-16T12:17:22.604714+00:00,"{'date': '2026-09-16', 'close': 685, 'symbol': 'SGER.JK'}"
SGRO.JK,2026-09-16,4710,,,2026-09-16T12:17:22.604714+00:00,"{'date': '2026-09-16', 'close': 4710, 'symbol': 'SGRO.JK'}"
SHID.JK,2026-09-16,760,,,2026-09-16T12:17:22.604714+00:00,"{'date': '2026-09-16', 'close': 760, 'symbol': 'SHID.JK'}"
SHIP.JK,2026-09-16,2700,,,2026-09-16T12:17:22.604714+00:00,"{'date': '2026-09-16', 'close': 2700, 'symbol': 'SHIP.JK'}"
SICO.JK,2026-09-16,113,,,2026-09-16T12:17:22.604714+00:00,"{'date': '2026-09-16', 'close': 113, 'symbol': 'SICO.JK'}"
SIDO.JK,2026-09-16,348,,,2026-09-16T12:17:22.604714+00:00,"{'date': '2026-09-16', 'close': 348, 'symbol': 'SIDO.JK'}"
SILO.JK,2026-09-16,2020,,,2026-09-16T12:17:22.604714+00:00,"{'date': '2026-09-16', 'close': 2020, 'symbol': 'SILO.JK'}"
SIMA.JK,2026-09-16,50,,,2026-09-16T12:17:22.604714+00:00,"{'date': '2026-09-16', 'close': 50, 'symbol': 'SIMA.JK'}"
SIMP.JK,2026-09-16,610,,,2026-09-16T12:17:22.604714+00:00,"{'date': '2026-09-16', 'close': 610, 'symbol': 'SIMP.JK'}"
SINI.JK,2026-09-16,14475,,,2026-09-16T12:17:22.604714+00:00,"{'date': '2026-09-16', 'close': 14475, 'symbol': 'SINI.JK'}"
SIPD.JK,2026-09-16,900,,,2026-09-16T12:17:22.604714+00:00,"{'date': '2026-09-16', 'close': 900, 'symbol': 'SIPD.JK'}"
SKBM.JK,2026-09-16,540,,,2026-09-16T12:17:22.604714+00:00,"{'date': '2026-09-16', 'close': 540, 'symbol': 'SKBM.JK'}"
SKLT.JK,2026-09-16,214,,,2026-09-16T12:17:22.604714+00:00,"{'date': '2026-09-16', 'close': 214, 'symbol': 'SKLT.JK'}"
SKRN.JK,2026-09-16,398,,,2026-09-16T12:17:22.604714+00:00,"{'date': '2026-09-16', 'close': 398, 'symbol': 'SKRN.JK'}"
SKYB.JK,2026-09-16,51,,,2026-09-16T12:17:22.604714+00:00,"{'date': '2026-09-16', 'close': 51, 'symbol': 'SKYB.JK'}"
SLIS.JK,2026-09-16,93,,,2026-09-16T12:17:22.604714+00:00,"{'date': '2026-09-16', 'close': 93, 'symbol': 'SLIS.JK'}"
SMAR.JK,2026-09-16,6050,,,2026-09-16T12:17:22.604714+00:00,"{'date': '2026-09-16', 'close': 6050, 'symbol': 'SMAR.JK'}"
SMBR.JK,2026-09-16,168,,,2026-09-16T12:17:22.604714+00:00,"{'date': '2026-09-16', 'close': 168, 'symbol': 'SMBR.JK'}"
SMCB.JK,2026-09-16,775,,,2026-09-16T12:17:22.604714+00:00,"{'date': '2026-09-16', 'close': 775, 'symbol': 'SMCB.JK'}"
SMDM.JK,2026-09-16,550,,,2026-09-16T12:17:22.604714+00:00,"{'date': '2026-09-16', 'close': 550, 'symbol': 'SMDM.JK'}"
SMDR.JK,2026-09-16,390,,,2026-09-16T12:17:22.604714+00:00,"{'date': '2026-09-16', 'close': 390, 'symbol': 'SMDR.JK'}"
SMGA.JK,2026-09-16,87,,,2026-09-16T12:17:22.604714+00:00,"{'date': '2026-09-16', 'close': 87, 'symbol': 'SMGA.JK'}"
SMGR.JK,2026-09-16,1585,,,2026-09-16T12:17:22.604714+00:00,"{'date': '2026-09-16', 'close': 1585, 'symbol': 'SMGR.JK'}"
SMIL.JK,2026-09-16,426,,,2026-09-16T12:17:22.604714+00:00,"{'date': '2026-09-16', 'close': 426, 'symbol': 'SMIL.JK'}"
SMKL.JK,2026-09-16,153,,,2026-09-16T12:17:22.604714+00:00,"{'date': '2026-09-16', 'close': 153, 'symbol': 'SMKL.JK'}"
SMKM.JK,2026-09-16,105,,,2026-09-16T12:17:22.604714+00:00,"{'date': '2026-09-16', 'close': 105, 'symbol': 'SMKM.JK'}"
SMLE.JK,2026-09-16,214,,,2026-09-16T12:17:22.604714+00:00,"{'date': '2026-09-16', 'close': 214, 'symbol': 'SMLE.JK'}"
SMMA.JK,2026-09-16,20000,,,2026-09-16T12:17:22.604714+00:00,"{'date': '2026-09-16', 'close': 20000, 'symbol': 'SMMA.JK'}"
SMMT.JK,2026-09-16,3100,,,2026-09-16T12:17:22.604714+00:00,"{'date': '2026-09-16', 'close': 3100, 'symbol': 'SMMT.JK'}"
SMRA.JK,2026-09-16,288,,,2026-09-16T12:17:22.604714+00:00,"{'date': '2026-09-16', 'close': 288, 'symbol': 'SMRA.JK'}"
SMRU.JK,2026-09-16,50,,,2026-09-16T12:17:22.604714+00:00,"{'date': '2026-09-16', 'close': 50, 'symbol': 'SMRU.JK'}"
SMSM.JK,2026-09-16,1715,,,2026-09-16T12:17:22.604714+00:00,"{'date': '2026-09-16', 'close': 1715, 'symbol': 'SMSM.JK'}"
SNLK.JK,2026-09-16,254,,,2026-09-16T12:17:22.604714+00:00,"{'date': '2026-09-16', 'close': 254, 'symbol': 'SNLK.JK'}"
SOCI.JK,2026-09-16,635,,,2026-09-16T12:17:22.604714+00:00,"{'date': '2026-09-16', 'close': 635, 'symbol': 'SOCI.JK'}"
SOFA.JK,2026-09-16,358,,,2026-09-16T12:17:22.604714+00:00,"{'date': '2026-09-16', 'close': 358, 'symbol': 'SOFA.JK'}"
SOHO.JK,2026-09-16,1660,,,2026-09-16T12:17:22.604714+00:00,"{'date': '2026-09-16', 'close': 1660, 'symbol': 'SOHO.JK'}"
SOLA.JK,2026-09-16,89,,,2026-09-16T12:17:22.604714+00:00,"{'date': '2026-09-16', 'close': 89, 'symbol': 'SOLA.JK'}"
SONA.JK,2026-09-16,2190,,,2026-09-16T12:17:22.604714+00:00,"{'date': '2026-09-16', 'close': 2190, 'symbol': 'SONA.JK'}"
SOSS.JK,2026-09-16,935,,,2026-09-16T12:17:22.604714+00:00,"{'date': '2026-09-16', 'close': 935, 'symbol': 'SOSS.JK'}"
SOTS.JK,2026-09-16,590,,,2026-09-16T12:17:22.604714+00:00,"{'date': '2026-09-16', 'close': 590, 'symbol': 'SOTS.JK'}"
SOUL.JK,2026-09-16,37,,,2026-09-16T12:17:22.604714+00:00,"{'date': '2026-09-16', 'close': 37, 'symbol': 'SOUL.JK'}"
SPMA.JK,2026-09-16,170,,,2026-09-16T12:17:22.604714+00:00,"{'date': '2026-09-16', 'close': 170, 'symbol': 'SPMA.JK'}"
SPRE.JK,2026-09-16,96,,,2026-09-16T12:17:22.604714+00:00,"{'date': '2026-09-16', 'close': 96, 'symbol': 'SPRE.JK'}"
SPTO.JK,2026-09-16,610,,,2026-09-16T12:17:22.604714+00:00,"{'date': '2026-09-16', 'close': 610, 'symbol': 'SPTO.JK'}"
SQMI.JK,2026-09-16,87,,,2026-09-16T12:17:22.604714+00:00,"{'date': '2026-09-16', 'close': 87, 'symbol': 'SQMI.JK'}"
SRAJ.JK,2026-09-16,13650,,,2026-09-16T12:17:22.604714+00:00,"{'date': '2026-09-16', 'close': 13650, 'symbol': 'SRAJ.JK'}"
SRIL.JK,2026-09-16,146,,,2026-09-16T12:17:22.604714+00:00,"{'date': '2026-09-16', 'close': 146, 'symbol': 'SRIL.JK'}"
SRSN.JK,2026-09-16,101,,,2026-09-16T12:17:22.604714+00:00,"{'date': '2026-09-16', 'close': 101, 'symbol': 'SRSN.JK'}"
SRTG.JK,2026-09-16,1770,,,2026-09-16T12:17:22.604714+00:00,"{'date': '2026-09-16', 'close': 1770, 'symbol': 'SRTG.JK'}"
SSIA.JK,2026-09-16,1720,,,2026-09-16T12:17:22.604714+00:00,"{'date': '2026-09-16', 'close': 1720, 'symbol': 'SSIA.JK'}"
SSMS.JK,2026-09-16,1040,,,2026-09-16T12:17:22.604714+00:00,"{'date': '2026-09-16', 'close': 1040, 'symbol': 'SSMS.JK'}"
SSTM.JK,2026-09-16,430,,,2026-09-16T12:17:22.604714+00:00,"{'date': '2026-09-16', 'close': 430, 'symbol': 'SSTM.JK'}"
STAA.JK,2026-09-16,1170,,,2026-09-16T12:17:22.604714+00:00,"{'date': '2026-09-16', 'close': 1170, 'symbol': 'STAA.JK'}"
STAR.JK,2026-09-16,382,,,2026-09-16T12:17:22.604714+00:00,"{'date': '2026-09-16', 'close': 382, 'symbol': 'STAR.JK'}"
STRK.JK,2026-09-16,67,,,2026-09-16T12:17:22.604714+00:00,"{'date': '2026-09-16', 'close': 67, 'symbol': 'STRK.JK'}"
STTP.JK,2026-09-16,9400,,,2026-09-16T12:17:22.604714+00:00,"{'date': '2026-09-16', 'close': 9400, 'symbol': 'STTP.JK'}"
SUGI.JK,2026-09-16,50,,,2026-09-16T12:17:22.604714+00:00,"{'date': '2026-09-16', 'close': 50, 'symbol': 'SUGI.JK'}"
SULI.JK,2026-09-16,86,,,2026-09-16T12:17:22.604714+00:00,"{'date': '2026-09-16', 'close': 86, 'symbol': 'SULI.JK'}"
SUNI.JK,2026-09-16,675,,,2026-09-16T12:17:22.604714+00:00,"{'date': '2026-09-16', 'close': 675, 'symbol': 'SUNI.JK'}"
SUPA.JK,2026-09-16,498,,,2026-09-16T12:17:22.604714+00:00,"{'date': '2026-09-16', 'close': 498, 'symbol': 'SUPA.JK'}"
SUPR.JK,2026-09-16,43850,,,2026-09-16T12:17:22.604714+00:00,"{'date': '2026-09-16', 'close': 43850, 'symbol': 'SUPR.JK'}"
SURE.JK,2026-09-16,3000,,,2026-09-16T12:17:22.604714+00:00,"{'date': '2026-09-16', 'close': 3000, 'symbol': 'SURE.JK'}"
SURI.JK,2026-09-16,85,,,2026-09-16T12:17:22.604714+00:00,"{'date': '2026-09-16', 'close': 85, 'symbol': 'SURI.JK'}"
SWAT.JK,2026-09-16,16,,,2026-09-16T12:17:22.604714+00:00,"{'date': '2026-09-16', 'close': 16, 'symbol': 'SWAT.JK'}"
SWID.JK,2026-09-16,124,,,2026-09-16T12:17:22.604714+00:00,"{'date': '2026-09-16', 'close': 124, 'symbol': 'SWID.JK'}"
TALF.JK,2026-09-16,695,,,2026-09-16T12:17:22.604714+00:00,"{'date': '2026-09-16', 'close': 695, 'symbol': 'TALF.JK'}"
TAMA.JK,2026-09-16,194,,,2026-09-16T12:17:22.604714+00:00,"{'date': '2026-09-16', 'close': 194, 'symbol': 'TAMA.JK'}"
TAMU.JK,2026-09-16,27,,,2026-09-16T12:17:22.604714+00:00,"{'date': '2026-09-16', 'close': 27, 'symbol': 'TAMU.JK'}"
TAPG.JK,2026-09-16,2210,,,2026-09-16T12:17:22.604714+00:00,"{'date': '2026-09-16', 'close': 2210, 'symbol': 'TAPG.JK'}"
TARA.JK,2026-09-16,31,,,2026-09-16T12:17:22.604714+00:00,"{'date': '2026-09-16', 'close': 31, 'symbol': 'TARA.JK'}"
TAXI.JK,2026-09-16,15,,,2026-09-16T12:17:22.604714+00:00,"{'date': '2026-09-16', 'close': 15, 'symbol': 'TAXI.JK'}"
TAYS.JK,2026-09-16,50,,,2026-09-16T12:17:22.604714+00:00,"{'date': '2026-09-16', 'close': 50, 'symbol': 'TAYS.JK'}"
TBIG.JK,2026-09-16,1435,,,2026-09-16T12:17:22.604714+00:00,"{'date': '2026-09-16', 'close': 1435, 'symbol': 'TBIG.JK'}"
TBLA.JK,2026-09-16,625,,,2026-09-16T12:17:22.604714+00:00,"{'date': '2026-09-16', 'close': 625, 'symbol': 'TBLA.JK'}"
TBMS.JK,2026-09-16,1255,,,2026-09-16T12:17:22.604714+00:00,"{'date': '2026-09-16', 'close': 1255, 'symbol': 'TBMS.JK'}"
TCID.JK,2026-09-16,2580,,,2026-09-16T12:17:22.604714+00:00,"{'date': '2026-09-16', 'close': 2580, 'symbol': 'TCID.JK'}"
TCPI.JK,2026-09-16,1645,,,2026-09-16T12:17:22.604714+00:00,"{'date': '2026-09-16', 'close': 1645, 'symbol': 'TCPI.JK'}"
TDPM.JK,2026-09-16,119,,,2026-09-16T12:17:22.604714+00:00,"{'date': '2026-09-16', 'close': 119, 'symbol': 'TDPM.JK'}"
TEBE.JK,2026-09-16,1655,,,2026-09-16T12:17:22.604714+00:00,"{'date': '2026-09-16', 'close': 1655, 'symbol': 'TEBE.JK'}"
TECH.JK,2026-09-16,50,,,2026-09-16T12:17:22.604714+00:00,"{'date': '2026-09-16', 'close': 50, 'symbol': 'TECH.JK'}"
TELE.JK,2026-09-16,9,,,2026-09-16T12:17:22.604714+00:00,"{'date': '2026-09-16', 'close': 9, 'symbol': 'TELE.JK'}"
TFAS.JK,2026-09-16,185,,,2026-09-16T12:17:22.604714+00:00,"{'date': '2026-09-16', 'close': 185, 'symbol': 'TFAS.JK'}"
TFCO.JK,2026-09-16,800,,,2026-09-16T12:17:22.604714+00:00,"{'date': '2026-09-16', 'close': 800, 'symbol': 'TFCO.JK'}"
TGKA.JK,2026-09-16,5000,,,2026-09-16T12:17:22.604714+00:00,"{'date': '2026-09-16', 'close': 5000, 'symbol': 'TGKA.JK'}"
TGRA.JK,2026-09-16,27,,,2026-09-16T12:17:22.604714+00:00,"{'date': '2026-09-16', 'close': 27, 'symbol': 'TGRA.JK'}"
TGUK.JK,2026-09-16,100,,,2026-09-16T12:17:22.604714+00:00,"{'date': '2026-09-16', 'close': 100, 'symbol': 'TGUK.JK'}"
TIFA.JK,2026-09-16,320,,,2026-09-16T12:17:22.604714+00:00,"{'date': '2026-09-16', 'close': 320, 'symbol': 'TIFA.JK'}"
TINS.JK,2026-09-16,4680,,,2026-09-16T12:17:22.604714+00:00,"{'date': '2026-09-16', 'close': 4680, 'symbol': 'TINS.JK'}"
TIRA.JK,2026-09-16,394,,,2026-09-16T12:17:22.604714+00:00,"{'date': '2026-09-16', 'close': 394, 'symbol': 'TIRA.JK'}"
TIRT.JK,2026-09-16,590,,,2026-09-16T12:17:22.604714+00:00,"{'date': '2026-09-16', 'close': 590, 'symbol': 'TIRT.JK'}"
TKIM.JK,2026-09-16,7625,,,2026-09-16T12:17:22.604714+00:00,"{'date': '2026-09-16', 'close': 7625, 'symbol': 'TKIM.JK'}"
TLDN.JK,2026-09-16,615,,,2026-09-16T12:17:22.604714+00:00,"{'date': '2026-09-16', 'close': 615, 'symbol': 'TLDN.JK'}"
TLKM.JK,2026-09-16,2660,,,2026-09-16T12:17:22.604714+00:00,"{'date': '2026-09-16', 'close': 2660, 'symbol': 'TLKM.JK'}"
TMAS.JK,2026-09-16,144,,,2026-09-16T12:17:22.604714+00:00,"{'date': '2026-09-16', 'close': 144, 'symbol': 'TMAS.JK'}"
TMPO.JK,2026-09-16,154,,,2026-09-16T12:17:22.604714+00:00,"{'date': '2026-09-16', 'close': 154, 'symbol': 'TMPO.JK'}"
TNCA.JK,2026-09-16,181,,,2026-09-16T12:17:22.604714+00:00,"{'date': '2026-09-16', 'close': 181, 'symbol': 'TNCA.JK'}"
TOBA.JK,2026-09-16,515,,,2026-09-16T12:17:22.604714+00:00,"{'date': '2026-09-16', 'close': 515, 'symbol': 'TOBA.JK'}"
TOOL.JK,2026-09-16,71,,,2026-09-16T12:17:22.604714+00:00,"{'date': '2026-09-16', 'close': 71, 'symbol': 'TOOL.JK'}"
TOPS.JK,2026-09-16,1,,,2026-09-16T12:17:22.604714+00:00,"{'date': '2026-09-16', 'close': 1, 'symbol': 'TOPS.JK'}"
TOSK.JK,2026-09-16,84,,,2026-09-16T12:17:22.604714+00:00,"{'date': '2026-09-16', 'close': 84, 'symbol': 'TOSK.JK'}"
TOTL.JK,2026-09-16,1535,,,2026-09-16T12:17:22.604714+00:00,"{'date': '2026-09-16', 'close': 1535, 'symbol': 'TOTL.JK'}"
TOTO.JK,2026-09-16,242,,,2026-09-16T12:17:22.604714+00:00,"{'date': '2026-09-16', 'close': 242, 'symbol': 'TOTO.JK'}"
TOWR.JK,2026-09-16,436,,,2026-09-16T12:17:22.604714+00:00,"{'date': '2026-09-16', 'close': 436, 'symbol': 'TOWR.JK'}"
TOYS.JK,2026-09-16,8,,,2026-09-16T12:17:22.604714+00:00,"{'date': '2026-09-16', 'close': 8, 'symbol': 'TOYS.JK'}"
TPIA.JK,2026-09-16,1825,,,2026-09-16T12:17:22.604714+00:00,"{'date': '2026-09-16', 'close': 1825, 'symbol': 'TPIA.JK'}"
TPMA.JK,2026-09-16,474,,,2026-09-16T12:17:22.604714+00:00,"{'date': '2026-09-16', 'close': 474, 'symbol': 'TPMA.JK'}"
TRAM.JK,2026-09-16,50,,,2026-09-16T12:17:22.604714+00:00,"{'date': '2026-09-16', 'close': 50, 'symbol': 'TRAM.JK'}"
TRGU.JK,2026-09-16,168,,,2026-09-16T12:17:22.604714+00:00,"{'date': '2026-09-16', 'close': 168, 'symbol': 'TRGU.JK'}"
TRIL.JK,2026-09-16,50,,,2026-09-16T12:17:22.604714+00:00,"{'date': '2026-09-16', 'close': 50, 'symbol': 'TRIL.JK'}"
TRIM.JK,2026-09-16,790,,,2026-09-16T12:17:22.604714+00:00,"{'date': '2026-09-16', 'close': 790, 'symbol': 'TRIM.JK'}"
TRIN.JK,2026-09-16,366,,,2026-09-16T12:17:22.604714+00:00,"{'date': '2026-09-16', 'close': 366, 'symbol': 'TRIN.JK'}"
TRIO.JK,2026-09-16,426,,,2026-09-16T12:17:22.604714+00:00,"{'date': '2026-09-16', 'close': 426, 'symbol': 'TRIO.JK'}"
TRIS.JK,2026-09-16,172,,,2026-09-16T12:17:22.604714+00:00,"{'date': '2026-09-16', 'close': 172, 'symbol': 'TRIS.JK'}"
TRJA.JK,2026-09-16,134,,,2026-09-16T12:17:22.604714+00:00,"{'date': '2026-09-16', 'close': 134, 'symbol': 'TRJA.JK'}"
TRON.JK,2026-09-16,105,,,2026-09-16T12:17:22.604714+00:00,"{'date': '2026-09-16', 'close': 105, 'symbol': 'TRON.JK'}"
TRST.JK,2026-09-16,474,,,2026-09-16T12:17:22.604714+00:00,"{'date': '2026-09-16', 'close': 474, 'symbol': 'TRST.JK'}"
TRUE.JK,2026-09-16,50,,,2026-09-16T12:17:22.604714+00:00,"{'date': '2026-09-16', 'close': 50, 'symbol': 'TRUE.JK'}"
TRUK.JK,2026-09-16,1180,,,2026-09-16T12:17:22.604714+00:00,"{'date': '2026-09-16', 'close': 1180, 'symbol': 'TRUK.JK'}"
TRUS.JK,2026-09-16,452,,,2026-09-16T12:17:22.604714+00:00,"{'date': '2026-09-16', 'close': 452, 'symbol': 'TRUS.JK'}"
TSPC.JK,2026-09-16,2770,,,2026-09-16T12:17:22.604714+00:00,"{'date': '2026-09-16', 'close': 2770, 'symbol': 'TSPC.JK'}"
TUGU.JK,2026-09-16,1630,,,2026-09-16T12:17:22.604714+00:00,"{'date': '2026-09-16', 'close': 1630, 'symbol': 'TUGU.JK'}"
TYRE.JK,2026-09-16,111,,,2026-09-16T12:17:22.604714+00:00,"{'date': '2026-09-16', 'close': 111, 'symbol': 'TYRE.JK'}"
UANG.JK,2026-09-16,4210,,,2026-09-16T12:17:22.604714+00:00,"{'date': '2026-09-16', 'close': 4210, 'symbol': 'UANG.JK'}"
UCID.JK,2026-09-16,500,,,2026-09-16T12:17:22.604714+00:00,"{'date': '2026-09-16', 'close': 500, 'symbol': 'UCID.JK'}"
UDNG.JK,2026-09-16,486,,,2026-09-16T12:17:22.604714+00:00,"{'date': '2026-09-16', 'close': 486, 'symbol': 'UDNG.JK'}"
UFOE.JK,2026-09-16,149,,,2026-09-16T12:17:22.604714+00:00,"{'date': '2026-09-16', 'close': 149, 'symbol': 'UFOE.JK'}"
ULTJ.JK,2026-09-16,1880,,,2026-09-16T12:17:22.604714+00:00,"{'date': '2026-09-16', 'close': 1880, 'symbol': 'ULTJ.JK'}"
UNIC.JK,2026-09-16,15200,,,2026-09-16T12:17:22.604714+00:00,"{'date': '2026-09-16', 'close': 15200, 'symbol': 'UNIC.JK'}"
UNIQ.JK,2026-09-16,122,,,2026-09-16T12:17:22.604714+00:00,"{'date': '2026-09-16', 'close': 122, 'symbol': 'UNIQ.JK'}"
UNIT.JK,2026-09-16,316,,,2026-09-16T12:17:22.604714+00:00,"{'date': '2026-09-16', 'close': 316, 'symbol': 'UNIT.JK'}"
UNSP.JK,2026-09-16,206,,,2026-09-16T12:17:22.604714+00:00,"{'date': '2026-09-16', 'close': 206, 'symbol': 'UNSP.JK'}"
UNTD.JK,2026-09-16,80,,,2026-09-16T12:17:22.604714+00:00,"{'date': '2026-09-16', 'close': 80, 'symbol': 'UNTD.JK'}"
UNTR.JK,2026-09-16,26075,,,2026-09-16T12:17:22.604714+00:00,"{'date': '2026-09-16', 'close': 26075, 'symbol': 'UNTR.JK'}"
UNVR.JK,2026-09-16,1620,,,2026-09-16T12:17:22.604714+00:00,"{'date': '2026-09-16', 'close': 1620, 'symbol': 'UNVR.JK'}"
URBN.JK,2026-09-16,228,,,2026-09-16T12:17:22.604714+00:00,"{'date': '2026-09-16', 'close': 228, 'symbol': 'URBN.JK'}"
UVCR.JK,2026-09-16,170,,,2026-09-16T12:17:22.604714+00:00,"{'date': '2026-09-16', 'close': 170, 'symbol': 'UVCR.JK'}"
VAST.JK,2026-09-16,134,,,2026-09-16T12:17:22.604714+00:00,"{'date': '2026-09-16', 'close': 134, 'symbol': 'VAST.JK'}"
VERN.JK,2026-09-16,224,,,2026-09-16T12:17:22.604714+00:00,"{'date': '2026-09-16', 'close': 224, 'symbol': 'VERN.JK'}"
VICI.JK,2026-09-16,1225,,,2026-09-16T12:17:22.604714+00:00,"{'date': '2026-09-16', 'close': 1225, 'symbol': 'VICI.JK'}"
VICO.JK,2026-09-16,171,,,2026-09-16T12:17:22.604714+00:00,"{'date': '2026-09-16', 'close': 171, 'symbol': 'VICO.JK'}"
VINS.JK,2026-09-16,145,,,2026-09-16T12:17:22.604714+00:00,"{'date': '2026-09-16', 'close': 145, 'symbol': 'VINS.JK'}"
VISI.JK,2026-09-16,1280,,,2026-09-16T12:17:22.604714+00:00,"{'date': '2026-09-16', 'close': 1280, 'symbol': 'VISI.JK'}"
VIVA.JK,2026-09-16,42,,,2026-09-16T12:17:22.604714+00:00,"{'date': '2026-09-16', 'close': 42, 'symbol': 'VIVA.JK'}"
VKTR.JK,2026-09-16,730,,,2026-09-16T12:17:22.604714+00:00,"{'date': '2026-09-16', 'close': 730, 'symbol': 'VKTR.JK'}"
VOKS.JK,2026-09-16,312,,,2026-09-16T12:17:22.604714+00:00,"{'date': '2026-09-16', 'close': 312, 'symbol': 'VOKS.JK'}"
VRNA.JK,2026-09-16,90,,,2026-09-16T12:17:22.604714+00:00,"{'date': '2026-09-16', 'close': 90, 'symbol': 'VRNA.JK'}"
VTNY.JK,2026-09-16,77,,,2026-09-16T12:17:22.604714+00:00,"{'date': '2026-09-16', 'close': 77, 'symbol': 'VTNY.JK'}"
WAPO.JK,2026-09-16,191,,,2026-09-16T12:17:22.604714+00:00,"{'date': '2026-09-16', 'close': 191, 'symbol': 'WAPO.JK'}"
WBSA.JK,2026-09-16,650,,,2026-09-16T12:17:22.604714+00:00,"{'date': '2026-09-16', 'close': 650, 'symbol': 'WBSA.JK'}"
WEGE.JK,2026-09-16,50,,,2026-09-16T12:17:22.604714+00:00,"{'date': '2026-09-16', 'close': 50, 'symbol': 'WEGE.JK'}"
WEHA.JK,2026-09-16,117,,,2026-09-16T12:17:22.604714+00:00,"{'date': '2026-09-16', 'close': 117, 'symbol': 'WEHA.JK'}"
WGSH.JK,2026-09-16,130,,,2026-09-16T12:17:22.604714+00:00,"{'date': '2026-09-16', 'close': 130, 'symbol': 'WGSH.JK'}"
WICO.JK,2026-09-16,123,,,2026-09-16T12:17:22.604714+00:00,"{'date': '2026-09-16', 'close': 123, 'symbol': 'WICO.JK'}"
WIDI.JK,2026-09-16,28,,,2026-09-16T12:17:22.604714+00:00,"{'date': '2026-09-16', 'close': 28, 'symbol': 'WIDI.JK'}"
WIFI.JK,2026-09-16,1920,,,2026-09-16T12:17:22.604714+00:00,"{'date': '2026-09-16', 'close': 1920, 'symbol': 'WIFI.JK'}"
WIIM.JK,2026-09-16,1475,,,2026-09-16T12:17:22.604714+00:00,"{'date': '2026-09-16', 'close': 1475, 'symbol': 'WIIM.JK'}"
WIKA.JK,2026-09-16,204,,,2026-09-16T12:17:22.604714+00:00,"{'date': '2026-09-16', 'close': 204, 'symbol': 'WIKA.JK'}"
WINE.JK,2026-09-16,131,,,2026-09-16T12:17:22.604714+00:00,"{'date': '2026-09-16', 'close': 131, 'symbol': 'WINE.JK'}"
WINR.JK,2026-09-16,25,,,2026-09-16T12:17:22.604714+00:00,"{'date': '2026-09-16', 'close': 25, 'symbol': 'WINR.JK'}"
WINS.JK,2026-09-16,620,,,2026-09-16T12:17:22.604714+00:00,"{'date': '2026-09-16', 'close': 620, 'symbol': 'WINS.JK'}"
WIRG.JK,2026-09-16,76,,,2026-09-16T12:17:22.604714+00:00,"{'date': '2026-09-16', 'close': 76, 'symbol': 'WIRG.JK'}"
WMPP.JK,2026-09-16,29,,,2026-09-16T12:17:22.604714+00:00,"{'date': '2026-09-16', 'close': 29, 'symbol': 'WMPP.JK'}"
WMUU.JK,2026-09-16,50,,,2026-09-16T12:17:22.604714+00:00,"{'date': '2026-09-16', 'close': 50, 'symbol': 'WMUU.JK'}"
WOMF.JK,2026-09-16,276,,,2026-09-16T12:17:22.604714+00:00,"{'date': '2026-09-16', 'close': 276, 'symbol': 'WOMF.JK'}"
WOOD.JK,2026-09-16,198,,,2026-09-16T12:17:22.604714+00:00,"{'date': '2026-09-16', 'close': 198, 'symbol': 'WOOD.JK'}"
WOWS.JK,2026-09-16,56,,,2026-09-16T12:17:22.604714+00:00,"{'date': '2026-09-16', 'close': 56, 'symbol': 'WOWS.JK'}"
WSBP.JK,2026-09-16,14,,,2026-09-16T12:17:22.604714+00:00,"{'date': '2026-09-16', 'close': 14, 'symbol': 'WSBP.JK'}"
WSKT.JK,2026-09-16,202,,,2026-09-16T12:17:22.604714+00:00,"{'date': '2026-09-16', 'close': 202, 'symbol': 'WSKT.JK'}"
WTON.JK,2026-09-16,78,,,2026-09-16T12:17:22.604714+00:00,"{'date': '2026-09-16', 'close': 78, 'symbol': 'WTON.JK'}"
YELO.JK,2026-09-16,92,,,2026-09-16T12:17:22.604714+00:00,"{'date': '2026-09-16', 'close': 92, 'symbol': 'YELO.JK'}"
YOII.JK,2026-09-16,83,,,2026-09-16T12:17:22.604714+00:00,"{'date': '2026-09-16', 'close': 83, 'symbol': 'YOII.JK'}"
YPAS.JK,2026-09-16,1310,,,2026-09-16T12:17:22.604714+00:00,"{'date': '2026-09-16', 'close': 1310, 'symbol': 'YPAS.JK'}"
YULE.JK,2026-09-16,4100,,,2026-09-16T12:17:22.604714+00:00,"{'date': '2026-09-16', 'close': 4100, 'symbol': 'YULE.JK'}"
YUPI.JK,2026-09-16,1300,,,2026-09-16T12:17:22.604714+00:00,"{'date': '2026-09-16', 'close': 1300, 'symbol': 'YUPI.JK'}"
ZATA.JK,2026-09-16,65,,,2026-09-16T12:17:22.604714+00:00,"{'date': '2026-09-16', 'close': 65, 'symbol': 'ZATA.JK'}"
ZBRA.JK,2026-09-16,50,,,2026-09-16T12:17:22.604714+00:00,"{'date': '2026-09-16', 'close': 50, 'symbol': 'ZBRA.JK'}"
ZINC.JK,2026-09-16,30,,,2026-09-16T12:17:22.604714+00:00,"{'date': '2026-09-16', 'close': 30, 'symbol': 'ZINC.JK'}"
ZONE.JK,2026-09-16,710,,,2026-09-16T12:17:22.604714+00:00,"{'date': '2026-09-16', 'close': 710, 'symbol': 'ZONE.JK'}"
ZYRX.JK,2026-09-16,129,,,2026-09-16T12:17:22.604714+00:00,"{'date': '2026-09-16', 'close': 129, 'symbol': 'ZYRX.JK'}"
