symbol,date,close,volume,market_cap,fetched_at,raw_response
SOHO.JK,2026-06-15,1185,84300,15039643632150,2026-09-11T13:49:54.205823+00:00,"{'low': 1170, 'date': '2026-06-15', 'high': 1205, 'open': 1170, 'close': 1185, 'symbol': 'SOHO.JK', 'volume': 84300, 'market_cap': 15039643632150}"
SOHO.JK,2026-06-17,1170,53800,14849268396300,2026-09-11T13:49:54.205823+00:00,"{'low': 1155, 'date': '2026-06-17', 'high': 1200, 'open': 1190, 'close': 1170, 'symbol': 'SOHO.JK', 'volume': 53800, 'market_cap': 14849268396300}"
SOHO.JK,2026-06-18,1140,17900,14468517924600,2026-09-11T13:49:54.205823+00:00,"{'low': 1130, 'date': '2026-06-18', 'high': 1175, 'open': 1175, 'close': 1140, 'symbol': 'SOHO.JK', 'volume': 17900, 'market_cap': 14468517924600}"
SOHO.JK,2026-06-19,1145,31700,14531976336550,2026-09-11T13:49:54.205823+00:00,"{'low': 1140, 'date': '2026-06-19', 'high': 1160, 'open': 1140, 'close': 1145, 'symbol': 'SOHO.JK', 'volume': 31700, 'market_cap': 14531976336550}"
SOHO.JK,2026-06-22,1130,18400,14341601100700,2026-09-11T13:49:54.205823+00:00,"{'low': 1110, 'date': '2026-06-22', 'high': 1150, 'open': 1150, 'close': 1130, 'symbol': 'SOHO.JK', 'volume': 18400, 'market_cap': 14341601100700}"
SOHO.JK,2026-06-23,1135,10000,14405059512650,2026-09-11T13:49:54.205823+00:00,"{'low': 1130, 'date': '2026-06-23', 'high': 1140, 'open': 1130, 'close': 1135, 'symbol': 'SOHO.JK', 'volume': 10000, 'market_cap': 14405059512650}"
BBCA.JK,2026-06-15,6275,480395000,765815429362500,2026-09-11T13:49:31.002329+00:00,"{'low': 6100, 'date': '2026-06-15', 'high': 6425, 'open': 6100, 'close': 6275, 'symbol': 'BBCA.JK', 'volume': 480395000, 'market_cap': 765815429362500}"
BBCA.JK,2026-06-17,6275,467494300,765815429362500,2026-09-11T13:49:31.002329+00:00,"{'low': 6275, 'date': '2026-06-17', 'high': 6550, 'open': 6400, 'close': 6275, 'symbol': 'BBCA.JK', 'volume': 467494300, 'market_cap': 765815429362500}"
BBCA.JK,2026-06-18,6075,232489300,741406969462500,2026-09-11T13:49:31.002329+00:00,"{'low': 6075, 'date': '2026-06-18', 'high': 6275, 'open': 6250, 'close': 6075, 'symbol': 'BBCA.JK', 'volume': 232489300, 'market_cap': 741406969462500}"
BBCA.JK,2026-06-19,6300,366595500,768866486850000,2026-09-11T13:49:31.002329+00:00,"{'low': 6050, 'date': '2026-06-19', 'high': 6300, 'open': 6050, 'close': 6300, 'symbol': 'BBCA.JK', 'volume': 366595500, 'market_cap': 768866486850000}"
BBCA.JK,2026-06-22,6225,193401600,759713314387500,2026-09-11T13:49:31.002329+00:00,"{'low': 6125, 'date': '2026-06-22', 'high': 6400, 'open': 6400, 'close': 6225, 'symbol': 'BBCA.JK', 'volume': 193401600, 'market_cap': 759713314387500}"
BBCA.JK,2026-06-23,6125,144561900,747509084437500,2026-09-11T13:49:31.002329+00:00,"{'low': 6075, 'date': '2026-06-23', 'high': 6200, 'open': 6150, 'close': 6125, 'symbol': 'BBCA.JK', 'volume': 144561900, 'market_cap': 747509084437500}"
BBCA.JK,2026-06-24,5925,144928800,723100624537500,2026-09-11T13:49:31.002329+00:00,"{'low': 5925, 'date': '2026-06-24', 'high': 6200, 'open': 6125, 'close': 5925, 'symbol': 'BBCA.JK', 'volume': 144928800, 'market_cap': 723100624537500}"
BBCA.JK,2026-06-25,6025,197935000,735304854487500,2026-09-11T13:49:31.002329+00:00,"{'low': 5900, 'date': '2026-06-25', 'high': 6175, 'open': 5900, 'close': 6025, 'symbol': 'BBCA.JK', 'volume': 197935000, 'market_cap': 735304854487500}"
BBCA.JK,2026-06-26,6175,163378700,753611199412500,2026-09-11T13:49:31.002329+00:00,"{'low': 6025, 'date': '2026-06-26', 'high': 6175, 'open': 6050, 'close': 6175, 'symbol': 'BBCA.JK', 'volume': 163378700, 'market_cap': 753611199412500}"
BBCA.JK,2026-06-29,5925,189886600,723100624537500,2026-09-11T13:49:31.002329+00:00,"{'low': 5925, 'date': '2026-06-29', 'high': 6200, 'open': 6175, 'close': 5925, 'symbol': 'BBCA.JK', 'volume': 189886600, 'market_cap': 723100624537500}"
BBCA.JK,2026-06-30,5550,440738300,677334762225000,2026-09-11T13:49:31.002329+00:00,"{'low': 5550, 'date': '2026-06-30', 'high': 5825, 'open': 5775, 'close': 5550, 'symbol': 'BBCA.JK', 'volume': 440738300, 'market_cap': 677334762225000}"
BBCA.JK,2026-07-01,5600,124123800,683436877200000,2026-09-11T13:49:31.002329+00:00,"{'low': 5550, 'date': '2026-07-01', 'high': 5750, 'open': 5550, 'close': 5600, 'symbol': 'BBCA.JK', 'volume': 124123800, 'market_cap': 683436877200000}"
BBCA.JK,2026-07-02,5800,145119400,707845337100000,2026-09-11T13:49:31.002329+00:00,"{'low': 5625, 'date': '2026-07-02', 'high': 5875, 'open': 5650, 'close': 5800, 'symbol': 'BBCA.JK', 'volume': 145119400, 'market_cap': 707845337100000}"
BBCA.JK,2026-07-03,6050,200465200,738355911975000,2026-09-11T13:49:31.002329+00:00,"{'low': 5900, 'date': '2026-07-03', 'high': 6150, 'open': 5925, 'close': 6050, 'symbol': 'BBCA.JK', 'volume': 200465200, 'market_cap': 738355911975000}"
TLKM.JK,2026-08-04,2790,90753600,276383584314000,2026-09-03T13:07:55.459377+00:00,"{'low': 2710, 'date': '2026-08-04', 'high': 2790, 'open': 2740, 'close': 2790, 'symbol': 'TLKM.JK', 'volume': 90753600, 'market_cap': 276383584314000}"
SOHO.JK,2026-06-24,1105,18900,14024309040950,2026-09-11T13:49:54.205823+00:00,"{'low': 1100, 'date': '2026-06-24', 'high': 1150, 'open': 1140, 'close': 1105, 'symbol': 'SOHO.JK', 'volume': 18900, 'market_cap': 14024309040950}"
SOHO.JK,2026-06-25,1130,24100,14341601100700,2026-09-11T13:49:54.205823+00:00,"{'low': 1110, 'date': '2026-06-25', 'high': 1195, 'open': 1110, 'close': 1130, 'symbol': 'SOHO.JK', 'volume': 24100, 'market_cap': 14341601100700}"
TLKM.JK,2026-08-05,2710,109494500,268458606986000,2026-09-03T13:07:55.459377+00:00,"{'low': 2700, 'date': '2026-08-05', 'high': 2780, 'open': 2780, 'close': 2710, 'symbol': 'TLKM.JK', 'volume': 109494500, 'market_cap': 268458606986000}"
TLKM.JK,2026-08-06,2650,138223900,262514873990000,2026-09-03T13:07:55.459377+00:00,"{'low': 2650, 'date': '2026-08-06', 'high': 2720, 'open': 2710, 'close': 2650, 'symbol': 'TLKM.JK', 'volume': 138223900, 'market_cap': 262514873990000}"
TLKM.JK,2026-08-07,2710,66412400,268458606986000,2026-09-03T13:07:55.459377+00:00,"{'low': 2650, 'date': '2026-08-07', 'high': 2720, 'open': 2650, 'close': 2710, 'symbol': 'TLKM.JK', 'volume': 66412400, 'market_cap': 268458606986000}"
TLKM.JK,2026-08-10,2620,93974000,259543007492000,2026-09-03T13:07:55.459377+00:00,"{'low': 2620, 'date': '2026-08-10', 'high': 2730, 'open': 2720, 'close': 2620, 'symbol': 'TLKM.JK', 'volume': 93974000, 'market_cap': 259543007492000}"
TLKM.JK,2026-08-11,2610,84124100,258552385326000,2026-09-03T13:07:55.459377+00:00,"{'low': 2570, 'date': '2026-08-11', 'high': 2650, 'open': 2640, 'close': 2610, 'symbol': 'TLKM.JK', 'volume': 84124100, 'market_cap': 258552385326000}"
BBCA.JK,2026-07-06,6125,148684900,747509084437500,2026-09-11T13:49:31.002329+00:00,"{'low': 5975, 'date': '2026-07-06', 'high': 6175, 'open': 6050, 'close': 6125, 'symbol': 'BBCA.JK', 'volume': 148684900, 'market_cap': 747509084437500}"
BBCA.JK,2026-07-07,6300,183472100,768866486850000,2026-09-11T13:49:31.002329+00:00,"{'low': 6150, 'date': '2026-07-07', 'high': 6300, 'open': 6200, 'close': 6300, 'symbol': 'BBCA.JK', 'volume': 183472100, 'market_cap': 768866486850000}"
BBCA.JK,2026-07-08,6175,181289000,753611199412500,2026-09-11T13:49:31.002329+00:00,"{'low': 6175, 'date': '2026-07-08', 'high': 6325, 'open': 6300, 'close': 6175, 'symbol': 'BBCA.JK', 'volume': 181289000, 'market_cap': 753611199412500}"
BBCA.JK,2026-07-09,6200,181155800,756662256900000,2026-09-11T13:49:31.002329+00:00,"{'low': 6050, 'date': '2026-07-09', 'high': 6200, 'open': 6100, 'close': 6200, 'symbol': 'BBCA.JK', 'volume': 181155800, 'market_cap': 756662256900000}"
BBCA.JK,2026-07-10,6175,138050500,753611199412500,2026-09-11T13:49:31.002329+00:00,"{'low': 6125, 'date': '2026-07-10', 'high': 6300, 'open': 6300, 'close': 6175, 'symbol': 'BBCA.JK', 'volume': 138050500, 'market_cap': 753611199412500}"
BBCA.JK,2026-07-13,6225,180061600,759713314387500,2026-09-11T13:49:31.002329+00:00,"{'low': 6075, 'date': '2026-07-13', 'high': 6250, 'open': 6150, 'close': 6225, 'symbol': 'BBCA.JK', 'volume': 180061600, 'market_cap': 759713314387500}"
BBCA.JK,2026-07-14,6125,159868800,747509084437500,2026-09-11T13:49:31.002329+00:00,"{'low': 6075, 'date': '2026-07-14', 'high': 6250, 'open': 6225, 'close': 6125, 'symbol': 'BBCA.JK', 'volume': 159868800, 'market_cap': 747509084437500}"
BBCA.JK,2026-07-15,6125,140824900,747509084437500,2026-09-11T13:49:31.002329+00:00,"{'low': 6075, 'date': '2026-07-15', 'high': 6200, 'open': 6125, 'close': 6125, 'symbol': 'BBCA.JK', 'volume': 140824900, 'market_cap': 747509084437500}"
BBCA.JK,2026-07-16,6225,94235100,759713314387500,2026-09-11T13:49:31.002329+00:00,"{'low': 6100, 'date': '2026-07-16', 'high': 6225, 'open': 6125, 'close': 6225, 'symbol': 'BBCA.JK', 'volume': 94235100, 'market_cap': 759713314387500}"
BBCA.JK,2026-07-17,6475,319191300,790223889262500,2026-09-11T13:49:31.002329+00:00,"{'low': 6200, 'date': '2026-07-17', 'high': 6500, 'open': 6225, 'close': 6475, 'symbol': 'BBCA.JK', 'volume': 319191300, 'market_cap': 790223889262500}"
BBCA.JK,2026-07-20,6475,298183300,790223889262500,2026-09-11T13:49:31.002329+00:00,"{'low': 6475, 'date': '2026-07-20', 'high': 6625, 'open': 6525, 'close': 6475, 'symbol': 'BBCA.JK', 'volume': 298183300, 'market_cap': 790223889262500}"
BBCA.JK,2026-07-21,6525,146064700,796326004237500,2026-09-11T13:49:31.002329+00:00,"{'low': 6425, 'date': '2026-07-21', 'high': 6550, 'open': 6550, 'close': 6525, 'symbol': 'BBCA.JK', 'volume': 146064700, 'market_cap': 796326004237500}"
BBCA.JK,2026-07-22,6500,112178900,793274946750000,2026-09-11T13:49:31.002329+00:00,"{'low': 6400, 'date': '2026-07-22', 'high': 6550, 'open': 6525, 'close': 6500, 'symbol': 'BBCA.JK', 'volume': 112178900, 'market_cap': 793274946750000}"
SOHO.JK,2026-06-26,1070,60500,13580100157300,2026-09-11T13:49:54.205823+00:00,"{'low': 1040, 'date': '2026-06-26', 'high': 1150, 'open': 1145, 'close': 1070, 'symbol': 'SOHO.JK', 'volume': 60500, 'market_cap': 13580100157300}"
SOHO.JK,2026-06-29,1075,29700,13643558569250,2026-09-11T13:49:54.205823+00:00,"{'low': 1065, 'date': '2026-06-29', 'high': 1170, 'open': None, 'close': 1075, 'symbol': 'SOHO.JK', 'volume': 29700, 'market_cap': 13643558569250}"
SOHO.JK,2026-06-30,1060,29300,13453183333400,2026-09-11T13:49:54.205823+00:00,"{'low': 1030, 'date': '2026-06-30', 'high': 1145, 'open': None, 'close': 1060, 'symbol': 'SOHO.JK', 'volume': 29300, 'market_cap': 13453183333400}"
SOHO.JK,2026-07-01,1085,16400,13770475393150,2026-09-11T13:49:54.205823+00:00,"{'low': 1060, 'date': '2026-07-01', 'high': 1110, 'open': 1060, 'close': 1085, 'symbol': 'SOHO.JK', 'volume': 16400, 'market_cap': 13770475393150}"
SOHO.JK,2026-07-02,1090,9900,13833933805100,2026-09-11T13:49:54.205823+00:00,"{'low': 1080, 'date': '2026-07-02', 'high': 1115, 'open': 1085, 'close': 1090, 'symbol': 'SOHO.JK', 'volume': 9900, 'market_cap': 13833933805100}"
SOHO.JK,2026-07-03,1085,31300,13770475393150,2026-09-11T13:49:54.205823+00:00,"{'low': 1040, 'date': '2026-07-03', 'high': 1090, 'open': 1090, 'close': 1085, 'symbol': 'SOHO.JK', 'volume': 31300, 'market_cap': 13770475393150}"
SOHO.JK,2026-07-06,1105,19600,14024309040950,2026-09-11T13:49:54.205823+00:00,"{'low': 1085, 'date': '2026-07-06', 'high': 1110, 'open': 1085, 'close': 1105, 'symbol': 'SOHO.JK', 'volume': 19600, 'market_cap': 14024309040950}"
SOHO.JK,2026-07-07,1235,265900,15674227751650,2026-09-11T13:49:54.205823+00:00,"{'low': 1110, 'date': '2026-07-07', 'high': 1335, 'open': None, 'close': 1235, 'symbol': 'SOHO.JK', 'volume': 265900, 'market_cap': 15674227751650}"
SOHO.JK,2026-07-08,1215,84600,15420394103850,2026-09-11T13:49:54.205823+00:00,"{'low': 1115, 'date': '2026-07-08', 'high': 1265, 'open': 1235, 'close': 1215, 'symbol': 'SOHO.JK', 'volume': 84600, 'market_cap': 15420394103850}"
SOHO.JK,2026-07-09,1160,31000,14722351572400,2026-09-11T13:49:54.205823+00:00,"{'low': 1140, 'date': '2026-07-09', 'high': 1225, 'open': None, 'close': 1160, 'symbol': 'SOHO.JK', 'volume': 31000, 'market_cap': 14722351572400}"
SOHO.JK,2026-07-10,1175,33000,14912726808250,2026-09-11T13:49:54.205823+00:00,"{'low': 1160, 'date': '2026-07-10', 'high': 1240, 'open': 1160, 'close': 1175, 'symbol': 'SOHO.JK', 'volume': 33000, 'market_cap': 14912726808250}"
SOHO.JK,2026-07-13,1210,115400,15356935691900,2026-09-11T13:49:54.205823+00:00,"{'low': 1180, 'date': '2026-07-13', 'high': 1340, 'open': 1180, 'close': 1210, 'symbol': 'SOHO.JK', 'volume': 115400, 'market_cap': 15356935691900}"
SOHO.JK,2026-07-14,1215,35200,15420394103850,2026-09-11T13:49:54.205823+00:00,"{'low': 1200, 'date': '2026-07-14', 'high': 1225, 'open': 1210, 'close': 1215, 'symbol': 'SOHO.JK', 'volume': 35200, 'market_cap': 15420394103850}"
SOHO.JK,2026-07-15,1200,19600,15230018868000,2026-09-11T13:49:54.205823+00:00,"{'low': 1185, 'date': '2026-07-15', 'high': 1230, 'open': None, 'close': 1200, 'symbol': 'SOHO.JK', 'volume': 19600, 'market_cap': 15230018868000}"
SOHO.JK,2026-07-16,1185,36500,15039643632150,2026-09-11T13:49:54.205823+00:00,"{'low': 1180, 'date': '2026-07-16', 'high': 1200, 'open': None, 'close': 1185, 'symbol': 'SOHO.JK', 'volume': 36500, 'market_cap': 15039643632150}"
SOHO.JK,2026-07-17,1200,47100,15230018868000,2026-09-11T13:49:54.205823+00:00,"{'low': 1185, 'date': '2026-07-17', 'high': 1220, 'open': 1185, 'close': 1200, 'symbol': 'SOHO.JK', 'volume': 47100, 'market_cap': 15230018868000}"
BBCA.JK,2026-07-23,6275,207037900,765815429362500,2026-09-11T13:49:31.002329+00:00,"{'low': 6250, 'date': '2026-07-23', 'high': 6475, 'open': 6450, 'close': 6275, 'symbol': 'BBCA.JK', 'volume': 207037900, 'market_cap': 765815429362500}"
BBCA.JK,2026-07-24,6275,191428900,765815429362500,2026-09-11T13:49:31.002329+00:00,"{'low': 6125, 'date': '2026-07-24', 'high': 6300, 'open': 6200, 'close': 6275, 'symbol': 'BBCA.JK', 'volume': 191428900, 'market_cap': 765815429362500}"
BBCA.JK,2026-07-27,6300,125142500,768866486850000,2026-09-11T13:49:31.002329+00:00,"{'low': 6125, 'date': '2026-07-27', 'high': 6325, 'open': 6225, 'close': 6300, 'symbol': 'BBCA.JK', 'volume': 125142500, 'market_cap': 768866486850000}"
BBCA.JK,2026-07-28,6225,122920300,759713314387500,2026-09-11T13:49:31.002329+00:00,"{'low': 6200, 'date': '2026-07-28', 'high': 6300, 'open': 6250, 'close': 6225, 'symbol': 'BBCA.JK', 'volume': 122920300, 'market_cap': 759713314387500}"
BBCA.JK,2026-07-29,6275,122379600,765815429362500,2026-09-11T13:49:31.002329+00:00,"{'low': 6175, 'date': '2026-07-29', 'high': 6300, 'open': 6175, 'close': 6275, 'symbol': 'BBCA.JK', 'volume': 122379600, 'market_cap': 765815429362500}"
BBCA.JK,2026-07-30,6450,152663200,787172831775000,2026-09-11T13:49:31.002329+00:00,"{'low': 6250, 'date': '2026-07-30', 'high': 6450, 'open': 6325, 'close': 6450, 'symbol': 'BBCA.JK', 'volume': 152663200, 'market_cap': 787172831775000}"
SOHO.JK,2026-07-20,1190,124900,15103102044100,2026-09-11T13:49:54.205823+00:00,"{'low': 1185, 'date': '2026-07-20', 'high': 1250, 'open': 1250, 'close': 1190, 'symbol': 'SOHO.JK', 'volume': 124900, 'market_cap': 15103102044100}"
BBCA.JK,2026-07-31,6325,153174800,771917544337500,2026-09-11T13:49:31.002329+00:00,"{'low': 6325, 'date': '2026-07-31', 'high': 6450, 'open': 6425, 'close': 6325, 'symbol': 'BBCA.JK', 'volume': 153174800, 'market_cap': 771917544337500}"
BBCA.JK,2026-08-03,6300,68143700,768866486850000,2026-09-11T13:49:31.002329+00:00,"{'low': 6275, 'date': '2026-08-03', 'high': 6325, 'open': 6300, 'close': 6300, 'symbol': 'BBCA.JK', 'volume': 68143700, 'market_cap': 768866486850000}"
BBCA.JK,2026-08-04,6500,138953100,793274946750000,2026-09-03T13:07:54.264702+00:00,"{'low': 6350, 'date': '2026-08-04', 'high': 6500, 'open': 6375, 'close': 6500, 'symbol': 'BBCA.JK', 'volume': 138953100, 'market_cap': 793274946750000}"
BBCA.JK,2026-08-05,6450,101666100,787172831775000,2026-09-03T13:07:54.264702+00:00,"{'low': 6425, 'date': '2026-08-05', 'high': 6500, 'open': 6500, 'close': 6450, 'symbol': 'BBCA.JK', 'volume': 101666100, 'market_cap': 787172831775000}"
BBCA.JK,2026-08-06,6350,80734000,774968601825000,2026-09-03T13:07:54.264702+00:00,"{'low': 6350, 'date': '2026-08-06', 'high': 6475, 'open': 6450, 'close': 6350, 'symbol': 'BBCA.JK', 'volume': 80734000, 'market_cap': 774968601825000}"
BBCA.JK,2026-08-07,6375,111930800,778019659312500,2026-09-03T13:07:54.264702+00:00,"{'low': 6325, 'date': '2026-08-07', 'high': 6450, 'open': 6375, 'close': 6375, 'symbol': 'BBCA.JK', 'volume': 111930800, 'market_cap': 778019659312500}"
BBCA.JK,2026-08-10,6375,88666100,778019659312500,2026-09-03T13:07:54.264702+00:00,"{'low': 6350, 'date': '2026-08-10', 'high': 6450, 'open': 6400, 'close': 6375, 'symbol': 'BBCA.JK', 'volume': 88666100, 'market_cap': 778019659312500}"
BBCA.JK,2026-08-11,6300,112490800,768866486850000,2026-09-03T13:07:54.264702+00:00,"{'low': 6200, 'date': '2026-08-11', 'high': 6400, 'open': 6375, 'close': 6300, 'symbol': 'BBCA.JK', 'volume': 112490800, 'market_cap': 768866486850000}"
BBCA.JK,2026-08-12,6350,87177100,774968601825000,2026-09-03T13:07:54.264702+00:00,"{'low': 6225, 'date': '2026-08-12', 'high': 6350, 'open': 6300, 'close': 6350, 'symbol': 'BBCA.JK', 'volume': 87177100, 'market_cap': 774968601825000}"
BBCA.JK,2026-08-13,6375,83208000,778019659312500,2026-09-03T13:07:54.264702+00:00,"{'low': 6250, 'date': '2026-08-13', 'high': 6375, 'open': 6350, 'close': 6375, 'symbol': 'BBCA.JK', 'volume': 83208000, 'market_cap': 778019659312500}"
BBCA.JK,2026-08-14,6350,56953500,774968601825000,2026-09-03T13:07:54.264702+00:00,"{'low': 6275, 'date': '2026-08-14', 'high': 6350, 'open': 6300, 'close': 6350, 'symbol': 'BBCA.JK', 'volume': 56953500, 'market_cap': 774968601825000}"
BBCA.JK,2026-08-18,6300,114945500,768866486850000,2026-09-03T13:07:54.264702+00:00,"{'low': 6300, 'date': '2026-08-18', 'high': 6450, 'open': 6375, 'close': 6300, 'symbol': 'BBCA.JK', 'volume': 114945500, 'market_cap': 768866486850000}"
BBCA.JK,2026-08-19,6300,68105000,768866486850000,2026-09-03T13:07:54.264702+00:00,"{'low': 6300, 'date': '2026-08-19', 'high': 6425, 'open': 6300, 'close': 6300, 'symbol': 'BBCA.JK', 'volume': 68105000, 'market_cap': 768866486850000}"
TLKM.JK,2026-08-14,2620,80799200,259543007492000,2026-09-03T13:07:55.459377+00:00,"{'low': 2590, 'date': '2026-08-14', 'high': 2630, 'open': 2600, 'close': 2620, 'symbol': 'TLKM.JK', 'volume': 80799200, 'market_cap': 259543007492000}"
TLKM.JK,2026-08-18,2600,80089000,257561763160000,2026-09-03T13:07:55.459377+00:00,"{'low': 2600, 'date': '2026-08-18', 'high': 2640, 'open': 2640, 'close': 2600, 'symbol': 'TLKM.JK', 'volume': 80089000, 'market_cap': 257561763160000}"
TLKM.JK,2026-08-19,2600,45580300,257561763160000,2026-09-03T13:07:55.459377+00:00,"{'low': 2580, 'date': '2026-08-19', 'high': 2610, 'open': 2600, 'close': 2600, 'symbol': 'TLKM.JK', 'volume': 45580300, 'market_cap': 257561763160000}"
SOHO.JK,2026-07-21,1215,301700,15420394103850,2026-09-11T13:49:54.205823+00:00,"{'low': 1180, 'date': '2026-07-21', 'high': 1345, 'open': 1190, 'close': 1215, 'symbol': 'SOHO.JK', 'volume': 301700, 'market_cap': 15420394103850}"
SOHO.JK,2026-07-22,1220,239100,15483852515800,2026-09-11T13:49:54.205823+00:00,"{'low': 1170, 'date': '2026-07-22', 'high': 1270, 'open': 0, 'close': 1220, 'symbol': 'SOHO.JK', 'volume': 239100, 'market_cap': 15483852515800}"
SOHO.JK,2026-07-23,1210,98800,15356935691900,2026-09-11T13:49:54.205823+00:00,"{'low': 1190, 'date': '2026-07-23', 'high': 1230, 'open': 1220, 'close': 1210, 'symbol': 'SOHO.JK', 'volume': 98800, 'market_cap': 15356935691900}"
SOHO.JK,2026-07-24,1190,75500,15103102044100,2026-09-11T13:49:54.205823+00:00,"{'low': 1190, 'date': '2026-07-24', 'high': 1225, 'open': 0, 'close': 1190, 'symbol': 'SOHO.JK', 'volume': 75500, 'market_cap': 15103102044100}"
SOHO.JK,2026-07-27,1185,18200,15039643632150,2026-09-11T13:49:54.205823+00:00,"{'low': 1185, 'date': '2026-07-27', 'high': 1200, 'open': 0, 'close': 1185, 'symbol': 'SOHO.JK', 'volume': 18200, 'market_cap': 15039643632150}"
BBCA.JK,2026-08-20,6400,67749800,781070716800000,2026-09-03T13:07:54.264702+00:00,"{'low': 6300, 'date': '2026-08-20', 'high': 6400, 'open': 6350, 'close': 6400, 'symbol': 'BBCA.JK', 'volume': 67749800, 'market_cap': 781070716800000}"
BBCA.JK,2026-08-21,6450,100684300,787172831775000,2026-09-03T13:07:54.264702+00:00,"{'low': 6400, 'date': '2026-08-21', 'high': 6475, 'open': 6400, 'close': 6450, 'symbol': 'BBCA.JK', 'volume': 100684300, 'market_cap': 787172831775000}"
BBCA.JK,2026-08-24,6400,81295600,781070716800000,2026-09-03T13:07:54.264702+00:00,"{'low': 6350, 'date': '2026-08-24', 'high': 6450, 'open': 6450, 'close': 6400, 'symbol': 'BBCA.JK', 'volume': 81295600, 'market_cap': 781070716800000}"
BBCA.JK,2026-08-27,6400,60556000,781070716800000,2026-09-03T13:07:54.264702+00:00,"{'low': 6325, 'date': '2026-08-27', 'high': 6425, 'open': 6350, 'close': 6400, 'symbol': 'BBCA.JK', 'volume': 60556000, 'market_cap': 781070716800000}"
BBCA.JK,2026-08-28,6475,156445200,790223889262500,2026-09-03T13:07:54.264702+00:00,"{'low': 6400, 'date': '2026-08-28', 'high': 6525, 'open': 6425, 'close': 6475, 'symbol': 'BBCA.JK', 'volume': 156445200, 'market_cap': 790223889262500}"
BBCA.JK,2026-08-31,6475,230904500,790223889262500,2026-09-03T13:07:54.264702+00:00,"{'low': 6400, 'date': '2026-08-31', 'high': 6525, 'open': 6450, 'close': 6475, 'symbol': 'BBCA.JK', 'volume': 230904500, 'market_cap': 790223889262500}"
BBCA.JK,2026-09-01,6600,117969900,805479176700000,2026-09-03T13:07:54.264702+00:00,"{'low': 6425, 'date': '2026-09-01', 'high': 6600, 'open': 6450, 'close': 6600, 'symbol': 'BBCA.JK', 'volume': 117969900, 'market_cap': 805479176700000}"
BBCA.JK,2026-09-02,6675,108537400,814632349162500,2026-09-03T13:07:54.264702+00:00,"{'low': 6600, 'date': '2026-09-02', 'high': 6725, 'open': 6675, 'close': 6675, 'symbol': 'BBCA.JK', 'volume': 108537400, 'market_cap': 814632349162500}"
BBCA.JK,2026-09-03,6775,112329900,826836579112500,2026-09-03T13:07:54.264702+00:00,"{'low': 6625, 'date': '2026-09-03', 'high': 6800, 'open': 6700, 'close': 6775, 'symbol': 'BBCA.JK', 'volume': 112329900, 'market_cap': 826836579112500}"
BBCA.JK,2026-09-04,6700,93923500,817683406650000,2026-09-11T07:53:51.20545+00:00,"{'low': 6675, 'date': '2026-09-04', 'high': 6850, 'open': 6800, 'close': 6700, 'symbol': 'BBCA.JK', 'volume': 93923500, 'market_cap': 817683406650000}"
BBCA.JK,2026-09-07,6625,65118000,808530234187500,2026-09-11T07:53:51.20545+00:00,"{'low': 6600, 'date': '2026-09-07', 'high': 6750, 'open': 6750, 'close': 6625, 'symbol': 'BBCA.JK', 'volume': 65118000, 'market_cap': 808530234187500}"
BBCA.JK,2026-09-08,6675,108127600,814632349162500,2026-09-11T07:53:51.20545+00:00,"{'low': 6575, 'date': '2026-09-08', 'high': 6775, 'open': 6600, 'close': 6675, 'symbol': 'BBCA.JK', 'volume': 108127600, 'market_cap': 814632349162500}"
BBCA.JK,2026-09-09,6525,193375100,796326004237500,2026-09-11T07:53:51.20545+00:00,"{'low': 6500, 'date': '2026-09-09', 'high': 6700, 'open': 6700, 'close': 6525, 'symbol': 'BBCA.JK', 'volume': 193375100, 'market_cap': 796326004237500}"
BBCA.JK,2026-09-10,6425,196819200,784121774287500,2026-09-11T07:53:51.20545+00:00,"{'low': 6425, 'date': '2026-09-10', 'high': 6600, 'open': 6575, 'close': 6425, 'symbol': 'BBCA.JK', 'volume': 196819200, 'market_cap': 784121774287500}"
BBCA.JK,2026-09-11,6325,187922700,771917544337500,2026-09-11T13:49:31.002329+00:00,"{'low': 6250, 'date': '2026-09-11', 'high': 6400, 'open': 6400, 'close': 6325, 'symbol': 'BBCA.JK', 'volume': 187922700, 'market_cap': 771917544337500}"
SOHO.JK,2026-07-28,1190,5600,15103102044100,2026-09-11T13:49:54.205823+00:00,"{'low': 1170, 'date': '2026-07-28', 'high': 1200, 'open': 1185, 'close': 1190, 'symbol': 'SOHO.JK', 'volume': 5600, 'market_cap': 15103102044100}"
SOHO.JK,2026-07-29,1185,18400,15039643632150,2026-09-11T13:49:54.205823+00:00,"{'low': 1180, 'date': '2026-07-29', 'high': 1200, 'open': 0, 'close': 1185, 'symbol': 'SOHO.JK', 'volume': 18400, 'market_cap': 15039643632150}"
SOHO.JK,2026-07-30,1195,54200,15166560456050,2026-09-11T13:49:54.205823+00:00,"{'low': 1180, 'date': '2026-07-30', 'high': 1215, 'open': 0, 'close': 1195, 'symbol': 'SOHO.JK', 'volume': 54200, 'market_cap': 15166560456050}"
SOHO.JK,2026-07-31,1200,192000,15230018868000,2026-09-11T13:49:54.205823+00:00,"{'low': 1160, 'date': '2026-07-31', 'high': 1455, 'open': 0, 'close': 1200, 'symbol': 'SOHO.JK', 'volume': 192000, 'market_cap': 15230018868000}"
SOHO.JK,2026-08-03,1190,31100,15103102044100,2026-09-11T13:49:54.205823+00:00,"{'low': 1190, 'date': '2026-08-03', 'high': 1230, 'open': 0, 'close': 1190, 'symbol': 'SOHO.JK', 'volume': 31100, 'market_cap': 15103102044100}"
SOHO.JK,2026-08-04,1190,28900,15103102044100,2026-09-11T13:49:54.205823+00:00,"{'low': 1170, 'date': '2026-08-04', 'high': 1195, 'open': 1195, 'close': 1190, 'symbol': 'SOHO.JK', 'volume': 28900, 'market_cap': 15103102044100}"
SOHO.JK,2026-08-05,1195,265800,15166560456050,2026-09-11T13:49:54.205823+00:00,"{'low': 1150, 'date': '2026-08-05', 'high': 1215, 'open': 1200, 'close': 1195, 'symbol': 'SOHO.JK', 'volume': 265800, 'market_cap': 15166560456050}"
SOHO.JK,2026-08-06,1205,69800,15293477279950,2026-09-11T13:49:54.205823+00:00,"{'low': 1180, 'date': '2026-08-06', 'high': 1250, 'open': 1210, 'close': 1205, 'symbol': 'SOHO.JK', 'volume': 69800, 'market_cap': 15293477279950}"
SOHO.JK,2026-08-07,1200,40300,15230018868000,2026-09-11T13:49:54.205823+00:00,"{'low': 1175, 'date': '2026-08-07', 'high': 1215, 'open': 1205, 'close': 1200, 'symbol': 'SOHO.JK', 'volume': 40300, 'market_cap': 15230018868000}"
SOHO.JK,2026-08-10,1190,53700,15103102044100,2026-09-11T13:49:54.205823+00:00,"{'low': 1175, 'date': '2026-08-10', 'high': 1205, 'open': 1200, 'close': 1190, 'symbol': 'SOHO.JK', 'volume': 53700, 'market_cap': 15103102044100}"
SOHO.JK,2026-08-11,1180,19900,14976185220200,2026-09-11T13:49:54.205823+00:00,"{'low': 1160, 'date': '2026-08-11', 'high': 1190, 'open': 1190, 'close': 1180, 'symbol': 'SOHO.JK', 'volume': 19900, 'market_cap': 14976185220200}"
ASII.JK,2026-08-27,4790,37802400,193916219540600,2026-09-03T13:07:56.793062+00:00,"{'low': 4740, 'date': '2026-08-27', 'high': 4810, 'open': 4780, 'close': 4790, 'symbol': 'ASII.JK', 'volume': 37802400, 'market_cap': 193916219540600}"
ASII.JK,2026-08-28,4800,53631000,194321055072000,2026-09-03T13:07:56.793062+00:00,"{'low': 4760, 'date': '2026-08-28', 'high': 4860, 'open': 4790, 'close': 4800, 'symbol': 'ASII.JK', 'volume': 53631000, 'market_cap': 194321055072000}"
SOHO.JK,2026-08-12,1180,31500,14976185220200,2026-09-11T13:49:54.205823+00:00,"{'low': 1165, 'date': '2026-08-12', 'high': 1200, 'open': 1180, 'close': 1180, 'symbol': 'SOHO.JK', 'volume': 31500, 'market_cap': 14976185220200}"
SOHO.JK,2026-08-13,1165,39700,14785809984350,2026-09-11T13:49:54.205823+00:00,"{'low': 1160, 'date': '2026-08-13', 'high': 1185, 'open': 1185, 'close': 1165, 'symbol': 'SOHO.JK', 'volume': 39700, 'market_cap': 14785809984350}"
SOHO.JK,2026-08-14,1175,33100,14912726808250,2026-09-11T13:49:54.205823+00:00,"{'low': 1100, 'date': '2026-08-14', 'high': 1175, 'open': 1160, 'close': 1175, 'symbol': 'SOHO.JK', 'volume': 33100, 'market_cap': 14912726808250}"
SOHO.JK,2026-08-18,1185,121000,15039643632150,2026-09-11T13:49:54.205823+00:00,"{'low': 1180, 'date': '2026-08-18', 'high': 1230, 'open': 1180, 'close': 1185, 'symbol': 'SOHO.JK', 'volume': 121000, 'market_cap': 15039643632150}"
SOHO.JK,2026-08-19,1185,20800,15039643632150,2026-09-11T13:49:54.205823+00:00,"{'low': 1185, 'date': '2026-08-19', 'high': 1190, 'open': 1185, 'close': 1185, 'symbol': 'SOHO.JK', 'volume': 20800, 'market_cap': 15039643632150}"
SOHO.JK,2026-08-20,1190,29300,15103102044100,2026-09-11T13:49:54.205823+00:00,"{'low': 1185, 'date': '2026-08-20', 'high': 1200, 'open': 1200, 'close': 1190, 'symbol': 'SOHO.JK', 'volume': 29300, 'market_cap': 15103102044100}"
SOHO.JK,2026-08-21,1195,22200,15166560456050,2026-09-11T13:49:54.205823+00:00,"{'low': 1190, 'date': '2026-08-21', 'high': 1200, 'open': 1195, 'close': 1195, 'symbol': 'SOHO.JK', 'volume': 22200, 'market_cap': 15166560456050}"
SOHO.JK,2026-08-24,1200,31500,15230018868000,2026-09-11T13:49:54.205823+00:00,"{'low': 1190, 'date': '2026-08-24', 'high': 1200, 'open': 1190, 'close': 1200, 'symbol': 'SOHO.JK', 'volume': 31500, 'market_cap': 15230018868000}"
SOHO.JK,2026-08-26,1185,46400,15039643632150,2026-09-11T13:49:54.205823+00:00,"{'low': 1185, 'date': '2026-08-26', 'high': 1210, 'open': 1195, 'close': 1185, 'symbol': 'SOHO.JK', 'volume': 46400, 'market_cap': 15039643632150}"
SOHO.JK,2026-08-27,1205,25400,15293477279950,2026-09-11T13:49:54.205823+00:00,"{'low': 1150, 'date': '2026-08-27', 'high': 1235, 'open': 1185, 'close': 1205, 'symbol': 'SOHO.JK', 'volume': 25400, 'market_cap': 15293477279950}"
SOHO.JK,2026-08-28,1195,10200,15166560456050,2026-09-11T13:49:54.205823+00:00,"{'low': 1195, 'date': '2026-08-28', 'high': 1205, 'open': 1200, 'close': 1195, 'symbol': 'SOHO.JK', 'volume': 10200, 'market_cap': 15166560456050}"
SOHO.JK,2026-08-31,1195,19700,15166560456050,2026-09-11T13:49:54.205823+00:00,"{'low': 1190, 'date': '2026-08-31', 'high': 1205, 'open': 1200, 'close': 1195, 'symbol': 'SOHO.JK', 'volume': 19700, 'market_cap': 15166560456050}"
SOHO.JK,2026-09-01,1210,84000,15356935691900,2026-09-11T13:49:54.205823+00:00,"{'low': 1180, 'date': '2026-09-01', 'high': 1225, 'open': 1195, 'close': 1210, 'symbol': 'SOHO.JK', 'volume': 84000, 'market_cap': 15356935691900}"
SOHO.JK,2026-09-02,1200,14800,15230018868000,2026-09-11T13:49:54.205823+00:00,"{'low': 1195, 'date': '2026-09-02', 'high': 1210, 'open': 1210, 'close': 1200, 'symbol': 'SOHO.JK', 'volume': 14800, 'market_cap': 15230018868000}"
BBCA.JK,2026-08-26,6350,86115900,774968601825000,2026-09-03T13:07:54.264702+00:00,"{'low': 6350, 'date': '2026-08-26', 'high': 6450, 'open': 6450, 'close': 6350, 'symbol': 'BBCA.JK', 'volume': 86115900, 'market_cap': 774968601825000}"
TLKM.JK,2026-08-20,2610,86747700,258552385326000,2026-09-03T13:07:55.459377+00:00,"{'low': 2590, 'date': '2026-08-20', 'high': 2620, 'open': 2610, 'close': 2610, 'symbol': 'TLKM.JK', 'volume': 86747700, 'market_cap': 258552385326000}"
TLKM.JK,2026-08-21,2610,72276500,258552385326000,2026-09-03T13:07:55.459377+00:00,"{'low': 2610, 'date': '2026-08-21', 'high': 2640, 'open': 2610, 'close': 2610, 'symbol': 'TLKM.JK', 'volume': 72276500, 'market_cap': 258552385326000}"
TLKM.JK,2026-08-24,2620,46321100,259543007492000,2026-09-03T13:07:55.459377+00:00,"{'low': 2600, 'date': '2026-08-24', 'high': 2640, 'open': 2620, 'close': 2620, 'symbol': 'TLKM.JK', 'volume': 46321100, 'market_cap': 259543007492000}"
TLKM.JK,2026-08-26,2600,82579200,257561763160000,2026-09-03T13:07:55.459377+00:00,"{'low': 2590, 'date': '2026-08-26', 'high': 2630, 'open': 2630, 'close': 2600, 'symbol': 'TLKM.JK', 'volume': 82579200, 'market_cap': 257561763160000}"
TLKM.JK,2026-08-27,2610,115845900,258552385326000,2026-09-03T13:07:55.459377+00:00,"{'low': 2550, 'date': '2026-08-27', 'high': 2610, 'open': 2590, 'close': 2610, 'symbol': 'TLKM.JK', 'volume': 115845900, 'market_cap': 258552385326000}"
TLKM.JK,2026-08-28,2570,78958600,254589896662000,2026-09-03T13:07:55.459377+00:00,"{'low': 2570, 'date': '2026-08-28', 'high': 2620, 'open': 2620, 'close': 2570, 'symbol': 'TLKM.JK', 'volume': 78958600, 'market_cap': 254589896662000}"
TLKM.JK,2026-08-31,2600,204591800,257561763160000,2026-09-03T13:07:55.459377+00:00,"{'low': 2560, 'date': '2026-08-31', 'high': 2600, 'open': 2570, 'close': 2600, 'symbol': 'TLKM.JK', 'volume': 204591800, 'market_cap': 257561763160000}"
TLKM.JK,2026-09-01,2610,82430900,258552385326000,2026-09-03T13:07:55.459377+00:00,"{'low': 2590, 'date': '2026-09-01', 'high': 2630, 'open': 2600, 'close': 2610, 'symbol': 'TLKM.JK', 'volume': 82430900, 'market_cap': 258552385326000}"
TLKM.JK,2026-09-02,2590,105899600,256571140994000,2026-09-03T13:07:55.459377+00:00,"{'low': 2560, 'date': '2026-09-02', 'high': 2610, 'open': 2600, 'close': 2590, 'symbol': 'TLKM.JK', 'volume': 105899600, 'market_cap': 256571140994000}"
TLKM.JK,2026-09-03,2600,76991100,257561763160000,2026-09-03T13:07:55.459377+00:00,"{'low': 2580, 'date': '2026-09-03', 'high': 2610, 'open': 2600, 'close': 2600, 'symbol': 'TLKM.JK', 'volume': 76991100, 'market_cap': 257561763160000}"
TLKM.JK,2026-09-04,2610,84953700,258552385326000,2026-09-11T07:53:52.76566+00:00,"{'low': 2590, 'date': '2026-09-04', 'high': 2630, 'open': 2610, 'close': 2610, 'symbol': 'TLKM.JK', 'volume': 84953700, 'market_cap': 258552385326000}"
TLKM.JK,2026-09-07,2610,42030200,258552385326000,2026-09-11T07:53:52.76566+00:00,"{'low': 2600, 'date': '2026-09-07', 'high': 2620, 'open': 2610, 'close': 2610, 'symbol': 'TLKM.JK', 'volume': 42030200, 'market_cap': 258552385326000}"
SOHO.JK,2026-09-03,1200,47400,15230018868000,2026-09-11T13:49:54.205823+00:00,"{'low': 1180, 'date': '2026-09-03', 'high': 1200, 'open': 1200, 'close': 1200, 'symbol': 'SOHO.JK', 'volume': 47400, 'market_cap': 15230018868000}"
TLKM.JK,2026-06-15,2930,156789000,290252294638000,2026-09-11T13:49:34.521417+00:00,"{'low': 2890, 'date': '2026-06-15', 'high': 2970, 'open': 2900, 'close': 2930, 'symbol': 'TLKM.JK', 'volume': 156789000, 'market_cap': 290252294638000}"
TLKM.JK,2026-06-17,2960,200799700,293224161136000,2026-09-11T13:49:34.521417+00:00,"{'low': 2940, 'date': '2026-06-17', 'high': 3030, 'open': 2950, 'close': 2960, 'symbol': 'TLKM.JK', 'volume': 200799700, 'market_cap': 293224161136000}"
TLKM.JK,2026-06-18,2780,210813900,275392962148000,2026-09-11T13:49:34.521417+00:00,"{'low': 2670, 'date': '2026-06-18', 'high': 2800, 'open': 2800, 'close': 2780, 'symbol': 'TLKM.JK', 'volume': 210813900, 'market_cap': 275392962148000}"
TLKM.JK,2026-06-19,2580,374544500,255580518828000,2026-09-11T13:49:34.521417+00:00,"{'low': 2580, 'date': '2026-06-19', 'high': 2710, 'open': 2700, 'close': 2580, 'symbol': 'TLKM.JK', 'volume': 374544500, 'market_cap': 255580518828000}"
TLKM.JK,2026-06-22,2510,194270900,248646163666000,2026-09-11T13:49:34.521417+00:00,"{'low': 2500, 'date': '2026-06-22', 'high': 2590, 'open': 2580, 'close': 2510, 'symbol': 'TLKM.JK', 'volume': 194270900, 'market_cap': 248646163666000}"
TLKM.JK,2026-06-23,2540,173184800,251618030164000,2026-09-11T13:49:34.521417+00:00,"{'low': 2500, 'date': '2026-06-23', 'high': 2610, 'open': 2500, 'close': 2540, 'symbol': 'TLKM.JK', 'volume': 173184800, 'market_cap': 251618030164000}"
TLKM.JK,2026-06-24,2500,173348900,247655541500000,2026-09-11T13:49:34.521417+00:00,"{'low': 2480, 'date': '2026-06-24', 'high': 2590, 'open': 2570, 'close': 2500, 'symbol': 'TLKM.JK', 'volume': 173348900, 'market_cap': 247655541500000}"
TLKM.JK,2026-06-25,2500,94937900,247655541500000,2026-09-11T13:49:34.521417+00:00,"{'low': 2500, 'date': '2026-06-25', 'high': 2540, 'open': 2530, 'close': 2500, 'symbol': 'TLKM.JK', 'volume': 94937900, 'market_cap': 247655541500000}"
TLKM.JK,2026-06-26,2480,220918000,245674297168000,2026-09-11T13:49:34.521417+00:00,"{'low': 2370, 'date': '2026-06-26', 'high': 2480, 'open': 2420, 'close': 2480, 'symbol': 'TLKM.JK', 'volume': 220918000, 'market_cap': 245674297168000}"
TLKM.JK,2026-06-29,2410,124858100,238739942006000,2026-09-11T13:49:34.521417+00:00,"{'low': 2410, 'date': '2026-06-29', 'high': 2470, 'open': 2470, 'close': 2410, 'symbol': 'TLKM.JK', 'volume': 124858100, 'market_cap': 238739942006000}"
TLKM.JK,2026-06-30,2350,318664200,232796209010000,2026-09-11T13:49:34.521417+00:00,"{'low': 2350, 'date': '2026-06-30', 'high': 2400, 'open': 2390, 'close': 2350, 'symbol': 'TLKM.JK', 'volume': 318664200, 'market_cap': 232796209010000}"
TLKM.JK,2026-07-01,2440,111997100,241711808504000,2026-09-11T13:49:34.521417+00:00,"{'low': 2350, 'date': '2026-07-01', 'high': 2450, 'open': 2380, 'close': 2440, 'symbol': 'TLKM.JK', 'volume': 111997100, 'market_cap': 241711808504000}"
TLKM.JK,2026-07-02,2450,112046100,242702430670000,2026-09-11T13:49:34.521417+00:00,"{'low': 2420, 'date': '2026-07-02', 'high': 2490, 'open': 2470, 'close': 2450, 'symbol': 'TLKM.JK', 'volume': 112046100, 'market_cap': 242702430670000}"
TLKM.JK,2026-07-03,2520,83587600,249636785832000,2026-09-11T13:49:34.521417+00:00,"{'low': 2470, 'date': '2026-07-03', 'high': 2540, 'open': 2480, 'close': 2520, 'symbol': 'TLKM.JK', 'volume': 83587600, 'market_cap': 249636785832000}"
TLKM.JK,2026-07-06,2480,48614200,245674297168000,2026-09-11T13:49:34.521417+00:00,"{'low': 2470, 'date': '2026-07-06', 'high': 2530, 'open': 2520, 'close': 2480, 'symbol': 'TLKM.JK', 'volume': 48614200, 'market_cap': 245674297168000}"
TLKM.JK,2026-07-07,2480,119404100,245674297168000,2026-09-11T13:49:34.521417+00:00,"{'low': 2420, 'date': '2026-07-07', 'high': 2480, 'open': 2460, 'close': 2480, 'symbol': 'TLKM.JK', 'volume': 119404100, 'market_cap': 245674297168000}"
TLKM.JK,2026-07-08,2510,98230900,248646163666000,2026-09-11T13:49:34.521417+00:00,"{'low': 2470, 'date': '2026-07-08', 'high': 2540, 'open': 2480, 'close': 2510, 'symbol': 'TLKM.JK', 'volume': 98230900, 'market_cap': 248646163666000}"
TLKM.JK,2026-07-09,2510,68742100,248646163666000,2026-09-11T13:49:34.521417+00:00,"{'low': 2450, 'date': '2026-07-09', 'high': 2510, 'open': 2500, 'close': 2510, 'symbol': 'TLKM.JK', 'volume': 68742100, 'market_cap': 248646163666000}"
TLKM.JK,2026-07-10,2480,129033800,245674297168000,2026-09-11T13:49:34.521417+00:00,"{'low': 2440, 'date': '2026-07-10', 'high': 2500, 'open': 2480, 'close': 2480, 'symbol': 'TLKM.JK', 'volume': 129033800, 'market_cap': 245674297168000}"
TLKM.JK,2026-07-13,2510,80358400,248646163666000,2026-09-11T13:49:34.521417+00:00,"{'low': 2460, 'date': '2026-07-13', 'high': 2520, 'open': 2480, 'close': 2510, 'symbol': 'TLKM.JK', 'volume': 80358400, 'market_cap': 248646163666000}"
TLKM.JK,2026-07-14,2560,118565500,253599274496000,2026-09-11T13:49:34.521417+00:00,"{'low': 2490, 'date': '2026-07-14', 'high': 2600, 'open': 2500, 'close': 2560, 'symbol': 'TLKM.JK', 'volume': 118565500, 'market_cap': 253599274496000}"
TLKM.JK,2026-07-15,2520,142706600,249636785832000,2026-09-11T13:49:34.521417+00:00,"{'low': 2490, 'date': '2026-07-15', 'high': 2570, 'open': 2560, 'close': 2520, 'symbol': 'TLKM.JK', 'volume': 142706600, 'market_cap': 249636785832000}"
TLKM.JK,2026-07-16,2530,56858100,250627407998000,2026-09-11T13:49:34.521417+00:00,"{'low': 2510, 'date': '2026-07-16', 'high': 2560, 'open': 2520, 'close': 2530, 'symbol': 'TLKM.JK', 'volume': 56858100, 'market_cap': 250627407998000}"
TLKM.JK,2026-07-17,2660,143963900,263505496156000,2026-09-11T13:49:34.521417+00:00,"{'low': 2540, 'date': '2026-07-17', 'high': 2670, 'open': 2550, 'close': 2660, 'symbol': 'TLKM.JK', 'volume': 143963900, 'market_cap': 263505496156000}"
TLKM.JK,2026-07-20,2710,146905500,268458606986000,2026-09-11T13:49:34.521417+00:00,"{'low': 2660, 'date': '2026-07-20', 'high': 2750, 'open': 2670, 'close': 2710, 'symbol': 'TLKM.JK', 'volume': 146905500, 'market_cap': 268458606986000}"
TLKM.JK,2026-07-21,2750,140279600,272421095650000,2026-09-11T13:49:34.521417+00:00,"{'low': 2700, 'date': '2026-07-21', 'high': 2770, 'open': 2770, 'close': 2750, 'symbol': 'TLKM.JK', 'volume': 140279600, 'market_cap': 272421095650000}"
TLKM.JK,2026-07-22,2700,122114100,267467984820000,2026-09-11T13:49:34.521417+00:00,"{'low': 2670, 'date': '2026-07-22', 'high': 2730, 'open': 2730, 'close': 2700, 'symbol': 'TLKM.JK', 'volume': 122114100, 'market_cap': 267467984820000}"
TLKM.JK,2026-07-23,2650,91296700,262514873990000,2026-09-11T13:49:34.521417+00:00,"{'low': 2650, 'date': '2026-07-23', 'high': 2710, 'open': 2710, 'close': 2650, 'symbol': 'TLKM.JK', 'volume': 91296700, 'market_cap': 262514873990000}"
TLKM.JK,2026-07-24,2630,92442500,260533629658000,2026-09-11T13:49:34.521417+00:00,"{'low': 2580, 'date': '2026-07-24', 'high': 2630, 'open': 2600, 'close': 2630, 'symbol': 'TLKM.JK', 'volume': 92442500, 'market_cap': 260533629658000}"
TLKM.JK,2026-07-27,2590,60467000,256571140994000,2026-09-11T13:49:34.521417+00:00,"{'low': 2560, 'date': '2026-07-27', 'high': 2670, 'open': 2670, 'close': 2590, 'symbol': 'TLKM.JK', 'volume': 60467000, 'market_cap': 256571140994000}"
TLKM.JK,2026-07-28,2560,69694800,253599274496000,2026-09-11T13:49:34.521417+00:00,"{'low': 2560, 'date': '2026-07-28', 'high': 2620, 'open': 2580, 'close': 2560, 'symbol': 'TLKM.JK', 'volume': 69694800, 'market_cap': 253599274496000}"
TLKM.JK,2026-07-29,2560,76414900,253599274496000,2026-09-11T13:49:34.521417+00:00,"{'low': 2540, 'date': '2026-07-29', 'high': 2610, 'open': 2560, 'close': 2560, 'symbol': 'TLKM.JK', 'volume': 76414900, 'market_cap': 253599274496000}"
TLKM.JK,2026-07-30,2670,103302600,264496118322000,2026-09-11T13:49:34.521417+00:00,"{'low': 2590, 'date': '2026-07-30', 'high': 2670, 'open': 2600, 'close': 2670, 'symbol': 'TLKM.JK', 'volume': 103302600, 'market_cap': 264496118322000}"
TLKM.JK,2026-07-31,2630,91987400,260533629658000,2026-09-11T13:49:34.521417+00:00,"{'low': 2600, 'date': '2026-07-31', 'high': 2680, 'open': 2670, 'close': 2630, 'symbol': 'TLKM.JK', 'volume': 91987400, 'market_cap': 260533629658000}"
TLKM.JK,2026-08-03,2740,112278700,271430473484000,2026-09-11T13:49:34.521417+00:00,"{'low': 2600, 'date': '2026-08-03', 'high': 2740, 'open': 2600, 'close': 2740, 'symbol': 'TLKM.JK', 'volume': 112278700, 'market_cap': 271430473484000}"
TLKM.JK,2026-08-12,2590,120373100,256571140994000,2026-09-03T13:07:55.459377+00:00,"{'low': 2570, 'date': '2026-08-12', 'high': 2620, 'open': 2610, 'close': 2590, 'symbol': 'TLKM.JK', 'volume': 120373100, 'market_cap': 256571140994000}"
TLKM.JK,2026-08-13,2590,76115000,256571140994000,2026-09-03T13:07:55.459377+00:00,"{'low': 2570, 'date': '2026-08-13', 'high': 2610, 'open': 2600, 'close': 2590, 'symbol': 'TLKM.JK', 'volume': 76115000, 'market_cap': 256571140994000}"
TLKM.JK,2026-09-08,2650,173160300,262514873990000,2026-09-11T07:53:52.76566+00:00,"{'low': 2600, 'date': '2026-09-08', 'high': 2670, 'open': 2620, 'close': 2650, 'symbol': 'TLKM.JK', 'volume': 173160300, 'market_cap': 262514873990000}"
TLKM.JK,2026-09-09,2660,119056300,263505496156000,2026-09-11T07:53:52.76566+00:00,"{'low': 2630, 'date': '2026-09-09', 'high': 2680, 'open': 2650, 'close': 2660, 'symbol': 'TLKM.JK', 'volume': 119056300, 'market_cap': 263505496156000}"
TLKM.JK,2026-09-10,2630,87447500,260533629658000,2026-09-11T07:53:52.76566+00:00,"{'low': 2620, 'date': '2026-09-10', 'high': 2680, 'open': 2680, 'close': 2630, 'symbol': 'TLKM.JK', 'volume': 87447500, 'market_cap': 260533629658000}"
TLKM.JK,2026-09-11,2600,88455300,257561763160000,2026-09-11T13:49:34.521417+00:00,"{'low': 2590, 'date': '2026-09-11', 'high': 2630, 'open': 2620, 'close': 2600, 'symbol': 'TLKM.JK', 'volume': 88455300, 'market_cap': 257561763160000}"
ASII.JK,2026-06-15,4890,89864300,197964574854600,2026-09-11T13:49:37.945612+00:00,"{'low': 4880, 'date': '2026-06-15', 'high': 4980, 'open': 4900, 'close': 4890, 'symbol': 'ASII.JK', 'volume': 89864300, 'market_cap': 197964574854600}"
ASII.JK,2026-06-17,4800,72821600,194321055072000,2026-09-11T13:49:37.945612+00:00,"{'low': 4790, 'date': '2026-06-17', 'high': 4910, 'open': 4880, 'close': 4800, 'symbol': 'ASII.JK', 'volume': 72821600, 'market_cap': 194321055072000}"
ASII.JK,2026-06-18,4770,60565200,193106548477800,2026-09-11T13:49:37.945612+00:00,"{'low': 4710, 'date': '2026-06-18', 'high': 4830, 'open': 4800, 'close': 4770, 'symbol': 'ASII.JK', 'volume': 60565200, 'market_cap': 193106548477800}"
ASII.JK,2026-06-19,4810,229098200,194725890603400,2026-09-11T13:49:37.945612+00:00,"{'low': 4750, 'date': '2026-06-19', 'high': 4830, 'open': 4770, 'close': 4810, 'symbol': 'ASII.JK', 'volume': 229098200, 'market_cap': 194725890603400}"
ASII.JK,2026-06-22,4730,46627400,191487206352200,2026-09-11T13:49:37.945612+00:00,"{'low': 4710, 'date': '2026-06-22', 'high': 4880, 'open': 4880, 'close': 4730, 'symbol': 'ASII.JK', 'volume': 46627400, 'market_cap': 191487206352200}"
ASII.JK,2026-06-23,4680,57376700,189463028695200,2026-09-11T13:49:37.945612+00:00,"{'low': 4650, 'date': '2026-06-23', 'high': 4780, 'open': 4730, 'close': 4680, 'symbol': 'ASII.JK', 'volume': 57376700, 'market_cap': 189463028695200}"
ASII.JK,2026-06-24,4640,53683100,187843686569600,2026-09-11T13:49:37.945612+00:00,"{'low': 4630, 'date': '2026-06-24', 'high': 4830, 'open': 4830, 'close': 4640, 'symbol': 'ASII.JK', 'volume': 53683100, 'market_cap': 187843686569600}"
ASII.JK,2026-06-25,4920,88497000,199179081448800,2026-09-11T13:49:37.945612+00:00,"{'low': 4640, 'date': '2026-06-25', 'high': 4950, 'open': 4640, 'close': 4920, 'symbol': 'ASII.JK', 'volume': 88497000, 'market_cap': 199179081448800}"
ASII.JK,2026-06-26,4760,64841400,192701712946400,2026-09-11T13:49:37.945612+00:00,"{'low': 4710, 'date': '2026-06-26', 'high': 4930, 'open': 4920, 'close': 4760, 'symbol': 'ASII.JK', 'volume': 64841400, 'market_cap': 192701712946400}"
ASII.JK,2026-06-29,4710,25237300,190677535289400,2026-09-11T13:49:37.945612+00:00,"{'low': 4680, 'date': '2026-06-29', 'high': 4770, 'open': 4770, 'close': 4710, 'symbol': 'ASII.JK', 'volume': 25237300, 'market_cap': 190677535289400}"
ASII.JK,2026-06-30,4520,81706000,182985660192800,2026-09-11T13:49:37.945612+00:00,"{'low': 4470, 'date': '2026-06-30', 'high': 4720, 'open': 4710, 'close': 4520, 'symbol': 'ASII.JK', 'volume': 81706000, 'market_cap': 182985660192800}"
ASII.JK,2026-07-01,4600,30899300,186224344444000,2026-09-11T13:49:37.945612+00:00,"{'low': 4500, 'date': '2026-07-01', 'high': 4650, 'open': 4530, 'close': 4600, 'symbol': 'ASII.JK', 'volume': 30899300, 'market_cap': 186224344444000}"
ASII.JK,2026-07-02,4580,52263400,185414673381200,2026-09-11T13:49:37.945612+00:00,"{'low': 4580, 'date': '2026-07-02', 'high': 4680, 'open': 4620, 'close': 4580, 'symbol': 'ASII.JK', 'volume': 52263400, 'market_cap': 185414673381200}"
ASII.JK,2026-07-03,4810,24908400,194725890603400,2026-09-11T13:49:37.945612+00:00,"{'low': 4600, 'date': '2026-07-03', 'high': 4830, 'open': 4600, 'close': 4810, 'symbol': 'ASII.JK', 'volume': 24908400, 'market_cap': 194725890603400}"
ASII.JK,2026-07-06,4780,31139400,193511384009200,2026-09-11T13:49:37.945612+00:00,"{'low': 4690, 'date': '2026-07-06', 'high': 4810, 'open': 4810, 'close': 4780, 'symbol': 'ASII.JK', 'volume': 31139400, 'market_cap': 193511384009200}"
ASII.JK,2026-07-07,4930,44556600,199583916980200,2026-09-11T13:49:37.945612+00:00,"{'low': 4780, 'date': '2026-07-07', 'high': 4980, 'open': 4790, 'close': 4930, 'symbol': 'ASII.JK', 'volume': 44556600, 'market_cap': 199583916980200}"
ASII.JK,2026-07-08,4890,44847400,197964574854600,2026-09-11T13:49:37.945612+00:00,"{'low': 4870, 'date': '2026-07-08', 'high': 4980, 'open': 4930, 'close': 4890, 'symbol': 'ASII.JK', 'volume': 44847400, 'market_cap': 197964574854600}"
ASII.JK,2026-07-09,4880,43391100,197559739323200,2026-09-11T13:49:37.945612+00:00,"{'low': 4760, 'date': '2026-07-09', 'high': 4900, 'open': 4900, 'close': 4880, 'symbol': 'ASII.JK', 'volume': 43391100, 'market_cap': 197559739323200}"
ASII.JK,2026-07-10,4810,24557100,194725890603400,2026-09-11T13:49:37.945612+00:00,"{'low': 4770, 'date': '2026-07-10', 'high': 4870, 'open': 4850, 'close': 4810, 'symbol': 'ASII.JK', 'volume': 24557100, 'market_cap': 194725890603400}"
ASII.JK,2026-07-13,4850,43780800,196345232729000,2026-09-11T13:49:37.945612+00:00,"{'low': 4730, 'date': '2026-07-13', 'high': 4860, 'open': 4810, 'close': 4850, 'symbol': 'ASII.JK', 'volume': 43780800, 'market_cap': 196345232729000}"
ASII.JK,2026-07-14,4880,50811200,197559739323200,2026-09-11T13:49:37.945612+00:00,"{'low': 4810, 'date': '2026-07-14', 'high': 4910, 'open': 4850, 'close': 4880, 'symbol': 'ASII.JK', 'volume': 50811200, 'market_cap': 197559739323200}"
ASII.JK,2026-07-15,4850,37729500,196345232729000,2026-09-11T13:49:37.945612+00:00,"{'low': 4850, 'date': '2026-07-15', 'high': 4930, 'open': 4880, 'close': 4850, 'symbol': 'ASII.JK', 'volume': 37729500, 'market_cap': 196345232729000}"
ASII.JK,2026-07-16,5100,72624500,206466121014000,2026-09-11T13:49:37.945612+00:00,"{'low': 4840, 'date': '2026-07-16', 'high': 5150, 'open': 4850, 'close': 5100, 'symbol': 'ASII.JK', 'volume': 72624500, 'market_cap': 206466121014000}"
ASII.JK,2026-07-17,5100,67012100,206466121014000,2026-09-11T13:49:37.945612+00:00,"{'low': 5025, 'date': '2026-07-17', 'high': 5200, 'open': 5100, 'close': 5100, 'symbol': 'ASII.JK', 'volume': 67012100, 'market_cap': 206466121014000}"
ASII.JK,2026-07-20,5050,67793400,204441943357000,2026-09-11T13:49:37.945612+00:00,"{'low': 5050, 'date': '2026-07-20', 'high': 5250, 'open': 5125, 'close': 5050, 'symbol': 'ASII.JK', 'volume': 67793400, 'market_cap': 204441943357000}"
ASII.JK,2026-07-21,5100,40894600,206466121014000,2026-09-11T13:49:37.945612+00:00,"{'low': 5050, 'date': '2026-07-21', 'high': 5150, 'open': 5100, 'close': 5100, 'symbol': 'ASII.JK', 'volume': 40894600, 'market_cap': 206466121014000}"
ASII.JK,2026-07-22,5150,93334100,208490298671000,2026-09-11T13:49:37.945612+00:00,"{'low': 5100, 'date': '2026-07-22', 'high': 5300, 'open': 5150, 'close': 5150, 'symbol': 'ASII.JK', 'volume': 93334100, 'market_cap': 208490298671000}"
ASII.JK,2026-07-23,5000,66257200,202417765700000,2026-09-11T13:49:37.945612+00:00,"{'low': 5000, 'date': '2026-07-23', 'high': 5175, 'open': 5150, 'close': 5000, 'symbol': 'ASII.JK', 'volume': 66257200, 'market_cap': 202417765700000}"
ASII.JK,2026-07-24,4980,73314000,201608094637200,2026-09-11T13:49:37.945612+00:00,"{'low': 4900, 'date': '2026-07-24', 'high': 4980, 'open': 4980, 'close': 4980, 'symbol': 'ASII.JK', 'volume': 73314000, 'market_cap': 201608094637200}"
ASII.JK,2026-07-27,4910,21049300,198774245917400,2026-09-11T13:49:37.945612+00:00,"{'low': 4900, 'date': '2026-07-27', 'high': 4950, 'open': 4950, 'close': 4910, 'symbol': 'ASII.JK', 'volume': 21049300, 'market_cap': 198774245917400}"
ASII.JK,2026-07-28,4970,34388400,201203259105800,2026-09-11T13:49:37.945612+00:00,"{'low': 4920, 'date': '2026-07-28', 'high': 5025, 'open': 4920, 'close': 4970, 'symbol': 'ASII.JK', 'volume': 34388400, 'market_cap': 201203259105800}"
ASII.JK,2026-07-29,4960,23808100,200798423574400,2026-09-11T13:49:37.945612+00:00,"{'low': 4950, 'date': '2026-07-29', 'high': 5025, 'open': 5000, 'close': 4960, 'symbol': 'ASII.JK', 'volume': 23808100, 'market_cap': 200798423574400}"
ASII.JK,2026-07-30,4950,33910100,200393588043000,2026-09-11T13:49:37.945612+00:00,"{'low': 4870, 'date': '2026-07-30', 'high': 4950, 'open': 4920, 'close': 4950, 'symbol': 'ASII.JK', 'volume': 33910100, 'market_cap': 200393588043000}"
ASII.JK,2026-07-31,5100,46139800,206466121014000,2026-09-11T13:49:37.945612+00:00,"{'low': 5000, 'date': '2026-07-31', 'high': 5175, 'open': 5000, 'close': 5100, 'symbol': 'ASII.JK', 'volume': 46139800, 'market_cap': 206466121014000}"
ASII.JK,2026-08-03,5050,30943600,204441943357000,2026-09-11T13:49:37.945612+00:00,"{'low': 5000, 'date': '2026-08-03', 'high': 5275, 'open': 5275, 'close': 5050, 'symbol': 'ASII.JK', 'volume': 30943600, 'market_cap': 204441943357000}"
ASII.JK,2026-08-04,5125,39489500,207478209842500,2026-09-03T13:07:56.793062+00:00,"{'low': 5000, 'date': '2026-08-04', 'high': 5125, 'open': 5050, 'close': 5125, 'symbol': 'ASII.JK', 'volume': 39489500, 'market_cap': 207478209842500}"
ASII.JK,2026-08-05,5025,49014700,203429854528500,2026-09-03T13:07:56.793062+00:00,"{'low': 5000, 'date': '2026-08-05', 'high': 5175, 'open': 5150, 'close': 5025, 'symbol': 'ASII.JK', 'volume': 49014700, 'market_cap': 203429854528500}"
ASII.JK,2026-08-06,5100,53209500,206466121014000,2026-09-03T13:07:56.793062+00:00,"{'low': 5025, 'date': '2026-08-06', 'high': 5125, 'open': 5050, 'close': 5100, 'symbol': 'ASII.JK', 'volume': 53209500, 'market_cap': 206466121014000}"
ASII.JK,2026-08-07,5100,34507300,206466121014000,2026-09-03T13:07:56.793062+00:00,"{'low': 5025, 'date': '2026-08-07', 'high': 5175, 'open': 5050, 'close': 5100, 'symbol': 'ASII.JK', 'volume': 34507300, 'market_cap': 206466121014000}"
ASII.JK,2026-08-10,5000,70515600,202417765700000,2026-09-03T13:07:56.793062+00:00,"{'low': 4960, 'date': '2026-08-10', 'high': 5100, 'open': 5100, 'close': 5000, 'symbol': 'ASII.JK', 'volume': 70515600, 'market_cap': 202417765700000}"
ASII.JK,2026-08-11,4870,49228200,197154903791800,2026-09-03T13:07:56.793062+00:00,"{'low': 4860, 'date': '2026-08-11', 'high': 5025, 'open': 5000, 'close': 4870, 'symbol': 'ASII.JK', 'volume': 49228200, 'market_cap': 197154903791800}"
ASII.JK,2026-08-12,4860,62946100,196750068260400,2026-09-03T13:07:56.793062+00:00,"{'low': 4810, 'date': '2026-08-12', 'high': 4920, 'open': 4870, 'close': 4860, 'symbol': 'ASII.JK', 'volume': 62946100, 'market_cap': 196750068260400}"
ASII.JK,2026-08-13,4800,48407300,194321055072000,2026-09-03T13:07:56.793062+00:00,"{'low': 4780, 'date': '2026-08-13', 'high': 4890, 'open': 4880, 'close': 4800, 'symbol': 'ASII.JK', 'volume': 48407300, 'market_cap': 194321055072000}"
ASII.JK,2026-08-14,4780,31883200,193511384009200,2026-09-03T13:07:56.793062+00:00,"{'low': 4760, 'date': '2026-08-14', 'high': 4820, 'open': 4800, 'close': 4780, 'symbol': 'ASII.JK', 'volume': 31883200, 'market_cap': 193511384009200}"
ASII.JK,2026-08-18,4790,59420100,193916219540600,2026-09-03T13:07:56.793062+00:00,"{'low': 4760, 'date': '2026-08-18', 'high': 4820, 'open': 4800, 'close': 4790, 'symbol': 'ASII.JK', 'volume': 59420100, 'market_cap': 193916219540600}"
ASII.JK,2026-08-19,4730,44815500,191487206352200,2026-09-03T13:07:56.793062+00:00,"{'low': 4720, 'date': '2026-08-19', 'high': 4800, 'open': 4790, 'close': 4730, 'symbol': 'ASII.JK', 'volume': 44815500, 'market_cap': 191487206352200}"
ASII.JK,2026-08-20,4790,40700200,193916219540600,2026-09-03T13:07:56.793062+00:00,"{'low': 4730, 'date': '2026-08-20', 'high': 4790, 'open': 4750, 'close': 4790, 'symbol': 'ASII.JK', 'volume': 40700200, 'market_cap': 193916219540600}"
ASII.JK,2026-08-21,4780,48756800,193511384009200,2026-09-03T13:07:56.793062+00:00,"{'low': 4780, 'date': '2026-08-21', 'high': 4850, 'open': 4840, 'close': 4780, 'symbol': 'ASII.JK', 'volume': 48756800, 'market_cap': 193511384009200}"
ASII.JK,2026-08-24,4790,35455200,193916219540600,2026-09-03T13:07:56.793062+00:00,"{'low': 4730, 'date': '2026-08-24', 'high': 4800, 'open': 4800, 'close': 4790, 'symbol': 'ASII.JK', 'volume': 35455200, 'market_cap': 193916219540600}"
ASII.JK,2026-08-26,4780,47671400,193511384009200,2026-09-03T13:07:56.793062+00:00,"{'low': 4740, 'date': '2026-08-26', 'high': 4810, 'open': 4800, 'close': 4780, 'symbol': 'ASII.JK', 'volume': 47671400, 'market_cap': 193511384009200}"
ASII.JK,2026-08-31,4800,79688700,194321055072000,2026-09-03T13:07:56.793062+00:00,"{'low': 4770, 'date': '2026-08-31', 'high': 4830, 'open': 4800, 'close': 4800, 'symbol': 'ASII.JK', 'volume': 79688700, 'market_cap': 194321055072000}"
ASII.JK,2026-09-01,4920,72626100,199179081448800,2026-09-03T13:07:56.793062+00:00,"{'low': 4790, 'date': '2026-09-01', 'high': 4930, 'open': 4800, 'close': 4920, 'symbol': 'ASII.JK', 'volume': 72626100, 'market_cap': 199179081448800}"
ASII.JK,2026-09-02,4840,47510500,195940397197600,2026-09-03T13:07:56.793062+00:00,"{'low': 4830, 'date': '2026-09-02', 'high': 4940, 'open': 4920, 'close': 4840, 'symbol': 'ASII.JK', 'volume': 47510500, 'market_cap': 195940397197600}"
ASII.JK,2026-09-03,5050,84982200,204441943357000,2026-09-03T13:07:56.793062+00:00,"{'low': 4850, 'date': '2026-09-03', 'high': 5050, 'open': 4860, 'close': 5050, 'symbol': 'ASII.JK', 'volume': 84982200, 'market_cap': 204441943357000}"
ASII.JK,2026-09-04,4900,50573000,198369410386000,2026-09-11T07:53:53.889363+00:00,"{'low': 4880, 'date': '2026-09-04', 'high': 5050, 'open': 5050, 'close': 4900, 'symbol': 'ASII.JK', 'volume': 50573000, 'market_cap': 198369410386000}"
ASII.JK,2026-09-07,4910,41646800,198774245917400,2026-09-11T07:53:53.889363+00:00,"{'low': 4770, 'date': '2026-09-07', 'high': 4910, 'open': 4770, 'close': 4910, 'symbol': 'ASII.JK', 'volume': 41646800, 'market_cap': 198774245917400}"
ASII.JK,2026-09-08,4930,40418500,199583916980200,2026-09-11T07:53:53.889363+00:00,"{'low': 4860, 'date': '2026-09-08', 'high': 4930, 'open': 4900, 'close': 4930, 'symbol': 'ASII.JK', 'volume': 40418500, 'market_cap': 199583916980200}"
ASII.JK,2026-09-09,4850,35658000,196345232729000,2026-09-11T07:53:53.889363+00:00,"{'low': 4830, 'date': '2026-09-09', 'high': 4920, 'open': 4900, 'close': 4850, 'symbol': 'ASII.JK', 'volume': 35658000, 'market_cap': 196345232729000}"
ASII.JK,2026-09-10,4870,36057400,197154903791800,2026-09-11T07:53:53.889363+00:00,"{'low': 4850, 'date': '2026-09-10', 'high': 4910, 'open': 4860, 'close': 4870, 'symbol': 'ASII.JK', 'volume': 36057400, 'market_cap': 197154903791800}"
ASII.JK,2026-09-11,4910,42109400,198774245917400,2026-09-11T13:49:37.945612+00:00,"{'low': 4810, 'date': '2026-09-11', 'high': 4910, 'open': 4870, 'close': 4910, 'symbol': 'ASII.JK', 'volume': 42109400, 'market_cap': 198774245917400}"
AMMN.JK,2026-06-15,3780,217606900,274118862739680,2026-09-11T13:49:41.150505+00:00,"{'low': 3670, 'date': '2026-06-15', 'high': 4050, 'open': 3700, 'close': 3780, 'symbol': 'AMMN.JK', 'volume': 217606900, 'market_cap': 274118862739680}"
AMMN.JK,2026-06-17,3720,96107100,269767769680320,2026-09-11T13:49:41.150505+00:00,"{'low': 3700, 'date': '2026-06-17', 'high': 3910, 'open': 3880, 'close': 3720, 'symbol': 'AMMN.JK', 'volume': 96107100, 'market_cap': 269767769680320}"
AMMN.JK,2026-06-18,4000,95342400,290072870624000,2026-09-11T13:49:41.150505+00:00,"{'low': 3620, 'date': '2026-06-18', 'high': 4000, 'open': 3710, 'close': 4000, 'symbol': 'AMMN.JK', 'volume': 95342400, 'market_cap': 290072870624000}"
AMMN.JK,2026-06-19,3820,341840600,277019591445920,2026-09-11T13:49:41.150505+00:00,"{'low': 3750, 'date': '2026-06-19', 'high': 4010, 'open': 4000, 'close': 3820, 'symbol': 'AMMN.JK', 'volume': 341840600, 'market_cap': 277019591445920}"
AMMN.JK,2026-06-22,3760,82633000,272668498386560,2026-09-11T13:49:41.150505+00:00,"{'low': 3720, 'date': '2026-06-22', 'high': 3950, 'open': 3870, 'close': 3760, 'symbol': 'AMMN.JK', 'volume': 82633000, 'market_cap': 272668498386560}"
AMMN.JK,2026-06-23,3770,58637200,273393680563120,2026-09-11T13:49:41.150505+00:00,"{'low': 3600, 'date': '2026-06-23', 'high': 3800, 'open': 3730, 'close': 3770, 'symbol': 'AMMN.JK', 'volume': 58637200, 'market_cap': 273393680563120}"
AMMN.JK,2026-06-24,3460,93486600,250913033089760,2026-09-11T13:49:41.150505+00:00,"{'low': 3450, 'date': '2026-06-24', 'high': 3800, 'open': 3780, 'close': 3460, 'symbol': 'AMMN.JK', 'volume': 93486600, 'market_cap': 250913033089760}"
AMMN.JK,2026-06-25,3430,94083700,248737486560080,2026-09-11T13:49:41.150505+00:00,"{'low': 3340, 'date': '2026-06-25', 'high': 3560, 'open': 3380, 'close': 3430, 'symbol': 'AMMN.JK', 'volume': 94083700, 'market_cap': 248737486560080}"
AMMN.JK,2026-06-26,3340,88184700,242210846971040,2026-09-11T13:49:41.150505+00:00,"{'low': 3180, 'date': '2026-06-26', 'high': 3450, 'open': 3420, 'close': 3340, 'symbol': 'AMMN.JK', 'volume': 88184700, 'market_cap': 242210846971040}"
AMMN.JK,2026-06-29,3300,35747000,239310118264800,2026-09-11T13:49:41.150505+00:00,"{'low': 3240, 'date': '2026-06-29', 'high': 3420, 'open': 3330, 'close': 3300, 'symbol': 'AMMN.JK', 'volume': 35747000, 'market_cap': 239310118264800}"
AMMN.JK,2026-06-30,3100,111730900,224806474733600,2026-09-11T13:49:41.150505+00:00,"{'low': 3070, 'date': '2026-06-30', 'high': 3270, 'open': 3260, 'close': 3100, 'symbol': 'AMMN.JK', 'volume': 111730900, 'market_cap': 224806474733600}"
AMMN.JK,2026-07-01,3210,51738600,232783478675760,2026-09-11T13:49:41.150505+00:00,"{'low': 3070, 'date': '2026-07-01', 'high': 3310, 'open': 3070, 'close': 3210, 'symbol': 'AMMN.JK', 'volume': 51738600, 'market_cap': 232783478675760}"
AMMN.JK,2026-07-02,3240,51465600,234959025205440,2026-09-11T13:49:41.150505+00:00,"{'low': 3230, 'date': '2026-07-02', 'high': 3390, 'open': 3250, 'close': 3240, 'symbol': 'AMMN.JK', 'volume': 51465600, 'market_cap': 234959025205440}"
AMMN.JK,2026-07-03,3500,65773700,253813761796000,2026-09-11T13:49:41.150505+00:00,"{'low': 3360, 'date': '2026-07-03', 'high': 3540, 'open': 3360, 'close': 3500, 'symbol': 'AMMN.JK', 'volume': 65773700, 'market_cap': 253813761796000}"
AMMN.JK,2026-07-06,3450,60199100,250187850913200,2026-09-11T13:49:41.150505+00:00,"{'low': 3410, 'date': '2026-07-06', 'high': 3590, 'open': 3550, 'close': 3450, 'symbol': 'AMMN.JK', 'volume': 60199100, 'market_cap': 250187850913200}"
AMMN.JK,2026-07-07,3560,54279500,258164854855360,2026-09-11T13:49:41.150505+00:00,"{'low': 3430, 'date': '2026-07-07', 'high': 3630, 'open': 3460, 'close': 3560, 'symbol': 'AMMN.JK', 'volume': 54279500, 'market_cap': 258164854855360}"
AMMN.JK,2026-07-08,3350,72414700,242936029147600,2026-09-11T13:49:41.150505+00:00,"{'low': 3350, 'date': '2026-07-08', 'high': 3540, 'open': 3540, 'close': 3350, 'symbol': 'AMMN.JK', 'volume': 72414700, 'market_cap': 242936029147600}"
AMMN.JK,2026-07-09,3450,53816700,250187850913200,2026-09-11T13:49:41.150505+00:00,"{'low': 3350, 'date': '2026-07-09', 'high': 3540, 'open': 3370, 'close': 3450, 'symbol': 'AMMN.JK', 'volume': 53816700, 'market_cap': 250187850913200}"
AMMN.JK,2026-07-10,3510,45526400,254538943972560,2026-09-11T13:49:41.150505+00:00,"{'low': 3450, 'date': '2026-07-10', 'high': 3580, 'open': 3500, 'close': 3510, 'symbol': 'AMMN.JK', 'volume': 45526400, 'market_cap': 254538943972560}"
AMMN.JK,2026-07-13,3780,56645300,274118862739680,2026-09-11T13:49:41.150505+00:00,"{'low': 3500, 'date': '2026-07-13', 'high': 3780, 'open': 3560, 'close': 3780, 'symbol': 'AMMN.JK', 'volume': 56645300, 'market_cap': 274118862739680}"
AMMN.JK,2026-07-14,3660,83086000,265416676620960,2026-09-11T13:49:41.150505+00:00,"{'low': 3650, 'date': '2026-07-14', 'high': 3820, 'open': 3740, 'close': 3660, 'symbol': 'AMMN.JK', 'volume': 83086000, 'market_cap': 265416676620960}"
AMMN.JK,2026-07-15,3760,77265900,272668498386560,2026-09-11T13:49:41.150505+00:00,"{'low': 3640, 'date': '2026-07-15', 'high': 3890, 'open': 3690, 'close': 3760, 'symbol': 'AMMN.JK', 'volume': 77265900, 'market_cap': 272668498386560}"
AMMN.JK,2026-07-16,3920,102247700,284271413211520,2026-09-11T13:49:41.150505+00:00,"{'low': 3770, 'date': '2026-07-16', 'high': 3970, 'open': 3800, 'close': 3920, 'symbol': 'AMMN.JK', 'volume': 102247700, 'market_cap': 284271413211520}"
AMMN.JK,2026-07-17,3940,60732800,285721777564640,2026-09-11T13:49:41.150505+00:00,"{'low': 3830, 'date': '2026-07-17', 'high': 3940, 'open': 3910, 'close': 3940, 'symbol': 'AMMN.JK', 'volume': 60732800, 'market_cap': 285721777564640}"
AMMN.JK,2026-07-20,4010,80766400,290798052800560,2026-09-11T13:49:41.150505+00:00,"{'low': 3890, 'date': '2026-07-20', 'high': 4060, 'open': 3950, 'close': 4010, 'symbol': 'AMMN.JK', 'volume': 80766400, 'market_cap': 290798052800560}"
AMMN.JK,2026-07-21,4290,141625500,311103153744240,2026-09-11T13:49:41.150505+00:00,"{'low': 4010, 'date': '2026-07-21', 'high': 4370, 'open': 4010, 'close': 4290, 'symbol': 'AMMN.JK', 'volume': 141625500, 'market_cap': 311103153744240}"
AMMN.JK,2026-07-22,4150,114455500,300950603272400,2026-09-11T13:49:41.150505+00:00,"{'low': 4120, 'date': '2026-07-22', 'high': 4410, 'open': 4330, 'close': 4150, 'symbol': 'AMMN.JK', 'volume': 114455500, 'market_cap': 300950603272400}"
AMMN.JK,2026-07-23,4220,106927500,306026878508320,2026-09-11T13:49:41.150505+00:00,"{'low': 4160, 'date': '2026-07-23', 'high': 4360, 'open': 4160, 'close': 4220, 'symbol': 'AMMN.JK', 'volume': 106927500, 'market_cap': 306026878508320}"
AMMN.JK,2026-07-24,4040,104240800,292973599330240,2026-09-11T13:49:41.150505+00:00,"{'low': 3950, 'date': '2026-07-24', 'high': 4170, 'open': 4110, 'close': 4040, 'symbol': 'AMMN.JK', 'volume': 104240800, 'market_cap': 292973599330240}"
AMMN.JK,2026-07-27,4030,83361400,292248417153680,2026-09-11T13:49:41.150505+00:00,"{'low': 4000, 'date': '2026-07-27', 'high': 4170, 'open': 4080, 'close': 4030, 'symbol': 'AMMN.JK', 'volume': 83361400, 'market_cap': 292248417153680}"
AMMN.JK,2026-07-28,4010,60616800,290798052800560,2026-09-11T13:49:41.150505+00:00,"{'low': 3980, 'date': '2026-07-28', 'high': 4110, 'open': 4000, 'close': 4010, 'symbol': 'AMMN.JK', 'volume': 60616800, 'market_cap': 290798052800560}"
AMMN.JK,2026-07-29,3940,99406400,285721777564640,2026-09-11T13:49:41.150505+00:00,"{'low': 3810, 'date': '2026-07-29', 'high': 4050, 'open': 4010, 'close': 3940, 'symbol': 'AMMN.JK', 'volume': 99406400, 'market_cap': 285721777564640}"
AMMN.JK,2026-07-30,3980,71075500,288622506270880,2026-09-11T13:49:41.150505+00:00,"{'low': 3900, 'date': '2026-07-30', 'high': 4070, 'open': 3960, 'close': 3980, 'symbol': 'AMMN.JK', 'volume': 71075500, 'market_cap': 288622506270880}"
AMMN.JK,2026-07-31,4100,92470900,297324692389600,2026-09-11T13:49:41.150505+00:00,"{'low': 4050, 'date': '2026-07-31', 'high': 4160, 'open': 4050, 'close': 4100, 'symbol': 'AMMN.JK', 'volume': 92470900, 'market_cap': 297324692389600}"
AMMN.JK,2026-08-03,4280,133138200,310377971567680,2026-09-11T13:49:41.150505+00:00,"{'low': 4190, 'date': '2026-08-03', 'high': 4400, 'open': 4200, 'close': 4280, 'symbol': 'AMMN.JK', 'volume': 133138200, 'market_cap': 310377971567680}"
AMMN.JK,2026-08-04,4280,69917500,310377971567680,2026-09-11T13:49:41.150505+00:00,"{'low': 4210, 'date': '2026-08-04', 'high': 4340, 'open': 4310, 'close': 4280, 'symbol': 'AMMN.JK', 'volume': 69917500, 'market_cap': 310377971567680}"
AMMN.JK,2026-08-05,4420,107331800,320530522039520,2026-09-11T13:49:41.150505+00:00,"{'low': 4280, 'date': '2026-08-05', 'high': 4430, 'open': 4300, 'close': 4420, 'symbol': 'AMMN.JK', 'volume': 107331800, 'market_cap': 320530522039520}"
AMMN.JK,2026-08-06,4320,88614700,313278700273920,2026-09-11T13:49:41.150505+00:00,"{'low': 4300, 'date': '2026-08-06', 'high': 4540, 'open': 4480, 'close': 4320, 'symbol': 'AMMN.JK', 'volume': 88614700, 'market_cap': 313278700273920}"
AMMN.JK,2026-08-07,4400,55685200,319080157686400,2026-09-11T13:49:41.150505+00:00,"{'low': 4310, 'date': '2026-08-07', 'high': 4450, 'open': 4320, 'close': 4400, 'symbol': 'AMMN.JK', 'volume': 55685200, 'market_cap': 319080157686400}"
AMMN.JK,2026-08-10,4370,85203400,316904611156720,2026-09-11T13:49:41.150505+00:00,"{'low': 4330, 'date': '2026-08-10', 'high': 4550, 'open': 4410, 'close': 4370, 'symbol': 'AMMN.JK', 'volume': 85203400, 'market_cap': 316904611156720}"
AMMN.JK,2026-08-11,4250,77300900,308202425038000,2026-09-11T13:49:41.150505+00:00,"{'low': 4200, 'date': '2026-08-11', 'high': 4450, 'open': 4400, 'close': 4250, 'symbol': 'AMMN.JK', 'volume': 77300900, 'market_cap': 308202425038000}"
AMMN.JK,2026-08-12,4370,58980900,316904611156720,2026-09-11T13:49:41.150505+00:00,"{'low': 4230, 'date': '2026-08-12', 'high': 4420, 'open': 4290, 'close': 4370, 'symbol': 'AMMN.JK', 'volume': 58980900, 'market_cap': 316904611156720}"
AMMN.JK,2026-08-13,4220,47612300,306026878508320,2026-09-11T13:49:41.150505+00:00,"{'low': 4200, 'date': '2026-08-13', 'high': 4420, 'open': 4410, 'close': 4220, 'symbol': 'AMMN.JK', 'volume': 47612300, 'market_cap': 306026878508320}"
AMMN.JK,2026-08-14,4270,47216700,309652789391120,2026-09-11T13:49:41.150505+00:00,"{'low': 4160, 'date': '2026-08-14', 'high': 4320, 'open': 4200, 'close': 4270, 'symbol': 'AMMN.JK', 'volume': 47216700, 'market_cap': 309652789391120}"
AMMN.JK,2026-08-18,4250,43559200,308202425038000,2026-09-11T13:49:41.150505+00:00,"{'low': 4220, 'date': '2026-08-18', 'high': 4320, 'open': 4300, 'close': 4250, 'symbol': 'AMMN.JK', 'volume': 43559200, 'market_cap': 308202425038000}"
AMMN.JK,2026-08-19,4140,40654900,300225421095840,2026-09-11T13:49:41.150505+00:00,"{'low': 4140, 'date': '2026-08-19', 'high': 4250, 'open': 4220, 'close': 4140, 'symbol': 'AMMN.JK', 'volume': 40654900, 'market_cap': 300225421095840}"
AMMN.JK,2026-08-20,4470,161785000,324156432922320,2026-09-11T13:49:41.150505+00:00,"{'low': 4240, 'date': '2026-08-20', 'high': 4510, 'open': 4240, 'close': 4470, 'symbol': 'AMMN.JK', 'volume': 161785000, 'market_cap': 324156432922320}"
AMMN.JK,2026-08-21,4480,48112000,324881615098880,2026-09-11T13:49:41.150505+00:00,"{'low': 4410, 'date': '2026-08-21', 'high': 4520, 'open': 4500, 'close': 4480, 'symbol': 'AMMN.JK', 'volume': 48112000, 'market_cap': 324881615098880}"
AMMN.JK,2026-08-24,4500,64829200,326331979452000,2026-09-11T13:49:41.150505+00:00,"{'low': 4460, 'date': '2026-08-24', 'high': 4600, 'open': 4500, 'close': 4500, 'symbol': 'AMMN.JK', 'volume': 64829200, 'market_cap': 326331979452000}"
AMMN.JK,2026-08-26,4390,77753300,318354975509840,2026-09-11T13:49:41.150505+00:00,"{'low': 4390, 'date': '2026-08-26', 'high': 4600, 'open': 4520, 'close': 4390, 'symbol': 'AMMN.JK', 'volume': 77753300, 'market_cap': 318354975509840}"
AMMN.JK,2026-08-27,4450,38236000,322706068569200,2026-09-11T13:49:41.150505+00:00,"{'low': 4350, 'date': '2026-08-27', 'high': 4470, 'open': 4380, 'close': 4450, 'symbol': 'AMMN.JK', 'volume': 38236000, 'market_cap': 322706068569200}"
AMMN.JK,2026-08-28,4410,34578100,319805339862960,2026-09-11T13:49:41.150505+00:00,"{'low': 4370, 'date': '2026-08-28', 'high': 4480, 'open': 4450, 'close': 4410, 'symbol': 'AMMN.JK', 'volume': 34578100, 'market_cap': 319805339862960}"
AMMN.JK,2026-08-31,4330,53452700,314003882450480,2026-09-11T13:49:41.150505+00:00,"{'low': 4280, 'date': '2026-08-31', 'high': 4360, 'open': 4350, 'close': 4330, 'symbol': 'AMMN.JK', 'volume': 53452700, 'market_cap': 314003882450480}"
AMMN.JK,2026-09-01,4360,34188000,316179428980160,2026-09-11T13:49:41.150505+00:00,"{'low': 4330, 'date': '2026-09-01', 'high': 4400, 'open': 4360, 'close': 4360, 'symbol': 'AMMN.JK', 'volume': 34188000, 'market_cap': 316179428980160}"
AMMN.JK,2026-09-02,4270,40034900,309652789391120,2026-09-11T13:49:41.150505+00:00,"{'low': 4270, 'date': '2026-09-02', 'high': 4360, 'open': 4360, 'close': 4270, 'symbol': 'AMMN.JK', 'volume': 40034900, 'market_cap': 309652789391120}"
AMMN.JK,2026-09-03,4430,42035500,321255704216080,2026-09-11T13:49:41.150505+00:00,"{'low': 4290, 'date': '2026-09-03', 'high': 4430, 'open': 4340, 'close': 4430, 'symbol': 'AMMN.JK', 'volume': 42035500, 'market_cap': 321255704216080}"
AMMN.JK,2026-09-04,4390,33467900,318354975509840,2026-09-11T13:49:41.150505+00:00,"{'low': 4350, 'date': '2026-09-04', 'high': 4470, 'open': 4450, 'close': 4390, 'symbol': 'AMMN.JK', 'volume': 33467900, 'market_cap': 318354975509840}"
AMMN.JK,2026-09-07,4410,30029000,319805339862960,2026-09-11T13:49:41.150505+00:00,"{'low': 4360, 'date': '2026-09-07', 'high': 4430, 'open': 4390, 'close': 4410, 'symbol': 'AMMN.JK', 'volume': 30029000, 'market_cap': 319805339862960}"
AMMN.JK,2026-09-08,4670,122055000,338660076453520,2026-09-11T13:49:41.150505+00:00,"{'low': 4430, 'date': '2026-09-08', 'high': 4700, 'open': 4440, 'close': 4670, 'symbol': 'AMMN.JK', 'volume': 122055000, 'market_cap': 338660076453520}"
AMMN.JK,2026-09-09,4910,122894600,356064448690960,2026-09-11T13:49:41.150505+00:00,"{'low': 4640, 'date': '2026-09-09', 'high': 4910, 'open': 4680, 'close': 4910, 'symbol': 'AMMN.JK', 'volume': 122894600, 'market_cap': 356064448690960}"
AMMN.JK,2026-09-10,4810,77192900,348812626925360,2026-09-11T13:49:41.150505+00:00,"{'low': 4800, 'date': '2026-09-10', 'high': 4950, 'open': 4910, 'close': 4810, 'symbol': 'AMMN.JK', 'volume': 77192900, 'market_cap': 348812626925360}"
AMMN.JK,2026-09-11,4860,89519400,352438537808160,2026-09-11T13:49:41.150505+00:00,"{'low': 4650, 'date': '2026-09-11', 'high': 4920, 'open': 4710, 'close': 4860, 'symbol': 'AMMN.JK', 'volume': 89519400, 'market_cap': 352438537808160}"
IMPC.JK,2026-06-15,1785,32022500,98008995000000,2026-09-11T13:49:44.515895+00:00,"{'low': 1685, 'date': '2026-06-15', 'high': 1810, 'open': 1685, 'close': 1785, 'symbol': 'IMPC.JK', 'volume': 32022500, 'market_cap': 98008995000000}"
IMPC.JK,2026-06-17,1655,21614500,90871085000000,2026-09-11T13:49:44.515895+00:00,"{'low': 1650, 'date': '2026-06-17', 'high': 1800, 'open': 1785, 'close': 1655, 'symbol': 'IMPC.JK', 'volume': 21614500, 'market_cap': 90871085000000}"
IMPC.JK,2026-06-18,1675,7565600,91969225000000,2026-09-11T13:49:44.515895+00:00,"{'low': 1640, 'date': '2026-06-18', 'high': 1710, 'open': 1655, 'close': 1675, 'symbol': 'IMPC.JK', 'volume': 7565600, 'market_cap': 91969225000000}"
IMPC.JK,2026-06-19,1690,28876800,92792830000000,2026-09-11T13:49:44.515895+00:00,"{'low': 1555, 'date': '2026-06-19', 'high': 1715, 'open': 1700, 'close': 1690, 'symbol': 'IMPC.JK', 'volume': 28876800, 'market_cap': 92792830000000}"
IMPC.JK,2026-06-22,1605,20571500,88125735000000,2026-09-11T13:49:44.515895+00:00,"{'low': 1550, 'date': '2026-06-22', 'high': 1690, 'open': 1650, 'close': 1605, 'symbol': 'IMPC.JK', 'volume': 20571500, 'market_cap': 88125735000000}"
IMPC.JK,2026-06-23,1610,6549200,88400270000000,2026-09-11T13:49:44.515895+00:00,"{'low': 1550, 'date': '2026-06-23', 'high': 1635, 'open': 1610, 'close': 1610, 'symbol': 'IMPC.JK', 'volume': 6549200, 'market_cap': 88400270000000}"
IMPC.JK,2026-06-24,1505,24472000,82635035000000,2026-09-11T13:49:44.515895+00:00,"{'low': 1500, 'date': '2026-06-24', 'high': 1720, 'open': 1605, 'close': 1505, 'symbol': 'IMPC.JK', 'volume': 24472000, 'market_cap': 82635035000000}"
IMPC.JK,2026-06-25,1515,16337200,83184105000000,2026-09-11T13:49:44.515895+00:00,"{'low': 1435, 'date': '2026-06-25', 'high': 1565, 'open': 1505, 'close': 1515, 'symbol': 'IMPC.JK', 'volume': 16337200, 'market_cap': 83184105000000}"
IMPC.JK,2026-06-26,1370,27416000,75222590000000,2026-09-11T13:49:44.515895+00:00,"{'low': 1335, 'date': '2026-06-26', 'high': 1540, 'open': 1530, 'close': 1370, 'symbol': 'IMPC.JK', 'volume': 27416000, 'market_cap': 75222590000000}"
IMPC.JK,2026-06-29,1375,32242000,75497125000000,2026-09-11T13:49:44.515895+00:00,"{'low': 1325, 'date': '2026-06-29', 'high': 1410, 'open': 1355, 'close': 1375, 'symbol': 'IMPC.JK', 'volume': 32242000, 'market_cap': 75497125000000}"
IMPC.JK,2026-06-30,1380,17916600,75771660000000,2026-09-11T13:49:44.515895+00:00,"{'low': 1275, 'date': '2026-06-30', 'high': 1450, 'open': 1375, 'close': 1380, 'symbol': 'IMPC.JK', 'volume': 17916600, 'market_cap': 75771660000000}"
IMPC.JK,2026-07-01,1390,9239300,76320730000000,2026-09-11T13:49:44.515895+00:00,"{'low': 1340, 'date': '2026-07-01', 'high': 1440, 'open': 1380, 'close': 1390, 'symbol': 'IMPC.JK', 'volume': 9239300, 'market_cap': 76320730000000}"
IMPC.JK,2026-07-02,1415,6753500,77693405000000,2026-09-11T13:49:44.515895+00:00,"{'low': 1390, 'date': '2026-07-02', 'high': 1450, 'open': 1390, 'close': 1415, 'symbol': 'IMPC.JK', 'volume': 6753500, 'market_cap': 77693405000000}"
IMPC.JK,2026-07-03,1510,8685200,82909570000000,2026-09-11T13:49:44.515895+00:00,"{'low': 1415, 'date': '2026-07-03', 'high': 1515, 'open': 1415, 'close': 1510, 'symbol': 'IMPC.JK', 'volume': 8685200, 'market_cap': 82909570000000}"
IMPC.JK,2026-07-06,1545,13570500,84831315000000,2026-09-11T13:49:44.515895+00:00,"{'low': 1490, 'date': '2026-07-06', 'high': 1600, 'open': 1500, 'close': 1545, 'symbol': 'IMPC.JK', 'volume': 13570500, 'market_cap': 84831315000000}"
IMPC.JK,2026-07-07,1520,6411500,83458640000000,2026-09-11T13:49:44.515895+00:00,"{'low': 1505, 'date': '2026-07-07', 'high': 1590, 'open': 1545, 'close': 1520, 'symbol': 'IMPC.JK', 'volume': 6411500, 'market_cap': 83458640000000}"
IMPC.JK,2026-07-08,1490,4926600,81811430000000,2026-09-11T13:49:44.515895+00:00,"{'low': 1480, 'date': '2026-07-08', 'high': 1535, 'open': 1515, 'close': 1490, 'symbol': 'IMPC.JK', 'volume': 4926600, 'market_cap': 81811430000000}"
IMPC.JK,2026-07-09,1440,8121000,79066080000000,2026-09-11T13:49:44.515895+00:00,"{'low': 1430, 'date': '2026-07-09', 'high': 1480, 'open': 1455, 'close': 1440, 'symbol': 'IMPC.JK', 'volume': 8121000, 'market_cap': 79066080000000}"
IMPC.JK,2026-07-10,1420,4099500,77967940000000,2026-09-11T13:49:44.515895+00:00,"{'low': 1410, 'date': '2026-07-10', 'high': 1460, 'open': 1440, 'close': 1420, 'symbol': 'IMPC.JK', 'volume': 4099500, 'market_cap': 77967940000000}"
IMPC.JK,2026-07-13,1430,9968700,78517010000000,2026-09-11T13:49:44.515895+00:00,"{'low': 1360, 'date': '2026-07-13', 'high': 1455, 'open': 1410, 'close': 1430, 'symbol': 'IMPC.JK', 'volume': 9968700, 'market_cap': 78517010000000}"
IMPC.JK,2026-07-14,1425,7913000,78242475000000,2026-09-11T13:49:44.515895+00:00,"{'low': 1410, 'date': '2026-07-14', 'high': 1470, 'open': 1460, 'close': 1425, 'symbol': 'IMPC.JK', 'volume': 7913000, 'market_cap': 78242475000000}"
IMPC.JK,2026-07-15,1455,6675100,79889685000000,2026-09-11T13:49:44.515895+00:00,"{'low': 1415, 'date': '2026-07-15', 'high': 1465, 'open': 1445, 'close': 1455, 'symbol': 'IMPC.JK', 'volume': 6675100, 'market_cap': 79889685000000}"
IMPC.JK,2026-07-16,1450,5497000,79615150000000,2026-09-11T13:49:44.515895+00:00,"{'low': 1420, 'date': '2026-07-16', 'high': 1465, 'open': 1465, 'close': 1450, 'symbol': 'IMPC.JK', 'volume': 5497000, 'market_cap': 79615150000000}"
IMPC.JK,2026-07-17,1445,6132900,79340615000000,2026-09-11T13:49:44.515895+00:00,"{'low': 1400, 'date': '2026-07-17', 'high': 1460, 'open': 1460, 'close': 1445, 'symbol': 'IMPC.JK', 'volume': 6132900, 'market_cap': 79340615000000}"
IMPC.JK,2026-07-20,1515,11597500,83184105000000,2026-09-11T13:49:44.515895+00:00,"{'low': 1445, 'date': '2026-07-20', 'high': 1520, 'open': 1445, 'close': 1515, 'symbol': 'IMPC.JK', 'volume': 11597500, 'market_cap': 83184105000000}"
IMPC.JK,2026-07-21,1575,14516100,86478525000000,2026-09-11T13:49:44.515895+00:00,"{'low': 1500, 'date': '2026-07-21', 'high': 1575, 'open': 1515, 'close': 1575, 'symbol': 'IMPC.JK', 'volume': 14516100, 'market_cap': 86478525000000}"
IMPC.JK,2026-07-22,1560,20231900,85654920000000,2026-09-11T13:49:44.515895+00:00,"{'low': 1535, 'date': '2026-07-22', 'high': 1635, 'open': 1580, 'close': 1560, 'symbol': 'IMPC.JK', 'volume': 20231900, 'market_cap': 85654920000000}"
IMPC.JK,2026-07-23,1560,27958600,85654920000000,2026-09-11T13:49:44.515895+00:00,"{'low': 1535, 'date': '2026-07-23', 'high': 1645, 'open': 1560, 'close': 1560, 'symbol': 'IMPC.JK', 'volume': 27958600, 'market_cap': 85654920000000}"
IMPC.JK,2026-07-24,1465,12873800,80438755000000,2026-09-11T13:49:44.515895+00:00,"{'low': 1465, 'date': '2026-07-24', 'high': 1550, 'open': 1540, 'close': 1465, 'symbol': 'IMPC.JK', 'volume': 12873800, 'market_cap': 80438755000000}"
IMPC.JK,2026-07-27,1530,7213000,84007710000000,2026-09-11T13:49:44.515895+00:00,"{'low': 1465, 'date': '2026-07-27', 'high': 1540, 'open': 1465, 'close': 1530, 'symbol': 'IMPC.JK', 'volume': 7213000, 'market_cap': 84007710000000}"
IMPC.JK,2026-07-28,1490,7872800,81811430000000,2026-09-11T13:49:44.515895+00:00,"{'low': 1485, 'date': '2026-07-28', 'high': 1550, 'open': 1530, 'close': 1490, 'symbol': 'IMPC.JK', 'volume': 7872800, 'market_cap': 81811430000000}"
IMPC.JK,2026-07-29,1515,4728600,83184105000000,2026-09-11T13:49:44.515895+00:00,"{'low': 1470, 'date': '2026-07-29', 'high': 1525, 'open': 1475, 'close': 1515, 'symbol': 'IMPC.JK', 'volume': 4728600, 'market_cap': 83184105000000}"
IMPC.JK,2026-07-30,1525,7215200,83733175000000,2026-09-11T13:49:44.515895+00:00,"{'low': 1515, 'date': '2026-07-30', 'high': 1575, 'open': 1525, 'close': 1525, 'symbol': 'IMPC.JK', 'volume': 7215200, 'market_cap': 83733175000000}"
IMPC.JK,2026-07-31,1545,5664800,84831315000000,2026-09-11T13:49:44.515895+00:00,"{'low': 1535, 'date': '2026-07-31', 'high': 1565, 'open': 1535, 'close': 1545, 'symbol': 'IMPC.JK', 'volume': 5664800, 'market_cap': 84831315000000}"
IMPC.JK,2026-08-03,1540,8656300,84556780000000,2026-09-11T13:49:44.515895+00:00,"{'low': 1530, 'date': '2026-08-03', 'high': 1585, 'open': 1570, 'close': 1540, 'symbol': 'IMPC.JK', 'volume': 8656300, 'market_cap': 84556780000000}"
IMPC.JK,2026-08-04,1575,7161900,86478525000000,2026-09-11T13:49:44.515895+00:00,"{'low': 1520, 'date': '2026-08-04', 'high': 1610, 'open': 1540, 'close': 1575, 'symbol': 'IMPC.JK', 'volume': 7161900, 'market_cap': 86478525000000}"
IMPC.JK,2026-08-05,1575,7201200,86478525000000,2026-09-11T13:49:44.515895+00:00,"{'low': 1560, 'date': '2026-08-05', 'high': 1595, 'open': 1590, 'close': 1575, 'symbol': 'IMPC.JK', 'volume': 7201200, 'market_cap': 86478525000000}"
IMPC.JK,2026-08-06,1585,13007600,87027595000000,2026-09-11T13:49:44.515895+00:00,"{'low': 1540, 'date': '2026-08-06', 'high': 1610, 'open': 1570, 'close': 1585, 'symbol': 'IMPC.JK', 'volume': 13007600, 'market_cap': 87027595000000}"
IMPC.JK,2026-08-07,1595,4987200,87576665000000,2026-09-11T13:49:44.515895+00:00,"{'low': 1570, 'date': '2026-08-07', 'high': 1600, 'open': 1585, 'close': 1595, 'symbol': 'IMPC.JK', 'volume': 4987200, 'market_cap': 87576665000000}"
IMPC.JK,2026-08-10,1555,7283600,85380385000000,2026-09-11T13:49:44.515895+00:00,"{'low': 1555, 'date': '2026-08-10', 'high': 1610, 'open': 1600, 'close': 1555, 'symbol': 'IMPC.JK', 'volume': 7283600, 'market_cap': 85380385000000}"
IMPC.JK,2026-08-11,1465,11534000,80438755000000,2026-09-11T13:49:44.515895+00:00,"{'low': 1465, 'date': '2026-08-11', 'high': 1555, 'open': 1555, 'close': 1465, 'symbol': 'IMPC.JK', 'volume': 11534000, 'market_cap': 80438755000000}"
IMPC.JK,2026-08-12,1510,4722800,82909570000000,2026-09-11T13:49:44.515895+00:00,"{'low': 1465, 'date': '2026-08-12', 'high': 1520, 'open': 1465, 'close': 1510, 'symbol': 'IMPC.JK', 'volume': 4722800, 'market_cap': 82909570000000}"
IMPC.JK,2026-08-13,1405,13812800,77144335000000,2026-09-11T13:49:44.515895+00:00,"{'low': 1400, 'date': '2026-08-13', 'high': 1515, 'open': 1510, 'close': 1405, 'symbol': 'IMPC.JK', 'volume': 13812800, 'market_cap': 77144335000000}"
IMPC.JK,2026-08-14,1405,5125800,77144335000000,2026-09-11T13:49:44.515895+00:00,"{'low': 1375, 'date': '2026-08-14', 'high': 1430, 'open': 1410, 'close': 1405, 'symbol': 'IMPC.JK', 'volume': 5125800, 'market_cap': 77144335000000}"
IMPC.JK,2026-08-18,1400,6778900,76869800000000,2026-09-11T13:49:44.515895+00:00,"{'low': 1385, 'date': '2026-08-18', 'high': 1420, 'open': 1410, 'close': 1400, 'symbol': 'IMPC.JK', 'volume': 6778900, 'market_cap': 76869800000000}"
IMPC.JK,2026-08-19,1355,9854200,74398985000000,2026-09-11T13:49:44.515895+00:00,"{'low': 1355, 'date': '2026-08-19', 'high': 1400, 'open': 1400, 'close': 1355, 'symbol': 'IMPC.JK', 'volume': 9854200, 'market_cap': 74398985000000}"
IMPC.JK,2026-08-20,1400,21296100,76869800000000,2026-09-11T13:49:44.515895+00:00,"{'low': 1335, 'date': '2026-08-20', 'high': 1405, 'open': 1380, 'close': 1400, 'symbol': 'IMPC.JK', 'volume': 21296100, 'market_cap': 76869800000000}"
IMPC.JK,2026-08-21,1380,8738400,75771660000000,2026-09-11T13:49:44.515895+00:00,"{'low': 1380, 'date': '2026-08-21', 'high': 1405, 'open': 1405, 'close': 1380, 'symbol': 'IMPC.JK', 'volume': 8738400, 'market_cap': 75771660000000}"
IMPC.JK,2026-08-24,1355,6827700,74398985000000,2026-09-11T13:49:44.515895+00:00,"{'low': 1355, 'date': '2026-08-24', 'high': 1400, 'open': 1395, 'close': 1355, 'symbol': 'IMPC.JK', 'volume': 6827700, 'market_cap': 74398985000000}"
IMPC.JK,2026-08-26,1305,15944500,71653635000000,2026-09-11T13:49:44.515895+00:00,"{'low': 1305, 'date': '2026-08-26', 'high': 1380, 'open': 1355, 'close': 1305, 'symbol': 'IMPC.JK', 'volume': 15944500, 'market_cap': 71653635000000}"
IMPC.JK,2026-08-27,1445,29744200,79340615000000,2026-09-11T13:49:44.515895+00:00,"{'low': 1290, 'date': '2026-08-27', 'high': 1445, 'open': 1305, 'close': 1445, 'symbol': 'IMPC.JK', 'volume': 29744200, 'market_cap': 79340615000000}"
IMPC.JK,2026-08-28,1350,20134000,74124450000000,2026-09-11T13:49:44.515895+00:00,"{'low': 1350, 'date': '2026-08-28', 'high': 1445, 'open': 1445, 'close': 1350, 'symbol': 'IMPC.JK', 'volume': 20134000, 'market_cap': 74124450000000}"
IMPC.JK,2026-08-31,1380,12281300,75771660000000,2026-09-11T13:49:44.515895+00:00,"{'low': 1350, 'date': '2026-08-31', 'high': 1400, 'open': 1375, 'close': 1380, 'symbol': 'IMPC.JK', 'volume': 12281300, 'market_cap': 75771660000000}"
IMPC.JK,2026-09-01,1425,16918800,78242475000000,2026-09-11T13:49:44.515895+00:00,"{'low': 1370, 'date': '2026-09-01', 'high': 1435, 'open': 1395, 'close': 1425, 'symbol': 'IMPC.JK', 'volume': 16918800, 'market_cap': 78242475000000}"
IMPC.JK,2026-09-02,1420,6972300,77967940000000,2026-09-11T13:49:44.515895+00:00,"{'low': 1385, 'date': '2026-09-02', 'high': 1430, 'open': 1425, 'close': 1420, 'symbol': 'IMPC.JK', 'volume': 6972300, 'market_cap': 77967940000000}"
IMPC.JK,2026-09-03,1405,10755900,77144335000000,2026-09-11T13:49:44.515895+00:00,"{'low': 1400, 'date': '2026-09-03', 'high': 1425, 'open': 1415, 'close': 1405, 'symbol': 'IMPC.JK', 'volume': 10755900, 'market_cap': 77144335000000}"
IMPC.JK,2026-09-04,1500,62355400,82360500000000,2026-09-11T13:49:44.515895+00:00,"{'low': 1385, 'date': '2026-09-04', 'high': 1555, 'open': 1405, 'close': 1500, 'symbol': 'IMPC.JK', 'volume': 62355400, 'market_cap': 82360500000000}"
IMPC.JK,2026-09-07,1560,30015200,85654920000000,2026-09-11T13:49:44.515895+00:00,"{'low': 1450, 'date': '2026-09-07', 'high': 1580, 'open': 1500, 'close': 1560, 'symbol': 'IMPC.JK', 'volume': 30015200, 'market_cap': 85654920000000}"
IMPC.JK,2026-09-08,1630,41591800,89498410000000,2026-09-11T13:49:44.515895+00:00,"{'low': 1550, 'date': '2026-09-08', 'high': 1675, 'open': 1560, 'close': 1630, 'symbol': 'IMPC.JK', 'volume': 41591800, 'market_cap': 89498410000000}"
IMPC.JK,2026-09-09,1785,59754600,98008995000000,2026-09-11T13:49:44.515895+00:00,"{'low': 1635, 'date': '2026-09-09', 'high': 1820, 'open': 1640, 'close': 1785, 'symbol': 'IMPC.JK', 'volume': 59754600, 'market_cap': 98008995000000}"
IMPC.JK,2026-09-10,1705,37106400,93616435000000,2026-09-11T13:49:44.515895+00:00,"{'low': 1705, 'date': '2026-09-10', 'high': 1820, 'open': 1770, 'close': 1705, 'symbol': 'IMPC.JK', 'volume': 37106400, 'market_cap': 93616435000000}"
IMPC.JK,2026-09-11,1720,29712200,94440040000000,2026-09-11T13:49:44.515895+00:00,"{'low': 1615, 'date': '2026-09-11', 'high': 1750, 'open': 1665, 'close': 1720, 'symbol': 'IMPC.JK', 'volume': 29712200, 'market_cap': 94440040000000}"
AADI.JK,2026-06-15,8275,22860400,64436529314000,2026-09-11T13:49:47.558344+00:00,"{'low': 8250, 'date': '2026-06-15', 'high': 8600, 'open': 8600, 'close': 8275, 'symbol': 'AADI.JK', 'volume': 22860400, 'market_cap': 64436529314000}"
AADI.JK,2026-06-17,8125,14991900,63268495550000,2026-09-11T13:49:47.558344+00:00,"{'low': 8050, 'date': '2026-06-17', 'high': 8350, 'open': 8275, 'close': 8125, 'symbol': 'AADI.JK', 'volume': 14991900, 'market_cap': 63268495550000}"
AADI.JK,2026-06-18,8050,11027500,62684478668000,2026-09-11T13:49:47.558344+00:00,"{'low': 8025, 'date': '2026-06-18', 'high': 8175, 'open': 8125, 'close': 8050, 'symbol': 'AADI.JK', 'volume': 11027500, 'market_cap': 62684478668000}"
AADI.JK,2026-06-19,7875,59395900,61321772610000,2026-09-11T13:49:47.558344+00:00,"{'low': 7875, 'date': '2026-06-19', 'high': 8150, 'open': 8075, 'close': 7875, 'symbol': 'AADI.JK', 'volume': 59395900, 'market_cap': 61321772610000}"
AADI.JK,2026-06-22,8100,26382900,63073823256000,2026-09-11T13:49:47.558344+00:00,"{'low': 7900, 'date': '2026-06-22', 'high': 8275, 'open': 8000, 'close': 8100, 'symbol': 'AADI.JK', 'volume': 26382900, 'market_cap': 63073823256000}"
AADI.JK,2026-06-23,7975,14324800,62100461786000,2026-09-11T13:49:47.558344+00:00,"{'low': 7975, 'date': '2026-06-23', 'high': 8125, 'open': 8125, 'close': 7975, 'symbol': 'AADI.JK', 'volume': 14324800, 'market_cap': 62100461786000}"
AADI.JK,2026-06-24,7975,17314800,62100461786000,2026-09-11T13:49:47.558344+00:00,"{'low': 7950, 'date': '2026-06-24', 'high': 8125, 'open': 8000, 'close': 7975, 'symbol': 'AADI.JK', 'volume': 17314800, 'market_cap': 62100461786000}"
AADI.JK,2026-06-25,8075,6666300,62879150962000,2026-09-11T13:49:47.558344+00:00,"{'low': 7950, 'date': '2026-06-25', 'high': 8125, 'open': 7950, 'close': 8075, 'symbol': 'AADI.JK', 'volume': 6666300, 'market_cap': 62879150962000}"
AADI.JK,2026-06-26,8050,11750200,62684478668000,2026-09-11T13:49:47.558344+00:00,"{'low': 8000, 'date': '2026-06-26', 'high': 8225, 'open': 8050, 'close': 8050, 'symbol': 'AADI.JK', 'volume': 11750200, 'market_cap': 62684478668000}"
AADI.JK,2026-06-29,7950,15359500,61905789492000,2026-09-11T13:49:47.558344+00:00,"{'low': 7950, 'date': '2026-06-29', 'high': 8100, 'open': 8050, 'close': 7950, 'symbol': 'AADI.JK', 'volume': 15359500, 'market_cap': 61905789492000}"
AADI.JK,2026-06-30,7775,18585900,60543083434000,2026-09-11T13:49:47.558344+00:00,"{'low': 7725, 'date': '2026-06-30', 'high': 8000, 'open': 8000, 'close': 7775, 'symbol': 'AADI.JK', 'volume': 18585900, 'market_cap': 60543083434000}"
AADI.JK,2026-07-01,7875,6710200,61321772610000,2026-09-11T13:49:47.558344+00:00,"{'low': 7750, 'date': '2026-07-01', 'high': 7900, 'open': 7775, 'close': 7875, 'symbol': 'AADI.JK', 'volume': 6710200, 'market_cap': 61321772610000}"
AADI.JK,2026-07-02,7900,5918000,61516444904000,2026-09-11T13:49:47.558344+00:00,"{'low': 7850, 'date': '2026-07-02', 'high': 7950, 'open': 7875, 'close': 7900, 'symbol': 'AADI.JK', 'volume': 5918000, 'market_cap': 61516444904000}"
AADI.JK,2026-07-03,7975,4980300,62100461786000,2026-09-11T13:49:47.558344+00:00,"{'low': 7900, 'date': '2026-07-03', 'high': 8050, 'open': 7900, 'close': 7975, 'symbol': 'AADI.JK', 'volume': 4980300, 'market_cap': 62100461786000}"
AADI.JK,2026-07-06,8000,3928700,62295134080000,2026-09-11T13:49:47.558344+00:00,"{'low': 7950, 'date': '2026-07-06', 'high': 8025, 'open': 7975, 'close': 8000, 'symbol': 'AADI.JK', 'volume': 3928700, 'market_cap': 62295134080000}"
AADI.JK,2026-07-07,8125,8370500,63268495550000,2026-09-11T13:49:47.558344+00:00,"{'low': 7950, 'date': '2026-07-07', 'high': 8150, 'open': 8025, 'close': 8125, 'symbol': 'AADI.JK', 'volume': 8370500, 'market_cap': 63268495550000}"
AADI.JK,2026-07-08,8100,3858600,63073823256000,2026-09-11T13:49:47.558344+00:00,"{'low': 8025, 'date': '2026-07-08', 'high': 8150, 'open': 8150, 'close': 8100, 'symbol': 'AADI.JK', 'volume': 3858600, 'market_cap': 63073823256000}"
AADI.JK,2026-07-09,8075,7141400,62879150962000,2026-09-11T13:49:47.558344+00:00,"{'low': 8075, 'date': '2026-07-09', 'high': 8150, 'open': 8125, 'close': 8075, 'symbol': 'AADI.JK', 'volume': 7141400, 'market_cap': 62879150962000}"
AADI.JK,2026-07-10,8175,6341600,63657840138000,2026-09-11T13:49:47.558344+00:00,"{'low': 8100, 'date': '2026-07-10', 'high': 8225, 'open': 8100, 'close': 8175, 'symbol': 'AADI.JK', 'volume': 6341600, 'market_cap': 63657840138000}"
AADI.JK,2026-07-13,8375,13530800,65215218490000,2026-09-11T13:49:47.558344+00:00,"{'low': 8100, 'date': '2026-07-13', 'high': 8375, 'open': 8200, 'close': 8375, 'symbol': 'AADI.JK', 'volume': 13530800, 'market_cap': 65215218490000}"
AADI.JK,2026-07-14,8425,9447300,65604563078000,2026-09-11T13:49:47.558344+00:00,"{'low': 8325, 'date': '2026-07-14', 'high': 8525, 'open': 8375, 'close': 8425, 'symbol': 'AADI.JK', 'volume': 9447300, 'market_cap': 65604563078000}"
AADI.JK,2026-07-15,8475,7447900,65993907666000,2026-09-11T13:49:47.558344+00:00,"{'low': 8325, 'date': '2026-07-15', 'high': 8600, 'open': 8425, 'close': 8475, 'symbol': 'AADI.JK', 'volume': 7447900, 'market_cap': 65993907666000}"
AADI.JK,2026-07-16,8500,5832600,66188579960000,2026-09-11T13:49:47.558344+00:00,"{'low': 8475, 'date': '2026-07-16', 'high': 8600, 'open': 8500, 'close': 8500, 'symbol': 'AADI.JK', 'volume': 5832600, 'market_cap': 66188579960000}"
AADI.JK,2026-07-17,8750,7504100,68135302900000,2026-09-11T13:49:47.558344+00:00,"{'low': 8450, 'date': '2026-07-17', 'high': 8800, 'open': 8550, 'close': 8750, 'symbol': 'AADI.JK', 'volume': 7504100, 'market_cap': 68135302900000}"
AADI.JK,2026-07-20,9050,11679800,70471370428000,2026-09-11T13:49:47.558344+00:00,"{'low': 8700, 'date': '2026-07-20', 'high': 9200, 'open': 8800, 'close': 9050, 'symbol': 'AADI.JK', 'volume': 11679800, 'market_cap': 70471370428000}"
AADI.JK,2026-07-21,9000,8737300,70082025840000,2026-09-11T13:49:47.558344+00:00,"{'low': 8925, 'date': '2026-07-21', 'high': 9050, 'open': 9050, 'close': 9000, 'symbol': 'AADI.JK', 'volume': 8737300, 'market_cap': 70082025840000}"
AADI.JK,2026-07-22,9025,6457200,70276698134000,2026-09-11T13:49:47.558344+00:00,"{'low': 9000, 'date': '2026-07-22', 'high': 9200, 'open': 9000, 'close': 9025, 'symbol': 'AADI.JK', 'volume': 6457200, 'market_cap': 70276698134000}"
AADI.JK,2026-07-23,9025,10444900,70276698134000,2026-09-11T13:49:47.558344+00:00,"{'low': 8875, 'date': '2026-07-23', 'high': 9175, 'open': 9075, 'close': 9025, 'symbol': 'AADI.JK', 'volume': 10444900, 'market_cap': 70276698134000}"
AADI.JK,2026-07-24,8825,11418000,68719319782000,2026-09-11T13:49:47.558344+00:00,"{'low': 8750, 'date': '2026-07-24', 'high': 9200, 'open': 9025, 'close': 8825, 'symbol': 'AADI.JK', 'volume': 11418000, 'market_cap': 68719319782000}"
AADI.JK,2026-07-27,9000,8058600,70082025840000,2026-09-11T13:49:47.558344+00:00,"{'low': 8800, 'date': '2026-07-27', 'high': 9100, 'open': 8825, 'close': 9000, 'symbol': 'AADI.JK', 'volume': 8058600, 'market_cap': 70082025840000}"
AADI.JK,2026-07-28,8825,6754100,68719319782000,2026-09-11T13:49:47.558344+00:00,"{'low': 8800, 'date': '2026-07-28', 'high': 9100, 'open': 9100, 'close': 8825, 'symbol': 'AADI.JK', 'volume': 6754100, 'market_cap': 68719319782000}"
AADI.JK,2026-07-29,8850,6745900,68913992076000,2026-09-11T13:49:47.558344+00:00,"{'low': 8750, 'date': '2026-07-29', 'high': 8950, 'open': 8850, 'close': 8850, 'symbol': 'AADI.JK', 'volume': 6745900, 'market_cap': 68913992076000}"
AADI.JK,2026-07-30,9275,15040900,72223421074000,2026-09-11T13:49:47.558344+00:00,"{'low': 8850, 'date': '2026-07-30', 'high': 9300, 'open': 8850, 'close': 9275, 'symbol': 'AADI.JK', 'volume': 15040900, 'market_cap': 72223421074000}"
AADI.JK,2026-07-31,9225,13958300,71834076486000,2026-09-11T13:49:47.558344+00:00,"{'low': 9100, 'date': '2026-07-31', 'high': 9375, 'open': 9300, 'close': 9225, 'symbol': 'AADI.JK', 'volume': 13958300, 'market_cap': 71834076486000}"
AADI.JK,2026-08-03,9100,4529500,70860715016000,2026-09-11T13:49:47.558344+00:00,"{'low': 9075, 'date': '2026-08-03', 'high': 9300, 'open': 9300, 'close': 9100, 'symbol': 'AADI.JK', 'volume': 4529500, 'market_cap': 70860715016000}"
AADI.JK,2026-08-04,9175,5838400,71444731898000,2026-09-11T13:49:47.558344+00:00,"{'low': 9050, 'date': '2026-08-04', 'high': 9225, 'open': 9100, 'close': 9175, 'symbol': 'AADI.JK', 'volume': 5838400, 'market_cap': 71444731898000}"
AADI.JK,2026-08-05,9100,5362100,70860715016000,2026-09-11T13:49:47.558344+00:00,"{'low': 9100, 'date': '2026-08-05', 'high': 9225, 'open': 9175, 'close': 9100, 'symbol': 'AADI.JK', 'volume': 5362100, 'market_cap': 70860715016000}"
AADI.JK,2026-08-06,8950,9905800,69692681252000,2026-09-11T13:49:47.558344+00:00,"{'low': 8950, 'date': '2026-08-06', 'high': 9175, 'open': 9100, 'close': 8950, 'symbol': 'AADI.JK', 'volume': 9905800, 'market_cap': 69692681252000}"
AADI.JK,2026-08-07,9175,11293900,71444731898000,2026-09-11T13:49:47.558344+00:00,"{'low': 9000, 'date': '2026-08-07', 'high': 9300, 'open': 9000, 'close': 9175, 'symbol': 'AADI.JK', 'volume': 11293900, 'market_cap': 71444731898000}"
AADI.JK,2026-08-10,9175,4809100,71444731898000,2026-09-11T13:49:47.558344+00:00,"{'low': 9150, 'date': '2026-08-10', 'high': 9250, 'open': 9200, 'close': 9175, 'symbol': 'AADI.JK', 'volume': 4809100, 'market_cap': 71444731898000}"
AADI.JK,2026-08-11,9225,9951600,71834076486000,2026-09-11T13:49:47.558344+00:00,"{'low': 9125, 'date': '2026-08-11', 'high': 9425, 'open': 9175, 'close': 9225, 'symbol': 'AADI.JK', 'volume': 9951600, 'market_cap': 71834076486000}"
AADI.JK,2026-08-12,9350,5033100,72807437956000,2026-09-11T13:49:47.558344+00:00,"{'low': 9175, 'date': '2026-08-12', 'high': 9375, 'open': 9225, 'close': 9350, 'symbol': 'AADI.JK', 'volume': 5033100, 'market_cap': 72807437956000}"
AADI.JK,2026-08-13,9050,9032600,70471370428000,2026-09-11T13:49:47.558344+00:00,"{'low': 9025, 'date': '2026-08-13', 'high': 9350, 'open': 9350, 'close': 9050, 'symbol': 'AADI.JK', 'volume': 9032600, 'market_cap': 70471370428000}"
AADI.JK,2026-08-14,9425,10679400,73391454838000,2026-09-11T13:49:47.558344+00:00,"{'low': 9050, 'date': '2026-08-14', 'high': 9450, 'open': 9050, 'close': 9425, 'symbol': 'AADI.JK', 'volume': 10679400, 'market_cap': 73391454838000}"
AADI.JK,2026-08-18,9725,15946000,75727522366000,2026-09-11T13:49:47.558344+00:00,"{'low': 9250, 'date': '2026-08-18', 'high': 9800, 'open': 9425, 'close': 9725, 'symbol': 'AADI.JK', 'volume': 15946000, 'market_cap': 75727522366000}"
AADI.JK,2026-08-19,9725,15357300,75727522366000,2026-09-11T13:49:47.558344+00:00,"{'low': 9525, 'date': '2026-08-19', 'high': 9900, 'open': 9725, 'close': 9725, 'symbol': 'AADI.JK', 'volume': 15357300, 'market_cap': 75727522366000}"
AADI.JK,2026-08-20,9900,10192200,77090228424000,2026-09-11T13:49:47.558344+00:00,"{'low': 9700, 'date': '2026-08-20', 'high': 10000, 'open': 9725, 'close': 9900, 'symbol': 'AADI.JK', 'volume': 10192200, 'market_cap': 77090228424000}"
AADI.JK,2026-08-21,9800,7113300,76311539248000,2026-09-11T13:49:47.558344+00:00,"{'low': 9750, 'date': '2026-08-21', 'high': 9925, 'open': 9925, 'close': 9800, 'symbol': 'AADI.JK', 'volume': 7113300, 'market_cap': 76311539248000}"
AADI.JK,2026-08-24,10250,14031000,79815640540000,2026-09-11T13:49:47.558344+00:00,"{'low': 9775, 'date': '2026-08-24', 'high': 10325, 'open': 9800, 'close': 10250, 'symbol': 'AADI.JK', 'volume': 14031000, 'market_cap': 79815640540000}"
AADI.JK,2026-08-26,10000,9256700,77868917600000,2026-09-11T13:49:47.558344+00:00,"{'low': 9975, 'date': '2026-08-26', 'high': 10250, 'open': 10200, 'close': 10000, 'symbol': 'AADI.JK', 'volume': 9256700, 'market_cap': 77868917600000}"
AADI.JK,2026-08-27,10125,4773900,78842279070000,2026-09-11T13:49:47.558344+00:00,"{'low': 9900, 'date': '2026-08-27', 'high': 10175, 'open': 9900, 'close': 10125, 'symbol': 'AADI.JK', 'volume': 4773900, 'market_cap': 78842279070000}"
AADI.JK,2026-08-28,10225,5259500,79620968246000,2026-09-11T13:49:47.558344+00:00,"{'low': 10050, 'date': '2026-08-28', 'high': 10250, 'open': 10125, 'close': 10225, 'symbol': 'AADI.JK', 'volume': 5259500, 'market_cap': 79620968246000}"
AADI.JK,2026-08-31,10825,15204800,84293103302000,2026-09-11T13:49:47.558344+00:00,"{'low': 10500, 'date': '2026-08-31', 'high': 10875, 'open': 10525, 'close': 10825, 'symbol': 'AADI.JK', 'volume': 15204800, 'market_cap': 84293103302000}"
AADI.JK,2026-09-01,10875,13118200,84682447890000,2026-09-11T13:49:47.558344+00:00,"{'low': 10825, 'date': '2026-09-01', 'high': 11175, 'open': 10950, 'close': 10875, 'symbol': 'AADI.JK', 'volume': 13118200, 'market_cap': 84682447890000}"
AADI.JK,2026-09-02,10650,19565000,82930397244000,2026-09-11T13:49:47.558344+00:00,"{'low': 10450, 'date': '2026-09-02', 'high': 10900, 'open': 10750, 'close': 10650, 'symbol': 'AADI.JK', 'volume': 19565000, 'market_cap': 82930397244000}"
AADI.JK,2026-09-03,11175,17583500,87018515418000,2026-09-11T13:49:47.558344+00:00,"{'low': 10675, 'date': '2026-09-03', 'high': 11325, 'open': 10675, 'close': 11175, 'symbol': 'AADI.JK', 'volume': 17583500, 'market_cap': 87018515418000}"
AADI.JK,2026-09-04,11250,11537400,87602532300000,2026-09-11T13:49:47.558344+00:00,"{'low': 11175, 'date': '2026-09-04', 'high': 11375, 'open': 11175, 'close': 11250, 'symbol': 'AADI.JK', 'volume': 11537400, 'market_cap': 87602532300000}"
AADI.JK,2026-09-07,11700,18108700,91106633592000,2026-09-11T13:49:47.558344+00:00,"{'low': 11250, 'date': '2026-09-07', 'high': 11850, 'open': 11250, 'close': 11700, 'symbol': 'AADI.JK', 'volume': 18108700, 'market_cap': 91106633592000}"
AADI.JK,2026-09-08,11750,9572400,91495978180000,2026-09-11T13:49:47.558344+00:00,"{'low': 11650, 'date': '2026-09-08', 'high': 11775, 'open': 11725, 'close': 11750, 'symbol': 'AADI.JK', 'volume': 9572400, 'market_cap': 91495978180000}"
AADI.JK,2026-09-09,12450,21942700,96946802412000,2026-09-11T13:49:47.558344+00:00,"{'low': 11750, 'date': '2026-09-09', 'high': 12475, 'open': 11750, 'close': 12450, 'symbol': 'AADI.JK', 'volume': 21942700, 'market_cap': 96946802412000}"
AADI.JK,2026-09-10,12275,27130000,95584096354000,2026-09-11T13:49:47.558344+00:00,"{'low': 12150, 'date': '2026-09-10', 'high': 12925, 'open': 12450, 'close': 12275, 'symbol': 'AADI.JK', 'volume': 27130000, 'market_cap': 95584096354000}"
AADI.JK,2026-09-11,12225,10693500,95194751766000,2026-09-11T13:49:47.558344+00:00,"{'low': 11875, 'date': '2026-09-11', 'high': 12275, 'open': 12200, 'close': 12225, 'symbol': 'AADI.JK', 'volume': 10693500, 'market_cap': 95194751766000}"
MGLV.JK,2026-06-15,8700,486600,16572485675700,2026-09-11T13:49:50.836756+00:00,"{'low': 8100, 'date': '2026-06-15', 'high': 9125, 'open': None, 'close': 8700, 'symbol': 'MGLV.JK', 'volume': 486600, 'market_cap': 16572485675700}"
MGLV.JK,2026-06-17,8725,614200,16620107760975,2026-09-11T13:49:50.836756+00:00,"{'low': 8025, 'date': '2026-06-17', 'high': 8725, 'open': None, 'close': 8725, 'symbol': 'MGLV.JK', 'volume': 614200, 'market_cap': 16620107760975}"
MGLV.JK,2026-06-18,8775,489900,16715351931525,2026-09-11T13:49:50.836756+00:00,"{'low': 8300, 'date': '2026-06-18', 'high': 8775, 'open': None, 'close': 8775, 'symbol': 'MGLV.JK', 'volume': 489900, 'market_cap': 16715351931525}"
MGLV.JK,2026-06-19,8800,214000,16762974016800,2026-09-11T13:49:50.836756+00:00,"{'low': 8550, 'date': '2026-06-19', 'high': 8875, 'open': None, 'close': 8800, 'symbol': 'MGLV.JK', 'volume': 214000, 'market_cap': 16762974016800}"
MGLV.JK,2026-06-22,8600,299200,16381997334600,2026-09-11T13:49:50.836756+00:00,"{'low': 8500, 'date': '2026-06-22', 'high': 8775, 'open': None, 'close': 8600, 'symbol': 'MGLV.JK', 'volume': 299200, 'market_cap': 16381997334600}"
MGLV.JK,2026-06-23,8250,343000,15715288140750,2026-09-11T13:49:50.836756+00:00,"{'low': 7900, 'date': '2026-06-23', 'high': 8600, 'open': None, 'close': 8250, 'symbol': 'MGLV.JK', 'volume': 343000, 'market_cap': 15715288140750}"
MGLV.JK,2026-06-24,8550,221500,16286753164050,2026-09-11T13:49:50.836756+00:00,"{'low': 7900, 'date': '2026-06-24', 'high': 8550, 'open': None, 'close': 8550, 'symbol': 'MGLV.JK', 'volume': 221500, 'market_cap': 16286753164050}"
MGLV.JK,2026-06-25,8600,249300,16381997334600,2026-09-11T13:49:50.836756+00:00,"{'low': 8025, 'date': '2026-06-25', 'high': 8600, 'open': None, 'close': 8600, 'symbol': 'MGLV.JK', 'volume': 249300, 'market_cap': 16381997334600}"
MGLV.JK,2026-06-26,7750,332600,14762846435250,2026-09-11T13:49:50.836756+00:00,"{'low': 7750, 'date': '2026-06-26', 'high': 8500, 'open': None, 'close': 7750, 'symbol': 'MGLV.JK', 'volume': 332600, 'market_cap': 14762846435250}"
MGLV.JK,2026-06-29,8000,85000,15239067288000,2026-09-11T13:49:50.836756+00:00,"{'low': 7425, 'date': '2026-06-29', 'high': 8275, 'open': None, 'close': 8000, 'symbol': 'MGLV.JK', 'volume': 85000, 'market_cap': 15239067288000}"
MGLV.JK,2026-06-30,7575,64400,14429491838325,2026-09-11T13:49:50.836756+00:00,"{'low': 7575, 'date': '2026-06-30', 'high': 8000, 'open': None, 'close': 7575, 'symbol': 'MGLV.JK', 'volume': 64400, 'market_cap': 14429491838325}"
MGLV.JK,2026-07-01,8000,273600,15239067288000,2026-09-11T13:49:50.836756+00:00,"{'low': 6950, 'date': '2026-07-01', 'high': 8000, 'open': None, 'close': 8000, 'symbol': 'MGLV.JK', 'volume': 273600, 'market_cap': 15239067288000}"
MGLV.JK,2026-07-02,8200,158000,15620043970200,2026-09-11T13:49:50.836756+00:00,"{'low': 7825, 'date': '2026-07-02', 'high': 8200, 'open': None, 'close': 8200, 'symbol': 'MGLV.JK', 'volume': 158000, 'market_cap': 15620043970200}"
MGLV.JK,2026-07-03,8600,354300,16381997334600,2026-09-11T13:49:50.836756+00:00,"{'low': 7900, 'date': '2026-07-03', 'high': 8600, 'open': None, 'close': 8600, 'symbol': 'MGLV.JK', 'volume': 354300, 'market_cap': 16381997334600}"
MGLV.JK,2026-07-06,8625,321100,16429619419875,2026-09-11T13:49:50.836756+00:00,"{'low': 8300, 'date': '2026-07-06', 'high': 8700, 'open': None, 'close': 8625, 'symbol': 'MGLV.JK', 'volume': 321100, 'market_cap': 16429619419875}"
MGLV.JK,2026-07-07,8700,383800,16572485675700,2026-09-11T13:49:50.836756+00:00,"{'low': 8425, 'date': '2026-07-07', 'high': 8750, 'open': None, 'close': 8700, 'symbol': 'MGLV.JK', 'volume': 383800, 'market_cap': 16572485675700}"
MGLV.JK,2026-07-08,8000,361200,15239067288000,2026-09-11T13:49:50.836756+00:00,"{'low': 8000, 'date': '2026-07-08', 'high': 8675, 'open': None, 'close': 8000, 'symbol': 'MGLV.JK', 'volume': 361200, 'market_cap': 15239067288000}"
MGLV.JK,2026-07-09,8050,185000,15334311458550,2026-09-11T13:49:50.836756+00:00,"{'low': 7900, 'date': '2026-07-09', 'high': 8350, 'open': None, 'close': 8050, 'symbol': 'MGLV.JK', 'volume': 185000, 'market_cap': 15334311458550}"
MGLV.JK,2026-07-10,8050,92600,15334311458550,2026-09-11T13:49:50.836756+00:00,"{'low': 7825, 'date': '2026-07-10', 'high': 8125, 'open': None, 'close': 8050, 'symbol': 'MGLV.JK', 'volume': 92600, 'market_cap': 15334311458550}"
MGLV.JK,2026-07-13,8050,114500,15334311458550,2026-09-11T13:49:50.836756+00:00,"{'low': 7775, 'date': '2026-07-13', 'high': 8050, 'open': None, 'close': 8050, 'symbol': 'MGLV.JK', 'volume': 114500, 'market_cap': 15334311458550}"
MGLV.JK,2026-07-14,8025,63900,15286689373275,2026-09-11T13:49:50.836756+00:00,"{'low': 7800, 'date': '2026-07-14', 'high': 8050, 'open': None, 'close': 8025, 'symbol': 'MGLV.JK', 'volume': 63900, 'market_cap': 15286689373275}"
MGLV.JK,2026-07-15,8000,82600,15239067288000,2026-09-11T13:49:50.836756+00:00,"{'low': 7825, 'date': '2026-07-15', 'high': 8025, 'open': None, 'close': 8000, 'symbol': 'MGLV.JK', 'volume': 82600, 'market_cap': 15239067288000}"
MGLV.JK,2026-07-16,8100,49800,15429555629100,2026-09-11T13:49:50.836756+00:00,"{'low': 7875, 'date': '2026-07-16', 'high': 8100, 'open': None, 'close': 8100, 'symbol': 'MGLV.JK', 'volume': 49800, 'market_cap': 15429555629100}"
MGLV.JK,2026-07-17,8100,90500,15429555629100,2026-09-11T13:49:50.836756+00:00,"{'low': 8050, 'date': '2026-07-17', 'high': 8250, 'open': None, 'close': 8100, 'symbol': 'MGLV.JK', 'volume': 90500, 'market_cap': 15429555629100}"
MGLV.JK,2026-07-20,8125,78700,15477177714375,2026-09-11T13:49:50.836756+00:00,"{'low': 8025, 'date': '2026-07-20', 'high': 8250, 'open': None, 'close': 8125, 'symbol': 'MGLV.JK', 'volume': 78700, 'market_cap': 15477177714375}"
MGLV.JK,2026-07-21,8450,341900,16096264822950,2026-09-11T13:49:50.836756+00:00,"{'low': 8100, 'date': '2026-07-21', 'high': 8600, 'open': None, 'close': 8450, 'symbol': 'MGLV.JK', 'volume': 341900, 'market_cap': 16096264822950}"
MGLV.JK,2026-07-22,8525,640000,16239131078775,2026-09-11T13:49:50.836756+00:00,"{'low': 8450, 'date': '2026-07-22', 'high': 9275, 'open': 0, 'close': 8525, 'symbol': 'MGLV.JK', 'volume': 640000, 'market_cap': 16239131078775}"
MGLV.JK,2026-07-23,8675,313700,16524863590425,2026-09-11T13:49:50.836756+00:00,"{'low': 8225, 'date': '2026-07-23', 'high': 8700, 'open': 0, 'close': 8675, 'symbol': 'MGLV.JK', 'volume': 313700, 'market_cap': 16524863590425}"
MGLV.JK,2026-07-24,8400,81800,16001020652400,2026-09-11T13:49:50.836756+00:00,"{'low': 8400, 'date': '2026-07-24', 'high': 8675, 'open': 0, 'close': 8400, 'symbol': 'MGLV.JK', 'volume': 81800, 'market_cap': 16001020652400}"
MGLV.JK,2026-07-27,8500,150900,16191508993500,2026-09-11T13:49:50.836756+00:00,"{'low': 8400, 'date': '2026-07-27', 'high': 8750, 'open': 0, 'close': 8500, 'symbol': 'MGLV.JK', 'volume': 150900, 'market_cap': 16191508993500}"
MGLV.JK,2026-07-28,8650,94500,16477241505150,2026-09-11T13:49:50.836756+00:00,"{'low': 8500, 'date': '2026-07-28', 'high': 8925, 'open': 0, 'close': 8650, 'symbol': 'MGLV.JK', 'volume': 94500, 'market_cap': 16477241505150}"
MGLV.JK,2026-07-29,8275,621200,15762910226025,2026-09-11T13:49:50.836756+00:00,"{'low': 7900, 'date': '2026-07-29', 'high': 9450, 'open': 0, 'close': 8275, 'symbol': 'MGLV.JK', 'volume': 621200, 'market_cap': 15762910226025}"
MGLV.JK,2026-07-30,8350,106300,15905776481850,2026-09-11T13:49:50.836756+00:00,"{'low': 7800, 'date': '2026-07-30', 'high': 8375, 'open': 0, 'close': 8350, 'symbol': 'MGLV.JK', 'volume': 106300, 'market_cap': 15905776481850}"
MGLV.JK,2026-07-31,8350,116400,15905776481850,2026-09-11T13:49:50.836756+00:00,"{'low': 8025, 'date': '2026-07-31', 'high': 8350, 'open': 0, 'close': 8350, 'symbol': 'MGLV.JK', 'volume': 116400, 'market_cap': 15905776481850}"
MGLV.JK,2026-08-03,8150,514500,15524799799650,2026-09-11T13:49:50.836756+00:00,"{'low': 7825, 'date': '2026-08-03', 'high': 8450, 'open': 0, 'close': 8150, 'symbol': 'MGLV.JK', 'volume': 514500, 'market_cap': 15524799799650}"
MGLV.JK,2026-08-04,8100,160200,15429555629100,2026-09-11T13:49:50.836756+00:00,"{'low': 7875, 'date': '2026-08-04', 'high': 8150, 'open': 8150, 'close': 8100, 'symbol': 'MGLV.JK', 'volume': 160200, 'market_cap': 15429555629100}"
MGLV.JK,2026-08-05,8500,222700,16191508993500,2026-09-11T13:49:50.836756+00:00,"{'low': 8100, 'date': '2026-08-05', 'high': 8800, 'open': 0, 'close': 8500, 'symbol': 'MGLV.JK', 'volume': 222700, 'market_cap': 16191508993500}"
MGLV.JK,2026-08-06,8300,79000,15810532311300,2026-09-11T13:49:50.836756+00:00,"{'low': 8150, 'date': '2026-08-06', 'high': 8525, 'open': 8475, 'close': 8300, 'symbol': 'MGLV.JK', 'volume': 79000, 'market_cap': 15810532311300}"
MGLV.JK,2026-08-07,8425,268100,16048642737675,2026-09-11T13:49:50.836756+00:00,"{'low': 8025, 'date': '2026-08-07', 'high': 8450, 'open': 8450, 'close': 8425, 'symbol': 'MGLV.JK', 'volume': 268100, 'market_cap': 16048642737675}"
MGLV.JK,2026-08-10,8375,179900,15953398567125,2026-09-11T13:49:50.836756+00:00,"{'low': 8000, 'date': '2026-08-10', 'high': 8425, 'open': 8425, 'close': 8375, 'symbol': 'MGLV.JK', 'volume': 179900, 'market_cap': 15953398567125}"
MGLV.JK,2026-08-11,9200,4012700,17524927381200,2026-09-11T13:49:50.836756+00:00,"{'low': 8450, 'date': '2026-08-11', 'high': 9200, 'open': 8450, 'close': 9200, 'symbol': 'MGLV.JK', 'volume': 4012700, 'market_cap': 17524927381200}"
MGLV.JK,2026-08-12,8750,1372700,16667729846250,2026-09-11T13:49:50.836756+00:00,"{'low': 8575, 'date': '2026-08-12', 'high': 9925, 'open': 9200, 'close': 8750, 'symbol': 'MGLV.JK', 'volume': 1372700, 'market_cap': 16667729846250}"
MGLV.JK,2026-08-13,9625,3746000,18334502830875,2026-09-11T13:49:50.836756+00:00,"{'low': 9000, 'date': '2026-08-13', 'high': 9625, 'open': 9000, 'close': 9625, 'symbol': 'MGLV.JK', 'volume': 3746000, 'market_cap': 18334502830875}"
MGLV.JK,2026-08-14,9975,2688600,19001212024725,2026-09-11T13:49:50.836756+00:00,"{'low': 9425, 'date': '2026-08-14', 'high': 10575, 'open': 9700, 'close': 9975, 'symbol': 'MGLV.JK', 'volume': 2688600, 'market_cap': 19001212024725}"
MGLV.JK,2026-08-18,10400,8345500,19810787474400,2026-09-11T13:49:50.836756+00:00,"{'low': 10000, 'date': '2026-08-18', 'high': 10950, 'open': 10500, 'close': 10400, 'symbol': 'MGLV.JK', 'volume': 8345500, 'market_cap': 19810787474400}"
MGLV.JK,2026-08-19,10950,1034200,20858473350450,2026-09-11T13:49:50.836756+00:00,"{'low': 9725, 'date': '2026-08-19', 'high': 11375, 'open': 10425, 'close': 10950, 'symbol': 'MGLV.JK', 'volume': 1034200, 'market_cap': 20858473350450}"
MGLV.JK,2026-08-20,11075,3154300,21096583776825,2026-09-11T13:49:50.836756+00:00,"{'low': 11000, 'date': '2026-08-20', 'high': 11950, 'open': 11225, 'close': 11075, 'symbol': 'MGLV.JK', 'volume': 3154300, 'market_cap': 21096583776825}"
MGLV.JK,2026-08-21,11175,1500600,21287072117925,2026-09-11T13:49:50.836756+00:00,"{'low': 10550, 'date': '2026-08-21', 'high': 11925, 'open': 11250, 'close': 11175, 'symbol': 'MGLV.JK', 'volume': 1500600, 'market_cap': 21287072117925}"
MGLV.JK,2026-08-24,11325,467800,21572804629575,2026-09-11T13:49:50.836756+00:00,"{'low': 10500, 'date': '2026-08-24', 'high': 11450, 'open': 10500, 'close': 11325, 'symbol': 'MGLV.JK', 'volume': 467800, 'market_cap': 21572804629575}"
MGLV.JK,2026-08-26,11800,1663200,22477624249800,2026-09-11T13:49:50.836756+00:00,"{'low': 10800, 'date': '2026-08-26', 'high': 12425, 'open': 11800, 'close': 11800, 'symbol': 'MGLV.JK', 'volume': 1663200, 'market_cap': 22477624249800}"
MGLV.JK,2026-08-27,12125,1030100,23096711358375,2026-09-11T13:49:50.836756+00:00,"{'low': 11575, 'date': '2026-08-27', 'high': 12925, 'open': 11800, 'close': 12125, 'symbol': 'MGLV.JK', 'volume': 1030100, 'market_cap': 23096711358375}"
MGLV.JK,2026-08-28,12100,2222100,23049089273100,2026-09-11T13:49:50.836756+00:00,"{'low': 12000, 'date': '2026-08-28', 'high': 13325, 'open': 12150, 'close': 12100, 'symbol': 'MGLV.JK', 'volume': 2222100, 'market_cap': 23049089273100}"
MGLV.JK,2026-08-31,12225,1515100,23287199699475,2026-09-11T13:49:50.836756+00:00,"{'low': 11800, 'date': '2026-08-31', 'high': 13200, 'open': 12125, 'close': 12225, 'symbol': 'MGLV.JK', 'volume': 1515100, 'market_cap': 23287199699475}"
MGLV.JK,2026-09-01,11500,2458200,21906159226500,2026-09-11T13:49:50.836756+00:00,"{'low': 11075, 'date': '2026-09-01', 'high': 12475, 'open': 12225, 'close': 11500, 'symbol': 'MGLV.JK', 'volume': 2458200, 'market_cap': 21906159226500}"
MGLV.JK,2026-09-02,10775,1821300,20525118753525,2026-09-11T13:49:50.836756+00:00,"{'low': 10650, 'date': '2026-09-02', 'high': 11500, 'open': 11500, 'close': 10775, 'symbol': 'MGLV.JK', 'volume': 1821300, 'market_cap': 20525118753525}"
MGLV.JK,2026-09-03,11175,1611500,21287072117925,2026-09-11T13:49:50.836756+00:00,"{'low': 10500, 'date': '2026-09-03', 'high': 11475, 'open': 10775, 'close': 11175, 'symbol': 'MGLV.JK', 'volume': 1611500, 'market_cap': 21287072117925}"
MGLV.JK,2026-09-04,12275,926800,23382443870025,2026-09-11T13:49:50.836756+00:00,"{'low': 11400, 'date': '2026-09-04', 'high': 12275, 'open': 11500, 'close': 12275, 'symbol': 'MGLV.JK', 'volume': 926800, 'market_cap': 23382443870025}"
MGLV.JK,2026-09-07,13500,425900,25715926048500,2026-09-11T13:49:50.836756+00:00,"{'low': 12800, 'date': '2026-09-07', 'high': 13500, 'open': 12800, 'close': 13500, 'symbol': 'MGLV.JK', 'volume': 425900, 'market_cap': 25715926048500}"
MGLV.JK,2026-09-08,14850,146900,28287518653350,2026-09-11T13:49:50.836756+00:00,"{'low': 14600, 'date': '2026-09-08', 'high': 14850, 'open': 14825, 'close': 14850, 'symbol': 'MGLV.JK', 'volume': 146900, 'market_cap': 28287518653350}"
MGLV.JK,2026-09-09,14850,0,28287518653350,2026-09-11T13:49:50.836756+00:00,"{'low': 0, 'date': '2026-09-09', 'high': 0, 'open': 0, 'close': 14850, 'symbol': 'MGLV.JK', 'volume': 0, 'market_cap': 28287518653350}"
MGLV.JK,2026-09-10,15000,3010500,28573251165000,2026-09-11T13:49:50.836756+00:00,"{'low': 14100, 'date': '2026-09-10', 'high': 16000, 'open': 15400, 'close': 15000, 'symbol': 'MGLV.JK', 'volume': 3010500, 'market_cap': 28573251165000}"
MGLV.JK,2026-09-11,15250,1932800,29049472017750,2026-09-11T13:49:50.836756+00:00,"{'low': 14500, 'date': '2026-09-11', 'high': 16450, 'open': 15600, 'close': 15250, 'symbol': 'MGLV.JK', 'volume': 1932800, 'market_cap': 29049472017750}"
SOHO.JK,2026-09-04,1205,107100,15293477279950,2026-09-11T13:49:54.205823+00:00,"{'low': 1190, 'date': '2026-09-04', 'high': 1215, 'open': 1195, 'close': 1205, 'symbol': 'SOHO.JK', 'volume': 107100, 'market_cap': 15293477279950}"
SOHO.JK,2026-09-07,1505,908100,19100981996950,2026-09-11T13:49:54.205823+00:00,"{'low': 1205, 'date': '2026-09-07', 'high': 1505, 'open': 1205, 'close': 1505, 'symbol': 'SOHO.JK', 'volume': 908100, 'market_cap': 19100981996950}"
SOHO.JK,2026-09-08,1820,5055700,23098861949800,2026-09-11T13:49:54.205823+00:00,"{'low': 1520, 'date': '2026-09-08', 'high': 1880, 'open': 1520, 'close': 1820, 'symbol': 'SOHO.JK', 'volume': 5055700, 'market_cap': 23098861949800}"
SOHO.JK,2026-09-09,1795,1399200,22781569890050,2026-09-11T13:49:54.205823+00:00,"{'low': 1690, 'date': '2026-09-09', 'high': 2000, 'open': 2000, 'close': 1795, 'symbol': 'SOHO.JK', 'volume': 1399200, 'market_cap': 22781569890050}"
SOHO.JK,2026-09-10,1640,340000,20814359119600,2026-09-11T13:49:54.205823+00:00,"{'low': 1625, 'date': '2026-09-10', 'high': 1780, 'open': 1780, 'close': 1640, 'symbol': 'SOHO.JK', 'volume': 340000, 'market_cap': 20814359119600}"
SOHO.JK,2026-09-11,1605,177200,20370150235950,2026-09-11T13:49:54.205823+00:00,"{'low': 1505, 'date': '2026-09-11', 'high': 1680, 'open': 1635, 'close': 1605, 'symbol': 'SOHO.JK', 'volume': 177200, 'market_cap': 20370150235950}"
BELI.JK,2026-06-15,302,356000,41440133678078,2026-09-11T13:49:57.640191+00:00,"{'low': 290, 'date': '2026-06-15', 'high': 324, 'open': 292, 'close': 302, 'symbol': 'BELI.JK', 'volume': 356000, 'market_cap': 41440133678078}"
BELI.JK,2026-06-17,296,123200,40616819763944,2026-09-11T13:49:57.640191+00:00,"{'low': 290, 'date': '2026-06-17', 'high': 310, 'open': 304, 'close': 296, 'symbol': 'BELI.JK', 'volume': 123200, 'market_cap': 40616819763944}"
BELI.JK,2026-06-18,304,14800,41714571649456,2026-09-11T13:49:57.640191+00:00,"{'low': 296, 'date': '2026-06-18', 'high': 308, 'open': 296, 'close': 304, 'symbol': 'BELI.JK', 'volume': 14800, 'market_cap': 41714571649456}"
BELI.JK,2026-06-19,302,100700,41440133678078,2026-09-11T13:49:57.640191+00:00,"{'low': 298, 'date': '2026-06-19', 'high': 320, 'open': 304, 'close': 302, 'symbol': 'BELI.JK', 'volume': 100700, 'market_cap': 41440133678078}"
BELI.JK,2026-06-22,302,22100,41440133678078,2026-09-11T13:49:57.640191+00:00,"{'low': 292, 'date': '2026-06-22', 'high': 308, 'open': 306, 'close': 302, 'symbol': 'BELI.JK', 'volume': 22100, 'market_cap': 41440133678078}"
BELI.JK,2026-06-23,282,268600,38695753964298,2026-09-11T13:49:57.640191+00:00,"{'low': 270, 'date': '2026-06-23', 'high': 302, 'open': None, 'close': 282, 'symbol': 'BELI.JK', 'volume': 268600, 'market_cap': 38695753964298}"
BELI.JK,2026-06-24,272,528400,37323564107408,2026-09-11T13:49:57.640191+00:00,"{'low': 270, 'date': '2026-06-24', 'high': 286, 'open': 284, 'close': 272, 'symbol': 'BELI.JK', 'volume': 528400, 'market_cap': 37323564107408}"
BELI.JK,2026-06-25,276,222300,37872440050164,2026-09-11T13:49:57.640191+00:00,"{'low': 266, 'date': '2026-06-25', 'high': 278, 'open': 272, 'close': 276, 'symbol': 'BELI.JK', 'volume': 222300, 'market_cap': 37872440050164}"
BELI.JK,2026-06-26,270,70800,37049126136030,2026-09-11T13:49:57.640191+00:00,"{'low': 268, 'date': '2026-06-26', 'high': 282, 'open': 280, 'close': 270, 'symbol': 'BELI.JK', 'volume': 70800, 'market_cap': 37049126136030}"
BELI.JK,2026-06-29,268,115600,36774688164652,2026-09-11T13:49:57.640191+00:00,"{'low': 268, 'date': '2026-06-29', 'high': 280, 'open': 270, 'close': 268, 'symbol': 'BELI.JK', 'volume': 115600, 'market_cap': 36774688164652}"
BELI.JK,2026-06-30,268,148500,36774688164652,2026-09-11T13:49:57.640191+00:00,"{'low': 266, 'date': '2026-06-30', 'high': 288, 'open': None, 'close': 268, 'symbol': 'BELI.JK', 'volume': 148500, 'market_cap': 36774688164652}"
BELI.JK,2026-07-01,280,365500,38421315992920,2026-09-11T13:49:57.640191+00:00,"{'low': 262, 'date': '2026-07-01', 'high': 298, 'open': None, 'close': 280, 'symbol': 'BELI.JK', 'volume': 365500, 'market_cap': 38421315992920}"
BELI.JK,2026-07-02,276,207000,37872440050164,2026-09-11T13:49:57.640191+00:00,"{'low': 262, 'date': '2026-07-02', 'high': 280, 'open': 280, 'close': 276, 'symbol': 'BELI.JK', 'volume': 207000, 'market_cap': 37872440050164}"
BELI.JK,2026-07-03,274,217900,37598002078786,2026-09-11T13:49:57.640191+00:00,"{'low': 270, 'date': '2026-07-03', 'high': 290, 'open': 276, 'close': 274, 'symbol': 'BELI.JK', 'volume': 217900, 'market_cap': 37598002078786}"
BELI.JK,2026-07-06,274,85300,37598002078786,2026-09-11T13:49:57.640191+00:00,"{'low': 266, 'date': '2026-07-06', 'high': 278, 'open': 276, 'close': 274, 'symbol': 'BELI.JK', 'volume': 85300, 'market_cap': 37598002078786}"
BELI.JK,2026-07-07,264,377300,36225812221896,2026-09-11T13:49:57.640191+00:00,"{'low': 262, 'date': '2026-07-07', 'high': 278, 'open': 262, 'close': 264, 'symbol': 'BELI.JK', 'volume': 377300, 'market_cap': 36225812221896}"
BELI.JK,2026-07-08,268,575200,36774688164652,2026-09-11T13:49:57.640191+00:00,"{'low': 260, 'date': '2026-07-08', 'high': 270, 'open': 268, 'close': 268, 'symbol': 'BELI.JK', 'volume': 575200, 'market_cap': 36774688164652}"
BELI.JK,2026-07-09,262,99700,35951374250518,2026-09-11T13:49:57.640191+00:00,"{'low': 262, 'date': '2026-07-09', 'high': 268, 'open': 268, 'close': 262, 'symbol': 'BELI.JK', 'volume': 99700, 'market_cap': 35951374250518}"
BELI.JK,2026-07-10,264,96600,36225812221896,2026-09-11T13:49:57.640191+00:00,"{'low': 262, 'date': '2026-07-10', 'high': 268, 'open': 266, 'close': 264, 'symbol': 'BELI.JK', 'volume': 96600, 'market_cap': 36225812221896}"
BELI.JK,2026-07-13,264,538400,36225812221896,2026-09-11T13:49:57.640191+00:00,"{'low': 256, 'date': '2026-07-13', 'high': 266, 'open': 264, 'close': 264, 'symbol': 'BELI.JK', 'volume': 538400, 'market_cap': 36225812221896}"
BELI.JK,2026-07-14,270,383200,37049126136030,2026-09-11T13:49:57.640191+00:00,"{'low': 256, 'date': '2026-07-14', 'high': 270, 'open': 266, 'close': 270, 'symbol': 'BELI.JK', 'volume': 383200, 'market_cap': 37049126136030}"
BELI.JK,2026-07-15,262,746500,35951374250518,2026-09-11T13:49:57.640191+00:00,"{'low': 250, 'date': '2026-07-15', 'high': 274, 'open': 270, 'close': 262, 'symbol': 'BELI.JK', 'volume': 746500, 'market_cap': 35951374250518}"
BELI.JK,2026-07-16,264,158400,36225812221896,2026-09-11T13:49:57.640191+00:00,"{'low': 260, 'date': '2026-07-16', 'high': 264, 'open': 264, 'close': 264, 'symbol': 'BELI.JK', 'volume': 158400, 'market_cap': 36225812221896}"
BELI.JK,2026-07-17,260,362300,35676936279140,2026-09-11T13:49:57.640191+00:00,"{'low': 256, 'date': '2026-07-17', 'high': 264, 'open': 264, 'close': 260, 'symbol': 'BELI.JK', 'volume': 362300, 'market_cap': 35676936279140}"
BELI.JK,2026-07-20,258,358100,35402498307762,2026-09-11T13:49:57.640191+00:00,"{'low': 254, 'date': '2026-07-20', 'high': 262, 'open': 262, 'close': 258, 'symbol': 'BELI.JK', 'volume': 358100, 'market_cap': 35402498307762}"
BELI.JK,2026-07-21,260,1334000,35676936279140,2026-09-11T13:49:57.640191+00:00,"{'low': 250, 'date': '2026-07-21', 'high': 260, 'open': 260, 'close': 260, 'symbol': 'BELI.JK', 'volume': 1334000, 'market_cap': 35676936279140}"
BELI.JK,2026-07-22,260,244700,35676936279140,2026-09-11T13:49:57.640191+00:00,"{'low': 252, 'date': '2026-07-22', 'high': 266, 'open': 260, 'close': 260, 'symbol': 'BELI.JK', 'volume': 244700, 'market_cap': 35676936279140}"
BELI.JK,2026-07-23,256,508900,35128060336384,2026-09-11T13:49:57.640191+00:00,"{'low': 252, 'date': '2026-07-23', 'high': 260, 'open': 260, 'close': 256, 'symbol': 'BELI.JK', 'volume': 508900, 'market_cap': 35128060336384}"
BELI.JK,2026-07-24,254,64600,34853622365006,2026-09-11T13:49:57.640191+00:00,"{'low': 252, 'date': '2026-07-24', 'high': 260, 'open': 260, 'close': 254, 'symbol': 'BELI.JK', 'volume': 64600, 'market_cap': 34853622365006}"
BELI.JK,2026-07-27,256,267100,35128060336384,2026-09-11T13:49:57.640191+00:00,"{'low': 252, 'date': '2026-07-27', 'high': 258, 'open': 256, 'close': 256, 'symbol': 'BELI.JK', 'volume': 267100, 'market_cap': 35128060336384}"
BELI.JK,2026-07-28,256,368500,35128060336384,2026-09-11T13:49:57.640191+00:00,"{'low': 250, 'date': '2026-07-28', 'high': 258, 'open': 256, 'close': 256, 'symbol': 'BELI.JK', 'volume': 368500, 'market_cap': 35128060336384}"
BELI.JK,2026-07-29,254,621800,34853622365006,2026-09-11T13:49:57.640191+00:00,"{'low': 250, 'date': '2026-07-29', 'high': 256, 'open': 256, 'close': 254, 'symbol': 'BELI.JK', 'volume': 621800, 'market_cap': 34853622365006}"
BELI.JK,2026-07-30,254,648100,34853622365006,2026-09-11T13:49:57.640191+00:00,"{'low': 248, 'date': '2026-07-30', 'high': 254, 'open': 250, 'close': 254, 'symbol': 'BELI.JK', 'volume': 648100, 'market_cap': 34853622365006}"
BELI.JK,2026-07-31,256,539800,35128060336384,2026-09-11T13:49:57.640191+00:00,"{'low': 252, 'date': '2026-07-31', 'high': 260, 'open': 254, 'close': 256, 'symbol': 'BELI.JK', 'volume': 539800, 'market_cap': 35128060336384}"
BELI.JK,2026-08-03,258,429900,35402498307762,2026-09-11T13:49:57.640191+00:00,"{'low': 250, 'date': '2026-08-03', 'high': 258, 'open': 258, 'close': 258, 'symbol': 'BELI.JK', 'volume': 429900, 'market_cap': 35402498307762}"
BELI.JK,2026-08-04,252,582800,34579184393628,2026-09-11T13:49:57.640191+00:00,"{'low': 250, 'date': '2026-08-04', 'high': 258, 'open': 258, 'close': 252, 'symbol': 'BELI.JK', 'volume': 582800, 'market_cap': 34579184393628}"
BELI.JK,2026-08-05,250,1142500,34304746422250,2026-09-11T13:49:57.640191+00:00,"{'low': 250, 'date': '2026-08-05', 'high': 254, 'open': 252, 'close': 250, 'symbol': 'BELI.JK', 'volume': 1142500, 'market_cap': 34304746422250}"
BELI.JK,2026-08-06,254,257000,34853622365006,2026-09-11T13:49:57.640191+00:00,"{'low': 250, 'date': '2026-08-06', 'high': 258, 'open': 252, 'close': 254, 'symbol': 'BELI.JK', 'volume': 257000, 'market_cap': 34853622365006}"
BELI.JK,2026-08-07,258,949200,35402498307762,2026-09-11T13:49:57.640191+00:00,"{'low': 252, 'date': '2026-08-07', 'high': 262, 'open': 254, 'close': 258, 'symbol': 'BELI.JK', 'volume': 949200, 'market_cap': 35402498307762}"
BELI.JK,2026-08-10,260,765900,35676936279140,2026-09-11T13:49:57.640191+00:00,"{'low': 250, 'date': '2026-08-10', 'high': 260, 'open': 258, 'close': 260, 'symbol': 'BELI.JK', 'volume': 765900, 'market_cap': 35676936279140}"
BELI.JK,2026-08-11,258,1722400,35402498307762,2026-09-11T13:49:57.640191+00:00,"{'low': 250, 'date': '2026-08-11', 'high': 270, 'open': 260, 'close': 258, 'symbol': 'BELI.JK', 'volume': 1722400, 'market_cap': 35402498307762}"
BELI.JK,2026-08-12,260,758400,35676936279140,2026-09-11T13:49:57.640191+00:00,"{'low': 252, 'date': '2026-08-12', 'high': 262, 'open': 258, 'close': 260, 'symbol': 'BELI.JK', 'volume': 758400, 'market_cap': 35676936279140}"
BELI.JK,2026-08-13,258,1307200,35402498307762,2026-09-11T13:49:57.640191+00:00,"{'low': 258, 'date': '2026-08-13', 'high': 270, 'open': 260, 'close': 258, 'symbol': 'BELI.JK', 'volume': 1307200, 'market_cap': 35402498307762}"
BELI.JK,2026-08-14,270,1354300,37049126136030,2026-09-11T13:49:57.640191+00:00,"{'low': 252, 'date': '2026-08-14', 'high': 270, 'open': 258, 'close': 270, 'symbol': 'BELI.JK', 'volume': 1354300, 'market_cap': 37049126136030}"
BELI.JK,2026-08-18,266,2690800,36500250193274,2026-09-11T13:49:57.640191+00:00,"{'low': 260, 'date': '2026-08-18', 'high': 274, 'open': 270, 'close': 266, 'symbol': 'BELI.JK', 'volume': 2690800, 'market_cap': 36500250193274}"
BELI.JK,2026-08-19,264,1754300,36225812221896,2026-09-11T13:49:57.640191+00:00,"{'low': 260, 'date': '2026-08-19', 'high': 270, 'open': 266, 'close': 264, 'symbol': 'BELI.JK', 'volume': 1754300, 'market_cap': 36225812221896}"
BELI.JK,2026-08-20,264,740700,36225812221896,2026-09-11T13:49:57.640191+00:00,"{'low': 262, 'date': '2026-08-20', 'high': 266, 'open': 264, 'close': 264, 'symbol': 'BELI.JK', 'volume': 740700, 'market_cap': 36225812221896}"
BELI.JK,2026-08-21,266,1108500,36500250193274,2026-09-11T13:49:57.640191+00:00,"{'low': 260, 'date': '2026-08-21', 'high': 270, 'open': 264, 'close': 266, 'symbol': 'BELI.JK', 'volume': 1108500, 'market_cap': 36500250193274}"
BELI.JK,2026-08-24,260,751900,35676936279140,2026-09-11T13:49:57.640191+00:00,"{'low': 260, 'date': '2026-08-24', 'high': 270, 'open': 268, 'close': 260, 'symbol': 'BELI.JK', 'volume': 751900, 'market_cap': 35676936279140}"
BELI.JK,2026-08-26,258,2304500,35402498307762,2026-09-11T13:49:57.640191+00:00,"{'low': 252, 'date': '2026-08-26', 'high': 270, 'open': 260, 'close': 258, 'symbol': 'BELI.JK', 'volume': 2304500, 'market_cap': 35402498307762}"
BELI.JK,2026-08-27,262,1240900,35951374250518,2026-09-11T13:49:57.640191+00:00,"{'low': 250, 'date': '2026-08-27', 'high': 262, 'open': 258, 'close': 262, 'symbol': 'BELI.JK', 'volume': 1240900, 'market_cap': 35951374250518}"
BELI.JK,2026-08-28,260,238100,35676936279140,2026-09-11T13:49:57.640191+00:00,"{'low': 260, 'date': '2026-08-28', 'high': 262, 'open': 262, 'close': 260, 'symbol': 'BELI.JK', 'volume': 238100, 'market_cap': 35676936279140}"
BELI.JK,2026-08-31,262,810900,35951374250518,2026-09-11T13:49:57.640191+00:00,"{'low': 256, 'date': '2026-08-31', 'high': 266, 'open': 262, 'close': 262, 'symbol': 'BELI.JK', 'volume': 810900, 'market_cap': 35951374250518}"
BELI.JK,2026-09-01,326,8279400,44733389334614,2026-09-11T13:49:57.640191+00:00,"{'low': 266, 'date': '2026-09-01', 'high': 326, 'open': 268, 'close': 326, 'symbol': 'BELI.JK', 'volume': 8279400, 'market_cap': 44733389334614}"
BELI.JK,2026-09-02,406,13679100,55710908189734,2026-09-11T13:49:57.640191+00:00,"{'low': 342, 'date': '2026-09-02', 'high': 406, 'open': 342, 'close': 406, 'symbol': 'BELI.JK', 'volume': 13679100, 'market_cap': 55710908189734}"
BELI.JK,2026-09-03,358,9177400,49124396876662,2026-09-11T13:49:57.640191+00:00,"{'low': 348, 'date': '2026-09-03', 'high': 388, 'open': 374, 'close': 358, 'symbol': 'BELI.JK', 'volume': 9177400, 'market_cap': 49124396876662}"
BELI.JK,2026-09-04,348,5958700,47752207019772,2026-09-11T13:49:57.640191+00:00,"{'low': 336, 'date': '2026-09-04', 'high': 398, 'open': 364, 'close': 348, 'symbol': 'BELI.JK', 'volume': 5958700, 'market_cap': 47752207019772}"
BELI.JK,2026-09-07,340,894900,46654455134260,2026-09-11T13:49:57.640191+00:00,"{'low': 328, 'date': '2026-09-07', 'high': 356, 'open': 348, 'close': 340, 'symbol': 'BELI.JK', 'volume': 894900, 'market_cap': 46654455134260}"
BELI.JK,2026-09-08,320,2522100,43910075420480,2026-09-11T13:49:57.640191+00:00,"{'low': 314, 'date': '2026-09-08', 'high': 340, 'open': 340, 'close': 320, 'symbol': 'BELI.JK', 'volume': 2522100, 'market_cap': 43910075420480}"
BELI.JK,2026-09-09,298,3458900,40891257735322,2026-09-11T13:49:57.640191+00:00,"{'low': 290, 'date': '2026-09-09', 'high': 326, 'open': 320, 'close': 298, 'symbol': 'BELI.JK', 'volume': 3458900, 'market_cap': 40891257735322}"
BELI.JK,2026-09-10,304,9970700,41714571649456,2026-09-11T13:49:57.640191+00:00,"{'low': 298, 'date': '2026-09-10', 'high': 336, 'open': 304, 'close': 304, 'symbol': 'BELI.JK', 'volume': 9970700, 'market_cap': 41714571649456}"
BELI.JK,2026-09-11,296,1168500,40616819763944,2026-09-11T13:49:57.640191+00:00,"{'low': 290, 'date': '2026-09-11', 'high': 306, 'open': 304, 'close': 296, 'symbol': 'BELI.JK', 'volume': 1168500, 'market_cap': 40616819763944}"
SRAJ.JK,2026-06-15,10375,40600,126979209896250,2026-09-11T13:50:00.931651+00:00,"{'low': 10375, 'date': '2026-06-15', 'high': 11000, 'open': 11000, 'close': 10375, 'symbol': 'SRAJ.JK', 'volume': 40600, 'market_cap': 126979209896250}"
SRAJ.JK,2026-06-17,10375,12900,126979209896250,2026-09-11T13:50:00.931651+00:00,"{'low': 10025, 'date': '2026-06-17', 'high': 10600, 'open': 10400, 'close': 10375, 'symbol': 'SRAJ.JK', 'volume': 12900, 'market_cap': 126979209896250}"
SRAJ.JK,2026-06-18,10025,3900,122695573899750,2026-09-11T13:50:00.931651+00:00,"{'low': 10025, 'date': '2026-06-18', 'high': 10075, 'open': None, 'close': 10025, 'symbol': 'SRAJ.JK', 'volume': 3900, 'market_cap': 122695573899750}"
SRAJ.JK,2026-06-19,11000,1465000,134628559890000,2026-09-11T13:50:00.931651+00:00,"{'low': 8525, 'date': '2026-06-19', 'high': 11100, 'open': None, 'close': 11000, 'symbol': 'SRAJ.JK', 'volume': 1465000, 'market_cap': 134628559890000}"
SRAJ.JK,2026-06-22,10175,20900,124531417898250,2026-09-11T13:50:00.931651+00:00,"{'low': 10050, 'date': '2026-06-22', 'high': 11000, 'open': 10975, 'close': 10175, 'symbol': 'SRAJ.JK', 'volume': 20900, 'market_cap': 124531417898250}"
SRAJ.JK,2026-06-23,11075,19700,135546481889250,2026-09-11T13:50:00.931651+00:00,"{'low': 9775, 'date': '2026-06-23', 'high': 11275, 'open': 10125, 'close': 11075, 'symbol': 'SRAJ.JK', 'volume': 19700, 'market_cap': 135546481889250}"
SRAJ.JK,2026-06-24,11000,21100,134628559890000,2026-09-11T13:50:00.931651+00:00,"{'low': 10200, 'date': '2026-06-24', 'high': 11000, 'open': None, 'close': 11000, 'symbol': 'SRAJ.JK', 'volume': 21100, 'market_cap': 134628559890000}"
SRAJ.JK,2026-06-25,11000,13900,134628559890000,2026-09-11T13:50:00.931651+00:00,"{'low': 10250, 'date': '2026-06-25', 'high': 11100, 'open': None, 'close': 11000, 'symbol': 'SRAJ.JK', 'volume': 13900, 'market_cap': 134628559890000}"
SRAJ.JK,2026-06-26,11000,11600,134628559890000,2026-09-11T13:50:00.931651+00:00,"{'low': 10550, 'date': '2026-06-26', 'high': 11000, 'open': None, 'close': 11000, 'symbol': 'SRAJ.JK', 'volume': 11600, 'market_cap': 134628559890000}"
SRAJ.JK,2026-06-29,11000,2400,134628559890000,2026-09-11T13:50:00.931651+00:00,"{'low': 10625, 'date': '2026-06-29', 'high': 11050, 'open': 11000, 'close': 11000, 'symbol': 'SRAJ.JK', 'volume': 2400, 'market_cap': 134628559890000}"
SRAJ.JK,2026-06-30,11000,3200,134628559890000,2026-09-11T13:50:00.931651+00:00,"{'low': 10650, 'date': '2026-06-30', 'high': 11000, 'open': None, 'close': 11000, 'symbol': 'SRAJ.JK', 'volume': 3200, 'market_cap': 134628559890000}"
SRAJ.JK,2026-07-01,11000,1900,134628559890000,2026-09-11T13:50:00.931651+00:00,"{'low': 10700, 'date': '2026-07-01', 'high': 11000, 'open': None, 'close': 11000, 'symbol': 'SRAJ.JK', 'volume': 1900, 'market_cap': 134628559890000}"
SRAJ.JK,2026-07-02,11000,1600,134628559890000,2026-09-11T13:50:00.931651+00:00,"{'low': 10850, 'date': '2026-07-02', 'high': 11000, 'open': None, 'close': 11000, 'symbol': 'SRAJ.JK', 'volume': 1600, 'market_cap': 134628559890000}"
SRAJ.JK,2026-07-03,11000,29300,134628559890000,2026-09-11T13:50:00.931651+00:00,"{'low': 10700, 'date': '2026-07-03', 'high': 11000, 'open': None, 'close': 11000, 'symbol': 'SRAJ.JK', 'volume': 29300, 'market_cap': 134628559890000}"
SRAJ.JK,2026-07-06,11050,6300,135240507889500,2026-09-11T13:50:00.931651+00:00,"{'low': 11000, 'date': '2026-07-06', 'high': 11350, 'open': None, 'close': 11050, 'symbol': 'SRAJ.JK', 'volume': 6300, 'market_cap': 135240507889500}"
SRAJ.JK,2026-07-07,11000,5200,134628559890000,2026-09-11T13:50:00.931651+00:00,"{'low': 10750, 'date': '2026-07-07', 'high': 11000, 'open': None, 'close': 11000, 'symbol': 'SRAJ.JK', 'volume': 5200, 'market_cap': 134628559890000}"
SRAJ.JK,2026-07-08,11000,3600,134628559890000,2026-09-11T13:50:00.931651+00:00,"{'low': 10775, 'date': '2026-07-08', 'high': 11000, 'open': None, 'close': 11000, 'symbol': 'SRAJ.JK', 'volume': 3600, 'market_cap': 134628559890000}"
SRAJ.JK,2026-07-09,11000,1800,134628559890000,2026-09-11T13:50:00.931651+00:00,"{'low': 10825, 'date': '2026-07-09', 'high': 11000, 'open': None, 'close': 11000, 'symbol': 'SRAJ.JK', 'volume': 1800, 'market_cap': 134628559890000}"
SRAJ.JK,2026-07-10,11000,800,134628559890000,2026-09-11T13:50:00.931651+00:00,"{'low': 10850, 'date': '2026-07-10', 'high': 11000, 'open': None, 'close': 11000, 'symbol': 'SRAJ.JK', 'volume': 800, 'market_cap': 134628559890000}"
SRAJ.JK,2026-07-13,11000,3600,134628559890000,2026-09-11T13:50:00.931651+00:00,"{'low': 10850, 'date': '2026-07-13', 'high': 11000, 'open': 10850, 'close': 11000, 'symbol': 'SRAJ.JK', 'volume': 3600, 'market_cap': 134628559890000}"
SRAJ.JK,2026-07-14,11600,16700,141971935884000,2026-09-11T13:50:00.931651+00:00,"{'low': 10750, 'date': '2026-07-14', 'high': 12950, 'open': None, 'close': 11600, 'symbol': 'SRAJ.JK', 'volume': 16700, 'market_cap': 141971935884000}"
SRAJ.JK,2026-07-15,11000,10700,134628559890000,2026-09-11T13:50:00.931651+00:00,"{'low': 10900, 'date': '2026-07-15', 'high': 11750, 'open': 11750, 'close': 11000, 'symbol': 'SRAJ.JK', 'volume': 10700, 'market_cap': 134628559890000}"
SRAJ.JK,2026-07-16,11000,7600,134628559890000,2026-09-11T13:50:00.931651+00:00,"{'low': 11000, 'date': '2026-07-16', 'high': 11775, 'open': None, 'close': 11000, 'symbol': 'SRAJ.JK', 'volume': 7600, 'market_cap': 134628559890000}"
SRAJ.JK,2026-07-17,11000,1400,134628559890000,2026-09-11T13:50:00.931651+00:00,"{'low': 10800, 'date': '2026-07-17', 'high': 11000, 'open': None, 'close': 11000, 'symbol': 'SRAJ.JK', 'volume': 1400, 'market_cap': 134628559890000}"
SRAJ.JK,2026-07-20,11000,11300,134628559890000,2026-09-11T13:50:00.931651+00:00,"{'low': 10800, 'date': '2026-07-20', 'high': 11000, 'open': None, 'close': 11000, 'symbol': 'SRAJ.JK', 'volume': 11300, 'market_cap': 134628559890000}"
SRAJ.JK,2026-07-21,11000,7600,134628559890000,2026-09-11T13:50:00.931651+00:00,"{'low': 10825, 'date': '2026-07-21', 'high': 11000, 'open': None, 'close': 11000, 'symbol': 'SRAJ.JK', 'volume': 7600, 'market_cap': 134628559890000}"
SRAJ.JK,2026-07-22,11000,8300,134628559890000,2026-09-11T13:50:00.931651+00:00,"{'low': 10850, 'date': '2026-07-22', 'high': 11500, 'open': 0, 'close': 11000, 'symbol': 'SRAJ.JK', 'volume': 8300, 'market_cap': 134628559890000}"
SRAJ.JK,2026-07-23,10900,1500,133404663891000,2026-09-11T13:50:00.931651+00:00,"{'low': 10875, 'date': '2026-07-23', 'high': 10950, 'open': 0, 'close': 10900, 'symbol': 'SRAJ.JK', 'volume': 1500, 'market_cap': 133404663891000}"
SRAJ.JK,2026-07-24,11000,8700,134628559890000,2026-09-11T13:50:00.931651+00:00,"{'low': 10725, 'date': '2026-07-24', 'high': 11000, 'open': 10900, 'close': 11000, 'symbol': 'SRAJ.JK', 'volume': 8700, 'market_cap': 134628559890000}"
SRAJ.JK,2026-07-27,11000,3200,134628559890000,2026-09-11T13:50:00.931651+00:00,"{'low': 10825, 'date': '2026-07-27', 'high': 11000, 'open': 0, 'close': 11000, 'symbol': 'SRAJ.JK', 'volume': 3200, 'market_cap': 134628559890000}"
SRAJ.JK,2026-07-28,11000,12800,134628559890000,2026-09-11T13:50:00.931651+00:00,"{'low': 10825, 'date': '2026-07-28', 'high': 11000, 'open': 0, 'close': 11000, 'symbol': 'SRAJ.JK', 'volume': 12800, 'market_cap': 134628559890000}"
SRAJ.JK,2026-07-29,11000,11900,134628559890000,2026-09-11T13:50:00.931651+00:00,"{'low': 10850, 'date': '2026-07-29', 'high': 11850, 'open': 11850, 'close': 11000, 'symbol': 'SRAJ.JK', 'volume': 11900, 'market_cap': 134628559890000}"
SRAJ.JK,2026-07-30,11600,14700,141971935884000,2026-09-11T13:50:00.931651+00:00,"{'low': 10875, 'date': '2026-07-30', 'high': 11600, 'open': 0, 'close': 11600, 'symbol': 'SRAJ.JK', 'volume': 14700, 'market_cap': 141971935884000}"
SRAJ.JK,2026-07-31,12050,4400,147479467879500,2026-09-11T13:50:00.931651+00:00,"{'low': 11600, 'date': '2026-07-31', 'high': 12050, 'open': 11600, 'close': 12050, 'symbol': 'SRAJ.JK', 'volume': 4400, 'market_cap': 147479467879500}"
SRAJ.JK,2026-08-03,12500,13300,152986999875000,2026-09-11T13:50:00.931651+00:00,"{'low': 11200, 'date': '2026-08-03', 'high': 12500, 'open': 12100, 'close': 12500, 'symbol': 'SRAJ.JK', 'volume': 13300, 'market_cap': 152986999875000}"
SRAJ.JK,2026-08-04,12875,1800,157576609871250,2026-09-11T13:50:00.931651+00:00,"{'low': 12275, 'date': '2026-08-04', 'high': 12875, 'open': 12275, 'close': 12875, 'symbol': 'SRAJ.JK', 'volume': 1800, 'market_cap': 157576609871250}"
SRAJ.JK,2026-08-05,13000,7900,159106479870000,2026-09-11T13:50:00.931651+00:00,"{'low': 12500, 'date': '2026-08-05', 'high': 13000, 'open': 0, 'close': 13000, 'symbol': 'SRAJ.JK', 'volume': 7900, 'market_cap': 159106479870000}"
SRAJ.JK,2026-08-06,13200,1200,161554271868000,2026-09-11T13:50:00.931651+00:00,"{'low': 12850, 'date': '2026-08-06', 'high': 13200, 'open': 13000, 'close': 13200, 'symbol': 'SRAJ.JK', 'volume': 1200, 'market_cap': 161554271868000}"
SRAJ.JK,2026-08-07,13025,4000,159412453869750,2026-09-11T13:50:00.931651+00:00,"{'low': 13000, 'date': '2026-08-07', 'high': 13100, 'open': 13000, 'close': 13025, 'symbol': 'SRAJ.JK', 'volume': 4000, 'market_cap': 159412453869750}"
SRAJ.JK,2026-08-10,13000,1700,159106479870000,2026-09-11T13:50:00.931651+00:00,"{'low': 12600, 'date': '2026-08-10', 'high': 13000, 'open': 12600, 'close': 13000, 'symbol': 'SRAJ.JK', 'volume': 1700, 'market_cap': 159106479870000}"
SRAJ.JK,2026-08-11,13000,0,159106479870000,2026-09-11T13:50:00.931651+00:00,"{'low': 0, 'date': '2026-08-11', 'high': 0, 'open': 0, 'close': 13000, 'symbol': 'SRAJ.JK', 'volume': 0, 'market_cap': 159106479870000}"
SRAJ.JK,2026-08-12,13000,800,159106479870000,2026-09-11T13:50:00.931651+00:00,"{'low': 13000, 'date': '2026-08-12', 'high': 13025, 'open': 13000, 'close': 13000, 'symbol': 'SRAJ.JK', 'volume': 800, 'market_cap': 159106479870000}"
SRAJ.JK,2026-08-13,13000,7400,159106479870000,2026-09-11T13:50:00.931651+00:00,"{'low': 12375, 'date': '2026-08-13', 'high': 13000, 'open': 12650, 'close': 13000, 'symbol': 'SRAJ.JK', 'volume': 7400, 'market_cap': 159106479870000}"
SRAJ.JK,2026-08-14,15000,2500,183584399850000,2026-09-11T13:50:00.931651+00:00,"{'low': 13000, 'date': '2026-08-14', 'high': 15000, 'open': 13000, 'close': 15000, 'symbol': 'SRAJ.JK', 'volume': 2500, 'market_cap': 183584399850000}"
SRAJ.JK,2026-08-18,15000,300,183584399850000,2026-09-11T13:50:00.931651+00:00,"{'low': 15000, 'date': '2026-08-18', 'high': 15000, 'open': 15000, 'close': 15000, 'symbol': 'SRAJ.JK', 'volume': 300, 'market_cap': 183584399850000}"
SRAJ.JK,2026-08-19,14875,100,182054529851250,2026-09-11T13:50:00.931651+00:00,"{'low': 14875, 'date': '2026-08-19', 'high': 14875, 'open': 14875, 'close': 14875, 'symbol': 'SRAJ.JK', 'volume': 100, 'market_cap': 182054529851250}"
SRAJ.JK,2026-08-20,14350,1600,175629075856500,2026-09-11T13:50:00.931651+00:00,"{'low': 14350, 'date': '2026-08-20', 'high': 14500, 'open': 14500, 'close': 14350, 'symbol': 'SRAJ.JK', 'volume': 1600, 'market_cap': 175629075856500}"
SRAJ.JK,2026-08-21,14100,300,172569335859000,2026-09-11T13:50:00.931651+00:00,"{'low': 14100, 'date': '2026-08-21', 'high': 14250, 'open': 14250, 'close': 14100, 'symbol': 'SRAJ.JK', 'volume': 300, 'market_cap': 172569335859000}"
SRAJ.JK,2026-08-24,13350,11200,163390115866500,2026-09-11T13:50:00.931651+00:00,"{'low': 12025, 'date': '2026-08-24', 'high': 14100, 'open': 14100, 'close': 13350, 'symbol': 'SRAJ.JK', 'volume': 11200, 'market_cap': 163390115866500}"
SRAJ.JK,2026-08-26,13125,7700,160636349868750,2026-09-11T13:50:00.931651+00:00,"{'low': 12200, 'date': '2026-08-26', 'high': 14975, 'open': 13350, 'close': 13125, 'symbol': 'SRAJ.JK', 'volume': 7700, 'market_cap': 160636349868750}"
SRAJ.JK,2026-08-27,14950,8100,182972451850500,2026-09-11T13:50:00.931651+00:00,"{'low': 13350, 'date': '2026-08-27', 'high': 15700, 'open': 13350, 'close': 14950, 'symbol': 'SRAJ.JK', 'volume': 8100, 'market_cap': 182972451850500}"
SRAJ.JK,2026-08-28,14400,11200,176241023856000,2026-09-11T13:50:00.931651+00:00,"{'low': 13900, 'date': '2026-08-28', 'high': 14650, 'open': 13900, 'close': 14400, 'symbol': 'SRAJ.JK', 'volume': 11200, 'market_cap': 176241023856000}"
SRAJ.JK,2026-08-31,13700,5700,167673751863000,2026-09-11T13:50:00.931651+00:00,"{'low': 13575, 'date': '2026-08-31', 'high': 13925, 'open': 13925, 'close': 13700, 'symbol': 'SRAJ.JK', 'volume': 5700, 'market_cap': 167673751863000}"
SRAJ.JK,2026-09-01,14050,4700,171957387859500,2026-09-11T13:50:00.931651+00:00,"{'low': 13500, 'date': '2026-09-01', 'high': 14100, 'open': 13725, 'close': 14050, 'symbol': 'SRAJ.JK', 'volume': 4700, 'market_cap': 171957387859500}"
SRAJ.JK,2026-09-02,14050,1900,171957387859500,2026-09-11T13:50:00.931651+00:00,"{'low': 14050, 'date': '2026-09-02', 'high': 14500, 'open': 14050, 'close': 14050, 'symbol': 'SRAJ.JK', 'volume': 1900, 'market_cap': 171957387859500}"
SRAJ.JK,2026-09-03,13400,500,164002063866000,2026-09-11T13:50:00.931651+00:00,"{'low': 13400, 'date': '2026-09-03', 'high': 14050, 'open': 14050, 'close': 13400, 'symbol': 'SRAJ.JK', 'volume': 500, 'market_cap': 164002063866000}"
SRAJ.JK,2026-09-04,13300,4600,162778167867000,2026-09-11T13:50:00.931651+00:00,"{'low': 13000, 'date': '2026-09-04', 'high': 14000, 'open': 13400, 'close': 13300, 'symbol': 'SRAJ.JK', 'volume': 4600, 'market_cap': 162778167867000}"
SRAJ.JK,2026-09-07,13200,1600,161554271868000,2026-09-11T13:50:00.931651+00:00,"{'low': 13150, 'date': '2026-09-07', 'high': 13500, 'open': 13475, 'close': 13200, 'symbol': 'SRAJ.JK', 'volume': 1600, 'market_cap': 161554271868000}"
SRAJ.JK,2026-09-08,13175,3700,161248297868250,2026-09-11T13:50:00.931651+00:00,"{'low': 13150, 'date': '2026-09-08', 'high': 13650, 'open': 13150, 'close': 13175, 'symbol': 'SRAJ.JK', 'volume': 3700, 'market_cap': 161248297868250}"
SRAJ.JK,2026-09-09,13175,600,161248297868250,2026-09-11T13:50:00.931651+00:00,"{'low': 13175, 'date': '2026-09-09', 'high': 13350, 'open': 13175, 'close': 13175, 'symbol': 'SRAJ.JK', 'volume': 600, 'market_cap': 161248297868250}"
SRAJ.JK,2026-09-10,13000,1500,159106479870000,2026-09-11T13:50:00.931651+00:00,"{'low': 11850, 'date': '2026-09-10', 'high': 13525, 'open': 13525, 'close': 13000, 'symbol': 'SRAJ.JK', 'volume': 1500, 'market_cap': 159106479870000}"
SRAJ.JK,2026-09-11,15600,10100,190927775844000,2026-09-11T13:50:00.931651+00:00,"{'low': 12175, 'date': '2026-09-11', 'high': 15600, 'open': 12200, 'close': 15600, 'symbol': 'SRAJ.JK', 'volume': 10100, 'market_cap': 190927775844000}"
BRPT.JK,2026-06-15,1770,385243700,165932575937880,2026-09-11T13:50:04.156832+00:00,"{'low': 1750, 'date': '2026-06-15', 'high': 1865, 'open': 1760, 'close': 1770, 'symbol': 'BRPT.JK', 'volume': 385243700, 'market_cap': 165932575937880}"
BRPT.JK,2026-06-17,1685,199713700,157964062404140,2026-09-11T13:50:04.156832+00:00,"{'low': 1660, 'date': '2026-06-17', 'high': 1805, 'open': 1775, 'close': 1685, 'symbol': 'BRPT.JK', 'volume': 199713700, 'market_cap': 157964062404140}"
BRPT.JK,2026-06-18,1780,184538000,166870048118320,2026-09-11T13:50:04.156832+00:00,"{'low': 1640, 'date': '2026-06-18', 'high': 1785, 'open': 1685, 'close': 1780, 'symbol': 'BRPT.JK', 'volume': 184538000, 'market_cap': 166870048118320}"
BRPT.JK,2026-06-19,1700,276149300,159370270674800,2026-09-11T13:50:04.156832+00:00,"{'low': 1690, 'date': '2026-06-19', 'high': 1795, 'open': 1760, 'close': 1700, 'symbol': 'BRPT.JK', 'volume': 276149300, 'market_cap': 159370270674800}"
BRPT.JK,2026-06-22,1590,162340600,149058076689960,2026-09-11T13:50:04.156832+00:00,"{'low': 1590, 'date': '2026-06-22', 'high': 1720, 'open': 1710, 'close': 1590, 'symbol': 'BRPT.JK', 'volume': 162340600, 'market_cap': 149058076689960}"
BRPT.JK,2026-06-23,1675,140124900,157026590223700,2026-09-11T13:50:04.156832+00:00,"{'low': 1580, 'date': '2026-06-23', 'high': 1680, 'open': 1590, 'close': 1675, 'symbol': 'BRPT.JK', 'volume': 140124900, 'market_cap': 157026590223700}"
BRPT.JK,2026-06-24,1515,138891300,142027035336660,2026-09-11T13:50:04.156832+00:00,"{'low': 1515, 'date': '2026-06-24', 'high': 1700, 'open': 1675, 'close': 1515, 'symbol': 'BRPT.JK', 'volume': 138891300, 'market_cap': 142027035336660}"
BRPT.JK,2026-06-25,1580,178200300,148120604509520,2026-09-11T13:50:04.156832+00:00,"{'low': 1520, 'date': '2026-06-25', 'high': 1635, 'open': 1520, 'close': 1580, 'symbol': 'BRPT.JK', 'volume': 178200300, 'market_cap': 148120604509520}"
BRPT.JK,2026-06-26,1465,202958600,137339674434460,2026-09-11T13:50:04.156832+00:00,"{'low': 1460, 'date': '2026-06-26', 'high': 1595, 'open': 1580, 'close': 1465, 'symbol': 'BRPT.JK', 'volume': 202958600, 'market_cap': 137339674434460}"
BRPT.JK,2026-06-29,1405,138758200,131714841351820,2026-09-11T13:50:04.156832+00:00,"{'low': 1400, 'date': '2026-06-29', 'high': 1480, 'open': 1470, 'close': 1405, 'symbol': 'BRPT.JK', 'volume': 138758200, 'market_cap': 131714841351820}"
BRPT.JK,2026-06-30,1285,251384100,120465175186540,2026-09-11T13:50:04.156832+00:00,"{'low': 1270, 'date': '2026-06-30', 'high': 1425, 'open': 1415, 'close': 1285, 'symbol': 'BRPT.JK', 'volume': 251384100, 'market_cap': 120465175186540}"
BRPT.JK,2026-07-01,1380,387639800,129371160900720,2026-09-11T13:50:04.156832+00:00,"{'low': 1280, 'date': '2026-07-01', 'high': 1460, 'open': 1285, 'close': 1380, 'symbol': 'BRPT.JK', 'volume': 387639800, 'market_cap': 129371160900720}"
BRPT.JK,2026-07-02,1500,396835500,140620827066000,2026-09-11T13:50:04.156832+00:00,"{'low': 1355, 'date': '2026-07-02', 'high': 1560, 'open': 1380, 'close': 1500, 'symbol': 'BRPT.JK', 'volume': 396835500, 'market_cap': 140620827066000}"
BRPT.JK,2026-07-03,1485,228013300,139214618795340,2026-09-11T13:50:04.156832+00:00,"{'low': 1480, 'date': '2026-07-03', 'high': 1570, 'open': 1530, 'close': 1485, 'symbol': 'BRPT.JK', 'volume': 228013300, 'market_cap': 139214618795340}"
BRPT.JK,2026-07-06,1505,134893400,141089563156220,2026-09-11T13:50:04.156832+00:00,"{'low': 1475, 'date': '2026-07-06', 'high': 1530, 'open': 1500, 'close': 1505, 'symbol': 'BRPT.JK', 'volume': 134893400, 'market_cap': 141089563156220}"
BRPT.JK,2026-07-07,1580,282887500,148120604509520,2026-09-11T13:50:04.156832+00:00,"{'low': 1495, 'date': '2026-07-07', 'high': 1590, 'open': 1510, 'close': 1580, 'symbol': 'BRPT.JK', 'volume': 282887500, 'market_cap': 148120604509520}"
BRPT.JK,2026-07-08,1500,185709400,140620827066000,2026-09-11T13:50:04.156832+00:00,"{'low': 1500, 'date': '2026-07-08', 'high': 1585, 'open': 1580, 'close': 1500, 'symbol': 'BRPT.JK', 'volume': 185709400, 'market_cap': 140620827066000}"
BRPT.JK,2026-07-09,1600,166589300,149995548870400,2026-09-11T13:50:04.156832+00:00,"{'low': 1495, 'date': '2026-07-09', 'high': 1620, 'open': 1505, 'close': 1600, 'symbol': 'BRPT.JK', 'volume': 166589300, 'market_cap': 149995548870400}"
BRPT.JK,2026-07-10,1620,183796000,151870493231280,2026-09-11T13:50:04.156832+00:00,"{'low': 1590, 'date': '2026-07-10', 'high': 1670, 'open': 1620, 'close': 1620, 'symbol': 'BRPT.JK', 'volume': 183796000, 'market_cap': 151870493231280}"
BRPT.JK,2026-07-13,1750,318950900,164057631577000,2026-09-11T13:50:04.156832+00:00,"{'low': 1620, 'date': '2026-07-13', 'high': 1750, 'open': 1625, 'close': 1750, 'symbol': 'BRPT.JK', 'volume': 318950900, 'market_cap': 164057631577000}"
BRPT.JK,2026-07-14,1690,334787100,158432798494360,2026-09-11T13:50:04.156832+00:00,"{'low': 1660, 'date': '2026-07-14', 'high': 1775, 'open': 1765, 'close': 1690, 'symbol': 'BRPT.JK', 'volume': 334787100, 'market_cap': 158432798494360}"
BRPT.JK,2026-07-15,1690,93453400,158432798494360,2026-09-11T13:50:04.156832+00:00,"{'low': 1685, 'date': '2026-07-15', 'high': 1725, 'open': 1700, 'close': 1690, 'symbol': 'BRPT.JK', 'volume': 93453400, 'market_cap': 158432798494360}"
BRPT.JK,2026-07-16,1695,116862400,158901534584580,2026-09-11T13:50:04.156832+00:00,"{'low': 1675, 'date': '2026-07-16', 'high': 1730, 'open': 1695, 'close': 1695, 'symbol': 'BRPT.JK', 'volume': 116862400, 'market_cap': 158901534584580}"
BRPT.JK,2026-07-17,1695,141348800,158901534584580,2026-09-11T13:50:04.156832+00:00,"{'low': 1660, 'date': '2026-07-17', 'high': 1715, 'open': 1700, 'close': 1695, 'symbol': 'BRPT.JK', 'volume': 141348800, 'market_cap': 158901534584580}"
BRPT.JK,2026-07-20,1800,278158000,168744992479200,2026-09-11T13:50:04.156832+00:00,"{'low': 1700, 'date': '2026-07-20', 'high': 1800, 'open': 1700, 'close': 1800, 'symbol': 'BRPT.JK', 'volume': 278158000, 'market_cap': 168744992479200}"
BRPT.JK,2026-07-21,1860,342684500,174369825561840,2026-09-11T13:50:04.156832+00:00,"{'low': 1780, 'date': '2026-07-21', 'high': 1875, 'open': 1815, 'close': 1860, 'symbol': 'BRPT.JK', 'volume': 342684500, 'market_cap': 174369825561840}"
BRPT.JK,2026-07-22,1830,331295600,171557409020520,2026-09-11T13:50:04.156832+00:00,"{'low': 1800, 'date': '2026-07-22', 'high': 1925, 'open': 1870, 'close': 1830, 'symbol': 'BRPT.JK', 'volume': 331295600, 'market_cap': 171557409020520}"
BRPT.JK,2026-07-23,1790,342089300,167807520298760,2026-09-11T13:50:04.156832+00:00,"{'low': 1765, 'date': '2026-07-23', 'high': 1905, 'open': 1830, 'close': 1790, 'symbol': 'BRPT.JK', 'volume': 342089300, 'market_cap': 167807520298760}"
BRPT.JK,2026-07-24,1745,205955100,163588895486780,2026-09-11T13:50:04.156832+00:00,"{'low': 1690, 'date': '2026-07-24', 'high': 1780, 'open': 1755, 'close': 1745, 'symbol': 'BRPT.JK', 'volume': 205955100, 'market_cap': 163588895486780}"
BRPT.JK,2026-07-27,1725,114434700,161713951125900,2026-09-11T13:50:04.156832+00:00,"{'low': 1715, 'date': '2026-07-27', 'high': 1770, 'open': 1755, 'close': 1725, 'symbol': 'BRPT.JK', 'volume': 114434700, 'market_cap': 161713951125900}"
BRPT.JK,2026-07-28,1745,113567800,163588895486780,2026-09-11T13:50:04.156832+00:00,"{'low': 1715, 'date': '2026-07-28', 'high': 1805, 'open': 1715, 'close': 1745, 'symbol': 'BRPT.JK', 'volume': 113567800, 'market_cap': 163588895486780}"
BRPT.JK,2026-07-29,1785,198366100,167338784208540,2026-09-11T13:50:04.156832+00:00,"{'low': 1695, 'date': '2026-07-29', 'high': 1795, 'open': 1765, 'close': 1785, 'symbol': 'BRPT.JK', 'volume': 198366100, 'market_cap': 167338784208540}"
BRPT.JK,2026-07-30,1790,93465300,167807520298760,2026-09-11T13:50:04.156832+00:00,"{'low': 1730, 'date': '2026-07-30', 'high': 1815, 'open': 1785, 'close': 1790, 'symbol': 'BRPT.JK', 'volume': 93465300, 'market_cap': 167807520298760}"
BRPT.JK,2026-07-31,1845,162512500,172963617291180,2026-09-11T13:50:04.156832+00:00,"{'low': 1800, 'date': '2026-07-31', 'high': 1850, 'open': 1830, 'close': 1845, 'symbol': 'BRPT.JK', 'volume': 162512500, 'market_cap': 172963617291180}"
BRPT.JK,2026-08-03,1820,130168400,170619936840080,2026-09-11T13:50:04.156832+00:00,"{'low': 1780, 'date': '2026-08-03', 'high': 1890, 'open': 1890, 'close': 1820, 'symbol': 'BRPT.JK', 'volume': 130168400, 'market_cap': 170619936840080}"
BRPT.JK,2026-08-04,1855,88497700,173901089471620,2026-09-11T13:50:04.156832+00:00,"{'low': 1805, 'date': '2026-08-04', 'high': 1855, 'open': 1830, 'close': 1855, 'symbol': 'BRPT.JK', 'volume': 88497700, 'market_cap': 173901089471620}"
BRPT.JK,2026-08-05,1870,221111300,175307297742280,2026-09-11T13:50:04.156832+00:00,"{'low': 1860, 'date': '2026-08-05', 'high': 1920, 'open': 1870, 'close': 1870, 'symbol': 'BRPT.JK', 'volume': 221111300, 'market_cap': 175307297742280}"
BRPT.JK,2026-08-06,1875,218739200,175776033832500,2026-09-11T13:50:04.156832+00:00,"{'low': 1845, 'date': '2026-08-06', 'high': 1910, 'open': 1880, 'close': 1875, 'symbol': 'BRPT.JK', 'volume': 218739200, 'market_cap': 175776033832500}"
BRPT.JK,2026-08-07,1930,279412500,180932130824920,2026-09-11T13:50:04.156832+00:00,"{'low': 1875, 'date': '2026-08-07', 'high': 1960, 'open': 1885, 'close': 1930, 'symbol': 'BRPT.JK', 'volume': 279412500, 'market_cap': 180932130824920}"
BRPT.JK,2026-08-10,1860,205573700,174369825561840,2026-09-11T13:50:04.156832+00:00,"{'low': 1860, 'date': '2026-08-10', 'high': 1955, 'open': 1945, 'close': 1860, 'symbol': 'BRPT.JK', 'volume': 205573700, 'market_cap': 174369825561840}"
BRPT.JK,2026-08-11,1820,151431700,170619936840080,2026-09-11T13:50:04.156832+00:00,"{'low': 1785, 'date': '2026-08-11', 'high': 1870, 'open': 1860, 'close': 1820, 'symbol': 'BRPT.JK', 'volume': 151431700, 'market_cap': 170619936840080}"
BRPT.JK,2026-08-12,1950,274783200,182807075185800,2026-09-11T13:50:04.156832+00:00,"{'low': 1830, 'date': '2026-08-12', 'high': 1960, 'open': 1830, 'close': 1950, 'symbol': 'BRPT.JK', 'volume': 274783200, 'market_cap': 182807075185800}"
BRPT.JK,2026-08-13,1865,213207400,174838561652060,2026-09-11T13:50:04.156832+00:00,"{'low': 1850, 'date': '2026-08-13', 'high': 1965, 'open': 1955, 'close': 1865, 'symbol': 'BRPT.JK', 'volume': 213207400, 'market_cap': 174838561652060}"
BRPT.JK,2026-08-14,1870,90082200,175307297742280,2026-09-11T13:50:04.156832+00:00,"{'low': 1840, 'date': '2026-08-14', 'high': 1900, 'open': 1870, 'close': 1870, 'symbol': 'BRPT.JK', 'volume': 90082200, 'market_cap': 175307297742280}"
BRPT.JK,2026-08-18,1845,80418600,172963617291180,2026-09-11T13:50:04.156832+00:00,"{'low': 1845, 'date': '2026-08-18', 'high': 1900, 'open': 1875, 'close': 1845, 'symbol': 'BRPT.JK', 'volume': 80418600, 'market_cap': 172963617291180}"
BRPT.JK,2026-08-19,1855,51405900,173901089471620,2026-09-11T13:50:04.156832+00:00,"{'low': 1825, 'date': '2026-08-19', 'high': 1875, 'open': 1850, 'close': 1855, 'symbol': 'BRPT.JK', 'volume': 51405900, 'market_cap': 173901089471620}"
BRPT.JK,2026-08-20,1880,56245900,176244769922720,2026-09-11T13:50:04.156832+00:00,"{'low': 1860, 'date': '2026-08-20', 'high': 1885, 'open': 1875, 'close': 1880, 'symbol': 'BRPT.JK', 'volume': 56245900, 'market_cap': 176244769922720}"
BRPT.JK,2026-08-21,1890,80755000,177182242103160,2026-09-11T13:50:04.156832+00:00,"{'low': 1880, 'date': '2026-08-21', 'high': 1905, 'open': 1880, 'close': 1890, 'symbol': 'BRPT.JK', 'volume': 80755000, 'market_cap': 177182242103160}"
BRPT.JK,2026-08-24,1860,70591700,174369825561840,2026-09-11T13:50:04.156832+00:00,"{'low': 1845, 'date': '2026-08-24', 'high': 1910, 'open': 1900, 'close': 1860, 'symbol': 'BRPT.JK', 'volume': 70591700, 'market_cap': 174369825561840}"
BRPT.JK,2026-08-26,1750,102436400,164057631577000,2026-09-11T13:50:04.156832+00:00,"{'low': 1750, 'date': '2026-08-26', 'high': 1855, 'open': 1850, 'close': 1750, 'symbol': 'BRPT.JK', 'volume': 102436400, 'market_cap': 164057631577000}"
BRPT.JK,2026-08-27,1840,66714500,172494881200960,2026-09-11T13:50:04.156832+00:00,"{'low': 1710, 'date': '2026-08-27', 'high': 1840, 'open': 1720, 'close': 1840, 'symbol': 'BRPT.JK', 'volume': 66714500, 'market_cap': 172494881200960}"
BRPT.JK,2026-08-28,1830,88806300,171557409020520,2026-09-11T13:50:04.156832+00:00,"{'low': 1805, 'date': '2026-08-28', 'high': 1875, 'open': 1840, 'close': 1830, 'symbol': 'BRPT.JK', 'volume': 88806300, 'market_cap': 171557409020520}"
BRPT.JK,2026-08-31,1785,120064100,167338784208540,2026-09-11T13:50:04.156832+00:00,"{'low': 1785, 'date': '2026-08-31', 'high': 1860, 'open': 1840, 'close': 1785, 'symbol': 'BRPT.JK', 'volume': 120064100, 'market_cap': 167338784208540}"
BRPT.JK,2026-09-01,1830,99984700,171557409020520,2026-09-11T13:50:04.156832+00:00,"{'low': 1785, 'date': '2026-09-01', 'high': 1850, 'open': 1790, 'close': 1830, 'symbol': 'BRPT.JK', 'volume': 99984700, 'market_cap': 171557409020520}"
BRPT.JK,2026-09-02,1820,74425000,170619936840080,2026-09-11T13:50:04.156832+00:00,"{'low': 1795, 'date': '2026-09-02', 'high': 1845, 'open': 1840, 'close': 1820, 'symbol': 'BRPT.JK', 'volume': 74425000, 'market_cap': 170619936840080}"
BRPT.JK,2026-09-03,1800,102183600,168744992479200,2026-09-11T13:50:04.156832+00:00,"{'low': 1800, 'date': '2026-09-03', 'high': 1840, 'open': 1830, 'close': 1800, 'symbol': 'BRPT.JK', 'volume': 102183600, 'market_cap': 168744992479200}"
BRPT.JK,2026-09-04,1790,86734000,167807520298760,2026-09-11T13:50:04.156832+00:00,"{'low': 1785, 'date': '2026-09-04', 'high': 1830, 'open': 1805, 'close': 1790, 'symbol': 'BRPT.JK', 'volume': 86734000, 'market_cap': 167807520298760}"
BRPT.JK,2026-09-07,1770,52507400,165932575937880,2026-09-11T13:50:04.156832+00:00,"{'low': 1765, 'date': '2026-09-07', 'high': 1810, 'open': 1795, 'close': 1770, 'symbol': 'BRPT.JK', 'volume': 52507400, 'market_cap': 165932575937880}"
BRPT.JK,2026-09-08,1760,53243600,164995103757440,2026-09-11T13:50:04.156832+00:00,"{'low': 1755, 'date': '2026-09-08', 'high': 1790, 'open': 1775, 'close': 1760, 'symbol': 'BRPT.JK', 'volume': 53243600, 'market_cap': 164995103757440}"
BRPT.JK,2026-09-09,1735,71220700,162651423306340,2026-09-11T13:50:04.156832+00:00,"{'low': 1725, 'date': '2026-09-09', 'high': 1785, 'open': 1760, 'close': 1735, 'symbol': 'BRPT.JK', 'volume': 71220700, 'market_cap': 162651423306340}"
BRPT.JK,2026-09-10,1730,94922600,162182687216120,2026-09-11T13:50:04.156832+00:00,"{'low': 1720, 'date': '2026-09-10', 'high': 1785, 'open': 1740, 'close': 1730, 'symbol': 'BRPT.JK', 'volume': 94922600, 'market_cap': 162182687216120}"
BRPT.JK,2026-09-11,1700,46176900,159370270674800,2026-09-11T13:50:04.156832+00:00,"{'low': 1685, 'date': '2026-09-11', 'high': 1725, 'open': 1720, 'close': 1700, 'symbol': 'BRPT.JK', 'volume': 46176900, 'market_cap': 159370270674800}"
TPIA.JK,2026-06-15,2100,1276642100,181674244693200,2026-09-11T13:50:07.379142+00:00,"{'low': 1900, 'date': '2026-06-15', 'high': 2180, 'open': 1900, 'close': 2100, 'symbol': 'TPIA.JK', 'volume': 1276642100, 'market_cap': 181674244693200}"
TPIA.JK,2026-06-17,1995,955752700,172590532458540,2026-09-11T13:50:07.379142+00:00,"{'low': 1955, 'date': '2026-06-17', 'high': 2180, 'open': 2160, 'close': 1995, 'symbol': 'TPIA.JK', 'volume': 955752700, 'market_cap': 172590532458540}"
TPIA.JK,2026-06-18,2120,747210700,183404475595040,2026-09-11T13:50:07.379142+00:00,"{'low': 1930, 'date': '2026-06-18', 'high': 2130, 'open': 1970, 'close': 2120, 'symbol': 'TPIA.JK', 'volume': 747210700, 'market_cap': 183404475595040}"
TPIA.JK,2026-06-19,2060,685327500,178213782889520,2026-09-11T13:50:07.379142+00:00,"{'low': 2020, 'date': '2026-06-19', 'high': 2190, 'open': 2080, 'close': 2060, 'symbol': 'TPIA.JK', 'volume': 685327500, 'market_cap': 178213782889520}"
TPIA.JK,2026-06-22,1930,474027400,166967282027560,2026-09-11T13:50:07.379142+00:00,"{'low': 1930, 'date': '2026-06-22', 'high': 2080, 'open': 2070, 'close': 1930, 'symbol': 'TPIA.JK', 'volume': 474027400, 'market_cap': 166967282027560}"
TPIA.JK,2026-06-23,2050,476977700,177348667438600,2026-09-11T13:50:07.379142+00:00,"{'low': 1910, 'date': '2026-06-23', 'high': 2060, 'open': 1930, 'close': 2050, 'symbol': 'TPIA.JK', 'volume': 476977700, 'market_cap': 177348667438600}"
TPIA.JK,2026-06-24,1795,750989100,155288223440140,2026-09-11T13:50:07.379142+00:00,"{'low': 1785, 'date': '2026-06-24', 'high': 2060, 'open': 2030, 'close': 1795, 'symbol': 'TPIA.JK', 'volume': 750989100, 'market_cap': 155288223440140}"
TPIA.JK,2026-06-25,1890,554382600,163506820223880,2026-09-11T13:50:07.379142+00:00,"{'low': 1785, 'date': '2026-06-25', 'high': 1925, 'open': 1790, 'close': 1890, 'symbol': 'TPIA.JK', 'volume': 554382600, 'market_cap': 163506820223880}"
TPIA.JK,2026-06-26,1795,446489400,155288223440140,2026-09-11T13:50:07.379142+00:00,"{'low': 1755, 'date': '2026-06-26', 'high': 1900, 'open': 1885, 'close': 1795, 'symbol': 'TPIA.JK', 'volume': 446489400, 'market_cap': 155288223440140}"
TPIA.JK,2026-06-29,1710,271633200,147934742107320,2026-09-11T13:50:07.379142+00:00,"{'low': 1710, 'date': '2026-06-29', 'high': 1825, 'open': 1800, 'close': 1710, 'symbol': 'TPIA.JK', 'volume': 271633200, 'market_cap': 147934742107320}"
TPIA.JK,2026-06-30,1655,393620800,143176607127260,2026-09-11T13:50:07.379142+00:00,"{'low': 1625, 'date': '2026-06-30', 'high': 1750, 'open': 1730, 'close': 1655, 'symbol': 'TPIA.JK', 'volume': 393620800, 'market_cap': 143176607127260}"
TPIA.JK,2026-07-01,1680,484233900,145339395754560,2026-09-11T13:50:07.379142+00:00,"{'low': 1635, 'date': '2026-07-01', 'high': 1770, 'open': 1655, 'close': 1680, 'symbol': 'TPIA.JK', 'volume': 484233900, 'market_cap': 145339395754560}"
TPIA.JK,2026-07-02,1770,436620300,153125434812840,2026-09-11T13:50:07.379142+00:00,"{'low': 1665, 'date': '2026-07-02', 'high': 1825, 'open': 1680, 'close': 1770, 'symbol': 'TPIA.JK', 'volume': 436620300, 'market_cap': 153125434812840}"
TPIA.JK,2026-07-03,1785,255806900,154423107989220,2026-09-11T13:50:07.379142+00:00,"{'low': 1775, 'date': '2026-07-03', 'high': 1835, 'open': 1805, 'close': 1785, 'symbol': 'TPIA.JK', 'volume': 255806900, 'market_cap': 154423107989220}"
TPIA.JK,2026-07-06,1885,342520900,163074262498420,2026-09-11T13:50:07.379142+00:00,"{'low': 1790, 'date': '2026-07-06', 'high': 1905, 'open': 1800, 'close': 1885, 'symbol': 'TPIA.JK', 'volume': 342520900, 'market_cap': 163074262498420}"
TPIA.JK,2026-07-07,1890,302538500,163506820223880,2026-09-11T13:50:07.379142+00:00,"{'low': 1860, 'date': '2026-07-07', 'high': 1915, 'open': 1905, 'close': 1890, 'symbol': 'TPIA.JK', 'volume': 302538500, 'market_cap': 163506820223880}"
TPIA.JK,2026-07-08,1785,225051500,154423107989220,2026-09-11T13:50:07.379142+00:00,"{'low': 1785, 'date': '2026-07-08', 'high': 1885, 'open': 1885, 'close': 1785, 'symbol': 'TPIA.JK', 'volume': 225051500, 'market_cap': 154423107989220}"
TPIA.JK,2026-07-09,1825,205236900,157883569792900,2026-09-11T13:50:07.379142+00:00,"{'low': 1770, 'date': '2026-07-09', 'high': 1860, 'open': 1785, 'close': 1825, 'symbol': 'TPIA.JK', 'volume': 205236900, 'market_cap': 157883569792900}"
TPIA.JK,2026-07-10,1805,135492000,156153338891060,2026-09-11T13:50:07.379142+00:00,"{'low': 1790, 'date': '2026-07-10', 'high': 1855, 'open': 1845, 'close': 1805, 'symbol': 'TPIA.JK', 'volume': 135492000, 'market_cap': 156153338891060}"
TPIA.JK,2026-07-13,1890,242053400,163506820223880,2026-09-11T13:50:07.379142+00:00,"{'low': 1790, 'date': '2026-07-13', 'high': 1890, 'open': 1805, 'close': 1890, 'symbol': 'TPIA.JK', 'volume': 242053400, 'market_cap': 163506820223880}"
TPIA.JK,2026-07-14,1880,736711100,162641704772960,2026-09-11T13:50:07.379142+00:00,"{'low': 1855, 'date': '2026-07-14', 'high': 2000, 'open': 1920, 'close': 1880, 'symbol': 'TPIA.JK', 'volume': 736711100, 'market_cap': 162641704772960}"
TPIA.JK,2026-07-15,1910,293212000,165237051125720,2026-09-11T13:50:07.379142+00:00,"{'low': 1905, 'date': '2026-07-15', 'high': 1955, 'open': 1910, 'close': 1910, 'symbol': 'TPIA.JK', 'volume': 293212000, 'market_cap': 165237051125720}"
TPIA.JK,2026-07-16,1930,271533700,166967282027560,2026-09-11T13:50:07.379142+00:00,"{'low': 1890, 'date': '2026-07-16', 'high': 1960, 'open': 1925, 'close': 1930, 'symbol': 'TPIA.JK', 'volume': 271533700, 'market_cap': 166967282027560}"
TPIA.JK,2026-07-17,1945,320340100,168264955203940,2026-09-11T13:50:07.379142+00:00,"{'low': 1895, 'date': '2026-07-17', 'high': 1980, 'open': 1935, 'close': 1945, 'symbol': 'TPIA.JK', 'volume': 320340100, 'market_cap': 168264955203940}"
TPIA.JK,2026-07-20,2120,805070400,183404475595040,2026-09-11T13:50:07.379142+00:00,"{'low': 1955, 'date': '2026-07-20', 'high': 2130, 'open': 1955, 'close': 2120, 'symbol': 'TPIA.JK', 'volume': 805070400, 'market_cap': 183404475595040}"
TPIA.JK,2026-07-21,2250,1022958500,194650976457000,2026-09-11T13:50:07.379142+00:00,"{'low': 2080, 'date': '2026-07-21', 'high': 2300, 'open': 2150, 'close': 2250, 'symbol': 'TPIA.JK', 'volume': 1022958500, 'market_cap': 194650976457000}"
TPIA.JK,2026-07-22,2280,735480100,197246322809760,2026-09-11T13:50:07.379142+00:00,"{'low': 2190, 'date': '2026-07-22', 'high': 2350, 'open': 2270, 'close': 2280, 'symbol': 'TPIA.JK', 'volume': 735480100, 'market_cap': 197246322809760}"
TPIA.JK,2026-07-23,2170,741912300,187730052849640,2026-09-11T13:50:07.379142+00:00,"{'low': 2160, 'date': '2026-07-23', 'high': 2370, 'open': 2290, 'close': 2170, 'symbol': 'TPIA.JK', 'volume': 741912300, 'market_cap': 187730052849640}"
TPIA.JK,2026-07-24,2100,595850600,181674244693200,2026-09-11T13:50:07.379142+00:00,"{'low': 2000, 'date': '2026-07-24', 'high': 2140, 'open': 2110, 'close': 2100, 'symbol': 'TPIA.JK', 'volume': 595850600, 'market_cap': 181674244693200}"
TPIA.JK,2026-07-27,2090,280587700,180809129242280,2026-09-11T13:50:07.379142+00:00,"{'low': 2050, 'date': '2026-07-27', 'high': 2140, 'open': 2090, 'close': 2090, 'symbol': 'TPIA.JK', 'volume': 280587700, 'market_cap': 180809129242280}"
TPIA.JK,2026-07-28,2090,257098900,180809129242280,2026-09-11T13:50:07.379142+00:00,"{'low': 2050, 'date': '2026-07-28', 'high': 2150, 'open': 2070, 'close': 2090, 'symbol': 'TPIA.JK', 'volume': 257098900, 'market_cap': 180809129242280}"
TPIA.JK,2026-07-29,2200,653191000,190325399202400,2026-09-11T13:50:07.379142+00:00,"{'low': 2030, 'date': '2026-07-29', 'high': 2240, 'open': 2090, 'close': 2200, 'symbol': 'TPIA.JK', 'volume': 653191000, 'market_cap': 190325399202400}"
TPIA.JK,2026-07-30,2110,542946300,182539360144120,2026-09-11T13:50:07.379142+00:00,"{'low': 2090, 'date': '2026-07-30', 'high': 2200, 'open': 2180, 'close': 2110, 'symbol': 'TPIA.JK', 'volume': 542946300, 'market_cap': 182539360144120}"
TPIA.JK,2026-07-31,2160,266975100,186864937398720,2026-09-11T13:50:07.379142+00:00,"{'low': 2120, 'date': '2026-07-31', 'high': 2180, 'open': 2130, 'close': 2160, 'symbol': 'TPIA.JK', 'volume': 266975100, 'market_cap': 186864937398720}"
TPIA.JK,2026-08-03,2080,336732400,179944013791360,2026-09-11T13:50:07.379142+00:00,"{'low': 2060, 'date': '2026-08-03', 'high': 2200, 'open': 2170, 'close': 2080, 'symbol': 'TPIA.JK', 'volume': 336732400, 'market_cap': 179944013791360}"
TPIA.JK,2026-08-04,2070,249953500,179078898340440,2026-09-11T13:50:07.379142+00:00,"{'low': 2050, 'date': '2026-08-04', 'high': 2120, 'open': 2100, 'close': 2070, 'symbol': 'TPIA.JK', 'volume': 249953500, 'market_cap': 179078898340440}"
TPIA.JK,2026-08-05,2060,243303400,178213782889520,2026-09-11T13:50:07.379142+00:00,"{'low': 2060, 'date': '2026-08-05', 'high': 2120, 'open': 2090, 'close': 2060, 'symbol': 'TPIA.JK', 'volume': 243303400, 'market_cap': 178213782889520}"
TPIA.JK,2026-08-06,2130,415816900,184269591045960,2026-09-11T13:50:07.379142+00:00,"{'low': 2080, 'date': '2026-08-06', 'high': 2150, 'open': 2100, 'close': 2130, 'symbol': 'TPIA.JK', 'volume': 415816900, 'market_cap': 184269591045960}"
TPIA.JK,2026-08-07,2230,578851700,192920745555160,2026-09-11T13:50:07.379142+00:00,"{'low': 2110, 'date': '2026-08-07', 'high': 2250, 'open': 2150, 'close': 2230, 'symbol': 'TPIA.JK', 'volume': 578851700, 'market_cap': 192920745555160}"
TPIA.JK,2026-08-10,2120,654992400,183404475595040,2026-09-11T13:50:07.379142+00:00,"{'low': 2120, 'date': '2026-08-10', 'high': 2270, 'open': 2260, 'close': 2120, 'symbol': 'TPIA.JK', 'volume': 654992400, 'market_cap': 183404475595040}"
TPIA.JK,2026-08-11,2070,374462700,179078898340440,2026-09-11T13:50:07.379142+00:00,"{'low': 2030, 'date': '2026-08-11', 'high': 2150, 'open': 2130, 'close': 2070, 'symbol': 'TPIA.JK', 'volume': 374462700, 'market_cap': 179078898340440}"
TPIA.JK,2026-08-12,2160,390809300,186864937398720,2026-09-11T13:50:07.379142+00:00,"{'low': 2070, 'date': '2026-08-12', 'high': 2170, 'open': 2070, 'close': 2160, 'symbol': 'TPIA.JK', 'volume': 390809300, 'market_cap': 186864937398720}"
TPIA.JK,2026-08-13,2060,330510600,178213782889520,2026-09-11T13:50:07.379142+00:00,"{'low': 2040, 'date': '2026-08-13', 'high': 2150, 'open': 2150, 'close': 2060, 'symbol': 'TPIA.JK', 'volume': 330510600, 'market_cap': 178213782889520}"
TPIA.JK,2026-08-14,2010,426815200,173888205634920,2026-09-11T13:50:07.379142+00:00,"{'low': 1975, 'date': '2026-08-14', 'high': 2100, 'open': 2070, 'close': 2010, 'symbol': 'TPIA.JK', 'volume': 426815200, 'market_cap': 173888205634920}"
TPIA.JK,2026-08-18,1965,292831100,169995186105780,2026-09-11T13:50:07.379142+00:00,"{'low': 1965, 'date': '2026-08-18', 'high': 2030, 'open': 2010, 'close': 1965, 'symbol': 'TPIA.JK', 'volume': 292831100, 'market_cap': 169995186105780}"
TPIA.JK,2026-08-19,1950,210344500,168697512929400,2026-09-11T13:50:07.379142+00:00,"{'low': 1940, 'date': '2026-08-19', 'high': 1975, 'open': 1960, 'close': 1950, 'symbol': 'TPIA.JK', 'volume': 210344500, 'market_cap': 168697512929400}"
TPIA.JK,2026-08-20,1965,174537600,169995186105780,2026-09-11T13:50:07.379142+00:00,"{'low': 1960, 'date': '2026-08-20', 'high': 2010, 'open': 1975, 'close': 1965, 'symbol': 'TPIA.JK', 'volume': 174537600, 'market_cap': 169995186105780}"
TPIA.JK,2026-08-21,2030,327069000,175618436536760,2026-09-11T13:50:07.379142+00:00,"{'low': 2000, 'date': '2026-08-21', 'high': 2080, 'open': 2010, 'close': 2030, 'symbol': 'TPIA.JK', 'volume': 327069000, 'market_cap': 175618436536760}"
TPIA.JK,2026-08-24,1990,218907300,172157974733080,2026-09-11T13:50:07.379142+00:00,"{'low': 1990, 'date': '2026-08-24', 'high': 2080, 'open': 2080, 'close': 1990, 'symbol': 'TPIA.JK', 'volume': 218907300, 'market_cap': 172157974733080}"
TPIA.JK,2026-08-26,1870,346133100,161776589322040,2026-09-11T13:50:07.379142+00:00,"{'low': 1870, 'date': '2026-08-26', 'high': 1995, 'open': 1990, 'close': 1870, 'symbol': 'TPIA.JK', 'volume': 346133100, 'market_cap': 161776589322040}"
TPIA.JK,2026-08-27,1950,250093700,168697512929400,2026-09-11T13:50:07.379142+00:00,"{'low': 1830, 'date': '2026-08-27', 'high': 1955, 'open': 1850, 'close': 1950, 'symbol': 'TPIA.JK', 'volume': 250093700, 'market_cap': 168697512929400}"
TPIA.JK,2026-08-28,1965,353309300,169995186105780,2026-09-11T13:50:07.379142+00:00,"{'low': 1935, 'date': '2026-08-28', 'high': 2040, 'open': 1950, 'close': 1965, 'symbol': 'TPIA.JK', 'volume': 353309300, 'market_cap': 169995186105780}"
TPIA.JK,2026-08-31,1955,130464400,169130070654860,2026-09-11T13:50:07.379142+00:00,"{'low': 1950, 'date': '2026-08-31', 'high': 1990, 'open': 1975, 'close': 1955, 'symbol': 'TPIA.JK', 'volume': 130464400, 'market_cap': 169130070654860}"
TPIA.JK,2026-09-01,2000,226101300,173023090184000,2026-09-11T13:50:07.379142+00:00,"{'low': 1960, 'date': '2026-09-01', 'high': 2030, 'open': 1965, 'close': 2000, 'symbol': 'TPIA.JK', 'volume': 226101300, 'market_cap': 173023090184000}"
TPIA.JK,2026-09-02,2020,140920500,174753321085840,2026-09-11T13:50:07.379142+00:00,"{'low': 1980, 'date': '2026-09-02', 'high': 2040, 'open': 2030, 'close': 2020, 'symbol': 'TPIA.JK', 'volume': 140920500, 'market_cap': 174753321085840}"
TPIA.JK,2026-09-03,2010,198549900,173888205634920,2026-09-11T13:50:07.379142+00:00,"{'low': 2000, 'date': '2026-09-03', 'high': 2060, 'open': 2030, 'close': 2010, 'symbol': 'TPIA.JK', 'volume': 198549900, 'market_cap': 173888205634920}"
TPIA.JK,2026-09-04,1995,163271900,172590532458540,2026-09-11T13:50:07.379142+00:00,"{'low': 1990, 'date': '2026-09-04', 'high': 2050, 'open': 2030, 'close': 1995, 'symbol': 'TPIA.JK', 'volume': 163271900, 'market_cap': 172590532458540}"
TPIA.JK,2026-09-07,1975,149990100,170860301556700,2026-09-11T13:50:07.379142+00:00,"{'low': 1970, 'date': '2026-09-07', 'high': 2010, 'open': 1995, 'close': 1975, 'symbol': 'TPIA.JK', 'volume': 149990100, 'market_cap': 170860301556700}"
TPIA.JK,2026-09-08,1950,155494000,168697512929400,2026-09-11T13:50:07.379142+00:00,"{'low': 1950, 'date': '2026-09-08', 'high': 1985, 'open': 1975, 'close': 1950, 'symbol': 'TPIA.JK', 'volume': 155494000, 'market_cap': 168697512929400}"
TPIA.JK,2026-09-09,1935,122353400,167399839753020,2026-09-11T13:50:07.379142+00:00,"{'low': 1930, 'date': '2026-09-09', 'high': 1970, 'open': 1955, 'close': 1935, 'symbol': 'TPIA.JK', 'volume': 122353400, 'market_cap': 167399839753020}"
TPIA.JK,2026-09-10,1930,206590700,166967282027560,2026-09-11T13:50:07.379142+00:00,"{'low': 1930, 'date': '2026-09-10', 'high': 1990, 'open': 1940, 'close': 1930, 'symbol': 'TPIA.JK', 'volume': 206590700, 'market_cap': 166967282027560}"
TPIA.JK,2026-09-11,1880,197416800,162641704772960,2026-09-11T13:50:07.379142+00:00,"{'low': 1875, 'date': '2026-09-11', 'high': 1915, 'open': 1915, 'close': 1880, 'symbol': 'TPIA.JK', 'volume': 197416800, 'market_cap': 162641704772960}"
UDNG.JK,2026-06-18,1705,2738400,2983818322760,2026-09-16T12:15:42.379846+00:00,"{'low': 1470, 'date': '2026-06-18', 'high': 1705, 'open': None, 'close': 1705, 'symbol': 'UDNG.JK', 'volume': 2738400, 'market_cap': 2983818322760}"
UDNG.JK,2026-06-19,1875,2728500,3281325135000,2026-09-16T12:15:42.379846+00:00,"{'low': 1705, 'date': '2026-06-19', 'high': 1875, 'open': None, 'close': 1875, 'symbol': 'UDNG.JK', 'volume': 2728500, 'market_cap': 3281325135000}"
UDNG.JK,2026-06-22,1690,2796600,2957567721680,2026-09-16T12:15:42.379846+00:00,"{'low': 1690, 'date': '2026-06-22', 'high': 1980, 'open': None, 'close': 1690, 'symbol': 'UDNG.JK', 'volume': 2796600, 'market_cap': 2957567721680}"
UDNG.JK,2026-06-23,1525,1750700,2668811109800,2026-09-16T12:15:42.379846+00:00,"{'low': 1525, 'date': '2026-06-23', 'high': 1730, 'open': None, 'close': 1525, 'symbol': 'UDNG.JK', 'volume': 1750700, 'market_cap': 2668811109800}"
UDNG.JK,2026-06-24,1375,1429100,2406305099000,2026-09-16T12:15:42.379846+00:00,"{'low': 1375, 'date': '2026-06-24', 'high': 1525, 'open': None, 'close': 1375, 'symbol': 'UDNG.JK', 'volume': 1429100, 'market_cap': 2406305099000}"
UDNG.JK,2026-06-25,1350,2024200,2362554097200,2026-09-16T12:15:42.379846+00:00,"{'low': 1240, 'date': '2026-06-25', 'high': 1455, 'open': None, 'close': 1350, 'symbol': 'UDNG.JK', 'volume': 2024200, 'market_cap': 2362554097200}"
UDNG.JK,2026-06-26,1250,1365600,2187550090000,2026-09-16T12:15:42.379846+00:00,"{'low': 1225, 'date': '2026-06-26', 'high': 1400, 'open': None, 'close': 1250, 'symbol': 'UDNG.JK', 'volume': 1365600, 'market_cap': 2187550090000}"
UDNG.JK,2026-06-29,1285,1097800,2248801492520,2026-09-16T12:15:42.379846+00:00,"{'low': 1245, 'date': '2026-06-29', 'high': 1345, 'open': None, 'close': 1285, 'symbol': 'UDNG.JK', 'volume': 1097800, 'market_cap': 2248801492520}"
UDNG.JK,2026-06-30,1210,1110600,2117548487120,2026-09-16T12:15:42.379846+00:00,"{'low': 1160, 'date': '2026-06-30', 'high': 1305, 'open': None, 'close': 1210, 'symbol': 'UDNG.JK', 'volume': 1110600, 'market_cap': 2117548487120}"
UDNG.JK,2026-07-01,1170,1130400,2047546884240,2026-09-16T12:15:42.379846+00:00,"{'low': 1135, 'date': '2026-07-01', 'high': 1260, 'open': None, 'close': 1170, 'symbol': 'UDNG.JK', 'volume': 1130400, 'market_cap': 2047546884240}"
UDNG.JK,2026-07-02,1285,2342600,2248801492520,2026-09-16T12:15:42.379846+00:00,"{'low': 1135, 'date': '2026-07-02', 'high': 1285, 'open': None, 'close': 1285, 'symbol': 'UDNG.JK', 'volume': 2342600, 'market_cap': 2248801492520}"
UDNG.JK,2026-07-03,1410,2131800,2467556501520,2026-09-16T12:15:42.379846+00:00,"{'low': 1220, 'date': '2026-07-03', 'high': 1410, 'open': None, 'close': 1410, 'symbol': 'UDNG.JK', 'volume': 2131800, 'market_cap': 2467556501520}"
UDNG.JK,2026-07-06,1305,829800,2283802293960,2026-09-16T12:15:42.379846+00:00,"{'low': 1290, 'date': '2026-07-06', 'high': 1500, 'open': None, 'close': 1305, 'symbol': 'UDNG.JK', 'volume': 829800, 'market_cap': 2283802293960}"
UDNG.JK,2026-07-07,1305,472300,2283802293960,2026-09-16T12:15:42.379846+00:00,"{'low': 1240, 'date': '2026-07-07', 'high': 1330, 'open': None, 'close': 1305, 'symbol': 'UDNG.JK', 'volume': 472300, 'market_cap': 2283802293960}"
UDNG.JK,2026-07-08,1265,1601800,2213800691080,2026-09-16T12:15:42.379846+00:00,"{'low': 1225, 'date': '2026-07-08', 'high': 1315, 'open': None, 'close': 1265, 'symbol': 'UDNG.JK', 'volume': 1601800, 'market_cap': 2213800691080}"
UDNG.JK,2026-07-09,1265,394700,2213800691080,2026-09-16T12:15:42.379846+00:00,"{'low': 1250, 'date': '2026-07-09', 'high': 1325, 'open': None, 'close': 1265, 'symbol': 'UDNG.JK', 'volume': 394700, 'market_cap': 2213800691080}"
UDNG.JK,2026-07-10,1260,193800,2205050490720,2026-09-16T12:15:42.379846+00:00,"{'low': 1250, 'date': '2026-07-10', 'high': 1275, 'open': None, 'close': 1260, 'symbol': 'UDNG.JK', 'volume': 193800, 'market_cap': 2205050490720}"
UDNG.JK,2026-07-13,1380,1259900,2415055299360,2026-09-16T12:15:42.379846+00:00,"{'low': 1250, 'date': '2026-07-13', 'high': 1385, 'open': None, 'close': 1380, 'symbol': 'UDNG.JK', 'volume': 1259900, 'market_cap': 2415055299360}"
UDNG.JK,2026-07-14,1380,1132000,2415055299360,2026-09-16T12:15:42.379846+00:00,"{'low': 1310, 'date': '2026-07-14', 'high': 1415, 'open': None, 'close': 1380, 'symbol': 'UDNG.JK', 'volume': 1132000, 'market_cap': 2415055299360}"
UDNG.JK,2026-07-15,1340,654300,2345053696480,2026-09-16T12:15:42.379846+00:00,"{'low': 1330, 'date': '2026-07-15', 'high': 1410, 'open': None, 'close': 1340, 'symbol': 'UDNG.JK', 'volume': 654300, 'market_cap': 2345053696480}"
UDNG.JK,2026-07-16,1290,685000,2257551692880,2026-09-16T12:15:42.379846+00:00,"{'low': 1290, 'date': '2026-07-16', 'high': 1410, 'open': None, 'close': 1290, 'symbol': 'UDNG.JK', 'volume': 685000, 'market_cap': 2257551692880}"
UDNG.JK,2026-07-17,1270,374700,2222550891440,2026-09-16T12:15:42.379846+00:00,"{'low': 1240, 'date': '2026-07-17', 'high': 1330, 'open': None, 'close': 1270, 'symbol': 'UDNG.JK', 'volume': 374700, 'market_cap': 2222550891440}"
UDNG.JK,2026-07-20,1270,304900,2222550891440,2026-09-16T12:15:42.379846+00:00,"{'low': 1260, 'date': '2026-07-20', 'high': 1310, 'open': None, 'close': 1270, 'symbol': 'UDNG.JK', 'volume': 304900, 'market_cap': 2222550891440}"
UDNG.JK,2026-07-21,1260,900000,2205050490720,2026-09-16T12:15:42.379846+00:00,"{'low': 1230, 'date': '2026-07-21', 'high': 1275, 'open': None, 'close': 1260, 'symbol': 'UDNG.JK', 'volume': 900000, 'market_cap': 2205050490720}"
UDNG.JK,2026-07-22,1270,820900,2222550891440,2026-09-16T12:15:42.379846+00:00,"{'low': 1220, 'date': '2026-07-22', 'high': 1330, 'open': 0, 'close': 1270, 'symbol': 'UDNG.JK', 'volume': 820900, 'market_cap': 2222550891440}"
UDNG.JK,2026-07-23,1250,728500,2187550090000,2026-09-16T12:15:42.379846+00:00,"{'low': 1225, 'date': '2026-07-23', 'high': 1275, 'open': 0, 'close': 1250, 'symbol': 'UDNG.JK', 'volume': 728500, 'market_cap': 2187550090000}"
UDNG.JK,2026-07-24,1170,553000,2047546884240,2026-09-16T12:15:42.379846+00:00,"{'low': 1150, 'date': '2026-07-24', 'high': 1250, 'open': 0, 'close': 1170, 'symbol': 'UDNG.JK', 'volume': 553000, 'market_cap': 2047546884240}"
UDNG.JK,2026-07-27,1190,833100,2082547685680,2026-09-16T12:15:42.379846+00:00,"{'low': 1165, 'date': '2026-07-27', 'high': 1200, 'open': 0, 'close': 1190, 'symbol': 'UDNG.JK', 'volume': 833100, 'market_cap': 2082547685680}"
UDNG.JK,2026-07-28,1185,743300,2073797485320,2026-09-16T12:15:42.379846+00:00,"{'low': 1075, 'date': '2026-07-28', 'high': 1195, 'open': 0, 'close': 1185, 'symbol': 'UDNG.JK', 'volume': 743300, 'market_cap': 2073797485320}"
UDNG.JK,2026-07-29,1115,545900,1951294680280,2026-09-16T12:15:42.379846+00:00,"{'low': 1075, 'date': '2026-07-29', 'high': 1180, 'open': 0, 'close': 1115, 'symbol': 'UDNG.JK', 'volume': 545900, 'market_cap': 1951294680280}"
UDNG.JK,2026-07-30,1095,245100,1916293878840,2026-09-16T12:15:42.379846+00:00,"{'low': 1075, 'date': '2026-07-30', 'high': 1135, 'open': 0, 'close': 1095, 'symbol': 'UDNG.JK', 'volume': 245100, 'market_cap': 1916293878840}"
UDNG.JK,2026-07-31,1070,1462500,1872542877040,2026-09-16T12:15:42.379846+00:00,"{'low': 1065, 'date': '2026-07-31', 'high': 1100, 'open': 0, 'close': 1070, 'symbol': 'UDNG.JK', 'volume': 1462500, 'market_cap': 1872542877040}"
UDNG.JK,2026-08-03,1090,669900,1907543678480,2026-09-16T12:15:42.379846+00:00,"{'low': 1060, 'date': '2026-08-03', 'high': 1175, 'open': 0, 'close': 1090, 'symbol': 'UDNG.JK', 'volume': 669900, 'market_cap': 1907543678480}"
UDNG.JK,2026-08-04,1195,844200,2091297886040,2026-09-16T12:15:42.379846+00:00,"{'low': 1070, 'date': '2026-08-04', 'high': 1195, 'open': 1105, 'close': 1195, 'symbol': 'UDNG.JK', 'volume': 844200, 'market_cap': 2091297886040}"
UDNG.JK,2026-08-05,1245,789900,2178799889640,2026-09-16T12:15:42.379846+00:00,"{'low': 1160, 'date': '2026-08-05', 'high': 1290, 'open': 0, 'close': 1245, 'symbol': 'UDNG.JK', 'volume': 789900, 'market_cap': 2178799889640}"
UDNG.JK,2026-08-06,1250,874900,2187550090000,2026-09-16T12:15:42.379846+00:00,"{'low': 1195, 'date': '2026-08-06', 'high': 1290, 'open': 1230, 'close': 1250, 'symbol': 'UDNG.JK', 'volume': 874900, 'market_cap': 2187550090000}"
UDNG.JK,2026-08-07,1375,2426100,2406305099000,2026-09-16T12:15:42.379846+00:00,"{'low': 1200, 'date': '2026-08-07', 'high': 1375, 'open': 1250, 'close': 1375, 'symbol': 'UDNG.JK', 'volume': 2426100, 'market_cap': 2406305099000}"
UDNG.JK,2026-08-10,1420,1692800,2485056902240,2026-09-16T12:15:42.379846+00:00,"{'low': 1340, 'date': '2026-08-10', 'high': 1510, 'open': 1510, 'close': 1420, 'symbol': 'UDNG.JK', 'volume': 1692800, 'market_cap': 2485056902240}"
UDNG.JK,2026-08-11,1290,484600,2257551692880,2026-09-16T12:15:42.379846+00:00,"{'low': 1280, 'date': '2026-08-11', 'high': 1430, 'open': 1390, 'close': 1290, 'symbol': 'UDNG.JK', 'volume': 484600, 'market_cap': 2257551692880}"
UDNG.JK,2026-08-12,1220,1231000,2135048887840,2026-09-16T12:15:42.379846+00:00,"{'low': 1180, 'date': '2026-08-12', 'high': 1330, 'open': 1280, 'close': 1220, 'symbol': 'UDNG.JK', 'volume': 1231000, 'market_cap': 2135048887840}"
UDNG.JK,2026-08-13,1200,439700,2100048086400,2026-09-16T12:15:42.379846+00:00,"{'low': 1180, 'date': '2026-08-13', 'high': 1250, 'open': 1225, 'close': 1200, 'symbol': 'UDNG.JK', 'volume': 439700, 'market_cap': 2100048086400}"
UDNG.JK,2026-08-14,1300,1067100,2275052093600,2026-09-16T12:15:42.379846+00:00,"{'low': 1170, 'date': '2026-08-14', 'high': 1300, 'open': 1200, 'close': 1300, 'symbol': 'UDNG.JK', 'volume': 1067100, 'market_cap': 2275052093600}"
UDNG.JK,2026-08-18,1315,808300,2301302694680,2026-09-16T12:15:42.379846+00:00,"{'low': 1265, 'date': '2026-08-18', 'high': 1350, 'open': 1265, 'close': 1315, 'symbol': 'UDNG.JK', 'volume': 808300, 'market_cap': 2301302694680}"
UDNG.JK,2026-08-19,1325,1180500,2318803095400,2026-09-16T12:15:42.379846+00:00,"{'low': 1315, 'date': '2026-08-19', 'high': 1380, 'open': 1315, 'close': 1325, 'symbol': 'UDNG.JK', 'volume': 1180500, 'market_cap': 2318803095400}"
UDNG.JK,2026-08-20,1360,1203200,2380054497920,2026-09-16T12:15:42.379846+00:00,"{'low': 1250, 'date': '2026-08-20', 'high': 1420, 'open': 1300, 'close': 1360, 'symbol': 'UDNG.JK', 'volume': 1203200, 'market_cap': 2380054497920}"
UDNG.JK,2026-08-21,1345,305000,2353803896840,2026-09-16T12:15:42.379846+00:00,"{'low': 1330, 'date': '2026-08-21', 'high': 1390, 'open': 1390, 'close': 1345, 'symbol': 'UDNG.JK', 'volume': 305000, 'market_cap': 2353803896840}"
UDNG.JK,2026-08-24,1315,1428800,2301302694680,2026-09-16T12:15:42.379846+00:00,"{'low': 1270, 'date': '2026-08-24', 'high': 1360, 'open': 1345, 'close': 1315, 'symbol': 'UDNG.JK', 'volume': 1428800, 'market_cap': 2301302694680}"
UDNG.JK,2026-08-26,1390,1472100,2432555700080,2026-09-16T12:15:42.379846+00:00,"{'low': 1270, 'date': '2026-08-26', 'high': 1410, 'open': 1390, 'close': 1390, 'symbol': 'UDNG.JK', 'volume': 1472100, 'market_cap': 2432555700080}"
UDNG.JK,2026-08-27,1445,2055900,2528807904040,2026-09-16T12:15:42.379846+00:00,"{'low': 1350, 'date': '2026-08-27', 'high': 1480, 'open': 1390, 'close': 1445, 'symbol': 'UDNG.JK', 'volume': 2055900, 'market_cap': 2528807904040}"
UDNG.JK,2026-08-28,1585,1794800,2773813514120,2026-09-16T12:15:42.379846+00:00,"{'low': 1440, 'date': '2026-08-28', 'high': 1585, 'open': 1445, 'close': 1585, 'symbol': 'UDNG.JK', 'volume': 1794800, 'market_cap': 2773813514120}"
UDNG.JK,2026-08-31,1430,2285500,2502557302960,2026-09-16T12:15:42.379846+00:00,"{'low': 1430, 'date': '2026-08-31', 'high': 1740, 'open': 1590, 'close': 1430, 'symbol': 'UDNG.JK', 'volume': 2285500, 'market_cap': 2502557302960}"
UDNG.JK,2026-09-01,1290,3343100,2257551692880,2026-09-16T12:15:42.379846+00:00,"{'low': 1290, 'date': '2026-09-01', 'high': 1500, 'open': 1440, 'close': 1290, 'symbol': 'UDNG.JK', 'volume': 3343100, 'market_cap': 2257551692880}"
UDNG.JK,2026-09-02,1200,7236500,2100048086400,2026-09-16T12:15:42.379846+00:00,"{'low': 1165, 'date': '2026-09-02', 'high': 1360, 'open': 1300, 'close': 1200, 'symbol': 'UDNG.JK', 'volume': 7236500, 'market_cap': 2100048086400}"
UDNG.JK,2026-09-03,1080,10815800,1890043277760,2026-09-16T12:15:42.379846+00:00,"{'low': 1080, 'date': '2026-09-03', 'high': 1200, 'open': 1200, 'close': 1080, 'symbol': 'UDNG.JK', 'volume': 10815800, 'market_cap': 1890043277760}"
UDNG.JK,2026-09-04,975,13339600,1706289070200,2026-09-16T12:15:42.379846+00:00,"{'low': 975, 'date': '2026-09-04', 'high': 1095, 'open': 1085, 'close': 975, 'symbol': 'UDNG.JK', 'volume': 13339600, 'market_cap': 1706289070200}"
UDNG.JK,2026-09-07,900,17007100,1575036064800,2026-09-16T12:15:42.379846+00:00,"{'low': 880, 'date': '2026-09-07', 'high': 995, 'open': 975, 'close': 900, 'symbol': 'UDNG.JK', 'volume': 17007100, 'market_cap': 1575036064800}"
UDNG.JK,2026-09-08,810,12257200,1417532458320,2026-09-16T12:15:42.379846+00:00,"{'low': 810, 'date': '2026-09-08', 'high': 925, 'open': 900, 'close': 810, 'symbol': 'UDNG.JK', 'volume': 12257200, 'market_cap': 1417532458320}"
UDNG.JK,2026-09-09,730,17694300,1277529252560,2026-09-16T12:15:42.379846+00:00,"{'low': 730, 'date': '2026-09-09', 'high': 800, 'open': 800, 'close': 730, 'symbol': 'UDNG.JK', 'volume': 17694300, 'market_cap': 1277529252560}"
UDNG.JK,2026-09-10,660,14708800,1155026447520,2026-09-16T12:15:42.379846+00:00,"{'low': 660, 'date': '2026-09-10', 'high': 730, 'open': 700, 'close': 660, 'symbol': 'UDNG.JK', 'volume': 14708800, 'market_cap': 1155026447520}"
UDNG.JK,2026-09-11,595,8224400,1041273842840,2026-09-16T12:15:42.379846+00:00,"{'low': 595, 'date': '2026-09-11', 'high': 655, 'open': 655, 'close': 595, 'symbol': 'UDNG.JK', 'volume': 8224400, 'market_cap': 1041273842840}"
UDNG.JK,2026-09-14,540,2822900,945021638880,2026-09-16T12:15:42.379846+00:00,"{'low': 540, 'date': '2026-09-14', 'high': 575, 'open': 575, 'close': 540, 'symbol': 'UDNG.JK', 'volume': 2822900, 'market_cap': 945021638880}"
UDNG.JK,2026-09-15,486,39683500,850519474992,2026-09-16T12:15:42.379846+00:00,"{'low': 486, 'date': '2026-09-15', 'high': 590, 'open': 486, 'close': 486, 'symbol': 'UDNG.JK', 'volume': 39683500, 'market_cap': 850519474992}"
UDNG.JK,2026-09-16,486,0,850519474992,2026-09-16T12:15:42.379846+00:00,"{'low': 0, 'date': '2026-09-16', 'high': 0, 'open': 0, 'close': 486, 'symbol': 'UDNG.JK', 'volume': 0, 'market_cap': 850519474992}"
PACK.JK,2026-06-18,252,61309400,8158855843908,2026-09-16T12:15:46.20869+00:00,"{'low': 240, 'date': '2026-06-18', 'high': 258, 'open': None, 'close': 252, 'symbol': 'PACK.JK', 'volume': 61309400, 'market_cap': 8158855843908}"
PACK.JK,2026-06-19,258,77956000,8353114316382,2026-09-16T12:15:46.20869+00:00,"{'low': 246, 'date': '2026-06-19', 'high': 266, 'open': None, 'close': 258, 'symbol': 'PACK.JK', 'volume': 77956000, 'market_cap': 8353114316382}"
PACK.JK,2026-06-22,250,60841300,8094103019750,2026-09-16T12:15:46.20869+00:00,"{'low': 246, 'date': '2026-06-22', 'high': 266, 'open': None, 'close': 250, 'symbol': 'PACK.JK', 'volume': 60841300, 'market_cap': 8094103019750}"
PACK.JK,2026-06-23,254,58847700,8223608668066,2026-09-16T12:15:46.20869+00:00,"{'low': 240, 'date': '2026-06-23', 'high': 260, 'open': None, 'close': 254, 'symbol': 'PACK.JK', 'volume': 58847700, 'market_cap': 8223608668066}"
PACK.JK,2026-06-24,230,91156700,7446574778170,2026-09-16T12:15:46.20869+00:00,"{'low': 230, 'date': '2026-06-24', 'high': 258, 'open': None, 'close': 230, 'symbol': 'PACK.JK', 'volume': 91156700, 'market_cap': 7446574778170}"
PACK.JK,2026-06-25,244,54345600,7899889738028,2026-09-16T12:15:46.20869+00:00,"{'low': 216, 'date': '2026-06-25', 'high': 250, 'open': None, 'close': 244, 'symbol': 'PACK.JK', 'volume': 54345600, 'market_cap': 7899889738028}"
PACK.JK,2026-06-26,234,48146900,7576123765158,2026-09-16T12:15:46.20869+00:00,"{'low': 228, 'date': '2026-06-26', 'high': 246, 'open': None, 'close': 234, 'symbol': 'PACK.JK', 'volume': 48146900, 'market_cap': 7576123765158}"
PACK.JK,2026-06-29,232,29724400,7511986857240,2026-09-16T12:15:46.20869+00:00,"{'low': 230, 'date': '2026-06-29', 'high': 238, 'open': None, 'close': 232, 'symbol': 'PACK.JK', 'volume': 29724400, 'market_cap': 7511986857240}"
PACK.JK,2026-06-30,226,54811800,7317711335070,2026-09-16T12:15:46.20869+00:00,"{'low': 220, 'date': '2026-06-30', 'high': 234, 'open': None, 'close': 226, 'symbol': 'PACK.JK', 'volume': 54811800, 'market_cap': 7317711335070}"
PACK.JK,2026-07-01,226,35375400,7317711335070,2026-09-16T12:15:46.20869+00:00,"{'low': 218, 'date': '2026-07-01', 'high': 248, 'open': None, 'close': 226, 'symbol': 'PACK.JK', 'volume': 35375400, 'market_cap': 7317711335070}"
PACK.JK,2026-07-02,236,36064400,7641621305620,2026-09-16T12:15:46.20869+00:00,"{'low': 224, 'date': '2026-07-02', 'high': 240, 'open': None, 'close': 236, 'symbol': 'PACK.JK', 'volume': 36064400, 'market_cap': 7641621305620}"
PACK.JK,2026-07-03,232,43753300,7512102773720,2026-09-16T12:15:46.20869+00:00,"{'low': 226, 'date': '2026-07-03', 'high': 244, 'open': None, 'close': 232, 'symbol': 'PACK.JK', 'volume': 43753300, 'market_cap': 7512102773720}"
PACK.JK,2026-07-06,230,38611800,7447359229050,2026-09-16T12:15:46.20869+00:00,"{'low': 228, 'date': '2026-07-06', 'high': 248, 'open': None, 'close': 230, 'symbol': 'PACK.JK', 'volume': 38611800, 'market_cap': 7447359229050}"
PACK.JK,2026-07-07,230,20866300,7447382689050,2026-09-16T12:15:46.20869+00:00,"{'low': 226, 'date': '2026-07-07', 'high': 234, 'open': None, 'close': 230, 'symbol': 'PACK.JK', 'volume': 20866300, 'market_cap': 7447382689050}"
PACK.JK,2026-07-08,226,25423700,7317862990110,2026-09-16T12:15:46.20869+00:00,"{'low': 224, 'date': '2026-07-08', 'high': 246, 'open': None, 'close': 226, 'symbol': 'PACK.JK', 'volume': 25423700, 'market_cap': 7317862990110}"
PACK.JK,2026-07-09,212,200380900,6864544043820,2026-09-16T12:15:46.20869+00:00,"{'low': 204, 'date': '2026-07-09', 'high': 228, 'open': None, 'close': 212, 'symbol': 'PACK.JK', 'volume': 200380900, 'market_cap': 6864544043820}"
PACK.JK,2026-07-10,216,49680900,6994063742760,2026-09-16T12:15:46.20869+00:00,"{'low': 210, 'date': '2026-07-10', 'high': 220, 'open': None, 'close': 216, 'symbol': 'PACK.JK', 'volume': 49680900, 'market_cap': 6994063742760}"
PACK.JK,2026-07-13,218,45503700,7058823592230,2026-09-16T12:15:46.20869+00:00,"{'low': 210, 'date': '2026-07-13', 'high': 218, 'open': None, 'close': 218, 'symbol': 'PACK.JK', 'volume': 45503700, 'market_cap': 7058823592230}"
PACK.JK,2026-07-14,214,56342400,6929303893290,2026-09-16T12:15:46.20869+00:00,"{'low': 214, 'date': '2026-07-14', 'high': 224, 'open': None, 'close': 214, 'symbol': 'PACK.JK', 'volume': 56342400, 'market_cap': 6929303893290}"
PACK.JK,2026-07-15,206,127099600,6670264495410,2026-09-16T12:15:46.20869+00:00,"{'low': 204, 'date': '2026-07-15', 'high': 220, 'open': None, 'close': 206, 'symbol': 'PACK.JK', 'volume': 127099600, 'market_cap': 6670264495410}"
PACK.JK,2026-07-16,208,61258000,6735024344880,2026-09-16T12:15:46.20869+00:00,"{'low': 200, 'date': '2026-07-16', 'high': 210, 'open': None, 'close': 208, 'symbol': 'PACK.JK', 'volume': 61258000, 'market_cap': 6735024344880}"
PACK.JK,2026-07-17,210,30584500,6799813753950,2026-09-16T12:15:46.20869+00:00,"{'low': 206, 'date': '2026-07-17', 'high': 214, 'open': None, 'close': 210, 'symbol': 'PACK.JK', 'volume': 30584500, 'market_cap': 6799813753950}"
PACK.JK,2026-07-20,230,154399200,7447415063850,2026-09-16T12:15:46.20869+00:00,"{'low': 208, 'date': '2026-07-20', 'high': 230, 'open': None, 'close': 230, 'symbol': 'PACK.JK', 'volume': 154399200, 'market_cap': 7447415063850}"
PACK.JK,2026-07-21,230,195833800,7447415063850,2026-09-16T12:15:46.20869+00:00,"{'low': 218, 'date': '2026-07-21', 'high': 250, 'open': None, 'close': 230, 'symbol': 'PACK.JK', 'volume': 195833800, 'market_cap': 7447415063850}"
PACK.JK,2026-07-22,214,223459600,6929334015930,2026-09-16T12:15:46.20869+00:00,"{'low': 208, 'date': '2026-07-22', 'high': 234, 'open': 0, 'close': 214, 'symbol': 'PACK.JK', 'volume': 223459600, 'market_cap': 6929334015930}"
PACK.JK,2026-07-23,224,157209200,7253134670880,2026-09-16T12:15:46.20869+00:00,"{'low': 214, 'date': '2026-07-23', 'high': 232, 'open': 0, 'close': 224, 'symbol': 'PACK.JK', 'volume': 157209200, 'market_cap': 7253134670880}"
PACK.JK,2026-07-24,234,196407600,7577352290430,2026-09-16T12:15:46.20869+00:00,"{'low': 214, 'date': '2026-07-24', 'high': 240, 'open': 0, 'close': 234, 'symbol': 'PACK.JK', 'volume': 196407600, 'market_cap': 7577352290430}"
PACK.JK,2026-07-27,224,98718700,7253533816480,2026-09-16T12:15:46.20869+00:00,"{'low': 224, 'date': '2026-07-27', 'high': 238, 'open': 0, 'close': 224, 'symbol': 'PACK.JK', 'volume': 98718700, 'market_cap': 7253533816480}"
PACK.JK,2026-07-28,226,69332300,7318343615270,2026-09-16T12:15:46.20869+00:00,"{'low': 224, 'date': '2026-07-28', 'high': 236, 'open': 0, 'close': 226, 'symbol': 'PACK.JK', 'volume': 69332300, 'market_cap': 7318343615270}"
PACK.JK,2026-07-29,220,62456000,7124139271700,2026-09-16T12:15:46.20869+00:00,"{'low': 216, 'date': '2026-07-29', 'high': 232, 'open': 0, 'close': 220, 'symbol': 'PACK.JK', 'volume': 62456000, 'market_cap': 7124139271700}"
PACK.JK,2026-07-30,226,39071800,7318433979110,2026-09-16T12:15:46.20869+00:00,"{'low': 214, 'date': '2026-07-30', 'high': 230, 'open': 0, 'close': 226, 'symbol': 'PACK.JK', 'volume': 39071800, 'market_cap': 7318433979110}"
PACK.JK,2026-07-31,248,275994200,8030847906280,2026-09-16T12:15:46.20869+00:00,"{'low': 224, 'date': '2026-07-31', 'high': 248, 'open': 0, 'close': 248, 'symbol': 'PACK.JK', 'volume': 275994200, 'market_cap': 8030847906280}"
PACK.JK,2026-08-03,236,184196700,7642335852260,2026-09-16T12:15:46.20869+00:00,"{'low': 230, 'date': '2026-08-03', 'high': 250, 'open': 0, 'close': 236, 'symbol': 'PACK.JK', 'volume': 184196700, 'market_cap': 7642335852260}"
PACK.JK,2026-08-04,242,60021200,7836632526470,2026-09-16T12:15:46.20869+00:00,"{'low': 232, 'date': '2026-08-04', 'high': 244, 'open': 232, 'close': 242, 'symbol': 'PACK.JK', 'volume': 60021200, 'market_cap': 7836632526470}"
PACK.JK,2026-08-05,266,335211900,8613819223310,2026-09-16T12:15:46.20869+00:00,"{'low': 240, 'date': '2026-08-05', 'high': 266, 'open': 0, 'close': 266, 'symbol': 'PACK.JK', 'volume': 335211900, 'market_cap': 8613819223310}"
PACK.JK,2026-08-06,270,239853900,9087679298250,2026-09-16T12:15:46.20869+00:00,"{'low': 260, 'date': '2026-08-06', 'high': 288, 'open': 288, 'close': 270, 'symbol': 'PACK.JK', 'volume': 239853900, 'market_cap': 9087679298250}"
PACK.JK,2026-08-07,270,76855200,9087734378250,2026-09-16T12:15:46.20869+00:00,"{'low': 260, 'date': '2026-08-07', 'high': 280, 'open': 270, 'close': 270, 'symbol': 'PACK.JK', 'volume': 76855200, 'market_cap': 9087734378250}"
PACK.JK,2026-08-10,256,122719000,8729538041600,2026-09-16T12:15:46.20869+00:00,"{'low': 256, 'date': '2026-08-10', 'high': 280, 'open': 268, 'close': 256, 'symbol': 'PACK.JK', 'volume': 122719000, 'market_cap': 8729538041600}"
PACK.JK,2026-08-11,252,125767800,8593189409700,2026-09-16T12:15:46.20869+00:00,"{'low': 246, 'date': '2026-08-11', 'high': 262, 'open': 256, 'close': 252, 'symbol': 'PACK.JK', 'volume': 125767800, 'market_cap': 8593189409700}"
PACK.JK,2026-08-12,270,155319900,9207010685250,2026-09-16T12:15:46.20869+00:00,"{'low': 250, 'date': '2026-08-12', 'high': 276, 'open': 252, 'close': 270, 'symbol': 'PACK.JK', 'volume': 155319900, 'market_cap': 9207010685250}"
PACK.JK,2026-08-13,274,168285900,9343410843550,2026-09-16T12:15:46.20869+00:00,"{'low': 256, 'date': '2026-08-13', 'high': 280, 'open': 276, 'close': 274, 'symbol': 'PACK.JK', 'volume': 168285900, 'market_cap': 9343410843550}"
PACK.JK,2026-08-14,296,276164800,10093611714200,2026-09-16T12:15:46.20869+00:00,"{'low': 268, 'date': '2026-08-14', 'high': 298, 'open': 274, 'close': 296, 'symbol': 'PACK.JK', 'volume': 276164800, 'market_cap': 10093611714200}"
PACK.JK,2026-08-18,324,437396300,11048419658700,2026-09-16T12:15:46.20869+00:00,"{'low': 300, 'date': '2026-08-18', 'high': 324, 'open': 300, 'close': 324, 'symbol': 'PACK.JK', 'volume': 437396300, 'market_cap': 11048419658700}"
PACK.JK,2026-08-19,320,301064500,10912020696000,2026-09-16T12:15:46.20869+00:00,"{'low': 302, 'date': '2026-08-19', 'high': 340, 'open': 330, 'close': 320, 'symbol': 'PACK.JK', 'volume': 301064500, 'market_cap': 10912020696000}"
PACK.JK,2026-08-20,352,95075200,12003222765600,2026-09-16T12:15:46.20869+00:00,"{'low': 332, 'date': '2026-08-20', 'high': 352, 'open': 332, 'close': 352, 'symbol': 'PACK.JK', 'volume': 95075200, 'market_cap': 12003222765600}"
PACK.JK,2026-08-21,386,767834600,13162624964550,2026-09-16T12:15:46.20869+00:00,"{'low': 352, 'date': '2026-08-21', 'high': 386, 'open': 386, 'close': 386, 'symbol': 'PACK.JK', 'volume': 767834600, 'market_cap': 13162624964550}"
PACK.JK,2026-08-24,424,580208800,14458427422200,2026-09-16T12:15:46.20869+00:00,"{'low': 380, 'date': '2026-08-24', 'high': 424, 'open': 400, 'close': 424, 'symbol': 'PACK.JK', 'volume': 580208800, 'market_cap': 14458427422200}"
PACK.JK,2026-08-26,466,450689700,15890735687550,2026-09-16T12:15:46.20869+00:00,"{'low': 424, 'date': '2026-08-26', 'high': 466, 'open': 0, 'close': 466, 'symbol': 'PACK.JK', 'volume': 450689700, 'market_cap': 15890735687550}"
PACK.JK,2026-08-27,466,0,15893273195486,2026-09-16T12:15:46.20869+00:00,"{'low': 0, 'date': '2026-08-27', 'high': 0, 'open': 0, 'close': 466, 'symbol': 'PACK.JK', 'volume': 0, 'market_cap': 15893273195486}"
PACK.JK,2026-08-28,510,538475000,17394003630210,2026-09-16T12:15:46.20869+00:00,"{'low': 470, 'date': '2026-08-28', 'high': 510, 'open': 480, 'close': 510, 'symbol': 'PACK.JK', 'volume': 538475000, 'market_cap': 17394003630210}"
PACK.JK,2026-08-31,560,237278600,19099432111760,2026-09-16T12:15:46.20869+00:00,"{'low': 496, 'date': '2026-08-31', 'high': 560, 'open': 560, 'close': 560, 'symbol': 'PACK.JK', 'volume': 237278600, 'market_cap': 19099432111760}"
PACK.JK,2026-09-01,560,0,19099482937360,2026-09-16T12:15:46.20869+00:00,"{'low': 0, 'date': '2026-09-01', 'high': 0, 'open': 0, 'close': 560, 'symbol': 'PACK.JK', 'volume': 0, 'market_cap': 19099482937360}"
PACK.JK,2026-09-02,560,0,19100365452560,2026-09-16T12:15:46.20869+00:00,"{'low': 0, 'date': '2026-09-02', 'high': 0, 'open': 0, 'close': 560, 'symbol': 'PACK.JK', 'volume': 0, 'market_cap': 19100365452560}"
PACK.JK,2026-09-03,560,0,19101262572560,2026-09-16T12:15:46.20869+00:00,"{'low': 0, 'date': '2026-09-03', 'high': 0, 'open': 0, 'close': 560, 'symbol': 'PACK.JK', 'volume': 0, 'market_cap': 19101262572560}"
PACK.JK,2026-09-04,560,0,19101329929360,2026-09-16T12:15:46.20869+00:00,"{'low': 0, 'date': '2026-09-04', 'high': 0, 'open': 0, 'close': 560, 'symbol': 'PACK.JK', 'volume': 0, 'market_cap': 19101329929360}"
PACK.JK,2026-09-07,560,0,19101427033360,2026-09-16T12:15:46.20869+00:00,"{'low': 0, 'date': '2026-09-07', 'high': 0, 'open': 0, 'close': 560, 'symbol': 'PACK.JK', 'volume': 0, 'market_cap': 19101427033360}"
PACK.JK,2026-09-08,560,0,19102843407760,2026-09-16T12:15:46.20869+00:00,"{'low': 0, 'date': '2026-09-08', 'high': 0, 'open': 0, 'close': 560, 'symbol': 'PACK.JK', 'volume': 0, 'market_cap': 19102843407760}"
PACK.JK,2026-09-09,560,0,19102913564560,2026-09-16T12:15:46.20869+00:00,"{'low': 0, 'date': '2026-09-09', 'high': 0, 'open': 0, 'close': 560, 'symbol': 'PACK.JK', 'volume': 0, 'market_cap': 19102913564560}"
PACK.JK,2026-09-10,560,0,19102917484560,2026-09-16T12:15:46.20869+00:00,"{'low': 0, 'date': '2026-09-10', 'high': 0, 'open': 0, 'close': 560, 'symbol': 'PACK.JK', 'volume': 0, 'market_cap': 19102917484560}"
PACK.JK,2026-09-11,560,0,19103170380560,2026-09-16T12:15:46.20869+00:00,"{'low': 0, 'date': '2026-09-11', 'high': 0, 'open': 0, 'close': 560, 'symbol': 'PACK.JK', 'volume': 0, 'market_cap': 19103170380560}"
PACK.JK,2026-09-14,560,0,19103672420560,2026-09-16T12:15:46.20869+00:00,"{'low': 0, 'date': '2026-09-14', 'high': 0, 'open': 0, 'close': 560, 'symbol': 'PACK.JK', 'volume': 0, 'market_cap': 19103672420560}"
PACK.JK,2026-09-15,560,0,19103672420560,2026-09-16T12:15:46.20869+00:00,"{'low': 0, 'date': '2026-09-15', 'high': 0, 'open': 0, 'close': 560, 'symbol': 'PACK.JK', 'volume': 0, 'market_cap': 19103672420560}"
PACK.JK,2026-09-16,560,0,19103675220560,2026-09-16T12:15:46.20869+00:00,"{'low': 0, 'date': '2026-09-16', 'high': 0, 'open': 0, 'close': 560, 'symbol': 'PACK.JK', 'volume': 0, 'market_cap': 19103675220560}"
MDIA.JK,2026-06-18,70,130570700,2745087688000,2026-09-16T12:15:49.948427+00:00,"{'low': 69, 'date': '2026-06-18', 'high': 77, 'open': 76, 'close': 70, 'symbol': 'MDIA.JK', 'volume': 130570700, 'market_cap': 2745087688000}"
MDIA.JK,2026-06-19,71,106947800,2784303226400,2026-09-16T12:15:49.948427+00:00,"{'low': 68, 'date': '2026-06-19', 'high': 75, 'open': 70, 'close': 71, 'symbol': 'MDIA.JK', 'volume': 106947800, 'market_cap': 2784303226400}"
MDIA.JK,2026-06-22,72,173884700,2823518764800,2026-09-16T12:15:49.948427+00:00,"{'low': 70, 'date': '2026-06-22', 'high': 78, 'open': 72, 'close': 72, 'symbol': 'MDIA.JK', 'volume': 173884700, 'market_cap': 2823518764800}"
MDIA.JK,2026-06-23,70,70699100,2745087688000,2026-09-16T12:15:49.948427+00:00,"{'low': 65, 'date': '2026-06-23', 'high': 74, 'open': 73, 'close': 70, 'symbol': 'MDIA.JK', 'volume': 70699100, 'market_cap': 2745087688000}"
MDIA.JK,2026-06-24,64,72606800,2509794457600,2026-09-16T12:15:49.948427+00:00,"{'low': 61, 'date': '2026-06-24', 'high': 72, 'open': 71, 'close': 64, 'symbol': 'MDIA.JK', 'volume': 72606800, 'market_cap': 2509794457600}"
MDIA.JK,2026-06-25,65,73456800,2549009996000,2026-09-16T12:15:49.948427+00:00,"{'low': 61, 'date': '2026-06-25', 'high': 67, 'open': 62, 'close': 65, 'symbol': 'MDIA.JK', 'volume': 73456800, 'market_cap': 2549009996000}"
MDIA.JK,2026-06-26,61,56084600,2392147842400,2026-09-16T12:15:49.948427+00:00,"{'low': 59, 'date': '2026-06-26', 'high': 66, 'open': 66, 'close': 61, 'symbol': 'MDIA.JK', 'volume': 56084600, 'market_cap': 2392147842400}"
MDIA.JK,2026-06-29,60,26702500,2352932304000,2026-09-16T12:15:49.948427+00:00,"{'low': 58, 'date': '2026-06-29', 'high': 63, 'open': 61, 'close': 60, 'symbol': 'MDIA.JK', 'volume': 26702500, 'market_cap': 2352932304000}"
MDIA.JK,2026-06-30,56,39889900,2196070150400,2026-09-16T12:15:49.948427+00:00,"{'low': 54, 'date': '2026-06-30', 'high': 60, 'open': 59, 'close': 56, 'symbol': 'MDIA.JK', 'volume': 39889900, 'market_cap': 2196070150400}"
MDIA.JK,2026-07-01,57,69765200,2235285688800,2026-09-16T12:15:49.948427+00:00,"{'low': 55, 'date': '2026-07-01', 'high': 61, 'open': 57, 'close': 57, 'symbol': 'MDIA.JK', 'volume': 69765200, 'market_cap': 2235285688800}"
MDIA.JK,2026-07-02,59,70519800,2313716765600,2026-09-16T12:15:49.948427+00:00,"{'low': 58, 'date': '2026-07-02', 'high': 62, 'open': 58, 'close': 59, 'symbol': 'MDIA.JK', 'volume': 70519800, 'market_cap': 2313716765600}"
MDIA.JK,2026-07-03,71,215921800,2784303226400,2026-09-16T12:15:49.948427+00:00,"{'low': 59, 'date': '2026-07-03', 'high': 71, 'open': 60, 'close': 71, 'symbol': 'MDIA.JK', 'volume': 215921800, 'market_cap': 2784303226400}"
MDIA.JK,2026-07-06,70,121083700,2745087688000,2026-09-16T12:15:49.948427+00:00,"{'low': 67, 'date': '2026-07-06', 'high': 73, 'open': 72, 'close': 70, 'symbol': 'MDIA.JK', 'volume': 121083700, 'market_cap': 2745087688000}"
MDIA.JK,2026-07-07,73,273399100,2862734303200,2026-09-16T12:15:49.948427+00:00,"{'low': 68, 'date': '2026-07-07', 'high': 75, 'open': 70, 'close': 73, 'symbol': 'MDIA.JK', 'volume': 273399100, 'market_cap': 2862734303200}"
MDIA.JK,2026-07-08,68,84400700,2666656611200,2026-09-16T12:15:49.948427+00:00,"{'low': 68, 'date': '2026-07-08', 'high': 73, 'open': 73, 'close': 68, 'symbol': 'MDIA.JK', 'volume': 84400700, 'market_cap': 2666656611200}"
MDIA.JK,2026-07-09,72,203525900,2823518764800,2026-09-16T12:15:49.948427+00:00,"{'low': 67, 'date': '2026-07-09', 'high': 75, 'open': 68, 'close': 72, 'symbol': 'MDIA.JK', 'volume': 203525900, 'market_cap': 2823518764800}"
MDIA.JK,2026-07-10,70,65415000,2745087688000,2026-09-16T12:15:49.948427+00:00,"{'low': 69, 'date': '2026-07-10', 'high': 74, 'open': 73, 'close': 70, 'symbol': 'MDIA.JK', 'volume': 65415000, 'market_cap': 2745087688000}"
MDIA.JK,2026-07-13,70,58622700,2745087688000,2026-09-16T12:15:49.948427+00:00,"{'low': 65, 'date': '2026-07-13', 'high': 71, 'open': 70, 'close': 70, 'symbol': 'MDIA.JK', 'volume': 58622700, 'market_cap': 2745087688000}"
MDIA.JK,2026-07-14,69,60483500,2705872149600,2026-09-16T12:15:49.948427+00:00,"{'low': 68, 'date': '2026-07-14', 'high': 72, 'open': 71, 'close': 69, 'symbol': 'MDIA.JK', 'volume': 60483500, 'market_cap': 2705872149600}"
MDIA.JK,2026-07-15,69,42422700,2705872149600,2026-09-16T12:15:49.948427+00:00,"{'low': 68, 'date': '2026-07-15', 'high': 71, 'open': 70, 'close': 69, 'symbol': 'MDIA.JK', 'volume': 42422700, 'market_cap': 2705872149600}"
MDIA.JK,2026-07-16,68,62145900,2666656611200,2026-09-16T12:15:49.948427+00:00,"{'low': 66, 'date': '2026-07-16', 'high': 70, 'open': 68, 'close': 68, 'symbol': 'MDIA.JK', 'volume': 62145900, 'market_cap': 2666656611200}"
MDIA.JK,2026-07-17,67,33973500,2627441072800,2026-09-16T12:15:49.948427+00:00,"{'low': 67, 'date': '2026-07-17', 'high': 70, 'open': 68, 'close': 67, 'symbol': 'MDIA.JK', 'volume': 33973500, 'market_cap': 2627441072800}"
MDIA.JK,2026-07-20,71,89903200,2784303226400,2026-09-16T12:15:49.948427+00:00,"{'low': 67, 'date': '2026-07-20', 'high': 72, 'open': 67, 'close': 71, 'symbol': 'MDIA.JK', 'volume': 89903200, 'market_cap': 2784303226400}"
MDIA.JK,2026-07-21,82,726199800,3215674148800,2026-09-16T12:15:49.948427+00:00,"{'low': 70, 'date': '2026-07-21', 'high': 85, 'open': 72, 'close': 82, 'symbol': 'MDIA.JK', 'volume': 726199800, 'market_cap': 3215674148800}"
MDIA.JK,2026-07-22,104,974751400,4078415993600,2026-09-16T12:15:49.948427+00:00,"{'low': 76, 'date': '2026-07-22', 'high': 110, 'open': 81, 'close': 104, 'symbol': 'MDIA.JK', 'volume': 974751400, 'market_cap': 4078415993600}"
MDIA.JK,2026-07-23,119,866675500,4666649069600,2026-09-16T12:15:49.948427+00:00,"{'low': 106, 'date': '2026-07-23', 'high': 136, 'open': 106, 'close': 119, 'symbol': 'MDIA.JK', 'volume': 866675500, 'market_cap': 4666649069600}"
MDIA.JK,2026-07-24,127,640412900,4980373376800,2026-09-16T12:15:49.948427+00:00,"{'low': 102, 'date': '2026-07-24', 'high': 133, 'open': 116, 'close': 127, 'symbol': 'MDIA.JK', 'volume': 640412900, 'market_cap': 4980373376800}"
MDIA.JK,2026-07-27,127,844441400,4980373376800,2026-09-16T12:15:49.948427+00:00,"{'low': 118, 'date': '2026-07-27', 'high': 140, 'open': 128, 'close': 127, 'symbol': 'MDIA.JK', 'volume': 844441400, 'market_cap': 4980373376800}"
MDIA.JK,2026-07-28,131,513235600,5137235530400,2026-09-16T12:15:49.948427+00:00,"{'low': 123, 'date': '2026-07-28', 'high': 140, 'open': 127, 'close': 131, 'symbol': 'MDIA.JK', 'volume': 513235600, 'market_cap': 5137235530400}"
MDIA.JK,2026-07-29,130,1062395100,5098019992000,2026-09-16T12:15:49.948427+00:00,"{'low': 118, 'date': '2026-07-29', 'high': 149, 'open': 131, 'close': 130, 'symbol': 'MDIA.JK', 'volume': 1062395100, 'market_cap': 5098019992000}"
MDIA.JK,2026-07-30,175,1532079900,6862719220000,2026-09-16T12:15:49.948427+00:00,"{'low': 132, 'date': '2026-07-30', 'high': 175, 'open': 132, 'close': 175, 'symbol': 'MDIA.JK', 'volume': 1532079900, 'market_cap': 6862719220000}"
MDIA.JK,2026-07-31,191,1136885000,7490167834400,2026-09-16T12:15:49.948427+00:00,"{'low': 167, 'date': '2026-07-31', 'high': 193, 'open': 168, 'close': 191, 'symbol': 'MDIA.JK', 'volume': 1136885000, 'market_cap': 7490167834400}"
MDIA.JK,2026-08-03,202,1245553000,7921538756800,2026-09-16T12:15:49.948427+00:00,"{'low': 186, 'date': '2026-08-03', 'high': 230, 'open': 193, 'close': 202, 'symbol': 'MDIA.JK', 'volume': 1245553000, 'market_cap': 7921538756800}"
MDIA.JK,2026-08-04,216,541897900,8470556294400,2026-09-16T12:15:49.948427+00:00,"{'low': 199, 'date': '2026-08-04', 'high': 226, 'open': 204, 'close': 216, 'symbol': 'MDIA.JK', 'volume': 541897900, 'market_cap': 8470556294400}"
MDIA.JK,2026-08-05,216,0,8470556294400,2026-09-16T12:15:49.948427+00:00,"{'low': 0, 'date': '2026-08-05', 'high': 0, 'open': 0, 'close': 216, 'symbol': 'MDIA.JK', 'volume': 0, 'market_cap': 8470556294400}"
MDIA.JK,2026-08-06,250,1080520900,9803884600000,2026-09-16T12:15:49.948427+00:00,"{'low': 228, 'date': '2026-08-06', 'high': 270, 'open': 232, 'close': 250, 'symbol': 'MDIA.JK', 'volume': 1080520900, 'market_cap': 9803884600000}"
MDIA.JK,2026-08-07,230,602442800,9019573832000,2026-09-16T12:15:49.948427+00:00,"{'low': 226, 'date': '2026-08-07', 'high': 262, 'open': 260, 'close': 230, 'symbol': 'MDIA.JK', 'volume': 602442800, 'market_cap': 9019573832000}"
MDIA.JK,2026-08-10,244,761749400,9568591369600,2026-09-16T12:15:49.948427+00:00,"{'low': 212, 'date': '2026-08-10', 'high': 264, 'open': 224, 'close': 244, 'symbol': 'MDIA.JK', 'volume': 761749400, 'market_cap': 9568591369600}"
MDIA.JK,2026-08-11,246,521781200,9647022446400,2026-09-16T12:15:49.948427+00:00,"{'low': 228, 'date': '2026-08-11', 'high': 258, 'open': 250, 'close': 246, 'symbol': 'MDIA.JK', 'volume': 521781200, 'market_cap': 9647022446400}"
MDIA.JK,2026-08-12,280,994119200,10980350752000,2026-09-16T12:15:49.948427+00:00,"{'low': 240, 'date': '2026-08-12', 'high': 296, 'open': 240, 'close': 280, 'symbol': 'MDIA.JK', 'volume': 994119200, 'market_cap': 10980350752000}"
MDIA.JK,2026-08-13,280,0,10980350752000,2026-09-16T12:15:49.948427+00:00,"{'low': 0, 'date': '2026-08-13', 'high': 0, 'open': 0, 'close': 280, 'symbol': 'MDIA.JK', 'volume': 0, 'market_cap': 10980350752000}"
MDIA.JK,2026-08-14,280,0,10980350752000,2026-09-16T12:15:49.948427+00:00,"{'low': 0, 'date': '2026-08-14', 'high': 0, 'open': 0, 'close': 280, 'symbol': 'MDIA.JK', 'volume': 0, 'market_cap': 10980350752000}"
MDIA.JK,2026-08-18,280,0,10980350752000,2026-09-16T12:15:49.948427+00:00,"{'low': 0, 'date': '2026-08-18', 'high': 0, 'open': 0, 'close': 280, 'symbol': 'MDIA.JK', 'volume': 0, 'market_cap': 10980350752000}"
MDIA.JK,2026-08-19,280,0,10980350752000,2026-09-16T12:15:49.948427+00:00,"{'low': 0, 'date': '2026-08-19', 'high': 0, 'open': 0, 'close': 280, 'symbol': 'MDIA.JK', 'volume': 0, 'market_cap': 10980350752000}"
MDIA.JK,2026-08-20,280,0,10980350752000,2026-09-16T12:15:49.948427+00:00,"{'low': 0, 'date': '2026-08-20', 'high': 0, 'open': 0, 'close': 280, 'symbol': 'MDIA.JK', 'volume': 0, 'market_cap': 10980350752000}"
MDIA.JK,2026-08-21,280,0,10980350752000,2026-09-16T12:15:49.948427+00:00,"{'low': 0, 'date': '2026-08-21', 'high': 0, 'open': 0, 'close': 280, 'symbol': 'MDIA.JK', 'volume': 0, 'market_cap': 10980350752000}"
MDIA.JK,2026-08-24,252,36108100,9882315676800,2026-09-16T12:15:49.948427+00:00,"{'low': 252, 'date': '2026-08-24', 'high': 260, 'open': 260, 'close': 252, 'symbol': 'MDIA.JK', 'volume': 36108100, 'market_cap': 9882315676800}"
MDIA.JK,2026-08-26,228,20872600,8941142755200,2026-09-16T12:15:49.948427+00:00,"{'low': 228, 'date': '2026-08-26', 'high': 228, 'open': 250, 'close': 228, 'symbol': 'MDIA.JK', 'volume': 20872600, 'market_cap': 8941142755200}"
MDIA.JK,2026-08-27,250,50807000,9803884600000,2026-09-16T12:15:49.948427+00:00,"{'low': 250, 'date': '2026-08-27', 'high': 250, 'open': 250, 'close': 250, 'symbol': 'MDIA.JK', 'volume': 50807000, 'market_cap': 9803884600000}"
MDIA.JK,2026-08-28,240,34665700,9411729216000,2026-09-16T12:15:49.948427+00:00,"{'low': 240, 'date': '2026-08-28', 'high': 246, 'open': 242, 'close': 240, 'symbol': 'MDIA.JK', 'volume': 34665700, 'market_cap': 9411729216000}"
MDIA.JK,2026-08-31,264,39874200,10352902137600,2026-09-16T12:15:49.948427+00:00,"{'low': 258, 'date': '2026-08-31', 'high': 264, 'open': 258, 'close': 264, 'symbol': 'MDIA.JK', 'volume': 39874200, 'market_cap': 10352902137600}"
MDIA.JK,2026-09-01,270,27740000,10588195368000,2026-09-16T12:15:49.948427+00:00,"{'low': 264, 'date': '2026-09-01', 'high': 288, 'open': 288, 'close': 270, 'symbol': 'MDIA.JK', 'volume': 27740000, 'market_cap': 10588195368000}"
MDIA.JK,2026-09-02,278,46713500,10901919675200,2026-09-16T12:15:49.948427+00:00,"{'low': 262, 'date': '2026-09-02', 'high': 278, 'open': 270, 'close': 278, 'symbol': 'MDIA.JK', 'volume': 46713500, 'market_cap': 10901919675200}"
MDIA.JK,2026-09-03,252,948387600,9882315676800,2026-09-16T12:15:49.948427+00:00,"{'low': 252, 'date': '2026-09-03', 'high': 304, 'open': 286, 'close': 252, 'symbol': 'MDIA.JK', 'volume': 948387600, 'market_cap': 9882315676800}"
MDIA.JK,2026-09-04,216,587747500,8470556294400,2026-09-16T12:15:49.948427+00:00,"{'low': 216, 'date': '2026-09-04', 'high': 256, 'open': 244, 'close': 216, 'symbol': 'MDIA.JK', 'volume': 587747500, 'market_cap': 8470556294400}"
MDIA.JK,2026-09-07,250,1149658100,9803884600000,2026-09-16T12:15:49.948427+00:00,"{'low': 192, 'date': '2026-09-07', 'high': 250, 'open': 206, 'close': 250, 'symbol': 'MDIA.JK', 'volume': 1149658100, 'market_cap': 9803884600000}"
MDIA.JK,2026-09-08,236,595151600,9254867062400,2026-09-16T12:15:49.948427+00:00,"{'low': 234, 'date': '2026-09-08', 'high': 258, 'open': 246, 'close': 236, 'symbol': 'MDIA.JK', 'volume': 595151600, 'market_cap': 9254867062400}"
MDIA.JK,2026-09-09,220,409486700,8627418448000,2026-09-16T12:15:49.948427+00:00,"{'low': 214, 'date': '2026-09-09', 'high': 240, 'open': 234, 'close': 220, 'symbol': 'MDIA.JK', 'volume': 409486700, 'market_cap': 8627418448000}"
MDIA.JK,2026-09-10,206,558151900,8078400910400,2026-09-16T12:15:49.948427+00:00,"{'low': 206, 'date': '2026-09-10', 'high': 234, 'open': 216, 'close': 206, 'symbol': 'MDIA.JK', 'volume': 558151900, 'market_cap': 8078400910400}"
MDIA.JK,2026-09-11,216,258275900,8470556294400,2026-09-16T12:15:49.948427+00:00,"{'low': 198, 'date': '2026-09-11', 'high': 220, 'open': 199, 'close': 216, 'symbol': 'MDIA.JK', 'volume': 258275900, 'market_cap': 8470556294400}"
MDIA.JK,2026-09-14,200,362623400,7843107680000,2026-09-16T12:15:49.948427+00:00,"{'low': 190, 'date': '2026-09-14', 'high': 214, 'open': 210, 'close': 200, 'symbol': 'MDIA.JK', 'volume': 362623400, 'market_cap': 7843107680000}"
MDIA.JK,2026-09-15,214,313626800,8392125217600,2026-09-16T12:15:49.948427+00:00,"{'low': 197, 'date': '2026-09-15', 'high': 218, 'open': 200, 'close': 214, 'symbol': 'MDIA.JK', 'volume': 313626800, 'market_cap': 8392125217600}"
MDIA.JK,2026-09-16,197,247391400,7725461064800,2026-09-16T12:15:49.948427+00:00,"{'low': 196, 'date': '2026-09-16', 'high': 220, 'open': 214, 'close': 197, 'symbol': 'MDIA.JK', 'volume': 247391400, 'market_cap': 7725461064800}"
LUCY.JK,2026-06-18,1670,1484500,2529672401310,2026-09-16T12:15:53.225923+00:00,"{'low': 1535, 'date': '2026-06-18', 'high': 1830, 'open': None, 'close': 1670, 'symbol': 'LUCY.JK', 'volume': 1484500, 'market_cap': 2529672401310}"
LUCY.JK,2026-06-19,1505,1418200,2279734708965,2026-09-16T12:15:53.225923+00:00,"{'low': 1505, 'date': '2026-06-19', 'high': 1700, 'open': None, 'close': 1505, 'symbol': 'LUCY.JK', 'volume': 1418200, 'market_cap': 2279734708965}"
LUCY.JK,2026-06-22,1355,1552500,2052518625015,2026-09-16T12:15:53.225923+00:00,"{'low': 1355, 'date': '2026-06-22', 'high': 1505, 'open': None, 'close': 1355, 'symbol': 'LUCY.JK', 'volume': 1552500, 'market_cap': 2052518625015}"
LUCY.JK,2026-06-23,1220,510100,1848024149460,2026-09-16T12:15:53.225923+00:00,"{'low': 1220, 'date': '2026-06-23', 'high': 1355, 'open': None, 'close': 1220, 'symbol': 'LUCY.JK', 'volume': 510100, 'market_cap': 1848024149460}"
LUCY.JK,2026-06-24,1100,726400,1666251282300,2026-09-16T12:15:53.225923+00:00,"{'low': 1100, 'date': '2026-06-24', 'high': 1220, 'open': None, 'close': 1100, 'symbol': 'LUCY.JK', 'volume': 726400, 'market_cap': 1666251282300}"
LUCY.JK,2026-06-25,1020,2233900,1545069370860,2026-09-16T12:15:53.225923+00:00,"{'low': 990, 'date': '2026-06-25', 'high': 1175, 'open': None, 'close': 1020, 'symbol': 'LUCY.JK', 'volume': 2233900, 'market_cap': 1545069370860}"
LUCY.JK,2026-06-26,920,1068200,1393591981560,2026-09-16T12:15:53.225923+00:00,"{'low': 920, 'date': '2026-06-26', 'high': 1060, 'open': None, 'close': 920, 'symbol': 'LUCY.JK', 'volume': 1068200, 'market_cap': 1393591981560}"
LUCY.JK,2026-06-29,840,909700,1272410070120,2026-09-16T12:15:53.225923+00:00,"{'low': 830, 'date': '2026-06-29', 'high': 930, 'open': None, 'close': 840, 'symbol': 'LUCY.JK', 'volume': 909700, 'market_cap': 1272410070120}"
LUCY.JK,2026-06-30,760,642300,1151228158680,2026-09-16T12:15:53.225923+00:00,"{'low': 760, 'date': '2026-06-30', 'high': 845, 'open': None, 'close': 760, 'symbol': 'LUCY.JK', 'volume': 642300, 'market_cap': 1151228158680}"
LUCY.JK,2026-07-01,720,1577700,1090637202960,2026-09-16T12:15:53.225923+00:00,"{'low': 685, 'date': '2026-07-01', 'high': 760, 'open': None, 'close': 720, 'symbol': 'LUCY.JK', 'volume': 1577700, 'market_cap': 1090637202960}"
LUCY.JK,2026-07-02,650,2831600,984603030450,2026-09-16T12:15:53.225923+00:00,"{'low': 650, 'date': '2026-07-02', 'high': 765, 'open': None, 'close': 650, 'symbol': 'LUCY.JK', 'volume': 2831600, 'market_cap': 984603030450}"
LUCY.JK,2026-07-03,715,2570700,1083063333495,2026-09-16T12:15:53.225923+00:00,"{'low': 595, 'date': '2026-07-03', 'high': 715, 'open': None, 'close': 715, 'symbol': 'LUCY.JK', 'volume': 2570700, 'market_cap': 1083063333495}"
LUCY.JK,2026-07-06,645,12138700,977029160985,2026-09-16T12:15:53.225923+00:00,"{'low': 645, 'date': '2026-07-06', 'high': 785, 'open': None, 'close': 645, 'symbol': 'LUCY.JK', 'volume': 12138700, 'market_cap': 977029160985}"
LUCY.JK,2026-07-07,585,14785500,886142727405,2026-09-16T12:15:53.225923+00:00,"{'low': 585, 'date': '2026-07-07', 'high': 705, 'open': None, 'close': 585, 'symbol': 'LUCY.JK', 'volume': 14785500, 'market_cap': 886142727405}"
LUCY.JK,2026-07-08,530,10900000,802830163290,2026-09-16T12:15:53.225923+00:00,"{'low': 530, 'date': '2026-07-08', 'high': 605, 'open': None, 'close': 530, 'symbol': 'LUCY.JK', 'volume': 10900000, 'market_cap': 802830163290}"
LUCY.JK,2026-07-09,478,11340600,724061920854,2026-09-16T12:15:53.225923+00:00,"{'low': 478, 'date': '2026-07-09', 'high': 540, 'open': None, 'close': 478, 'symbol': 'LUCY.JK', 'volume': 11340600, 'market_cap': 724061920854}"
LUCY.JK,2026-07-10,432,9104300,654382321776,2026-09-16T12:15:53.225923+00:00,"{'low': 432, 'date': '2026-07-10', 'high': 500, 'open': None, 'close': 432, 'symbol': 'LUCY.JK', 'volume': 9104300, 'market_cap': 654382321776}"
LUCY.JK,2026-07-13,392,7538300,593791366056,2026-09-16T12:15:53.225923+00:00,"{'low': 390, 'date': '2026-07-13', 'high': 438, 'open': None, 'close': 392, 'symbol': 'LUCY.JK', 'volume': 7538300, 'market_cap': 593791366056}"
LUCY.JK,2026-07-14,392,8186600,593791366056,2026-09-16T12:15:53.225923+00:00,"{'low': 358, 'date': '2026-07-14', 'high': 428, 'open': None, 'close': 392, 'symbol': 'LUCY.JK', 'volume': 8186600, 'market_cap': 593791366056}"
LUCY.JK,2026-07-15,372,7410900,563495888196,2026-09-16T12:15:53.225923+00:00,"{'low': 368, 'date': '2026-07-15', 'high': 412, 'open': None, 'close': 372, 'symbol': 'LUCY.JK', 'volume': 7410900, 'market_cap': 563495888196}"
LUCY.JK,2026-07-16,340,6406600,515023123620,2026-09-16T12:15:53.225923+00:00,"{'low': 338, 'date': '2026-07-16', 'high': 382, 'open': None, 'close': 340, 'symbol': 'LUCY.JK', 'volume': 6406600, 'market_cap': 515023123620}"
LUCY.JK,2026-07-17,340,0,515023123620,2026-09-16T12:15:53.225923+00:00,"{'low': 0, 'date': '2026-07-17', 'high': 0, 'open': None, 'close': 340, 'symbol': 'LUCY.JK', 'volume': 0, 'market_cap': 515023123620}"
LUCY.JK,2026-07-20,312,9785600,472609454616,2026-09-16T12:15:53.225923+00:00,"{'low': 306, 'date': '2026-07-20', 'high': 374, 'open': None, 'close': 312, 'symbol': 'LUCY.JK', 'volume': 9785600, 'market_cap': 472609454616}"
LUCY.JK,2026-07-21,342,19177300,518052671406,2026-09-16T12:15:53.225923+00:00,"{'low': 308, 'date': '2026-07-21', 'high': 342, 'open': None, 'close': 342, 'symbol': 'LUCY.JK', 'volume': 19177300, 'market_cap': 518052671406}"
LUCY.JK,2026-07-22,326,12008400,493816289118,2026-09-16T12:15:53.225923+00:00,"{'low': 320, 'date': '2026-07-22', 'high': 370, 'open': 0, 'close': 326, 'symbol': 'LUCY.JK', 'volume': 12008400, 'market_cap': 493816289118}"
LUCY.JK,2026-07-23,318,9657700,481698097974,2026-09-16T12:15:53.225923+00:00,"{'low': 310, 'date': '2026-07-23', 'high': 332, 'open': 0, 'close': 318, 'symbol': 'LUCY.JK', 'volume': 9657700, 'market_cap': 481698097974}"
LUCY.JK,2026-07-24,290,9856400,439284428970,2026-09-16T12:15:53.225923+00:00,"{'low': 288, 'date': '2026-07-24', 'high': 324, 'open': 0, 'close': 290, 'symbol': 'LUCY.JK', 'volume': 9856400, 'market_cap': 439284428970}"
LUCY.JK,2026-07-27,276,9424600,418077594468,2026-09-16T12:15:53.225923+00:00,"{'low': 264, 'date': '2026-07-27', 'high': 306, 'open': 0, 'close': 276, 'symbol': 'LUCY.JK', 'volume': 9424600, 'market_cap': 418077594468}"
LUCY.JK,2026-07-28,254,14264100,384752568822,2026-09-16T12:15:53.225923+00:00,"{'low': 252, 'date': '2026-07-28', 'high': 282, 'open': 0, 'close': 254, 'symbol': 'LUCY.JK', 'volume': 14264100, 'market_cap': 384752568822}"
LUCY.JK,2026-07-29,256,10610400,387782116608,2026-09-16T12:15:53.225923+00:00,"{'low': 238, 'date': '2026-07-29', 'high': 278, 'open': 0, 'close': 256, 'symbol': 'LUCY.JK', 'volume': 10610400, 'market_cap': 387782116608}"
LUCY.JK,2026-07-30,256,6264500,387782116608,2026-09-16T12:15:53.225923+00:00,"{'low': 244, 'date': '2026-07-30', 'high': 268, 'open': 0, 'close': 256, 'symbol': 'LUCY.JK', 'volume': 6264500, 'market_cap': 387782116608}"
LUCY.JK,2026-07-31,244,11641100,369604829892,2026-09-16T12:15:53.225923+00:00,"{'low': 242, 'date': '2026-07-31', 'high': 266, 'open': 0, 'close': 244, 'symbol': 'LUCY.JK', 'volume': 11641100, 'market_cap': 369604829892}"
LUCY.JK,2026-08-03,224,15990000,339309352032,2026-09-16T12:15:53.225923+00:00,"{'low': 220, 'date': '2026-08-03', 'high': 250, 'open': 0, 'close': 224, 'symbol': 'LUCY.JK', 'volume': 15990000, 'market_cap': 339309352032}"
LUCY.JK,2026-08-04,228,16905000,345368447604,2026-09-16T12:15:53.225923+00:00,"{'low': 204, 'date': '2026-08-04', 'high': 234, 'open': 204, 'close': 228, 'symbol': 'LUCY.JK', 'volume': 16905000, 'market_cap': 345368447604}"
LUCY.JK,2026-08-05,250,24804800,378693473250,2026-09-16T12:15:53.225923+00:00,"{'low': 208, 'date': '2026-08-05', 'high': 250, 'open': 0, 'close': 250, 'symbol': 'LUCY.JK', 'volume': 24804800, 'market_cap': 378693473250}"
LUCY.JK,2026-08-06,240,14712800,363545734320,2026-09-16T12:15:53.225923+00:00,"{'low': 234, 'date': '2026-08-06', 'high': 258, 'open': 240, 'close': 240, 'symbol': 'LUCY.JK', 'volume': 14712800, 'market_cap': 363545734320}"
LUCY.JK,2026-08-07,228,13184000,345368447604,2026-09-16T12:15:53.225923+00:00,"{'low': 226, 'date': '2026-08-07', 'high': 246, 'open': 228, 'close': 228, 'symbol': 'LUCY.JK', 'volume': 13184000, 'market_cap': 345368447604}"
LUCY.JK,2026-08-10,250,21873200,378693473250,2026-09-16T12:15:53.225923+00:00,"{'low': 208, 'date': '2026-08-10', 'high': 250, 'open': 208, 'close': 250, 'symbol': 'LUCY.JK', 'volume': 21873200, 'market_cap': 378693473250}"
LUCY.JK,2026-08-11,274,42574400,415048046682,2026-09-16T12:15:53.225923+00:00,"{'low': 236, 'date': '2026-08-11', 'high': 274, 'open': 240, 'close': 274, 'symbol': 'LUCY.JK', 'volume': 42574400, 'market_cap': 415048046682}"
LUCY.JK,2026-08-12,300,11946400,454432167900,2026-09-16T12:15:53.225923+00:00,"{'low': 276, 'date': '2026-08-12', 'high': 300, 'open': 290, 'close': 300, 'symbol': 'LUCY.JK', 'volume': 11946400, 'market_cap': 454432167900}"
LUCY.JK,2026-08-13,282,92822700,427166237826,2026-09-16T12:15:53.225923+00:00,"{'low': 274, 'date': '2026-08-13', 'high': 330, 'open': 300, 'close': 282, 'symbol': 'LUCY.JK', 'volume': 92822700, 'market_cap': 427166237826}"
LUCY.JK,2026-08-14,286,19287500,433225333398,2026-09-16T12:15:53.225923+00:00,"{'low': 270, 'date': '2026-08-14', 'high': 286, 'open': 282, 'close': 286, 'symbol': 'LUCY.JK', 'volume': 19287500, 'market_cap': 433225333398}"
LUCY.JK,2026-08-18,284,10758800,430195785612,2026-09-16T12:15:53.225923+00:00,"{'low': 272, 'date': '2026-08-18', 'high': 286, 'open': 284, 'close': 284, 'symbol': 'LUCY.JK', 'volume': 10758800, 'market_cap': 430195785612}"
LUCY.JK,2026-08-19,288,13647000,436254881184,2026-09-16T12:15:53.225923+00:00,"{'low': 276, 'date': '2026-08-19', 'high': 288, 'open': 284, 'close': 288, 'symbol': 'LUCY.JK', 'volume': 13647000, 'market_cap': 436254881184}"
LUCY.JK,2026-08-20,302,67089500,457461715686,2026-09-16T12:15:53.225923+00:00,"{'low': 276, 'date': '2026-08-20', 'high': 310, 'open': 288, 'close': 302, 'symbol': 'LUCY.JK', 'volume': 67089500, 'market_cap': 457461715686}"
LUCY.JK,2026-08-21,300,35197200,454432167900,2026-09-16T12:15:53.225923+00:00,"{'low': 290, 'date': '2026-08-21', 'high': 314, 'open': 290, 'close': 300, 'symbol': 'LUCY.JK', 'volume': 35197200, 'market_cap': 454432167900}"
LUCY.JK,2026-08-24,308,32343200,466550359044,2026-09-16T12:15:53.225923+00:00,"{'low': 296, 'date': '2026-08-24', 'high': 312, 'open': 302, 'close': 308, 'symbol': 'LUCY.JK', 'volume': 32343200, 'market_cap': 466550359044}"
LUCY.JK,2026-08-26,338,85075300,511993575834,2026-09-16T12:15:53.225923+00:00,"{'low': 298, 'date': '2026-08-26', 'high': 338, 'open': 340, 'close': 338, 'symbol': 'LUCY.JK', 'volume': 85075300, 'market_cap': 511993575834}"
LUCY.JK,2026-08-27,354,179459200,536229958122,2026-09-16T12:15:53.225923+00:00,"{'low': 324, 'date': '2026-08-27', 'high': 370, 'open': 340, 'close': 354, 'symbol': 'LUCY.JK', 'volume': 179459200, 'market_cap': 536229958122}"
LUCY.JK,2026-08-28,370,144010200,560466340410,2026-09-16T12:15:53.225923+00:00,"{'low': 344, 'date': '2026-08-28', 'high': 388, 'open': 356, 'close': 370, 'symbol': 'LUCY.JK', 'volume': 144010200, 'market_cap': 560466340410}"
LUCY.JK,2026-08-31,406,159789000,614998200558,2026-09-16T12:15:53.225923+00:00,"{'low': 360, 'date': '2026-08-31', 'high': 406, 'open': 360, 'close': 406, 'symbol': 'LUCY.JK', 'volume': 159789000, 'market_cap': 614998200558}"
LUCY.JK,2026-09-01,446,178179000,675589156278,2026-09-16T12:15:53.225923+00:00,"{'low': 404, 'date': '2026-09-01', 'high': 446, 'open': 426, 'close': 446, 'symbol': 'LUCY.JK', 'volume': 178179000, 'market_cap': 675589156278}"
LUCY.JK,2026-09-02,490,224089800,742239207570,2026-09-16T12:15:53.225923+00:00,"{'low': 434, 'date': '2026-09-02', 'high': 490, 'open': 468, 'close': 490, 'symbol': 'LUCY.JK', 'volume': 224089800, 'market_cap': 742239207570}"
LUCY.JK,2026-09-03,535,47314800,810404032755,2026-09-16T12:15:53.225923+00:00,"{'low': 500, 'date': '2026-09-03', 'high': 535, 'open': 500, 'close': 535, 'symbol': 'LUCY.JK', 'volume': 47314800, 'market_cap': 810404032755}"
LUCY.JK,2026-09-04,585,31220000,886142727405,2026-09-16T12:15:53.225923+00:00,"{'low': 545, 'date': '2026-09-04', 'high': 585, 'open': 585, 'close': 585, 'symbol': 'LUCY.JK', 'volume': 31220000, 'market_cap': 886142727405}"
LUCY.JK,2026-09-07,530,63945300,802830163290,2026-09-16T12:15:53.225923+00:00,"{'low': 530, 'date': '2026-09-07', 'high': 640, 'open': 585, 'close': 530, 'symbol': 'LUCY.JK', 'volume': 63945300, 'market_cap': 802830163290}"
LUCY.JK,2026-09-08,478,6513900,724061920854,2026-09-16T12:15:53.225923+00:00,"{'low': 478, 'date': '2026-09-08', 'high': 478, 'open': 478, 'close': 478, 'symbol': 'LUCY.JK', 'volume': 6513900, 'market_cap': 724061920854}"
LUCY.JK,2026-09-09,432,9497100,654382321776,2026-09-16T12:15:53.225923+00:00,"{'low': 432, 'date': '2026-09-09', 'high': 436, 'open': 436, 'close': 432, 'symbol': 'LUCY.JK', 'volume': 9497100, 'market_cap': 654382321776}"
LUCY.JK,2026-09-10,430,785961800,651352773990,2026-09-16T12:15:53.225923+00:00,"{'low': 390, 'date': '2026-09-10', 'high': 474, 'open': 390, 'close': 430, 'symbol': 'LUCY.JK', 'volume': 785961800, 'market_cap': 651352773990}"
LUCY.JK,2026-09-11,388,247516700,587732270484,2026-09-16T12:15:53.225923+00:00,"{'low': 388, 'date': '2026-09-11', 'high': 428, 'open': 414, 'close': 388, 'symbol': 'LUCY.JK', 'volume': 247516700, 'market_cap': 587732270484}"
LUCY.JK,2026-09-14,350,53459100,530170862550,2026-09-16T12:15:53.225923+00:00,"{'low': 350, 'date': '2026-09-14', 'high': 388, 'open': 388, 'close': 350, 'symbol': 'LUCY.JK', 'volume': 53459100, 'market_cap': 530170862550}"
LUCY.JK,2026-09-15,334,167892400,505934480262,2026-09-16T12:15:53.225923+00:00,"{'low': 316, 'date': '2026-09-15', 'high': 358, 'open': 316, 'close': 334, 'symbol': 'LUCY.JK', 'volume': 167892400, 'market_cap': 505934480262}"
LUCY.JK,2026-09-16,334,77685900,505934480262,2026-09-16T12:15:53.225923+00:00,"{'low': 316, 'date': '2026-09-16', 'high': 350, 'open': 342, 'close': 334, 'symbol': 'LUCY.JK', 'volume': 77685900, 'market_cap': 505934480262}"
MLPT.JK,2026-06-18,770,582500,36000000000000,2026-09-16T12:15:56.822976+00:00,"{'low': 735, 'date': '2026-06-18', 'high': 777, 'open': None, 'close': 770, 'symbol': 'MLPT.JK', 'volume': 582500, 'market_cap': 36000000000000}"
MLPT.JK,2026-06-19,655,1362500,30609375000000,2026-09-16T12:15:56.822976+00:00,"{'low': 653, 'date': '2026-06-19', 'high': 796, 'open': 784, 'close': 655, 'symbol': 'MLPT.JK', 'volume': 1362500, 'market_cap': 30609375000000}"
MLPT.JK,2026-06-22,760,4945000,35625000000000,2026-09-16T12:15:56.822976+00:00,"{'low': 688, 'date': '2026-06-22', 'high': 783, 'open': 716, 'close': 760, 'symbol': 'MLPT.JK', 'volume': 4945000, 'market_cap': 35625000000000}"
MLPT.JK,2026-06-23,740,1742500,34781250000000,2026-09-16T12:15:56.822976+00:00,"{'low': 717, 'date': '2026-06-23', 'high': 780, 'open': 760, 'close': 740, 'symbol': 'MLPT.JK', 'volume': 1742500, 'market_cap': 34781250000000}"
MLPT.JK,2026-06-24,725,757500,33937500000000,2026-09-16T12:15:56.822976+00:00,"{'low': 719, 'date': '2026-06-24', 'high': 765, 'open': 742, 'close': 725, 'symbol': 'MLPT.JK', 'volume': 757500, 'market_cap': 33937500000000}"
MLPT.JK,2026-06-25,745,357500,34828125000000,2026-09-16T12:15:56.822976+00:00,"{'low': 716, 'date': '2026-06-25', 'high': 753, 'open': None, 'close': 745, 'symbol': 'MLPT.JK', 'volume': 357500, 'market_cap': 34828125000000}"
MLPT.JK,2026-06-26,710,377500,33375000000000,2026-09-16T12:15:56.822976+00:00,"{'low': 700, 'date': '2026-06-26', 'high': 732, 'open': 732, 'close': 710, 'symbol': 'MLPT.JK', 'volume': 377500, 'market_cap': 33375000000000}"
MLPT.JK,2026-06-29,720,292500,33750000000000,2026-09-16T12:15:56.822976+00:00,"{'low': 715, 'date': '2026-06-29', 'high': 738, 'open': None, 'close': 720, 'symbol': 'MLPT.JK', 'volume': 292500, 'market_cap': 33750000000000}"
MLPT.JK,2026-06-30,690,285000,32250000000000,2026-09-16T12:15:56.822976+00:00,"{'low': 680, 'date': '2026-06-30', 'high': 720, 'open': None, 'close': 690, 'symbol': 'MLPT.JK', 'volume': 285000, 'market_cap': 32250000000000}"
MLPT.JK,2026-07-01,680,395000,31875000000000,2026-09-16T12:15:56.822976+00:00,"{'low': 660, 'date': '2026-07-01', 'high': 700, 'open': 688, 'close': 680, 'symbol': 'MLPT.JK', 'volume': 395000, 'market_cap': 31875000000000}"
MLPT.JK,2026-07-02,700,380000,32812500000000,2026-09-16T12:15:56.822976+00:00,"{'low': 678, 'date': '2026-07-02', 'high': 701, 'open': None, 'close': 700, 'symbol': 'MLPT.JK', 'volume': 380000, 'market_cap': 32812500000000}"
MLPT.JK,2026-07-03,730,412500,34265625000000,2026-09-16T12:15:56.822976+00:00,"{'low': 700, 'date': '2026-07-03', 'high': 740, 'open': None, 'close': 730, 'symbol': 'MLPT.JK', 'volume': 412500, 'market_cap': 34265625000000}"
MLPT.JK,2026-07-06,720,227500,33796875000000,2026-09-16T12:15:56.822976+00:00,"{'low': 721, 'date': '2026-07-06', 'high': 734, 'open': None, 'close': 720, 'symbol': 'MLPT.JK', 'volume': 227500, 'market_cap': 33796875000000}"
MLPT.JK,2026-07-07,720,192500,33796875000000,2026-09-16T12:15:56.822976+00:00,"{'low': 716, 'date': '2026-07-07', 'high': 731, 'open': None, 'close': 720, 'symbol': 'MLPT.JK', 'volume': 192500, 'market_cap': 33796875000000}"
MLPT.JK,2026-07-08,715,172500,33562500000000,2026-09-16T12:15:56.822976+00:00,"{'low': 716, 'date': '2026-07-08', 'high': 728, 'open': 721, 'close': 715, 'symbol': 'MLPT.JK', 'volume': 172500, 'market_cap': 33562500000000}"
MLPT.JK,2026-07-09,725,67500,33984375000000,2026-09-16T12:15:56.822976+00:00,"{'low': 716, 'date': '2026-07-09', 'high': 728, 'open': 728, 'close': 725, 'symbol': 'MLPT.JK', 'volume': 67500, 'market_cap': 33984375000000}"
MLPT.JK,2026-07-10,730,462500,34312500000000,2026-09-16T12:15:56.822976+00:00,"{'low': 719, 'date': '2026-07-10', 'high': 745, 'open': None, 'close': 730, 'symbol': 'MLPT.JK', 'volume': 462500, 'market_cap': 34312500000000}"
MLPT.JK,2026-07-13,740,245000,34687500000000,2026-09-16T12:15:56.822976+00:00,"{'low': 733, 'date': '2026-07-13', 'high': 760, 'open': 733, 'close': 740, 'symbol': 'MLPT.JK', 'volume': 245000, 'market_cap': 34687500000000}"
MLPT.JK,2026-07-14,750,477500,35109375000000,2026-09-16T12:15:56.822976+00:00,"{'low': 742, 'date': '2026-07-14', 'high': 755, 'open': None, 'close': 750, 'symbol': 'MLPT.JK', 'volume': 477500, 'market_cap': 35109375000000}"
MLPT.JK,2026-07-15,825,2902500,38718750000000,2026-09-16T12:15:56.822976+00:00,"{'low': 744, 'date': '2026-07-15', 'high': 898, 'open': 756, 'close': 825, 'symbol': 'MLPT.JK', 'volume': 2902500, 'market_cap': 38718750000000}"
MLPT.JK,2026-07-16,990,3282500,46453125000000,2026-09-16T12:15:56.822976+00:00,"{'low': 855, 'date': '2026-07-16', 'high': 991, 'open': 900, 'close': 990, 'symbol': 'MLPT.JK', 'volume': 3282500, 'market_cap': 46453125000000}"
MLPT.JK,2026-07-17,1170,11345000,54796875000000,2026-09-16T12:15:56.822976+00:00,"{'low': 1055, 'date': '2026-07-17', 'high': 1180, 'open': 1060, 'close': 1170, 'symbol': 'MLPT.JK', 'volume': 11345000, 'market_cap': 54796875000000}"
MLPT.JK,2026-07-20,1040,4710000,48656250000000,2026-09-16T12:15:56.822976+00:00,"{'low': 1000, 'date': '2026-07-20', 'high': 1169, 'open': 1169, 'close': 1040, 'symbol': 'MLPT.JK', 'volume': 4710000, 'market_cap': 48656250000000}"
MLPT.JK,2026-07-21,1300,496472500,60937500000000,2026-09-16T12:15:56.822976+00:00,"{'low': 1075, 'date': '2026-07-21', 'high': 1300, 'open': 1120, 'close': 1300, 'symbol': 'MLPT.JK', 'volume': 496472500, 'market_cap': 60937500000000}"
MLPT.JK,2026-07-22,1625,40805600,76171875000000,2026-09-16T12:15:56.822976+00:00,"{'low': 1400, 'date': '2026-07-22', 'high': 1625, 'open': 1425, 'close': 1625, 'symbol': 'MLPT.JK', 'volume': 40805600, 'market_cap': 76171875000000}"
MLPT.JK,2026-07-23,1785,69907900,83671875000000,2026-09-16T12:15:56.822976+00:00,"{'low': 1600, 'date': '2026-07-23', 'high': 2030, 'open': 1800, 'close': 1785, 'symbol': 'MLPT.JK', 'volume': 69907900, 'market_cap': 83671875000000}"
MLPT.JK,2026-07-24,1780,42268200,83437500000000,2026-09-16T12:15:56.822976+00:00,"{'low': 1580, 'date': '2026-07-24', 'high': 2020, 'open': 1785, 'close': 1780, 'symbol': 'MLPT.JK', 'volume': 42268200, 'market_cap': 83437500000000}"
MLPT.JK,2026-07-27,1605,12118900,75234375000000,2026-09-16T12:15:56.822976+00:00,"{'low': 1565, 'date': '2026-07-27', 'high': 1860, 'open': 1780, 'close': 1605, 'symbol': 'MLPT.JK', 'volume': 12118900, 'market_cap': 75234375000000}"
MLPT.JK,2026-07-28,1495,7384900,70078125000000,2026-09-16T12:15:56.822976+00:00,"{'low': 1470, 'date': '2026-07-28', 'high': 1620, 'open': 1615, 'close': 1495, 'symbol': 'MLPT.JK', 'volume': 7384900, 'market_cap': 70078125000000}"
MLPT.JK,2026-07-29,1630,8942600,76406250000000,2026-09-16T12:15:56.822976+00:00,"{'low': 1510, 'date': '2026-07-29', 'high': 1640, 'open': 1510, 'close': 1630, 'symbol': 'MLPT.JK', 'volume': 8942600, 'market_cap': 76406250000000}"
MLPT.JK,2026-07-30,1590,8431000,74531250000000,2026-09-16T12:15:56.822976+00:00,"{'low': 1590, 'date': '2026-07-30', 'high': 1700, 'open': 1660, 'close': 1590, 'symbol': 'MLPT.JK', 'volume': 8431000, 'market_cap': 74531250000000}"
MLPT.JK,2026-07-31,1925,29312000,90234375000000,2026-09-16T12:15:56.822976+00:00,"{'low': 1570, 'date': '2026-07-31', 'high': 1985, 'open': 1595, 'close': 1925, 'symbol': 'MLPT.JK', 'volume': 29312000, 'market_cap': 90234375000000}"
MLPT.JK,2026-08-03,1740,13233400,81562500000000,2026-09-16T12:15:56.822976+00:00,"{'low': 1740, 'date': '2026-08-03', 'high': 2000, 'open': 1935, 'close': 1740, 'symbol': 'MLPT.JK', 'volume': 13233400, 'market_cap': 81562500000000}"
MLPT.JK,2026-08-04,1700,6271300,79687500000000,2026-09-16T12:15:56.822976+00:00,"{'low': 1625, 'date': '2026-08-04', 'high': 1780, 'open': 1750, 'close': 1700, 'symbol': 'MLPT.JK', 'volume': 6271300, 'market_cap': 79687500000000}"
MLPT.JK,2026-08-05,1665,7516800,78046875000000,2026-09-16T12:15:56.822976+00:00,"{'low': 1645, 'date': '2026-08-05', 'high': 1755, 'open': 1700, 'close': 1665, 'symbol': 'MLPT.JK', 'volume': 7516800, 'market_cap': 78046875000000}"
MLPT.JK,2026-08-06,1605,6439800,75234375000000,2026-09-16T12:15:56.822976+00:00,"{'low': 1585, 'date': '2026-08-06', 'high': 1695, 'open': 1690, 'close': 1605, 'symbol': 'MLPT.JK', 'volume': 6439800, 'market_cap': 75234375000000}"
MLPT.JK,2026-08-07,1615,4532100,75703125000000,2026-09-16T12:15:56.822976+00:00,"{'low': 1570, 'date': '2026-08-07', 'high': 1650, 'open': 1605, 'close': 1615, 'symbol': 'MLPT.JK', 'volume': 4532100, 'market_cap': 75703125000000}"
MLPT.JK,2026-08-10,1590,3168900,74531250000000,2026-09-16T12:15:56.822976+00:00,"{'low': 1590, 'date': '2026-08-10', 'high': 1670, 'open': 1630, 'close': 1590, 'symbol': 'MLPT.JK', 'volume': 3168900, 'market_cap': 74531250000000}"
MLPT.JK,2026-08-11,1445,6810600,67734375000000,2026-09-16T12:15:56.822976+00:00,"{'low': 1410, 'date': '2026-08-11', 'high': 1595, 'open': 1590, 'close': 1445, 'symbol': 'MLPT.JK', 'volume': 6810600, 'market_cap': 67734375000000}"
MLPT.JK,2026-08-12,1505,3086400,70546875000000,2026-09-16T12:15:56.822976+00:00,"{'low': 1455, 'date': '2026-08-12', 'high': 1550, 'open': 1455, 'close': 1505, 'symbol': 'MLPT.JK', 'volume': 3086400, 'market_cap': 70546875000000}"
MLPT.JK,2026-08-13,1455,1814300,68203125000000,2026-09-16T12:15:56.822976+00:00,"{'low': 1445, 'date': '2026-08-13', 'high': 1545, 'open': 1540, 'close': 1455, 'symbol': 'MLPT.JK', 'volume': 1814300, 'market_cap': 68203125000000}"
MLPT.JK,2026-08-14,1415,2305600,66328125000000,2026-09-16T12:15:56.822976+00:00,"{'low': 1400, 'date': '2026-08-14', 'high': 1450, 'open': 1445, 'close': 1415, 'symbol': 'MLPT.JK', 'volume': 2305600, 'market_cap': 66328125000000}"
MLPT.JK,2026-08-18,1355,3856300,63515625000000,2026-09-16T12:15:56.822976+00:00,"{'low': 1340, 'date': '2026-08-18', 'high': 1420, 'open': 1415, 'close': 1355, 'symbol': 'MLPT.JK', 'volume': 3856300, 'market_cap': 63515625000000}"
MLPT.JK,2026-08-19,1290,3933800,60468750000000,2026-09-16T12:15:56.822976+00:00,"{'low': 1265, 'date': '2026-08-19', 'high': 1355, 'open': 1355, 'close': 1290, 'symbol': 'MLPT.JK', 'volume': 3933800, 'market_cap': 60468750000000}"
MLPT.JK,2026-08-20,1460,23462400,68437500000000,2026-09-16T12:15:56.822976+00:00,"{'low': 1275, 'date': '2026-08-20', 'high': 1575, 'open': 1290, 'close': 1460, 'symbol': 'MLPT.JK', 'volume': 23462400, 'market_cap': 68437500000000}"
MLPT.JK,2026-08-21,1400,5530400,65625000000000,2026-09-16T12:15:56.822976+00:00,"{'low': 1370, 'date': '2026-08-21', 'high': 1520, 'open': 1480, 'close': 1400, 'symbol': 'MLPT.JK', 'volume': 5530400, 'market_cap': 65625000000000}"
MLPT.JK,2026-08-24,1360,4362200,63750000000000,2026-09-16T12:15:56.822976+00:00,"{'low': 1335, 'date': '2026-08-24', 'high': 1435, 'open': 1405, 'close': 1360, 'symbol': 'MLPT.JK', 'volume': 4362200, 'market_cap': 63750000000000}"
MLPT.JK,2026-08-26,1285,3654500,60234375000000,2026-09-16T12:15:56.822976+00:00,"{'low': 1280, 'date': '2026-08-26', 'high': 1360, 'open': 1360, 'close': 1285, 'symbol': 'MLPT.JK', 'volume': 3654500, 'market_cap': 60234375000000}"
MLPT.JK,2026-08-27,1335,3565200,62578125000000,2026-09-16T12:15:56.822976+00:00,"{'low': 1255, 'date': '2026-08-27', 'high': 1380, 'open': 1260, 'close': 1335, 'symbol': 'MLPT.JK', 'volume': 3565200, 'market_cap': 62578125000000}"
MLPT.JK,2026-08-28,1295,3164500,60703125000000,2026-09-16T12:15:56.822976+00:00,"{'low': 1285, 'date': '2026-08-28', 'high': 1335, 'open': 1335, 'close': 1295, 'symbol': 'MLPT.JK', 'volume': 3164500, 'market_cap': 60703125000000}"
MLPT.JK,2026-08-31,1275,3683400,59765625000000,2026-09-16T12:15:56.822976+00:00,"{'low': 1270, 'date': '2026-08-31', 'high': 1325, 'open': 1295, 'close': 1275, 'symbol': 'MLPT.JK', 'volume': 3683400, 'market_cap': 59765625000000}"
MLPT.JK,2026-09-01,1300,3266300,60937500000000,2026-09-16T12:15:56.822976+00:00,"{'low': 1270, 'date': '2026-09-01', 'high': 1310, 'open': 1290, 'close': 1300, 'symbol': 'MLPT.JK', 'volume': 3266300, 'market_cap': 60937500000000}"
MLPT.JK,2026-09-02,1260,3841000,59062500000000,2026-09-16T12:15:56.822976+00:00,"{'low': 1240, 'date': '2026-09-02', 'high': 1320, 'open': 1320, 'close': 1260, 'symbol': 'MLPT.JK', 'volume': 3841000, 'market_cap': 59062500000000}"
MLPT.JK,2026-09-03,1225,3026600,57421875000000,2026-09-16T12:15:56.822976+00:00,"{'low': 1220, 'date': '2026-09-03', 'high': 1275, 'open': 1275, 'close': 1225, 'symbol': 'MLPT.JK', 'volume': 3026600, 'market_cap': 57421875000000}"
MLPT.JK,2026-09-04,1205,3709600,56484375000000,2026-09-16T12:15:56.822976+00:00,"{'low': 1195, 'date': '2026-09-04', 'high': 1230, 'open': 1225, 'close': 1205, 'symbol': 'MLPT.JK', 'volume': 3709600, 'market_cap': 56484375000000}"
MLPT.JK,2026-09-07,1195,2023600,56015625000000,2026-09-16T12:15:56.822976+00:00,"{'low': 1195, 'date': '2026-09-07', 'high': 1245, 'open': 1210, 'close': 1195, 'symbol': 'MLPT.JK', 'volume': 2023600, 'market_cap': 56015625000000}"
MLPT.JK,2026-09-08,1225,1597700,57421875000000,2026-09-16T12:15:56.822976+00:00,"{'low': 1200, 'date': '2026-09-08', 'high': 1240, 'open': 1200, 'close': 1225, 'symbol': 'MLPT.JK', 'volume': 1597700, 'market_cap': 57421875000000}"
MLPT.JK,2026-09-09,1235,1189600,57890625000000,2026-09-16T12:15:56.822976+00:00,"{'low': 1205, 'date': '2026-09-09', 'high': 1240, 'open': 1230, 'close': 1235, 'symbol': 'MLPT.JK', 'volume': 1189600, 'market_cap': 57890625000000}"
MLPT.JK,2026-09-10,1205,1484300,56484375000000,2026-09-16T12:15:56.822976+00:00,"{'low': 1200, 'date': '2026-09-10', 'high': 1250, 'open': 1245, 'close': 1205, 'symbol': 'MLPT.JK', 'volume': 1484300, 'market_cap': 56484375000000}"
MLPT.JK,2026-09-11,1185,1178000,55546875000000,2026-09-16T12:15:56.822976+00:00,"{'low': 1180, 'date': '2026-09-11', 'high': 1210, 'open': 1205, 'close': 1185, 'symbol': 'MLPT.JK', 'volume': 1178000, 'market_cap': 55546875000000}"
MLPT.JK,2026-09-14,1150,2868100,53906250000000,2026-09-16T12:15:56.822976+00:00,"{'low': 1105, 'date': '2026-09-14', 'high': 1185, 'open': 1185, 'close': 1150, 'symbol': 'MLPT.JK', 'volume': 2868100, 'market_cap': 53906250000000}"
MLPT.JK,2026-09-15,1135,954600,53203125000000,2026-09-16T12:15:56.822976+00:00,"{'low': 1125, 'date': '2026-09-15', 'high': 1175, 'open': 1150, 'close': 1135, 'symbol': 'MLPT.JK', 'volume': 954600, 'market_cap': 53203125000000}"
MLPT.JK,2026-09-16,1160,4912900,54375000000000,2026-09-16T12:15:56.822976+00:00,"{'low': 1130, 'date': '2026-09-16', 'high': 1250, 'open': 1135, 'close': 1160, 'symbol': 'MLPT.JK', 'volume': 4912900, 'market_cap': 54375000000000}"
INET.JK,2026-06-18,204,79510700,4564318661952,2026-09-16T12:16:00.527779+00:00,"{'low': 193, 'date': '2026-06-18', 'high': 208, 'open': 204, 'close': 204, 'symbol': 'INET.JK', 'volume': 79510700, 'market_cap': 4564318661952}"
INET.JK,2026-06-19,210,86420700,4698563328480,2026-09-16T12:16:00.527779+00:00,"{'low': 202, 'date': '2026-06-19', 'high': 212, 'open': 206, 'close': 210, 'symbol': 'INET.JK', 'volume': 86420700, 'market_cap': 4698563328480}"
INET.JK,2026-06-22,202,97154700,4519570439776,2026-09-16T12:16:00.527779+00:00,"{'low': 199, 'date': '2026-06-22', 'high': 216, 'open': 214, 'close': 202, 'symbol': 'INET.JK', 'volume': 97154700, 'market_cap': 4519570439776}"
INET.JK,2026-06-23,208,76350800,4653815106304,2026-09-16T12:16:00.527779+00:00,"{'low': 198, 'date': '2026-06-23', 'high': 208, 'open': 202, 'close': 208, 'symbol': 'INET.JK', 'volume': 76350800, 'market_cap': 4653815106304}"
INET.JK,2026-06-24,188,133944300,4206332884544,2026-09-16T12:16:00.527779+00:00,"{'low': 186, 'date': '2026-06-24', 'high': 214, 'open': 208, 'close': 188, 'symbol': 'INET.JK', 'volume': 133944300, 'market_cap': 4206332884544}"
INET.JK,2026-06-25,210,157550800,4698563328480,2026-09-16T12:16:00.527779+00:00,"{'low': 186, 'date': '2026-06-25', 'high': 210, 'open': 188, 'close': 210, 'symbol': 'INET.JK', 'volume': 157550800, 'market_cap': 4698563328480}"
INET.JK,2026-06-26,195,158485500,4362951662160,2026-09-16T12:16:00.527779+00:00,"{'low': 189, 'date': '2026-06-26', 'high': 214, 'open': 212, 'close': 195, 'symbol': 'INET.JK', 'volume': 158485500, 'market_cap': 4362951662160}"
INET.JK,2026-06-29,192,61078500,4295829328896,2026-09-16T12:16:00.527779+00:00,"{'low': 191, 'date': '2026-06-29', 'high': 200, 'open': 197, 'close': 192, 'symbol': 'INET.JK', 'volume': 61078500, 'market_cap': 4295829328896}"
INET.JK,2026-06-30,181,117743600,4049714106928,2026-09-16T12:16:00.527779+00:00,"{'low': 178, 'date': '2026-06-30', 'high': 193, 'open': 192, 'close': 181, 'symbol': 'INET.JK', 'volume': 117743600, 'market_cap': 4049714106928}"
INET.JK,2026-07-01,190,92318900,4251081106720,2026-09-16T12:16:00.527779+00:00,"{'low': 180, 'date': '2026-07-01', 'high': 193, 'open': 181, 'close': 190, 'symbol': 'INET.JK', 'volume': 92318900, 'market_cap': 4251081106720}"
INET.JK,2026-07-02,195,116794600,4362951662160,2026-09-16T12:16:00.527779+00:00,"{'low': 188, 'date': '2026-07-02', 'high': 200, 'open': 190, 'close': 195, 'symbol': 'INET.JK', 'volume': 116794600, 'market_cap': 4362951662160}"
INET.JK,2026-07-03,196,74523600,4385325773248,2026-09-16T12:16:00.527779+00:00,"{'low': 196, 'date': '2026-07-03', 'high': 202, 'open': 196, 'close': 196, 'symbol': 'INET.JK', 'volume': 74523600, 'market_cap': 4385325773248}"
INET.JK,2026-07-06,200,74528300,4474822217600,2026-09-16T12:16:00.527779+00:00,"{'low': 197, 'date': '2026-07-06', 'high': 206, 'open': 198, 'close': 200, 'symbol': 'INET.JK', 'volume': 74528300, 'market_cap': 4474822217600}"
INET.JK,2026-07-07,204,63929700,4564318661952,2026-09-16T12:16:00.527779+00:00,"{'low': 197, 'date': '2026-07-07', 'high': 204, 'open': 202, 'close': 204, 'symbol': 'INET.JK', 'volume': 63929700, 'market_cap': 4564318661952}"
INET.JK,2026-07-08,192,95833300,4295829328896,2026-09-16T12:16:00.527779+00:00,"{'low': 191, 'date': '2026-07-08', 'high': 202, 'open': 200, 'close': 192, 'symbol': 'INET.JK', 'volume': 95833300, 'market_cap': 4295829328896}"
INET.JK,2026-07-09,192,65370400,4295829328896,2026-09-16T12:16:00.527779+00:00,"{'low': 187, 'date': '2026-07-09', 'high': 195, 'open': 192, 'close': 192, 'symbol': 'INET.JK', 'volume': 65370400, 'market_cap': 4295829328896}"
INET.JK,2026-07-10,194,91137100,4340577551072,2026-09-16T12:16:00.527779+00:00,"{'low': 193, 'date': '2026-07-10', 'high': 204, 'open': 195, 'close': 194, 'symbol': 'INET.JK', 'volume': 91137100, 'market_cap': 4340577551072}"
INET.JK,2026-07-13,202,81956200,4519570439776,2026-09-16T12:16:00.527779+00:00,"{'low': 190, 'date': '2026-07-13', 'high': 202, 'open': 194, 'close': 202, 'symbol': 'INET.JK', 'volume': 81956200, 'market_cap': 4519570439776}"
INET.JK,2026-07-14,218,208148800,4877556217184,2026-09-16T12:16:00.527779+00:00,"{'low': 200, 'date': '2026-07-14', 'high': 218, 'open': 204, 'close': 218, 'symbol': 'INET.JK', 'volume': 208148800, 'market_cap': 4877556217184}"
INET.JK,2026-07-15,214,267292800,4788070552440,2026-09-16T12:16:00.527779+00:00,"{'low': 212, 'date': '2026-07-15', 'high': 230, 'open': 226, 'close': 214, 'symbol': 'INET.JK', 'volume': 267292800, 'market_cap': 4788070552440}"
INET.JK,2026-07-16,224,416839200,5011853061600,2026-09-16T12:16:00.527779+00:00,"{'low': 210, 'date': '2026-07-16', 'high': 232, 'open': 214, 'close': 224, 'symbol': 'INET.JK', 'volume': 416839200, 'market_cap': 5011853061600}"
INET.JK,2026-07-17,216,135213700,4832889248160,2026-09-16T12:16:00.527779+00:00,"{'low': 214, 'date': '2026-07-17', 'high': 222, 'open': 222, 'close': 216, 'symbol': 'INET.JK', 'volume': 135213700, 'market_cap': 4832889248160}"
INET.JK,2026-07-20,220,81652900,4922412304700,2026-09-16T12:16:00.527779+00:00,"{'low': 216, 'date': '2026-07-20', 'high': 222, 'open': 216, 'close': 220, 'symbol': 'INET.JK', 'volume': 81652900, 'market_cap': 4922412304700}"
INET.JK,2026-07-21,238,359865000,5325171878404,2026-09-16T12:16:00.527779+00:00,"{'low': 220, 'date': '2026-07-21', 'high': 240, 'open': 224, 'close': 238, 'symbol': 'INET.JK', 'volume': 359865000, 'market_cap': 5325171878404}"
INET.JK,2026-07-22,234,392713100,5235692127354,2026-09-16T12:16:00.527779+00:00,"{'low': 232, 'date': '2026-07-22', 'high': 254, 'open': 242, 'close': 234, 'symbol': 'INET.JK', 'volume': 392713100, 'market_cap': 5235692127354}"
INET.JK,2026-07-23,238,224987400,5325196320528,2026-09-16T12:16:00.527779+00:00,"{'low': 234, 'date': '2026-07-23', 'high': 246, 'open': 236, 'close': 238, 'symbol': 'INET.JK', 'volume': 224987400, 'market_cap': 5325196320528}"
INET.JK,2026-07-24,230,129465100,5146220430510,2026-09-16T12:16:00.527779+00:00,"{'low': 222, 'date': '2026-07-24', 'high': 236, 'open': 236, 'close': 230, 'symbol': 'INET.JK', 'volume': 129465100, 'market_cap': 5146220430510}"
INET.JK,2026-07-27,226,99916900,5056744717250,2026-09-16T12:16:00.527779+00:00,"{'low': 224, 'date': '2026-07-27', 'high': 238, 'open': 228, 'close': 226, 'symbol': 'INET.JK', 'volume': 99916900, 'market_cap': 5056744717250}"
INET.JK,2026-07-28,220,103371500,4922499082600,2026-09-16T12:16:00.527779+00:00,"{'low': 220, 'date': '2026-07-28', 'high': 234, 'open': 230, 'close': 220, 'symbol': 'INET.JK', 'volume': 103371500, 'market_cap': 4922499082600}"
INET.JK,2026-07-29,214,140471000,4788257235554,2026-09-16T12:16:00.527779+00:00,"{'low': 206, 'date': '2026-07-29', 'high': 228, 'open': 222, 'close': 214, 'symbol': 'INET.JK', 'volume': 140471000, 'market_cap': 4788257235554}"
INET.JK,2026-07-30,220,87632000,4922509861060,2026-09-16T12:16:00.527779+00:00,"{'low': 214, 'date': '2026-07-30', 'high': 226, 'open': 214, 'close': 220, 'symbol': 'INET.JK', 'volume': 87632000, 'market_cap': 4922509861060}"
INET.JK,2026-07-31,234,219299400,5235763700232,2026-09-16T12:16:00.527779+00:00,"{'low': 222, 'date': '2026-07-31', 'high': 240, 'open': 222, 'close': 234, 'symbol': 'INET.JK', 'volume': 219299400, 'market_cap': 5235763700232}"
INET.JK,2026-08-03,228,232124100,5101515139884,2026-09-16T12:16:00.527779+00:00,"{'low': 226, 'date': '2026-08-03', 'high': 244, 'open': 236, 'close': 228, 'symbol': 'INET.JK', 'volume': 232124100, 'market_cap': 5101515139884}"
INET.JK,2026-08-04,238,109143300,5325271397628,2026-09-16T12:16:00.527779+00:00,"{'low': 228, 'date': '2026-08-04', 'high': 240, 'open': 230, 'close': 238, 'symbol': 'INET.JK', 'volume': 109143300, 'market_cap': 5325271397628}"
INET.JK,2026-08-05,238,129127000,5325278228228,2026-09-16T12:16:00.527779+00:00,"{'low': 232, 'date': '2026-08-05', 'high': 242, 'open': 238, 'close': 238, 'symbol': 'INET.JK', 'volume': 129127000, 'market_cap': 5325278228228}"
INET.JK,2026-08-06,232,108169500,5191030520992,2026-09-16T12:16:00.527779+00:00,"{'low': 228, 'date': '2026-08-06', 'high': 242, 'open': 240, 'close': 232, 'symbol': 'INET.JK', 'volume': 108169500, 'market_cap': 5191030520992}"
INET.JK,2026-08-07,232,98305400,5191032063792,2026-09-16T12:16:00.527779+00:00,"{'low': 228, 'date': '2026-08-07', 'high': 238, 'open': 232, 'close': 232, 'symbol': 'INET.JK', 'volume': 98305400, 'market_cap': 5191032063792}"
INET.JK,2026-08-10,226,134697500,5056783357148,2026-09-16T12:16:00.527779+00:00,"{'low': 226, 'date': '2026-08-10', 'high': 236, 'open': 234, 'close': 226, 'symbol': 'INET.JK', 'volume': 134697500, 'market_cap': 5056783357148}"
INET.JK,2026-08-11,214,126346900,4788284750818,2026-09-16T12:16:00.527779+00:00,"{'low': 212, 'date': '2026-08-11', 'high': 228, 'open': 226, 'close': 214, 'symbol': 'INET.JK', 'volume': 126346900, 'market_cap': 4788284750818}"
INET.JK,2026-08-12,226,157424000,5056806368468,2026-09-16T12:16:00.527779+00:00,"{'low': 214, 'date': '2026-08-12', 'high': 230, 'open': 216, 'close': 226, 'symbol': 'INET.JK', 'volume': 157424000, 'market_cap': 5056806368468}"
INET.JK,2026-08-13,224,202847900,5012057866368,2026-09-16T12:16:00.527779+00:00,"{'low': 220, 'date': '2026-08-13', 'high': 236, 'open': 232, 'close': 224, 'symbol': 'INET.JK', 'volume': 202847900, 'market_cap': 5012057866368}"
INET.JK,2026-08-14,234,230066400,5235811198488,2026-09-16T12:16:00.527779+00:00,"{'low': 220, 'date': '2026-08-14', 'high': 238, 'open': 226, 'close': 234, 'symbol': 'INET.JK', 'volume': 230066400, 'market_cap': 5235811198488}"
INET.JK,2026-08-18,292,1587087300,6533578680276,2026-09-16T12:16:00.527779+00:00,"{'low': 234, 'date': '2026-08-18', 'high': 292, 'open': 236, 'close': 292, 'symbol': 'INET.JK', 'volume': 1587087300, 'market_cap': 6533578680276}"
INET.JK,2026-08-19,288,1670712500,6444078568128,2026-09-16T12:16:00.527779+00:00,"{'low': 274, 'date': '2026-08-19', 'high': 324, 'open': 296, 'close': 288, 'symbol': 'INET.JK', 'volume': 1670712500, 'market_cap': 6444078568128}"
INET.JK,2026-08-20,314,914722800,7025839599272,2026-09-16T12:16:00.527779+00:00,"{'low': 290, 'date': '2026-08-20', 'high': 316, 'open': 290, 'close': 314, 'symbol': 'INET.JK', 'volume': 914722800, 'market_cap': 7025839599272}"
INET.JK,2026-08-21,330,1018267500,7383882934230,2026-09-16T12:16:00.527779+00:00,"{'low': 306, 'date': '2026-08-21', 'high': 338, 'open': 320, 'close': 330, 'symbol': 'INET.JK', 'volume': 1018267500, 'market_cap': 7383882934230}"
INET.JK,2026-08-24,330,908182100,7383926984940,2026-09-16T12:16:00.527779+00:00,"{'low': 324, 'date': '2026-08-24', 'high': 360, 'open': 338, 'close': 330, 'symbol': 'INET.JK', 'volume': 908182100, 'market_cap': 7383926984940}"
INET.JK,2026-08-26,306,675532500,6846941844252,2026-09-16T12:16:00.527779+00:00,"{'low': 306, 'date': '2026-08-26', 'high': 336, 'open': 334, 'close': 306, 'symbol': 'INET.JK', 'volume': 675532500, 'market_cap': 6846941844252}"
INET.JK,2026-08-27,350,1561585100,7831469429700,2026-09-16T12:16:00.527779+00:00,"{'low': 306, 'date': '2026-08-27', 'high': 352, 'open': 306, 'close': 350, 'symbol': 'INET.JK', 'volume': 1561585100, 'market_cap': 7831469429700}"
INET.JK,2026-08-28,340,1005373700,7607819009760,2026-09-16T12:16:00.527779+00:00,"{'low': 334, 'date': '2026-08-28', 'high': 364, 'open': 358, 'close': 340, 'symbol': 'INET.JK', 'volume': 1005373700, 'market_cap': 7607819009760}"
INET.JK,2026-08-31,350,916587400,7831590320050,2026-09-16T12:16:00.527779+00:00,"{'low': 334, 'date': '2026-08-31', 'high': 366, 'open': 340, 'close': 350, 'symbol': 'INET.JK', 'volume': 916587400, 'market_cap': 7831590320050}"
INET.JK,2026-09-01,354,827637400,7921142206512,2026-09-16T12:16:00.527779+00:00,"{'low': 350, 'date': '2026-09-01', 'high': 376, 'open': 360, 'close': 354, 'symbol': 'INET.JK', 'volume': 827637400, 'market_cap': 7921142206512}"
INET.JK,2026-09-02,348,267410300,7786942506012,2026-09-16T12:16:00.527779+00:00,"{'low': 340, 'date': '2026-09-02', 'high': 356, 'open': 354, 'close': 348, 'symbol': 'INET.JK', 'volume': 267410300, 'market_cap': 7786942506012}"
INET.JK,2026-09-03,348,281106300,7787173034088,2026-09-16T12:16:00.527779+00:00,"{'low': 342, 'date': '2026-09-03', 'high': 360, 'open': 350, 'close': 348, 'symbol': 'INET.JK', 'volume': 281106300, 'market_cap': 7787173034088}"
INET.JK,2026-09-04,366,1066668700,8189980996062,2026-09-16T12:16:00.527779+00:00,"{'low': 352, 'date': '2026-09-04', 'high': 372, 'open': 354, 'close': 366, 'symbol': 'INET.JK', 'volume': 1066668700, 'market_cap': 8189980996062}"
INET.JK,2026-09-07,356,460122200,7966263496824,2026-09-16T12:16:00.527779+00:00,"{'low': 352, 'date': '2026-09-07', 'high': 368, 'open': 366, 'close': 356, 'symbol': 'INET.JK', 'volume': 460122200, 'market_cap': 7966263496824}"
INET.JK,2026-09-08,366,1085322000,8190076046994,2026-09-16T12:16:00.527779+00:00,"{'low': 354, 'date': '2026-09-08', 'high': 386, 'open': 360, 'close': 366, 'symbol': 'INET.JK', 'volume': 1085322000, 'market_cap': 8190076046994}"
INET.JK,2026-09-09,366,354817700,8190094047606,2026-09-16T12:16:00.527779+00:00,"{'low': 362, 'date': '2026-09-09', 'high': 376, 'open': 374, 'close': 366, 'symbol': 'INET.JK', 'volume': 354817700, 'market_cap': 8190094047606}"
INET.JK,2026-09-10,346,709608500,7742547924786,2026-09-16T12:16:00.527779+00:00,"{'low': 340, 'date': '2026-09-10', 'high': 372, 'open': 366, 'close': 346, 'symbol': 'INET.JK', 'volume': 709608500, 'market_cap': 7742547924786}"
INET.JK,2026-09-11,344,668427500,7697892247592,2026-09-16T12:16:00.527779+00:00,"{'low': 324, 'date': '2026-09-11', 'high': 346, 'open': 336, 'close': 344, 'symbol': 'INET.JK', 'volume': 668427500, 'market_cap': 7697892247592}"
INET.JK,2026-09-14,332,652697300,7429389456552,2026-09-16T12:16:00.527779+00:00,"{'low': 314, 'date': '2026-09-14', 'high': 340, 'open': 338, 'close': 332, 'symbol': 'INET.JK', 'volume': 652697300, 'market_cap': 7429389456552}"
INET.JK,2026-09-15,322,214204100,7205636568396,2026-09-16T12:16:00.527779+00:00,"{'low': 320, 'date': '2026-09-15', 'high': 334, 'open': 332, 'close': 322, 'symbol': 'INET.JK', 'volume': 214204100, 'market_cap': 7205636568396}"
INET.JK,2026-09-16,316,264025600,7071370048488,2026-09-16T12:16:00.527779+00:00,"{'low': 314, 'date': '2026-09-16', 'high': 330, 'open': 320, 'close': 316, 'symbol': 'INET.JK', 'volume': 264025600, 'market_cap': 7071370048488}"
MINA.JK,2026-06-18,300,77647400,2953125000000,2026-09-16T12:16:03.806107+00:00,"{'low': 284, 'date': '2026-06-18', 'high': 302, 'open': 294, 'close': 300, 'symbol': 'MINA.JK', 'volume': 77647400, 'market_cap': 2953125000000}"
MINA.JK,2026-06-19,298,151440600,2933437500000,2026-09-16T12:16:03.806107+00:00,"{'low': 296, 'date': '2026-06-19', 'high': 316, 'open': 304, 'close': 298, 'symbol': 'MINA.JK', 'volume': 151440600, 'market_cap': 2933437500000}"
MINA.JK,2026-06-22,288,86941800,2835000000000,2026-09-16T12:16:03.806107+00:00,"{'low': 284, 'date': '2026-06-22', 'high': 304, 'open': 300, 'close': 288, 'symbol': 'MINA.JK', 'volume': 86941800, 'market_cap': 2835000000000}"
MINA.JK,2026-06-23,302,104431300,2972812500000,2026-09-16T12:16:03.806107+00:00,"{'low': 280, 'date': '2026-06-23', 'high': 302, 'open': 286, 'close': 302, 'symbol': 'MINA.JK', 'volume': 104431300, 'market_cap': 2972812500000}"
MINA.JK,2026-06-24,278,100174800,2736562500000,2026-09-16T12:16:03.806107+00:00,"{'low': 276, 'date': '2026-06-24', 'high': 308, 'open': 304, 'close': 278, 'symbol': 'MINA.JK', 'volume': 100174800, 'market_cap': 2736562500000}"
MINA.JK,2026-06-25,284,46232600,2795625000000,2026-09-16T12:16:03.806107+00:00,"{'low': 278, 'date': '2026-06-25', 'high': 292, 'open': 278, 'close': 284, 'symbol': 'MINA.JK', 'volume': 46232600, 'market_cap': 2795625000000}"
MINA.JK,2026-06-26,268,49144100,2638125000000,2026-09-16T12:16:03.806107+00:00,"{'low': 262, 'date': '2026-06-26', 'high': 288, 'open': 284, 'close': 268, 'symbol': 'MINA.JK', 'volume': 49144100, 'market_cap': 2638125000000}"
MINA.JK,2026-06-29,258,28974300,2539687500000,2026-09-16T12:16:03.806107+00:00,"{'low': 254, 'date': '2026-06-29', 'high': 274, 'open': 268, 'close': 258, 'symbol': 'MINA.JK', 'volume': 28974300, 'market_cap': 2539687500000}"
MINA.JK,2026-06-30,242,58366100,2382187500000,2026-09-16T12:16:03.806107+00:00,"{'low': 238, 'date': '2026-06-30', 'high': 262, 'open': 260, 'close': 242, 'symbol': 'MINA.JK', 'volume': 58366100, 'market_cap': 2382187500000}"
MINA.JK,2026-07-01,264,101434600,2598750000000,2026-09-16T12:16:03.806107+00:00,"{'low': 238, 'date': '2026-07-01', 'high': 274, 'open': 242, 'close': 264, 'symbol': 'MINA.JK', 'volume': 101434600, 'market_cap': 2598750000000}"
MINA.JK,2026-07-02,258,66321300,2539687500000,2026-09-16T12:16:03.806107+00:00,"{'low': 258, 'date': '2026-07-02', 'high': 274, 'open': 262, 'close': 258, 'symbol': 'MINA.JK', 'volume': 66321300, 'market_cap': 2539687500000}"
MINA.JK,2026-07-03,262,62717200,2579062500000,2026-09-16T12:16:03.806107+00:00,"{'low': 260, 'date': '2026-07-03', 'high': 274, 'open': 260, 'close': 262, 'symbol': 'MINA.JK', 'volume': 62717200, 'market_cap': 2579062500000}"
MINA.JK,2026-07-06,288,133876500,2835000000000,2026-09-16T12:16:03.806107+00:00,"{'low': 260, 'date': '2026-07-06', 'high': 288, 'open': 262, 'close': 288, 'symbol': 'MINA.JK', 'volume': 133876500, 'market_cap': 2835000000000}"
MINA.JK,2026-07-07,280,139155500,2756250000000,2026-09-16T12:16:03.806107+00:00,"{'low': 280, 'date': '2026-07-07', 'high': 294, 'open': 290, 'close': 280, 'symbol': 'MINA.JK', 'volume': 139155500, 'market_cap': 2756250000000}"
MINA.JK,2026-07-08,270,50816100,2657812500000,2026-09-16T12:16:03.806107+00:00,"{'low': 270, 'date': '2026-07-08', 'high': 280, 'open': 278, 'close': 270, 'symbol': 'MINA.JK', 'volume': 50816100, 'market_cap': 2657812500000}"
MINA.JK,2026-07-09,276,67255000,2716875000000,2026-09-16T12:16:03.806107+00:00,"{'low': 266, 'date': '2026-07-09', 'high': 280, 'open': 268, 'close': 276, 'symbol': 'MINA.JK', 'volume': 67255000, 'market_cap': 2716875000000}"
MINA.JK,2026-07-10,272,40665800,2677500000000,2026-09-16T12:16:03.806107+00:00,"{'low': 268, 'date': '2026-07-10', 'high': 282, 'open': 276, 'close': 272, 'symbol': 'MINA.JK', 'volume': 40665800, 'market_cap': 2677500000000}"
MINA.JK,2026-07-13,276,53994100,2716875000000,2026-09-16T12:16:03.806107+00:00,"{'low': 266, 'date': '2026-07-13', 'high': 278, 'open': 272, 'close': 276, 'symbol': 'MINA.JK', 'volume': 53994100, 'market_cap': 2716875000000}"
MINA.JK,2026-07-14,272,104465700,2677500000000,2026-09-16T12:16:03.806107+00:00,"{'low': 270, 'date': '2026-07-14', 'high': 282, 'open': 278, 'close': 272, 'symbol': 'MINA.JK', 'volume': 104465700, 'market_cap': 2677500000000}"
MINA.JK,2026-07-15,274,45250900,2697187500000,2026-09-16T12:16:03.806107+00:00,"{'low': 270, 'date': '2026-07-15', 'high': 280, 'open': 270, 'close': 274, 'symbol': 'MINA.JK', 'volume': 45250900, 'market_cap': 2697187500000}"
MINA.JK,2026-07-16,274,73872000,2697187500000,2026-09-16T12:16:03.806107+00:00,"{'low': 270, 'date': '2026-07-16', 'high': 282, 'open': 272, 'close': 274, 'symbol': 'MINA.JK', 'volume': 73872000, 'market_cap': 2697187500000}"
MINA.JK,2026-07-17,288,220457500,2835000000000,2026-09-16T12:16:03.806107+00:00,"{'low': 272, 'date': '2026-07-17', 'high': 292, 'open': 276, 'close': 288, 'symbol': 'MINA.JK', 'volume': 220457500, 'market_cap': 2835000000000}"
MINA.JK,2026-07-20,286,100219300,2815312500000,2026-09-16T12:16:03.806107+00:00,"{'low': 282, 'date': '2026-07-20', 'high': 294, 'open': 288, 'close': 286, 'symbol': 'MINA.JK', 'volume': 100219300, 'market_cap': 2815312500000}"
MINA.JK,2026-07-21,302,325900800,2972812500000,2026-09-16T12:16:03.806107+00:00,"{'low': 284, 'date': '2026-07-21', 'high': 304, 'open': 286, 'close': 302, 'symbol': 'MINA.JK', 'volume': 325900800, 'market_cap': 2972812500000}"
MINA.JK,2026-07-22,294,150623900,2894062500000,2026-09-16T12:16:03.806107+00:00,"{'low': 288, 'date': '2026-07-22', 'high': 306, 'open': 302, 'close': 294, 'symbol': 'MINA.JK', 'volume': 150623900, 'market_cap': 2894062500000}"
MINA.JK,2026-07-23,288,204392600,2835000000000,2026-09-16T12:16:03.806107+00:00,"{'low': 282, 'date': '2026-07-23', 'high': 304, 'open': 294, 'close': 288, 'symbol': 'MINA.JK', 'volume': 204392600, 'market_cap': 2835000000000}"
MINA.JK,2026-07-24,272,99787600,2677500000000,2026-09-16T12:16:03.806107+00:00,"{'low': 270, 'date': '2026-07-24', 'high': 288, 'open': 288, 'close': 272, 'symbol': 'MINA.JK', 'volume': 99787600, 'market_cap': 2677500000000}"
MINA.JK,2026-07-27,274,47550900,2697187500000,2026-09-16T12:16:03.806107+00:00,"{'low': 262, 'date': '2026-07-27', 'high': 278, 'open': 274, 'close': 274, 'symbol': 'MINA.JK', 'volume': 47550900, 'market_cap': 2697187500000}"
MINA.JK,2026-07-28,272,27739200,2677500000000,2026-09-16T12:16:03.806107+00:00,"{'low': 272, 'date': '2026-07-28', 'high': 278, 'open': 274, 'close': 272, 'symbol': 'MINA.JK', 'volume': 27739200, 'market_cap': 2677500000000}"
MINA.JK,2026-07-29,264,56044200,2598750000000,2026-09-16T12:16:03.806107+00:00,"{'low': 252, 'date': '2026-07-29', 'high': 276, 'open': 272, 'close': 264, 'symbol': 'MINA.JK', 'volume': 56044200, 'market_cap': 2598750000000}"
MINA.JK,2026-07-30,264,33749600,2598750000000,2026-09-16T12:16:03.806107+00:00,"{'low': 254, 'date': '2026-07-30', 'high': 270, 'open': 266, 'close': 264, 'symbol': 'MINA.JK', 'volume': 33749600, 'market_cap': 2598750000000}"
MINA.JK,2026-07-31,272,79214900,2677500000000,2026-09-16T12:16:03.806107+00:00,"{'low': 266, 'date': '2026-07-31', 'high': 280, 'open': 270, 'close': 272, 'symbol': 'MINA.JK', 'volume': 79214900, 'market_cap': 2677500000000}"
MINA.JK,2026-08-03,268,63098900,2638125000000,2026-09-16T12:16:03.806107+00:00,"{'low': 266, 'date': '2026-08-03', 'high': 278, 'open': 272, 'close': 268, 'symbol': 'MINA.JK', 'volume': 63098900, 'market_cap': 2638125000000}"
MINA.JK,2026-08-04,268,23267500,2638125000000,2026-09-16T12:16:03.806107+00:00,"{'low': 264, 'date': '2026-08-04', 'high': 272, 'open': 268, 'close': 268, 'symbol': 'MINA.JK', 'volume': 23267500, 'market_cap': 2638125000000}"
MINA.JK,2026-08-05,274,38441800,2697187500000,2026-09-16T12:16:03.806107+00:00,"{'low': 270, 'date': '2026-08-05', 'high': 278, 'open': 272, 'close': 274, 'symbol': 'MINA.JK', 'volume': 38441800, 'market_cap': 2697187500000}"
MINA.JK,2026-08-06,278,73462300,2736562500000,2026-09-16T12:16:03.806107+00:00,"{'low': 272, 'date': '2026-08-06', 'high': 280, 'open': 276, 'close': 278, 'symbol': 'MINA.JK', 'volume': 73462300, 'market_cap': 2736562500000}"
MINA.JK,2026-08-07,278,35520600,2736562500000,2026-09-16T12:16:03.806107+00:00,"{'low': 276, 'date': '2026-08-07', 'high': 282, 'open': 280, 'close': 278, 'symbol': 'MINA.JK', 'volume': 35520600, 'market_cap': 2736562500000}"
MINA.JK,2026-08-10,272,67387500,2677500000000,2026-09-16T12:16:03.806107+00:00,"{'low': 270, 'date': '2026-08-10', 'high': 284, 'open': 280, 'close': 272, 'symbol': 'MINA.JK', 'volume': 67387500, 'market_cap': 2677500000000}"
MINA.JK,2026-08-11,262,47125400,2579062500000,2026-09-16T12:16:03.806107+00:00,"{'low': 260, 'date': '2026-08-11', 'high': 276, 'open': 272, 'close': 262, 'symbol': 'MINA.JK', 'volume': 47125400, 'market_cap': 2579062500000}"
MINA.JK,2026-08-12,272,33435300,2677500000000,2026-09-16T12:16:03.806107+00:00,"{'low': 262, 'date': '2026-08-12', 'high': 274, 'open': 262, 'close': 272, 'symbol': 'MINA.JK', 'volume': 33435300, 'market_cap': 2677500000000}"
MINA.JK,2026-08-13,264,28081000,2598750000000,2026-09-16T12:16:03.806107+00:00,"{'low': 262, 'date': '2026-08-13', 'high': 274, 'open': 272, 'close': 264, 'symbol': 'MINA.JK', 'volume': 28081000, 'market_cap': 2598750000000}"
MINA.JK,2026-08-14,266,25017600,2618437500000,2026-09-16T12:16:03.806107+00:00,"{'low': 260, 'date': '2026-08-14', 'high': 268, 'open': 264, 'close': 266, 'symbol': 'MINA.JK', 'volume': 25017600, 'market_cap': 2618437500000}"
MINA.JK,2026-08-18,270,44794200,2657812500000,2026-09-16T12:16:03.806107+00:00,"{'low': 268, 'date': '2026-08-18', 'high': 276, 'open': 268, 'close': 270, 'symbol': 'MINA.JK', 'volume': 44794200, 'market_cap': 2657812500000}"
MINA.JK,2026-08-19,272,28406900,2677500000000,2026-09-16T12:16:03.806107+00:00,"{'low': 268, 'date': '2026-08-19', 'high': 274, 'open': 274, 'close': 272, 'symbol': 'MINA.JK', 'volume': 28406900, 'market_cap': 2677500000000}"
MINA.JK,2026-08-20,272,30743700,2677500000000,2026-09-16T12:16:03.806107+00:00,"{'low': 270, 'date': '2026-08-20', 'high': 276, 'open': 272, 'close': 272, 'symbol': 'MINA.JK', 'volume': 30743700, 'market_cap': 2677500000000}"
MINA.JK,2026-08-21,284,365182000,2795625000000,2026-09-16T12:16:03.806107+00:00,"{'low': 278, 'date': '2026-08-21', 'high': 302, 'open': 278, 'close': 284, 'symbol': 'MINA.JK', 'volume': 365182000, 'market_cap': 2795625000000}"
MINA.JK,2026-08-24,284,162930500,2795625000000,2026-09-16T12:16:03.806107+00:00,"{'low': 276, 'date': '2026-08-24', 'high': 296, 'open': 284, 'close': 284, 'symbol': 'MINA.JK', 'volume': 162930500, 'market_cap': 2795625000000}"
MINA.JK,2026-08-26,268,120910900,2638125000000,2026-09-16T12:16:03.806107+00:00,"{'low': 268, 'date': '2026-08-26', 'high': 294, 'open': 290, 'close': 268, 'symbol': 'MINA.JK', 'volume': 120910900, 'market_cap': 2638125000000}"
MINA.JK,2026-08-27,278,51371200,2736562500000,2026-09-16T12:16:03.806107+00:00,"{'low': 262, 'date': '2026-08-27', 'high': 280, 'open': 268, 'close': 278, 'symbol': 'MINA.JK', 'volume': 51371200, 'market_cap': 2736562500000}"
MINA.JK,2026-08-28,274,46464200,2697187500000,2026-09-16T12:16:03.806107+00:00,"{'low': 270, 'date': '2026-08-28', 'high': 282, 'open': 278, 'close': 274, 'symbol': 'MINA.JK', 'volume': 46464200, 'market_cap': 2697187500000}"
MINA.JK,2026-08-31,272,37360700,2677500000000,2026-09-16T12:16:03.806107+00:00,"{'low': 270, 'date': '2026-08-31', 'high': 276, 'open': 274, 'close': 272, 'symbol': 'MINA.JK', 'volume': 37360700, 'market_cap': 2677500000000}"
MINA.JK,2026-09-01,282,99487300,2775937500000,2026-09-16T12:16:03.806107+00:00,"{'low': 270, 'date': '2026-09-01', 'high': 284, 'open': 272, 'close': 282, 'symbol': 'MINA.JK', 'volume': 99487300, 'market_cap': 2775937500000}"
MINA.JK,2026-09-02,276,33936200,2716875000000,2026-09-16T12:16:03.806107+00:00,"{'low': 274, 'date': '2026-09-02', 'high': 286, 'open': 286, 'close': 276, 'symbol': 'MINA.JK', 'volume': 33936200, 'market_cap': 2716875000000}"
MINA.JK,2026-09-03,280,59751500,2756250000000,2026-09-16T12:16:03.806107+00:00,"{'low': 276, 'date': '2026-09-03', 'high': 286, 'open': 278, 'close': 280, 'symbol': 'MINA.JK', 'volume': 59751500, 'market_cap': 2756250000000}"
MINA.JK,2026-09-04,278,32837100,2736562500000,2026-09-16T12:16:03.806107+00:00,"{'low': 276, 'date': '2026-09-04', 'high': 284, 'open': 282, 'close': 278, 'symbol': 'MINA.JK', 'volume': 32837100, 'market_cap': 2736562500000}"
MINA.JK,2026-09-07,274,37126800,2697187500000,2026-09-16T12:16:03.806107+00:00,"{'low': 272, 'date': '2026-09-07', 'high': 280, 'open': 276, 'close': 274, 'symbol': 'MINA.JK', 'volume': 37126800, 'market_cap': 2697187500000}"
MINA.JK,2026-09-08,276,41862700,2716875000000,2026-09-16T12:16:03.806107+00:00,"{'low': 274, 'date': '2026-09-08', 'high': 284, 'open': 278, 'close': 276, 'symbol': 'MINA.JK', 'volume': 41862700, 'market_cap': 2716875000000}"
MINA.JK,2026-09-09,274,28706900,2697187500000,2026-09-16T12:16:03.806107+00:00,"{'low': 272, 'date': '2026-09-09', 'high': 280, 'open': 278, 'close': 274, 'symbol': 'MINA.JK', 'volume': 28706900, 'market_cap': 2697187500000}"
MINA.JK,2026-09-10,274,104738000,2697187500000,2026-09-16T12:16:03.806107+00:00,"{'low': 272, 'date': '2026-09-10', 'high': 290, 'open': 276, 'close': 274, 'symbol': 'MINA.JK', 'volume': 104738000, 'market_cap': 2697187500000}"
MINA.JK,2026-09-11,274,55116400,2697187500000,2026-09-16T12:16:03.806107+00:00,"{'low': 264, 'date': '2026-09-11', 'high': 276, 'open': 274, 'close': 274, 'symbol': 'MINA.JK', 'volume': 55116400, 'market_cap': 2697187500000}"
MINA.JK,2026-09-14,268,25559400,2638125000000,2026-09-16T12:16:03.806107+00:00,"{'low': 262, 'date': '2026-09-14', 'high': 274, 'open': 274, 'close': 268, 'symbol': 'MINA.JK', 'volume': 25559400, 'market_cap': 2638125000000}"
MINA.JK,2026-09-15,264,19777700,2598750000000,2026-09-16T12:16:03.806107+00:00,"{'low': 262, 'date': '2026-09-15', 'high': 270, 'open': 270, 'close': 264, 'symbol': 'MINA.JK', 'volume': 19777700, 'market_cap': 2598750000000}"
MINA.JK,2026-09-16,260,17871900,2559375000000,2026-09-16T12:16:03.806107+00:00,"{'low': 260, 'date': '2026-09-16', 'high': 268, 'open': 266, 'close': 260, 'symbol': 'MINA.JK', 'volume': 17871900, 'market_cap': 2559375000000}"
