symbol,snapshot_date,free_float,sub_sector,fetched_at,raw_response
HKMU.JK,2026-09-03,1.0,,2026-09-03T13:07:57.784854+00:00,"{'symbol': 'HKMU.JK', 'free_float': 1.0, 'company_name': 'PT HK Metals Utama Tbk'}"
WIRG.JK,2026-09-03,0.99994,,2026-09-03T13:07:57.784854+00:00,"{'symbol': 'WIRG.JK', 'free_float': 0.99994, 'company_name': 'PT Wir Asia Tbk'}"
PADI.JK,2026-09-03,0.9989,,2026-09-03T13:07:57.784854+00:00,"{'symbol': 'PADI.JK', 'free_float': 0.9989, 'company_name': 'Minna Padi Investama Sekuritas Tbk'}"
TAXI.JK,2026-09-03,0.9426,,2026-09-03T13:07:57.784854+00:00,"{'symbol': 'TAXI.JK', 'free_float': 0.9426, 'company_name': 'Express Transindo Utama Tbk'}"
SIMA.JK,2026-09-03,0.94168,,2026-09-03T13:07:57.784854+00:00,"{'symbol': 'SIMA.JK', 'free_float': 0.94168, 'company_name': 'Siwani Makmur Tbk'}"
CARS.JK,2026-09-03,0.9224,,2026-09-03T13:07:57.784854+00:00,"{'symbol': 'CARS.JK', 'free_float': 0.9224, 'company_name': 'PT Industri dan Perdagangan Bintraco Dharma Tbk'}"
ELTY.JK,2026-09-03,0.8953,,2026-09-03T13:07:57.784854+00:00,"{'symbol': 'ELTY.JK', 'free_float': 0.8953, 'company_name': 'Bakrieland Development Tbk'}"
LCGP.JK,2026-09-03,0.87377,,2026-09-03T13:07:57.784854+00:00,"{'symbol': 'LCGP.JK', 'free_float': 0.87377, 'company_name': 'PT Eureka Prima Jakarta Tbk'}"
DUCK.JK,2026-09-03,0.86999,,2026-09-03T13:07:57.784854+00:00,"{'symbol': 'DUCK.JK', 'free_float': 0.86999, 'company_name': 'PT Jaya Bersama Indo Tbk'}"
ENVY.JK,2026-09-03,0.86675,,2026-09-03T13:07:57.784854+00:00,"{'symbol': 'ENVY.JK', 'free_float': 0.86675, 'company_name': 'PT Envy Technologies Indonesia Tbk'}"
PLAS.JK,2026-09-03,0.8444,,2026-09-03T13:07:57.784854+00:00,"{'symbol': 'PLAS.JK', 'free_float': 0.8444, 'company_name': 'Polaris Investama Tbk'}"
MIRA.JK,2026-09-03,0.8256,,2026-09-03T13:07:57.784854+00:00,"{'symbol': 'MIRA.JK', 'free_float': 0.8256, 'company_name': 'Mitra International Resources Tbk'}"
GOTO.JK,2026-09-03,0.8082,,2026-09-03T13:07:57.784854+00:00,"{'symbol': 'GOTO.JK', 'free_float': 0.8082, 'company_name': 'PT GoTo Gojek Tokopedia Tbk'}"
IKAI.JK,2026-09-03,0.80663,,2026-09-03T13:07:57.784854+00:00,"{'symbol': 'IKAI.JK', 'free_float': 0.80663, 'company_name': 'Intikeramik Alamasri Industri Tbk'}"
DEAL.JK,2026-09-03,0.8045,,2026-09-03T13:07:57.784854+00:00,"{'symbol': 'DEAL.JK', 'free_float': 0.8045, 'company_name': 'PT Dewata Freightinternational Tbk'}"
COAL.JK,2026-09-03,0.7932,,2026-09-03T13:07:57.784854+00:00,"{'symbol': 'COAL.JK', 'free_float': 0.7932, 'company_name': 'PT Black Diamond Resources Tbk'}"
TGRA.JK,2026-09-03,0.7889,,2026-09-03T13:07:57.784854+00:00,"{'symbol': 'TGRA.JK', 'free_float': 0.7889, 'company_name': 'PT Terregra Asia Energy'}"
LMAS.JK,2026-09-03,0.7878,,2026-09-03T13:07:57.784854+00:00,"{'symbol': 'LMAS.JK', 'free_float': 0.7878, 'company_name': 'Limas Indonesia Makmur Tbk'}"
NUSA.JK,2026-09-03,0.78356,,2026-09-03T13:07:57.784854+00:00,"{'symbol': 'NUSA.JK', 'free_float': 0.78356, 'company_name': 'PT Sinergi Megah Internusa Tbk'}"
DADA.JK,2026-09-03,0.78,,2026-09-03T13:07:57.784854+00:00,"{'symbol': 'DADA.JK', 'free_float': 0.78, 'company_name': 'PT Diamond Citra Propertindo Tbk.'}"
SMKM.JK,2026-09-03,0.75,,2026-09-03T13:07:57.784854+00:00,"{'symbol': 'SMKM.JK', 'free_float': 0.75, 'company_name': 'PT Sumber Mas Konstruksi Tbk'}"
RIMO.JK,2026-09-03,0.74101,,2026-09-03T13:07:57.784854+00:00,"{'symbol': 'RIMO.JK', 'free_float': 0.74101, 'company_name': 'PT Rimo International Lestari Tbk'}"
YULE.JK,2026-09-03,0.7389,,2026-09-03T13:07:57.784854+00:00,"{'symbol': 'YULE.JK', 'free_float': 0.7389, 'company_name': 'Yulie Sekuritas Indonesia Tbk'}"
BLTA.JK,2026-09-03,0.7307,,2026-09-03T13:07:57.784854+00:00,"{'symbol': 'BLTA.JK', 'free_float': 0.7307, 'company_name': 'Berlian Laju Tanker Tbk'}"
BULL.JK,2026-09-03,0.7301,,2026-09-03T13:07:57.784854+00:00,"{'symbol': 'BULL.JK', 'free_float': 0.7301, 'company_name': 'PT Buana Lintas Lautan Tbk.'}"
MABA.JK,2026-09-03,0.7192,,2026-09-03T13:07:57.784854+00:00,"{'symbol': 'MABA.JK', 'free_float': 0.7192, 'company_name': 'PT Marga Abhinaya Abadi Tbk'}"
KREN.JK,2026-09-03,0.7164,,2026-09-03T13:07:57.784854+00:00,"{'symbol': 'KREN.JK', 'free_float': 0.7164, 'company_name': 'PT Quantum Clovera Investama Tbk'}"
BOSS.JK,2026-09-03,0.7114,,2026-09-03T13:07:57.784854+00:00,"{'symbol': 'BOSS.JK', 'free_float': 0.7114, 'company_name': 'PT Borneo Olah Sarana Sukses Tbk.'}"
UNIT.JK,2026-09-03,0.706,,2026-09-03T13:07:57.784854+00:00,"{'symbol': 'UNIT.JK', 'free_float': 0.706, 'company_name': 'Nusantara Inti Corpora Tbk'}"
BOGA.JK,2026-09-03,0.705,,2026-09-03T13:07:57.784854+00:00,"{'symbol': 'BOGA.JK', 'free_float': 0.705, 'company_name': 'PT Apollo Global Interactive Tbk'}"
ASMI.JK,2026-09-03,0.7004,,2026-09-03T13:07:57.784854+00:00,"{'symbol': 'ASMI.JK', 'free_float': 0.7004, 'company_name': 'PT Asuransi Maximus Graha Persada Tbk.'}"
DEFI.JK,2026-09-03,0.6915,,2026-09-03T13:07:57.784854+00:00,"{'symbol': 'DEFI.JK', 'free_float': 0.6915, 'company_name': 'Danasupra Erapacific Tbk'}"
GAMA.JK,2026-09-03,0.69,,2026-09-03T13:07:57.784854+00:00,"{'symbol': 'GAMA.JK', 'free_float': 0.69, 'company_name': 'Aksara Global Development Tbk'}"
BHAT.JK,2026-09-03,0.689,,2026-09-03T13:07:57.784854+00:00,"{'symbol': 'BHAT.JK', 'free_float': 0.689, 'company_name': 'PT Bhakti Multi Artha Tbk.'}"
TARA.JK,2026-09-03,0.68588,,2026-09-03T13:07:57.784854+00:00,"{'symbol': 'TARA.JK', 'free_float': 0.68588, 'company_name': 'PT Agung Semesta Sejahtera Tbk'}"
KRYA.JK,2026-09-03,0.6821,,2026-09-03T13:07:57.784854+00:00,"{'symbol': 'KRYA.JK', 'free_float': 0.6821, 'company_name': 'PT Bangun Karya Perkasa Jaya Tbk'}"
DEWA.JK,2026-09-03,0.6783,,2026-09-03T13:07:57.784854+00:00,"{'symbol': 'DEWA.JK', 'free_float': 0.6783, 'company_name': 'Darma Henwa Tbk'}"
STAR.JK,2026-09-03,0.6781,,2026-09-03T13:07:57.784854+00:00,"{'symbol': 'STAR.JK', 'free_float': 0.6781, 'company_name': 'PT Calculus Global Ventures Tbk'}"
KIJA.JK,2026-09-03,0.67387,,2026-09-03T13:07:57.784854+00:00,"{'symbol': 'KIJA.JK', 'free_float': 0.67387, 'company_name': 'Kawasan Industri Jababeka Tbk'}"
SUGI.JK,2026-09-03,0.6623,,2026-09-03T13:07:57.784854+00:00,"{'symbol': 'SUGI.JK', 'free_float': 0.6623, 'company_name': 'Sugih Energy Tbk'}"
MKNT.JK,2026-09-03,0.66106,,2026-09-03T13:07:57.784854+00:00,"{'symbol': 'MKNT.JK', 'free_float': 0.66106, 'company_name': 'PT Mitra Komunikasi Nusantara Tbk'}"
POOL.JK,2026-09-03,0.6579,,2026-09-03T13:07:57.784854+00:00,"{'symbol': 'POOL.JK', 'free_float': 0.6579, 'company_name': 'Pool Advista Indonesia Tbk'}"
HOME.JK,2026-09-03,0.6576,,2026-09-03T13:07:57.784854+00:00,"{'symbol': 'HOME.JK', 'free_float': 0.6576, 'company_name': 'Hotel Mandarine Regency Tbk'}"
NATO.JK,2026-09-03,0.65584,,2026-09-03T13:07:57.784854+00:00,"{'symbol': 'NATO.JK', 'free_float': 0.65584, 'company_name': 'PT Olympus Strategic Indonesia Tbk'}"
JSKY.JK,2026-09-03,0.6498,,2026-09-03T13:07:57.784854+00:00,"{'symbol': 'JSKY.JK', 'free_float': 0.6498, 'company_name': 'PT Sky Energy Indonesia Tbk'}"
PCAR.JK,2026-09-03,0.63806,,2026-09-03T13:07:57.784854+00:00,"{'symbol': 'PCAR.JK', 'free_float': 0.63806, 'company_name': 'PT Prima Cakrawala Abadi Tbk'}"
YELO.JK,2026-09-03,0.63467,,2026-09-03T13:07:57.784854+00:00,"{'symbol': 'YELO.JK', 'free_float': 0.63467, 'company_name': 'PT Yelooo Integra Datanet Tbk'}"
BEBS.JK,2026-09-03,0.6289,,2026-09-03T13:07:57.784854+00:00,"{'symbol': 'BEBS.JK', 'free_float': 0.6289, 'company_name': 'PT Berkah Beton Sadaya Tbk'}"
APIC.JK,2026-09-03,0.6277,,2026-09-03T13:07:57.784854+00:00,"{'symbol': 'APIC.JK', 'free_float': 0.6277, 'company_name': 'Pacific Strategic Financial Tbk'}"
PURE.JK,2026-09-03,0.6269,,2026-09-03T13:07:57.784854+00:00,"{'symbol': 'PURE.JK', 'free_float': 0.6269, 'company_name': 'PT Trinitan Metals and Minerals Tbk'}"
LABA.JK,2026-09-03,0.6266,,2026-09-03T13:07:57.784854+00:00,"{'symbol': 'LABA.JK', 'free_float': 0.6266, 'company_name': 'PT Green Power Group Tbk'}"
BHIT.JK,2026-09-03,0.62659,,2026-09-03T13:07:57.784854+00:00,"{'symbol': 'BHIT.JK', 'free_float': 0.62659, 'company_name': 'PT MNC Asia Holding Tbk'}"
BCIP.JK,2026-09-03,0.6236,,2026-09-03T13:07:57.784854+00:00,"{'symbol': 'BCIP.JK', 'free_float': 0.6236, 'company_name': 'Bumi Citra Permai Tbk'}"
UVCR.JK,2026-09-03,0.6234,,2026-09-03T13:07:57.784854+00:00,"{'symbol': 'UVCR.JK', 'free_float': 0.6234, 'company_name': 'PT Trimegah Karya Pratama Tbk'}"
WSBP.JK,2026-09-03,0.6176,,2026-09-03T13:07:57.784854+00:00,"{'symbol': 'WSBP.JK', 'free_float': 0.6176, 'company_name': 'PT Waskita Beton Precast Tbk'}"
VKTR.JK,2026-09-03,0.6123,,2026-09-03T13:07:57.784854+00:00,"{'symbol': 'VKTR.JK', 'free_float': 0.6123, 'company_name': 'PT VKTR Teknologi Mobilitas Tbk'}"
AKKU.JK,2026-09-03,0.6108,,2026-09-03T13:07:57.784854+00:00,"{'symbol': 'AKKU.JK', 'free_float': 0.6108, 'company_name': 'PT Anugerah Kagum Karya Utama Tbk'}"
BIPI.JK,2026-09-03,0.6081,,2026-09-03T13:07:57.784854+00:00,"{'symbol': 'BIPI.JK', 'free_float': 0.6081, 'company_name': 'PT Astrindo Nusantara Infrastruktur Tbk.'}"
RAFI.JK,2026-09-03,0.6058,,2026-09-03T13:07:57.784854+00:00,"{'symbol': 'RAFI.JK', 'free_float': 0.6058, 'company_name': 'PT Sari Kreasi Boga Tbk'}"
DILD.JK,2026-09-03,0.6042,,2026-09-03T13:07:57.784854+00:00,"{'symbol': 'DILD.JK', 'free_float': 0.6042, 'company_name': 'Intiland Development Tbk'}"
MEJA.JK,2026-09-03,0.6038,,2026-09-03T13:07:57.784854+00:00,"{'symbol': 'MEJA.JK', 'free_float': 0.6038, 'company_name': 'PT Harta Djaya Karya Tbk'}"
BRMS.JK,2026-09-03,0.5985,,2026-09-03T13:07:57.784854+00:00,"{'symbol': 'BRMS.JK', 'free_float': 0.5985, 'company_name': 'Bumi Resources Minerals Tbk'}"
KIOS.JK,2026-09-03,0.597,,2026-09-03T13:07:57.784854+00:00,"{'symbol': 'KIOS.JK', 'free_float': 0.597, 'company_name': 'PT Kioson Komersial Indonesia Tbk'}"
IIKP.JK,2026-09-03,0.5913,,2026-09-03T13:07:57.784854+00:00,"{'symbol': 'IIKP.JK', 'free_float': 0.5913, 'company_name': 'Inti Agri Resources Tbk'}"
INPC.JK,2026-09-03,0.591,,2026-09-03T13:07:57.784854+00:00,"{'symbol': 'INPC.JK', 'free_float': 0.591, 'company_name': 'Bank Artha Graha Internasional Tbk'}"
WMUU.JK,2026-09-03,0.5905,,2026-09-03T13:07:57.784854+00:00,"{'symbol': 'WMUU.JK', 'free_float': 0.5905, 'company_name': 'PT Widodo Makmur Unggas Tbk'}"
NINE.JK,2026-09-03,0.5898,,2026-09-03T13:07:57.784854+00:00,"{'symbol': 'NINE.JK', 'free_float': 0.5898, 'company_name': 'PT Techno9 Indonesia Tbk'}"
FIMP.JK,2026-09-03,0.5898,,2026-09-03T13:07:57.784854+00:00,"{'symbol': 'FIMP.JK', 'free_float': 0.5898, 'company_name': 'PT Fimperkasa Utama Tbk'}"
MREI.JK,2026-09-03,0.581,,2026-09-03T13:07:57.784854+00:00,"{'symbol': 'MREI.JK', 'free_float': 0.581, 'company_name': 'Maskapai Reasuransi Indonesia Tbk'}"
GPSO.JK,2026-09-03,0.576,,2026-09-03T13:07:57.784854+00:00,"{'symbol': 'GPSO.JK', 'free_float': 0.576, 'company_name': 'PT Geoprima Solusi Tbk'}"
MENN.JK,2026-09-03,0.5749,,2026-09-03T13:07:57.784854+00:00,"{'symbol': 'MENN.JK', 'free_float': 0.5749, 'company_name': 'PT Menn Teknologi Indonesia Tbk'}"
ESSA.JK,2026-09-03,0.5737,,2026-09-03T13:07:57.784854+00:00,"{'symbol': 'ESSA.JK', 'free_float': 0.5737, 'company_name': 'ESSA Industries Indonesia Tbk'}"
SMRA.JK,2026-09-03,0.5735,,2026-09-03T13:07:57.784854+00:00,"{'symbol': 'SMRA.JK', 'free_float': 0.5735, 'company_name': 'PT Summarecon Agung Tbk'}"
NASA.JK,2026-09-03,0.5729,,2026-09-03T13:07:57.784854+00:00,"{'symbol': 'NASA.JK', 'free_float': 0.5729, 'company_name': 'PT Andalan Perkasa Abadi Tbk'}"
KBLV.JK,2026-09-03,0.5704,,2026-09-03T13:07:57.784854+00:00,"{'symbol': 'KBLV.JK', 'free_float': 0.5704, 'company_name': 'First Media Tbk'}"
HOPE.JK,2026-09-03,0.5648,,2026-09-03T13:07:57.784854+00:00,"{'symbol': 'HOPE.JK', 'free_float': 0.5648, 'company_name': 'PT Harapan Duta Pertiwi Tbk'}"
OASA.JK,2026-09-03,0.5631,,2026-09-03T13:07:57.784854+00:00,"{'symbol': 'OASA.JK', 'free_float': 0.5631, 'company_name': 'PT Maharaksa Biru Energi Tbk'}"
UNSP.JK,2026-09-03,0.5589,,2026-09-03T13:07:57.784854+00:00,"{'symbol': 'UNSP.JK', 'free_float': 0.5589, 'company_name': 'Bakrie Sumatera Plantations Tbk'}"
ARTI.JK,2026-09-03,0.5574,,2026-09-03T13:07:57.784854+00:00,"{'symbol': 'ARTI.JK', 'free_float': 0.5574, 'company_name': 'Ratu Prabu Energi Tbk'}"
ENRG.JK,2026-09-03,0.55482,,2026-09-03T13:07:57.784854+00:00,"{'symbol': 'ENRG.JK', 'free_float': 0.55482, 'company_name': 'Energi Mega Persada Tbk'}"
EAST.JK,2026-09-03,0.5535,,2026-09-03T13:07:57.784854+00:00,"{'symbol': 'EAST.JK', 'free_float': 0.5535, 'company_name': 'PT Eastparc Hotel Tbk'}"
MTFN.JK,2026-09-03,0.55199,,2026-09-03T13:07:57.784854+00:00,"{'symbol': 'MTFN.JK', 'free_float': 0.55199, 'company_name': 'Capitalinc Investment Tbk'}"
VIVA.JK,2026-09-03,0.5513,,2026-09-03T13:07:57.784854+00:00,"{'symbol': 'VIVA.JK', 'free_float': 0.5513, 'company_name': 'PT Visi Media Asia Tbk'}"
CPRO.JK,2026-09-03,0.5483,,2026-09-03T13:07:57.784854+00:00,"{'symbol': 'CPRO.JK', 'free_float': 0.5483, 'company_name': 'Central Proteina Prima Tbk'}"
MDKA.JK,2026-09-03,0.54566,,2026-09-03T13:07:57.784854+00:00,"{'symbol': 'MDKA.JK', 'free_float': 0.54566, 'company_name': 'PT Merdeka Copper Gold Tbk'}"
CNKO.JK,2026-09-03,0.544,,2026-09-03T13:07:57.784854+00:00,"{'symbol': 'CNKO.JK', 'free_float': 0.544, 'company_name': 'Exploitasi Energi Indonesia Tbk'}"
BUMI.JK,2026-09-03,0.5421,,2026-09-03T13:07:57.784854+00:00,"{'symbol': 'BUMI.JK', 'free_float': 0.5421, 'company_name': 'Bumi Resources Tbk'}"
CITY.JK,2026-09-03,0.5415,,2026-09-03T13:07:57.784854+00:00,"{'symbol': 'CITY.JK', 'free_float': 0.5415, 'company_name': 'PT Natura City Developments Tbk.'}"
IPPE.JK,2026-09-03,0.5337,,2026-09-03T13:07:57.784854+00:00,"{'symbol': 'IPPE.JK', 'free_float': 0.5337, 'company_name': 'PT Indo Pureco Pratama Tbk'}"
PURA.JK,2026-09-03,0.5324,,2026-09-03T13:07:57.784854+00:00,"{'symbol': 'PURA.JK', 'free_float': 0.5324, 'company_name': 'PT Putra Rajawali Kencana Tbk'}"
KPIG.JK,2026-09-03,0.532,,2026-09-03T13:07:57.784854+00:00,"{'symbol': 'KPIG.JK', 'free_float': 0.532, 'company_name': 'MNC Tourism Indonesia Tbk'}"
BRRC.JK,2026-09-03,0.5231,,2026-09-03T13:07:57.784854+00:00,"{'symbol': 'BRRC.JK', 'free_float': 0.5231, 'company_name': 'PT Raja Roti Cemerlang Tbk'}"
KOTA.JK,2026-09-03,0.519,,2026-09-03T13:07:57.784854+00:00,"{'symbol': 'KOTA.JK', 'free_float': 0.519, 'company_name': 'PT DMS Propertindo Tbk'}"
RICY.JK,2026-09-03,0.5171,,2026-09-03T13:07:57.784854+00:00,"{'symbol': 'RICY.JK', 'free_float': 0.5171, 'company_name': 'Ricky Putra Globalindo Tbk'}"
HEAL.JK,2026-09-03,0.51684,,2026-09-03T13:07:57.784854+00:00,"{'symbol': 'HEAL.JK', 'free_float': 0.51684, 'company_name': 'PT Medikaloka Hermina Tbk'}"
SBAT.JK,2026-09-03,0.51521,,2026-09-03T13:07:57.784854+00:00,"{'symbol': 'SBAT.JK', 'free_float': 0.51521, 'company_name': 'PT Sejahtera Bintang Abadi Textile Tbk'}"
SSIA.JK,2026-09-03,0.5151,,2026-09-03T13:07:57.784854+00:00,"{'symbol': 'SSIA.JK', 'free_float': 0.5151, 'company_name': 'PT Surya Semesta Internusa Tbk'}"
TRIM.JK,2026-09-03,0.514,,2026-09-03T13:07:57.784854+00:00,"{'symbol': 'TRIM.JK', 'free_float': 0.514, 'company_name': 'PT Trimegah Sekuritas Indonesia Tbk'}"
WOWS.JK,2026-09-03,0.5138,,2026-09-03T13:07:57.784854+00:00,"{'symbol': 'WOWS.JK', 'free_float': 0.5138, 'company_name': 'PT Ginting Jaya Energi Tbk'}"
PBRX.JK,2026-09-03,0.50752,,2026-09-03T13:07:57.784854+00:00,"{'symbol': 'PBRX.JK', 'free_float': 0.50752, 'company_name': 'Pan Brothers Tbk'}"
KBLI.JK,2026-09-03,0.5053,,2026-09-03T13:07:57.784854+00:00,"{'symbol': 'KBLI.JK', 'free_float': 0.5053, 'company_name': 'KMI Wire and Cable Tbk'}"
PIPA.JK,2026-09-03,0.5007,,2026-09-03T13:07:57.784854+00:00,"{'symbol': 'PIPA.JK', 'free_float': 0.5007, 'company_name': 'PT Multi Makmur Lemindo Tbk'}"
INDF.JK,2026-09-03,0.4991,,2026-09-03T13:07:57.784854+00:00,"{'symbol': 'INDF.JK', 'free_float': 0.4991, 'company_name': 'Indofood Sukses Makmur Tbk'}"
SMMA.JK,2026-09-03,0.49904,,2026-09-03T13:07:57.784854+00:00,"{'symbol': 'SMMA.JK', 'free_float': 0.49904, 'company_name': 'PT Sinar Mas Multiartha Tbk'}"
ARMY.JK,2026-09-03,0.49872,,2026-09-03T13:07:57.784854+00:00,"{'symbol': 'ARMY.JK', 'free_float': 0.49872, 'company_name': 'PT Armidian Karyatama Tbk'}"
BTEL.JK,2026-09-03,0.4965,,2026-09-03T13:07:57.784854+00:00,"{'symbol': 'BTEL.JK', 'free_float': 0.4965, 'company_name': 'Bakrie Telecom Tbk'}"
FLMC.JK,2026-09-03,0.4963,,2026-09-03T13:07:57.784854+00:00,"{'symbol': 'FLMC.JK', 'free_float': 0.4963, 'company_name': 'PT Falmaco Nonwoven Industri Tbk'}"
BBYB.JK,2026-09-03,0.495,,2026-09-03T13:07:57.784854+00:00,"{'symbol': 'BBYB.JK', 'free_float': 0.495, 'company_name': 'PT Bank Neo Commerce Tbk.'}"
PTPP.JK,2026-09-03,0.4931,,2026-09-03T13:07:57.784854+00:00,"{'symbol': 'PTPP.JK', 'free_float': 0.4931, 'company_name': 'PP (Persero) Tbk'}"
BANK.JK,2026-09-03,0.492,,2026-09-03T13:07:57.784854+00:00,"{'symbol': 'BANK.JK', 'free_float': 0.492, 'company_name': 'PT Bank Aladin Syariah Tbk'}"
SMGR.JK,2026-09-03,0.49061,,2026-09-03T13:07:57.784854+00:00,"{'symbol': 'SMGR.JK', 'free_float': 0.49061, 'company_name': 'Semen Indonesia (Persero) Tbk'}"
UDNG.JK,2026-09-03,0.4901,,2026-09-03T13:07:57.784854+00:00,"{'symbol': 'UDNG.JK', 'free_float': 0.4901, 'company_name': 'PT Agro Bahari Nusantara Tbk'}"
LAPD.JK,2026-09-03,0.49,,2026-09-03T13:07:57.784854+00:00,"{'symbol': 'LAPD.JK', 'free_float': 0.49, 'company_name': 'Leyand International Tbk'}"
ISAP.JK,2026-09-03,0.4898,,2026-09-03T13:07:57.784854+00:00,"{'symbol': 'ISAP.JK', 'free_float': 0.4898, 'company_name': 'PT Isra Presisi Indonesia Tbk'}"
BMBL.JK,2026-09-03,0.4889,,2026-09-03T13:07:57.784854+00:00,"{'symbol': 'BMBL.JK', 'free_float': 0.4889, 'company_name': 'PT Lavender Bina Cendikia Tbk'}"
ASPI.JK,2026-09-03,0.4882,,2026-09-03T13:07:57.784854+00:00,"{'symbol': 'ASPI.JK', 'free_float': 0.4882, 'company_name': 'PT Andalan Sakti Primaindo Tbk.'}"
WINR.JK,2026-09-03,0.488,,2026-09-03T13:07:57.784854+00:00,"{'symbol': 'WINR.JK', 'free_float': 0.488, 'company_name': 'PT Winner Nusantara Jaya Tbk'}"
BJTM.JK,2026-09-03,0.48772,,2026-09-03T13:07:57.784854+00:00,"{'symbol': 'BJTM.JK', 'free_float': 0.48772, 'company_name': 'Bank Pembangunan Daerah Jawa Timur Tbk'}"
COCO.JK,2026-09-03,0.4868,,2026-09-03T13:07:57.784854+00:00,"{'symbol': 'COCO.JK', 'free_float': 0.4868, 'company_name': 'PT Wahana Interfood Nusantara Tbk'}"
INCI.JK,2026-09-03,0.48642,,2026-09-03T13:07:57.784854+00:00,"{'symbol': 'INCI.JK', 'free_float': 0.48642, 'company_name': 'Intanwijaya Internasional Tbk'}"
BAYU.JK,2026-09-03,0.4861,,2026-09-03T13:07:57.784854+00:00,"{'symbol': 'BAYU.JK', 'free_float': 0.4861, 'company_name': 'Bayu Buana Tbk'}"
BTEK.JK,2026-09-03,0.4856,,2026-09-03T13:07:57.784854+00:00,"{'symbol': 'BTEK.JK', 'free_float': 0.4856, 'company_name': 'Bumi Teknokultura Unggul Tbk'}"
IKAN.JK,2026-09-03,0.4848,,2026-09-03T13:07:57.784854+00:00,"{'symbol': 'IKAN.JK', 'free_float': 0.4848, 'company_name': 'PT Era Mandiri Cemerlang Tbk'}"
FIRE.JK,2026-09-03,0.48422,,2026-09-03T13:07:57.784854+00:00,"{'symbol': 'FIRE.JK', 'free_float': 0.48422, 'company_name': 'PT Alfa Energi Investama Tbk'}"
ASII.JK,2026-09-03,0.4842,,2026-09-03T13:07:57.784854+00:00,"{'symbol': 'ASII.JK', 'free_float': 0.4842, 'company_name': 'Astra International Tbk'}"
TRAM.JK,2026-09-03,0.47807,,2026-09-03T13:07:57.784854+00:00,"{'symbol': 'TRAM.JK', 'free_float': 0.47807, 'company_name': 'Trada Alam Minera Tbk'}"
HDIT.JK,2026-09-03,0.4775,,2026-09-03T13:07:57.784854+00:00,"{'symbol': 'HDIT.JK', 'free_float': 0.4775, 'company_name': 'PT Hensel Davest Indonesia Tbk'}"
RBMS.JK,2026-09-03,0.4765,,2026-09-03T13:07:57.784854+00:00,"{'symbol': 'RBMS.JK', 'free_float': 0.4765, 'company_name': 'Ristia Bintang Mahkotasejati Tbk'}"
LPPF.JK,2026-09-03,0.4747,,2026-09-03T13:07:57.784854+00:00,"{'symbol': 'LPPF.JK', 'free_float': 0.4747, 'company_name': 'PT MDS Retailing Tbk'}"
CASA.JK,2026-09-03,0.4733,,2026-09-03T13:07:57.784854+00:00,"{'symbol': 'CASA.JK', 'free_float': 0.4733, 'company_name': 'PT Capital Financial Indonesia Tbk'}"
KUAS.JK,2026-09-03,0.47278,,2026-09-03T13:07:57.784854+00:00,"{'symbol': 'KUAS.JK', 'free_float': 0.47278, 'company_name': 'PT Ace Oldfields Tbk'}"
HADE.JK,2026-09-03,0.4717,,2026-09-03T13:07:57.784854+00:00,"{'symbol': 'HADE.JK', 'free_float': 0.4717, 'company_name': 'PT Himalaya Energi Perkasa Tbk'}"
LMSH.JK,2026-09-03,0.47135,,2026-09-03T13:07:57.784854+00:00,"{'symbol': 'LMSH.JK', 'free_float': 0.47135, 'company_name': 'Lionmesh Prima Tbk'}"
FUTR.JK,2026-09-03,0.47099,,2026-09-03T13:07:57.784854+00:00,"{'symbol': 'FUTR.JK', 'free_float': 0.47099, 'company_name': 'PT Futura Energi Global Tbk'}"
NANO.JK,2026-09-03,0.47059,,2026-09-03T13:07:57.784854+00:00,"{'symbol': 'NANO.JK', 'free_float': 0.47059, 'company_name': 'PT Nanotech Indonesia Global Tbk'}"
SLIS.JK,2026-09-03,0.4702,,2026-09-03T13:07:57.784854+00:00,"{'symbol': 'SLIS.JK', 'free_float': 0.4702, 'company_name': 'PT Gaya Abadi Sempurna Tbk'}"
TOPS.JK,2026-09-03,0.4681,,2026-09-03T13:07:57.784854+00:00,"{'symbol': 'TOPS.JK', 'free_float': 0.4681, 'company_name': 'PT Totalindo Eka Persada Tbk'}"
BBRI.JK,2026-09-03,0.4676,,2026-09-03T13:07:57.784854+00:00,"{'symbol': 'BBRI.JK', 'free_float': 0.4676, 'company_name': 'PT Bank Rakyat Indonesia (Persero) Tbk'}"
ASSA.JK,2026-09-03,0.466,,2026-09-03T13:07:57.784854+00:00,"{'symbol': 'ASSA.JK', 'free_float': 0.466, 'company_name': 'Adi Sarana Armada Tbk'}"
CTRA.JK,2026-09-03,0.46584,,2026-09-03T13:07:57.784854+00:00,"{'symbol': 'CTRA.JK', 'free_float': 0.46584, 'company_name': 'Ciputra Development Tbk'}"
BMTR.JK,2026-09-03,0.46221,,2026-09-03T13:07:57.784854+00:00,"{'symbol': 'BMTR.JK', 'free_float': 0.46221, 'company_name': 'PT Global Mediacom Tbk'}"
INDX.JK,2026-09-03,0.4615,,2026-09-03T13:07:57.784854+00:00,"{'symbol': 'INDX.JK', 'free_float': 0.4615, 'company_name': 'Tanah Laut Tbk'}"
DOID.JK,2026-09-03,0.4555,,2026-09-03T13:07:57.784854+00:00,"{'symbol': 'DOID.JK', 'free_float': 0.4555, 'company_name': 'PT BUMA Internasional Grup Tbk'}"
ARKA.JK,2026-09-03,0.4532,,2026-09-03T13:07:57.784854+00:00,"{'symbol': 'ARKA.JK', 'free_float': 0.4532, 'company_name': 'PT Arkha Jayanti Persada Tbk.'}"
AMRT.JK,2026-09-03,0.4469,,2026-09-03T13:07:57.784854+00:00,"{'symbol': 'AMRT.JK', 'free_float': 0.4469, 'company_name': 'PT Sumber Alfaria Trijaya Tbk.'}"
BOLA.JK,2026-09-03,0.4468,,2026-09-03T13:07:57.784854+00:00,"{'symbol': 'BOLA.JK', 'free_float': 0.4468, 'company_name': 'PT Bali Bintang Sejahtera Tbk.'}"
BBCA.JK,2026-09-03,0.44642,,2026-09-03T13:07:57.784854+00:00,"{'symbol': 'BBCA.JK', 'free_float': 0.44642, 'company_name': 'PT Bank Central Asia Tbk.'}"
ASRI.JK,2026-09-03,0.4458,,2026-09-03T13:07:57.784854+00:00,"{'symbol': 'ASRI.JK', 'free_float': 0.4458, 'company_name': 'Alam Sutera Realty Tbk'}"
MINA.JK,2026-09-03,0.4451,,2026-09-03T13:07:57.784854+00:00,"{'symbol': 'MINA.JK', 'free_float': 0.4451, 'company_name': 'PT Sanurhasta Mitra Tbk'}"
ASHA.JK,2026-09-03,0.445,,2026-09-03T13:07:57.784854+00:00,"{'symbol': 'ASHA.JK', 'free_float': 0.445, 'company_name': 'PT Cilacap Samudera Fishing Industry Tbk'}"
BFIN.JK,2026-09-03,0.4444,,2026-09-03T13:07:57.784854+00:00,"{'symbol': 'BFIN.JK', 'free_float': 0.4444, 'company_name': 'BFI Finance Indonesia Tbk'}"
IATA.JK,2026-09-03,0.4429,,2026-09-03T13:07:57.784854+00:00,"{'symbol': 'IATA.JK', 'free_float': 0.4429, 'company_name': 'PT MNC Energy Investments Tbk'}"
EURO.JK,2026-09-03,0.4417,,2026-09-03T13:07:57.784854+00:00,"{'symbol': 'EURO.JK', 'free_float': 0.4417, 'company_name': 'PT Estee Gold Feet Tbk'}"
CSMI.JK,2026-09-03,0.4385,,2026-09-03T13:07:57.784854+00:00,"{'symbol': 'CSMI.JK', 'free_float': 0.4385, 'company_name': 'PT Cipta Selera Murni Tbk.'}"
INCF.JK,2026-09-03,0.4366,,2026-09-03T13:07:57.784854+00:00,"{'symbol': 'INCF.JK', 'free_float': 0.4366, 'company_name': 'PT Indo Komoditi Korpora Tbk'}"
CTTH.JK,2026-09-03,0.4363,,2026-09-03T13:07:57.784854+00:00,"{'symbol': 'CTTH.JK', 'free_float': 0.4363, 'company_name': 'Citatah Tbk'}"
JPFA.JK,2026-09-03,0.4345,,2026-09-03T13:07:57.784854+00:00,"{'symbol': 'JPFA.JK', 'free_float': 0.4345, 'company_name': 'JAPFA Comfeed Indonesia Tbk'}"
TAYS.JK,2026-09-03,0.4335,,2026-09-03T13:07:57.784854+00:00,"{'symbol': 'TAYS.JK', 'free_float': 0.4335, 'company_name': 'PT Jaya Swarasa Agung Tbk'}"
MARI.JK,2026-09-03,0.4328,,2026-09-03T13:07:57.784854+00:00,"{'symbol': 'MARI.JK', 'free_float': 0.4328, 'company_name': 'PT Mahaka Radio Integra Tbk'}"
DSNG.JK,2026-09-03,0.4314,,2026-09-03T13:07:57.784854+00:00,"{'symbol': 'DSNG.JK', 'free_float': 0.4314, 'company_name': 'PT Dharma Satya Nusantara Tbk'}"
ELSA.JK,2026-09-03,0.43091,,2026-09-03T13:07:57.784854+00:00,"{'symbol': 'ELSA.JK', 'free_float': 0.43091, 'company_name': 'Elnusa Tbk'}"
MEDS.JK,2026-09-03,0.43066,,2026-09-03T13:07:57.784854+00:00,"{'symbol': 'MEDS.JK', 'free_float': 0.43066, 'company_name': 'PT Hetzer Medical Indonesia Tbk'}"
COIN.JK,2026-09-03,0.4306,,2026-09-03T13:07:57.784854+00:00,"{'symbol': 'COIN.JK', 'free_float': 0.4306, 'company_name': 'PT Indokripto Koin Semesta Tbk'}"
PGAS.JK,2026-09-03,0.43031,,2026-09-03T13:07:57.784854+00:00,"{'symbol': 'PGAS.JK', 'free_float': 0.43031, 'company_name': 'PT Perusahaan Gas Negara Tbk'}"
LPKR.JK,2026-09-03,0.4294,,2026-09-03T13:07:57.784854+00:00,"{'symbol': 'LPKR.JK', 'free_float': 0.4294, 'company_name': 'Lippo Karawaci Tbk'}"
JAST.JK,2026-09-03,0.4292,,2026-09-03T13:07:57.784854+00:00,"{'symbol': 'JAST.JK', 'free_float': 0.4292, 'company_name': 'PT Jasnita Telekomindo Tbk'}"
MDLN.JK,2026-09-03,0.4271,,2026-09-03T13:07:57.784854+00:00,"{'symbol': 'MDLN.JK', 'free_float': 0.4271, 'company_name': 'PT Modernland Realty Tbk'}"
BAPI.JK,2026-09-03,0.4252,,2026-09-03T13:07:57.784854+00:00,"{'symbol': 'BAPI.JK', 'free_float': 0.4252, 'company_name': 'PT Bhakti Agung Propertindo Tbk.'}"
MCAS.JK,2026-09-03,0.4247,,2026-09-03T13:07:57.784854+00:00,"{'symbol': 'MCAS.JK', 'free_float': 0.4247, 'company_name': 'PT M Cash Integrasi Tbk'}"
LEAD.JK,2026-09-03,0.4238,,2026-09-03T13:07:57.784854+00:00,"{'symbol': 'LEAD.JK', 'free_float': 0.4238, 'company_name': 'PT Logindo Samudramakmur Tbk'}"
NTBK.JK,2026-09-03,0.4213,,2026-09-03T13:07:57.784854+00:00,"{'symbol': 'NTBK.JK', 'free_float': 0.4213, 'company_name': 'PT Nusatama Berkah Tbk'}"
LION.JK,2026-09-03,0.42045,,2026-09-03T13:07:57.784854+00:00,"{'symbol': 'LION.JK', 'free_float': 0.42045, 'company_name': 'Lion Metal Works Tbk'}"
MEGA.JK,2026-09-03,0.4198,,2026-09-03T13:07:57.784854+00:00,"{'symbol': 'MEGA.JK', 'free_float': 0.4198, 'company_name': 'Bank Mega Tbk'}"
WIDI.JK,2026-09-03,0.4192,,2026-09-03T13:07:57.784854+00:00,"{'symbol': 'WIDI.JK', 'free_float': 0.4192, 'company_name': 'PT Widiant Jaya Krenindo Tbk'}"
BEST.JK,2026-09-03,0.4187,,2026-09-03T13:07:57.784854+00:00,"{'symbol': 'BEST.JK', 'free_float': 0.4187, 'company_name': 'Bekasi Fajar Industrial Estate Tbk'}"
ERAA.JK,2026-09-03,0.4179,,2026-09-03T13:07:57.784854+00:00,"{'symbol': 'ERAA.JK', 'free_float': 0.4179, 'company_name': 'Erajaya Swasembada Tbk'}"
GPRA.JK,2026-09-03,0.4176,,2026-09-03T13:07:57.784854+00:00,"{'symbol': 'GPRA.JK', 'free_float': 0.4176, 'company_name': 'Perdana Gapura Prima Tbk'}"
INKP.JK,2026-09-03,0.41686,,2026-09-03T13:07:57.784854+00:00,"{'symbol': 'INKP.JK', 'free_float': 0.41686, 'company_name': 'Indah Kiat Pulp & Paper Tbk'}"
TLKM.JK,2026-09-03,0.4165,,2026-09-03T13:07:57.784854+00:00,"{'symbol': 'TLKM.JK', 'free_float': 0.4165, 'company_name': 'PT Telkom Indonesia (Persero) Tbk'}"
MNCN.JK,2026-09-03,0.41592,,2026-09-03T13:07:57.784854+00:00,"{'symbol': 'MNCN.JK', 'free_float': 0.41592, 'company_name': 'Media Nusantara Citra Tbk'}"
KJEN.JK,2026-09-03,0.4158,,2026-09-03T13:07:57.784854+00:00,"{'symbol': 'KJEN.JK', 'free_float': 0.4158, 'company_name': 'PT Krida Jaringan Nusantara Tbk'}"
SINI.JK,2026-09-03,0.4155,,2026-09-03T13:07:57.784854+00:00,"{'symbol': 'SINI.JK', 'free_float': 0.4155, 'company_name': 'PT Singaraja Putra Tbk'}"
SMSM.JK,2026-09-03,0.41426,,2026-09-03T13:07:57.784854+00:00,"{'symbol': 'SMSM.JK', 'free_float': 0.41426, 'company_name': 'Selamat Sempurna Tbk'}"
GZCO.JK,2026-09-03,0.4137,,2026-09-03T13:07:57.784854+00:00,"{'symbol': 'GZCO.JK', 'free_float': 0.4137, 'company_name': 'Gozco Plantations Tbk'}"
IBOS.JK,2026-09-03,0.413,,2026-09-03T13:07:57.784854+00:00,"{'symbol': 'IBOS.JK', 'free_float': 0.413, 'company_name': 'PT Indo Boga Sukses Tbk'}"
ARII.JK,2026-09-03,0.41222,,2026-09-03T13:07:57.784854+00:00,"{'symbol': 'ARII.JK', 'free_float': 0.41222, 'company_name': 'Atlas Resources Tbk'}"
MLPL.JK,2026-09-03,0.4109,,2026-09-03T13:07:57.784854+00:00,"{'symbol': 'MLPL.JK', 'free_float': 0.4109, 'company_name': 'Multipolar Tbk'}"
ANDI.JK,2026-09-03,0.4101,,2026-09-03T13:07:57.784854+00:00,"{'symbol': 'ANDI.JK', 'free_float': 0.4101, 'company_name': 'PT Andira Agro Tbk'}"
INTP.JK,2026-09-03,0.4099,,2026-09-03T13:07:57.784854+00:00,"{'symbol': 'INTP.JK', 'free_float': 0.4099, 'company_name': 'Indocement Tunggal Prakarsa Tbk'}"
BMSR.JK,2026-09-03,0.4089,,2026-09-03T13:07:57.784854+00:00,"{'symbol': 'BMSR.JK', 'free_float': 0.4089, 'company_name': 'Bintang Mitra Semestaraya Tbk'}"
TRON.JK,2026-09-03,0.4082,,2026-09-03T13:07:57.784854+00:00,"{'symbol': 'TRON.JK', 'free_float': 0.4082, 'company_name': 'PT Teknologi Karya Digital Nusa Tbk'}"
RMKE.JK,2026-09-03,0.407,,2026-09-03T13:07:57.784854+00:00,"{'symbol': 'RMKE.JK', 'free_float': 0.407, 'company_name': 'PT RMK Energy Tbk'}"
CMNP.JK,2026-09-03,0.4065,,2026-09-03T13:07:57.784854+00:00,"{'symbol': 'CMNP.JK', 'free_float': 0.4065, 'company_name': 'Citra Marga Nusaphala Persada Tbk'}"
BBTN.JK,2026-09-03,0.406,,2026-09-03T13:07:57.784854+00:00,"{'symbol': 'BBTN.JK', 'free_float': 0.406, 'company_name': 'PT Bank Tabungan Negara (Persero) Tbk'}"
LSIP.JK,2026-09-03,0.405,,2026-09-03T13:07:57.784854+00:00,"{'symbol': 'LSIP.JK', 'free_float': 0.405, 'company_name': 'PP London Sumatra Indonesia Tbk'}"
MTDL.JK,2026-09-03,0.40464,,2026-09-03T13:07:57.784854+00:00,"{'symbol': 'MTDL.JK', 'free_float': 0.40464, 'company_name': 'Metrodata Electronics Tbk'}"
BMRI.JK,2026-09-03,0.4046,,2026-09-03T13:07:57.784854+00:00,"{'symbol': 'BMRI.JK', 'free_float': 0.4046, 'company_name': 'PT Bank Mandiri (Persero) Tbk'}"
SNLK.JK,2026-09-03,0.4035,,2026-09-03T13:07:57.784854+00:00,"{'symbol': 'SNLK.JK', 'free_float': 0.4035, 'company_name': 'PT Sunter Lakeside Hotel Tbk'}"
TKIM.JK,2026-09-03,0.40327,,2026-09-03T13:07:57.784854+00:00,"{'symbol': 'TKIM.JK', 'free_float': 0.40327, 'company_name': 'Pabrik Kertas Tjiwi Kimia Tbk'}"
WIFI.JK,2026-09-03,0.403,,2026-09-03T13:07:57.784854+00:00,"{'symbol': 'WIFI.JK', 'free_float': 0.403, 'company_name': 'PT Solusi Sinergi Digital Tbk'}"
BALI.JK,2026-09-03,0.40298,,2026-09-03T13:07:57.784854+00:00,"{'symbol': 'BALI.JK', 'free_float': 0.40298, 'company_name': 'PT Bali Towerindo Sentra Tbk.'}"
BBNI.JK,2026-09-03,0.40296,,2026-09-03T13:07:57.784854+00:00,"{'symbol': 'BBNI.JK', 'free_float': 0.40296, 'company_name': 'PT Bank Negara Indonesia (Persero) Tbk'}"
CFIN.JK,2026-09-03,0.4028,,2026-09-03T13:07:57.784854+00:00,"{'symbol': 'CFIN.JK', 'free_float': 0.4028, 'company_name': 'Clipan Finance Indonesia Tbk'}"
TBLA.JK,2026-09-03,0.4024,,2026-09-03T13:07:57.784854+00:00,"{'symbol': 'TBLA.JK', 'free_float': 0.4024, 'company_name': 'Tunas Baru Lampung Tbk'}"
INET.JK,2026-09-03,0.40229,,2026-09-03T13:07:57.784854+00:00,"{'symbol': 'INET.JK', 'free_float': 0.40229, 'company_name': 'PT Sinergi Inti Andalan Prima Tbk'}"
GLVA.JK,2026-09-03,0.4021,,2026-09-03T13:07:57.784854+00:00,"{'symbol': 'GLVA.JK', 'free_float': 0.4021, 'company_name': 'PT Galva Technologies Tbk'}"
BUDI.JK,2026-09-03,0.40069,,2026-09-03T13:07:57.784854+00:00,"{'symbol': 'BUDI.JK', 'free_float': 0.40069, 'company_name': 'PT Budi Starch & Sweetener Tbk.'}"
BSIM.JK,2026-09-03,0.4001,,2026-09-03T13:07:57.784854+00:00,"{'symbol': 'BSIM.JK', 'free_float': 0.4001, 'company_name': 'Bank Sinarmas Tbk'}"
ACES.JK,2026-09-03,0.3999,,2026-09-03T13:07:57.784854+00:00,"{'symbol': 'ACES.JK', 'free_float': 0.3999, 'company_name': 'PT Aspirasi Hidup Indonesia Tbk'}"
SRIL.JK,2026-09-03,0.3989,,2026-09-03T13:07:57.784854+00:00,"{'symbol': 'SRIL.JK', 'free_float': 0.3989, 'company_name': 'PT Sri Rejeki Isman Tbk'}"
CHIP.JK,2026-09-03,0.3984,,2026-09-03T13:07:57.784854+00:00,"{'symbol': 'CHIP.JK', 'free_float': 0.3984, 'company_name': 'PT Pelita Teknologi Global Tbk'}"
WTON.JK,2026-09-03,0.39839,,2026-09-03T13:07:57.784854+00:00,"{'symbol': 'WTON.JK', 'free_float': 0.39839, 'company_name': 'Wijaya Karya Beton'}"
AEGS.JK,2026-09-03,0.3977,,2026-09-03T13:07:57.784854+00:00,"{'symbol': 'AEGS.JK', 'free_float': 0.3977, 'company_name': 'PT Anugerah Spareparts Sejahtera Tbk.'}"
PANS.JK,2026-09-03,0.3975,,2026-09-03T13:07:57.784854+00:00,"{'symbol': 'PANS.JK', 'free_float': 0.3975, 'company_name': 'Panin Sekuritas Tbk'}"
LUCY.JK,2026-09-03,0.3968,,2026-09-03T13:07:57.784854+00:00,"{'symbol': 'LUCY.JK', 'free_float': 0.3968, 'company_name': 'PT Lima Dua Lima Tiga Tbk'}"
ADRO.JK,2026-09-03,0.39573,,2026-09-03T13:07:57.784854+00:00,"{'symbol': 'ADRO.JK', 'free_float': 0.39573, 'company_name': 'Alamtri Resources Indonesia Tbk'}"
APEX.JK,2026-09-03,0.3945,,2026-09-03T13:07:57.784854+00:00,"{'symbol': 'APEX.JK', 'free_float': 0.3945, 'company_name': 'Apexindo Pratama Duta Tbk'}"
BISI.JK,2026-09-03,0.3944,,2026-09-03T13:07:57.784854+00:00,"{'symbol': 'BISI.JK', 'free_float': 0.3944, 'company_name': 'BISI INTERNATIONAL Tbk'}"
TOYS.JK,2026-09-03,0.3943,,2026-09-03T13:07:57.784854+00:00,"{'symbol': 'TOYS.JK', 'free_float': 0.3943, 'company_name': 'PT Sunindo Adipersada Tbk'}"
SULI.JK,2026-09-03,0.3942,,2026-09-03T13:07:57.784854+00:00,"{'symbol': 'SULI.JK', 'free_float': 0.3942, 'company_name': 'PT SLJ Global Tbk'}"
RUIS.JK,2026-09-03,0.3934,,2026-09-03T13:07:57.784854+00:00,"{'symbol': 'RUIS.JK', 'free_float': 0.3934, 'company_name': 'Radiant Utama Interinsco Tbk'}"
ATLA.JK,2026-09-03,0.3934,,2026-09-03T13:07:57.784854+00:00,"{'symbol': 'ATLA.JK', 'free_float': 0.3934, 'company_name': 'PT Atlantis Subsea Indonesia Tbk'}"
ESIP.JK,2026-09-03,0.3932,,2026-09-03T13:07:57.784854+00:00,"{'symbol': 'ESIP.JK', 'free_float': 0.3932, 'company_name': 'PT Sinergi Inti Plastindo Tbk'}"
SKYB.JK,2026-09-03,0.3925,,2026-09-03T13:07:57.784854+00:00,"{'symbol': 'SKYB.JK', 'free_float': 0.3925, 'company_name': 'PT Northcliff Citranusa Indonesia Tbk'}"
INTA.JK,2026-09-03,0.3923,,2026-09-03T13:07:57.784854+00:00,"{'symbol': 'INTA.JK', 'free_float': 0.3923, 'company_name': 'Intraco Penta Tbk'}"
MUTU.JK,2026-09-03,0.3917,,2026-09-03T13:07:57.784854+00:00,"{'symbol': 'MUTU.JK', 'free_float': 0.3917, 'company_name': 'PT Mutuagung Lestari Tbk'}"
BUVA.JK,2026-09-03,0.3882,,2026-09-03T13:07:57.784854+00:00,"{'symbol': 'BUVA.JK', 'free_float': 0.3882, 'company_name': 'PT Bukit Uluwatu Villa Tbk'}"
JKON.JK,2026-09-03,0.3879,,2026-09-03T13:07:57.784854+00:00,"{'symbol': 'JKON.JK', 'free_float': 0.3879, 'company_name': 'Jaya Konstruksi Manggala Pratama Tbk'}"
ABBA.JK,2026-09-03,0.3857,,2026-09-03T13:07:57.784854+00:00,"{'symbol': 'ABBA.JK', 'free_float': 0.3857, 'company_name': 'Mahaka Media Tbk'}"
CPIN.JK,2026-09-03,0.3849,,2026-09-03T13:07:57.784854+00:00,"{'symbol': 'CPIN.JK', 'free_float': 0.3849, 'company_name': 'Charoen Pokphand Indonesia Tbk'}"
KLBF.JK,2026-09-03,0.38467,,2026-09-03T13:07:57.784854+00:00,"{'symbol': 'KLBF.JK', 'free_float': 0.38467, 'company_name': 'Kalbe Farma Tbk'}"
PACK.JK,2026-09-03,0.3819,,2026-09-03T13:07:57.784854+00:00,"{'symbol': 'PACK.JK', 'free_float': 0.3819, 'company_name': 'PT Abadi Nusantara Hijau Investama Tbk'}"
REAL.JK,2026-09-03,0.3742,,2026-09-03T13:07:57.784854+00:00,"{'symbol': 'REAL.JK', 'free_float': 0.3742, 'company_name': 'PT Repower Asia Indonesia Tbk'}"
ARNA.JK,2026-09-03,0.3734,,2026-09-03T13:07:57.784854+00:00,"{'symbol': 'ARNA.JK', 'free_float': 0.3734, 'company_name': 'Arwana Citramulia Tbk'}"
KKES.JK,2026-09-03,0.3732,,2026-09-03T13:07:57.784854+00:00,"{'symbol': 'KKES.JK', 'free_float': 0.3732, 'company_name': 'PT Kusuma Kemindo Sentosa Tbk'}"
ASLI.JK,2026-09-03,0.3725,,2026-09-03T13:07:57.784854+00:00,"{'symbol': 'ASLI.JK', 'free_float': 0.3725, 'company_name': 'PT Asri Karya Lestari Tbk.'}"
TRST.JK,2026-09-03,0.37,,2026-09-03T13:07:57.784854+00:00,"{'symbol': 'TRST.JK', 'free_float': 0.37, 'company_name': 'Trias Sentosa Tbk'}"
WINS.JK,2026-09-03,0.36985,,2026-09-03T13:07:57.784854+00:00,"{'symbol': 'WINS.JK', 'free_float': 0.36985, 'company_name': 'Wintermar Offshore Marine Tbk'}"
EPAC.JK,2026-09-03,0.3694,,2026-09-03T13:07:57.784854+00:00,"{'symbol': 'EPAC.JK', 'free_float': 0.3694, 'company_name': 'PT Megalestari Epack Sentosaraya Tbk'}"
MAIN.JK,2026-09-03,0.3692,,2026-09-03T13:07:57.784854+00:00,"{'symbol': 'MAIN.JK', 'free_float': 0.3692, 'company_name': 'Malindo Feedmill Tbk'}"
OILS.JK,2026-09-03,0.3687,,2026-09-03T13:07:57.784854+00:00,"{'symbol': 'OILS.JK', 'free_float': 0.3687, 'company_name': 'PT Indo Oil Perkasa Tbk'}"
IPTV.JK,2026-09-03,0.3673,,2026-09-03T13:07:57.784854+00:00,"{'symbol': 'IPTV.JK', 'free_float': 0.3673, 'company_name': 'PT MNC Vision Networks Tbk'}"
BGTG.JK,2026-09-03,0.3671,,2026-09-03T13:07:57.784854+00:00,"{'symbol': 'BGTG.JK', 'free_float': 0.3671, 'company_name': 'PT Bank Ganesha Tbk.'}"
DPNS.JK,2026-09-03,0.36302,,2026-09-03T13:07:57.784854+00:00,"{'symbol': 'DPNS.JK', 'free_float': 0.36302, 'company_name': 'Duta Pertiwi Nusantara Tbk'}"
ADHI.JK,2026-09-03,0.3629,,2026-09-03T13:07:57.784854+00:00,"{'symbol': 'ADHI.JK', 'free_float': 0.3629, 'company_name': 'PT Adhi Karya (Persero) Tbk.'}"
BNBR.JK,2026-09-03,0.3625,,2026-09-03T13:07:57.784854+00:00,"{'symbol': 'BNBR.JK', 'free_float': 0.3625, 'company_name': 'Bakrie & Brothers Tbk'}"
WIIM.JK,2026-09-03,0.3622,,2026-09-03T13:07:57.784854+00:00,"{'symbol': 'WIIM.JK', 'free_float': 0.3622, 'company_name': 'Wismilak Inti Makmur Tbk'}"
BMHS.JK,2026-09-03,0.3615,,2026-09-03T13:07:57.784854+00:00,"{'symbol': 'BMHS.JK', 'free_float': 0.3615, 'company_name': 'PT Bundamedik Tbk'}"
LTLS.JK,2026-09-03,0.3611,,2026-09-03T13:07:57.784854+00:00,"{'symbol': 'LTLS.JK', 'free_float': 0.3611, 'company_name': 'PT Lautan Luas Tbk'}"
IRSX.JK,2026-09-03,0.36053,,2026-09-03T13:07:57.784854+00:00,"{'symbol': 'IRSX.JK', 'free_float': 0.36053, 'company_name': 'PT Folago Global Nusantara Tbk'}"
TPMA.JK,2026-09-03,0.359,,2026-09-03T13:07:57.784854+00:00,"{'symbol': 'TPMA.JK', 'free_float': 0.359, 'company_name': 'Trans Power Marine Tbk'}"
UNIC.JK,2026-09-03,0.3588,,2026-09-03T13:07:57.784854+00:00,"{'symbol': 'UNIC.JK', 'free_float': 0.3588, 'company_name': 'Unggul Indah Cahaya Tbk'}"
JGLE.JK,2026-09-03,0.35597,,2026-09-03T13:07:57.784854+00:00,"{'symbol': 'JGLE.JK', 'free_float': 0.35597, 'company_name': 'PT Graha Andrasentra Propertindo Tbk'}"
MBMA.JK,2026-09-03,0.3542,,2026-09-03T13:07:57.784854+00:00,"{'symbol': 'MBMA.JK', 'free_float': 0.3542, 'company_name': 'PT Merdeka Battery Materials Tbk'}"
DEWI.JK,2026-09-03,0.3524,,2026-09-03T13:07:57.784854+00:00,"{'symbol': 'DEWI.JK', 'free_float': 0.3524, 'company_name': 'PT Dewi Shri Farmindo Tbk'}"
TINS.JK,2026-09-03,0.35,,2026-09-03T13:07:57.784854+00:00,"{'symbol': 'TINS.JK', 'free_float': 0.35, 'company_name': 'PT Timah Tbk'}"
ANTM.JK,2026-09-03,0.35,,2026-09-03T13:07:57.784854+00:00,"{'symbol': 'ANTM.JK', 'free_float': 0.35, 'company_name': 'Aneka Tambang Tbk.'}"
GMTD.JK,2026-09-03,0.35,,2026-09-03T13:07:57.784854+00:00,"{'symbol': 'GMTD.JK', 'free_float': 0.35, 'company_name': 'Gowa Makassar Tourism Development Tbk'}"
DPUM.JK,2026-09-03,0.3489,,2026-09-03T13:07:57.784854+00:00,"{'symbol': 'DPUM.JK', 'free_float': 0.3489, 'company_name': 'PT Dua Putra Utama Makmur Tbk'}"
SPTO.JK,2026-09-03,0.3489,,2026-09-03T13:07:57.784854+00:00,"{'symbol': 'SPTO.JK', 'free_float': 0.3489, 'company_name': 'PT Surya Pertiwi Tbk'}"
KBAG.JK,2026-09-03,0.3486,,2026-09-03T13:07:57.784854+00:00,"{'symbol': 'KBAG.JK', 'free_float': 0.3486, 'company_name': 'PT Karya Bersama Anugerah Tbk'}"
ZINC.JK,2026-09-03,0.346,,2026-09-03T13:07:57.784854+00:00,"{'symbol': 'ZINC.JK', 'free_float': 0.346, 'company_name': 'PT Kapuas Prima Coal Tbk'}"
SMLE.JK,2026-09-03,0.34573,,2026-09-03T13:07:57.784854+00:00,"{'symbol': 'SMLE.JK', 'free_float': 0.34573, 'company_name': 'PT Sinergi Multi Lestarindo Tbk'}"
ARKO.JK,2026-09-03,0.3434,,2026-09-03T13:07:57.784854+00:00,"{'symbol': 'ARKO.JK', 'free_float': 0.3434, 'company_name': 'PT Arkora Hydro Tbk.'}"
SRSN.JK,2026-09-03,0.3414,,2026-09-03T13:07:57.784854+00:00,"{'symbol': 'SRSN.JK', 'free_float': 0.3414, 'company_name': 'Indo Acidatama Tbk'}"
PTBA.JK,2026-09-03,0.3402,,2026-09-03T13:07:57.784854+00:00,"{'symbol': 'PTBA.JK', 'free_float': 0.3402, 'company_name': 'Bukit Asam Tbk'}"
DOOH.JK,2026-09-03,0.33914,,2026-09-03T13:07:57.784854+00:00,"{'symbol': 'DOOH.JK', 'free_float': 0.33914, 'company_name': 'PT Era Media Sejahtera Tbk'}"
MIKA.JK,2026-09-03,0.3391,,2026-09-03T13:07:57.784854+00:00,"{'symbol': 'MIKA.JK', 'free_float': 0.3391, 'company_name': 'PT Mitra Keluarga Karyasehat Tbk'}"
BEKS.JK,2026-09-03,0.3389,,2026-09-03T13:07:57.784854+00:00,"{'symbol': 'BEKS.JK', 'free_float': 0.3389, 'company_name': 'PT Bank Pembangunan Daerah Banten Tbk.'}"
JMAS.JK,2026-09-03,0.3375,,2026-09-03T13:07:57.784854+00:00,"{'symbol': 'JMAS.JK', 'free_float': 0.3375, 'company_name': 'PT Asuransi Jiwa Syariah Jasa Mitra Abadi Tbk'}"
MPMX.JK,2026-09-03,0.33676,,2026-09-03T13:07:57.784854+00:00,"{'symbol': 'MPMX.JK', 'free_float': 0.33676, 'company_name': 'PT Mitra Pinasthika Mustika Tbk'}"
UNTR.JK,2026-09-03,0.3361,,2026-09-03T13:07:57.784854+00:00,"{'symbol': 'UNTR.JK', 'free_float': 0.3361, 'company_name': 'United Tractors Tbk'}"
BDKR.JK,2026-09-03,0.33494,,2026-09-03T13:07:57.784854+00:00,"{'symbol': 'BDKR.JK', 'free_float': 0.33494, 'company_name': 'PT Berdikari Pondasi Perkasa Tbk.'}"
DWGL.JK,2026-09-03,0.3348,,2026-09-03T13:07:57.784854+00:00,"{'symbol': 'DWGL.JK', 'free_float': 0.3348, 'company_name': 'PT Dwi Guna Laksana Tbk'}"
DKFT.JK,2026-09-03,0.3345,,2026-09-03T13:07:57.784854+00:00,"{'symbol': 'DKFT.JK', 'free_float': 0.3345, 'company_name': 'Central Omega Resources Tbk'}"
GJTL.JK,2026-09-03,0.33447,,2026-09-03T13:07:57.784854+00:00,"{'symbol': 'GJTL.JK', 'free_float': 0.33447, 'company_name': 'Gajah Tunggal Tbk'}"
IDEA.JK,2026-09-03,0.3343,,2026-09-03T13:07:57.784854+00:00,"{'symbol': 'IDEA.JK', 'free_float': 0.3343, 'company_name': 'PT Idea Indonesia Akademi Tbk'}"
ISSP.JK,2026-09-03,0.3343,,2026-09-03T13:07:57.784854+00:00,"{'symbol': 'ISSP.JK', 'free_float': 0.3343, 'company_name': 'PT Steel Pipe Industry of Indonesia Tbk'}"
KAYU.JK,2026-09-03,0.3334,,2026-09-03T13:07:57.784854+00:00,"{'symbol': 'KAYU.JK', 'free_float': 0.3334, 'company_name': 'PT Darmi Bersaudara Tbk'}"
EXCL.JK,2026-09-03,0.33186,,2026-09-03T13:07:57.784854+00:00,"{'symbol': 'EXCL.JK', 'free_float': 0.33186, 'company_name': 'PT XLSMART Telecom Sejahtera Tbk'}"
MBTO.JK,2026-09-03,0.3313,,2026-09-03T13:07:57.784854+00:00,"{'symbol': 'MBTO.JK', 'free_float': 0.3313, 'company_name': 'Martina Berto Tbk'}"
CARE.JK,2026-09-03,0.3311,,2026-09-03T13:07:57.784854+00:00,"{'symbol': 'CARE.JK', 'free_float': 0.3311, 'company_name': 'PT Metro Healthcare Indonesia Tbk'}"
JIHD.JK,2026-09-03,0.3299,,2026-09-03T13:07:57.784854+00:00,"{'symbol': 'JIHD.JK', 'free_float': 0.3299, 'company_name': 'Jakarta International Hotels & Development Tbk'}"
AKRA.JK,2026-09-03,0.3299,,2026-09-03T13:07:57.784854+00:00,"{'symbol': 'AKRA.JK', 'free_float': 0.3299, 'company_name': 'PT AKR Corporindo Tbk.'}"
LOPI.JK,2026-09-03,0.3287,,2026-09-03T13:07:57.784854+00:00,"{'symbol': 'LOPI.JK', 'free_float': 0.3287, 'company_name': 'PT Logisticsplus International Tbk'}"
MICE.JK,2026-09-03,0.3286,,2026-09-03T13:07:57.784854+00:00,"{'symbol': 'MICE.JK', 'free_float': 0.3286, 'company_name': 'Multi Indocitra Tbk'}"
KETR.JK,2026-09-03,0.3283,,2026-09-03T13:07:57.784854+00:00,"{'symbol': 'KETR.JK', 'free_float': 0.3283, 'company_name': 'PT Ketrosden Triasmitra Tbk'}"
BUKA.JK,2026-09-03,0.32755,,2026-09-03T13:07:57.784854+00:00,"{'symbol': 'BUKA.JK', 'free_float': 0.32755, 'company_name': 'PT Bukalapak.com Tbk'}"
MLIA.JK,2026-09-03,0.3275,,2026-09-03T13:07:57.784854+00:00,"{'symbol': 'MLIA.JK', 'free_float': 0.3275, 'company_name': 'Mulia Industrindo Tbk'}"
PEHA.JK,2026-09-03,0.32723,,2026-09-03T13:07:57.784854+00:00,"{'symbol': 'PEHA.JK', 'free_float': 0.32723, 'company_name': 'PT Phapros Tbk'}"
TRUE.JK,2026-09-03,0.3268,,2026-09-03T13:07:57.784854+00:00,"{'symbol': 'TRUE.JK', 'free_float': 0.3268, 'company_name': 'PT Triniti Dinamik Tbk'}"
LAJU.JK,2026-09-03,0.3254,,2026-09-03T13:07:57.784854+00:00,"{'symbol': 'LAJU.JK', 'free_float': 0.3254, 'company_name': 'PT Jasa Berdikari Logistics Tbk'}"
LPPS.JK,2026-09-03,0.3248,,2026-09-03T13:07:57.784854+00:00,"{'symbol': 'LPPS.JK', 'free_float': 0.3248, 'company_name': 'PT Lenox Pasifik Investama Tbk'}"
HOKI.JK,2026-09-03,0.32419,,2026-09-03T13:07:57.784854+00:00,"{'symbol': 'HOKI.JK', 'free_float': 0.32419, 'company_name': 'PT Buyung Poetra Sembada Tbk'}"
MAXI.JK,2026-09-03,0.323,,2026-09-03T13:07:57.784854+00:00,"{'symbol': 'MAXI.JK', 'free_float': 0.323, 'company_name': 'PT Maxindo Karya Anugerah Tbk'}"
PNLF.JK,2026-09-03,0.3214,,2026-09-03T13:07:57.784854+00:00,"{'symbol': 'PNLF.JK', 'free_float': 0.3214, 'company_name': 'Panin Financial Tbk'}"
OLIV.JK,2026-09-03,0.3209,,2026-09-03T13:07:57.784854+00:00,"{'symbol': 'OLIV.JK', 'free_float': 0.3209, 'company_name': 'PT Oscar Mitra Sukses Sejahtera Tbk'}"
IOTF.JK,2026-09-03,0.3195,,2026-09-03T13:07:57.784854+00:00,"{'symbol': 'IOTF.JK', 'free_float': 0.3195, 'company_name': 'PT Sumber Sinergi Makmur Tbk'}"
ITMG.JK,2026-09-03,0.31765,,2026-09-03T13:07:57.784854+00:00,"{'symbol': 'ITMG.JK', 'free_float': 0.31765, 'company_name': 'Indo Tambangraya Megah Tbk'}"
PAMG.JK,2026-09-03,0.3176,,2026-09-03T13:07:57.784854+00:00,"{'symbol': 'PAMG.JK', 'free_float': 0.3176, 'company_name': 'PT Bima Sakti Pertiwi Tbk'}"
LPLI.JK,2026-09-03,0.3166,,2026-09-03T13:07:57.784854+00:00,"{'symbol': 'LPLI.JK', 'free_float': 0.3166, 'company_name': 'Star Pacific Tbk'}"
WEHA.JK,2026-09-03,0.3163,,2026-09-03T13:07:57.784854+00:00,"{'symbol': 'WEHA.JK', 'free_float': 0.3163, 'company_name': 'PT WEHA Transportasi Indonesia Tbk'}"
INAI.JK,2026-09-03,0.3162,,2026-09-03T13:07:57.784854+00:00,"{'symbol': 'INAI.JK', 'free_float': 0.3162, 'company_name': 'Indal Aluminium Industry Tbk'}"
MPIX.JK,2026-09-03,0.31603,,2026-09-03T13:07:57.784854+00:00,"{'symbol': 'MPIX.JK', 'free_float': 0.31603, 'company_name': 'PT Mitra Pedagang Indonesia Tbk'}"
LCKM.JK,2026-09-03,0.3153,,2026-09-03T13:07:57.784854+00:00,"{'symbol': 'LCKM.JK', 'free_float': 0.3153, 'company_name': 'PT LCK Global Kedaton Tbk'}"
PTSP.JK,2026-09-03,0.3146,,2026-09-03T13:07:57.784854+00:00,"{'symbol': 'PTSP.JK', 'free_float': 0.3146, 'company_name': 'Pioneerindo Gourmet International Tbk'}"
ITMA.JK,2026-09-03,0.3134,,2026-09-03T13:07:57.784854+00:00,"{'symbol': 'ITMA.JK', 'free_float': 0.3134, 'company_name': 'Sumber Energi Andalan Tbk'}"
RATU.JK,2026-09-03,0.3132,,2026-09-03T13:07:57.784854+00:00,"{'symbol': 'RATU.JK', 'free_float': 0.3132, 'company_name': 'PT Raharja Energi Cepu Tbk'}"
PICO.JK,2026-09-03,0.31311,,2026-09-03T13:07:57.784854+00:00,"{'symbol': 'PICO.JK', 'free_float': 0.31311, 'company_name': 'Pelangi Indah Canindo Tbk'}"
PWON.JK,2026-09-03,0.31298,,2026-09-03T13:07:57.784854+00:00,"{'symbol': 'PWON.JK', 'free_float': 0.31298, 'company_name': 'Pakuwon Jati Tbk'}"
MYOH.JK,2026-09-03,0.3124,,2026-09-03T13:07:57.784854+00:00,"{'symbol': 'MYOH.JK', 'free_float': 0.3124, 'company_name': 'Samindo Resources Tbk'}"
PEGE.JK,2026-09-03,0.3104,,2026-09-03T13:07:57.784854+00:00,"{'symbol': 'PEGE.JK', 'free_float': 0.3104, 'company_name': 'PT Panca Global Kapital Tbk'}"
GOOD.JK,2026-09-03,0.3102,,2026-09-03T13:07:57.784854+00:00,"{'symbol': 'GOOD.JK', 'free_float': 0.3102, 'company_name': 'PT Garudafood Putra Putri Jaya Tbk'}"
ALTO.JK,2026-09-03,0.3076,,2026-09-03T13:07:57.784854+00:00,"{'symbol': 'ALTO.JK', 'free_float': 0.3076, 'company_name': 'Tri Banyan Tirta Tbk'}"
WEGE.JK,2026-09-03,0.30704,,2026-09-03T13:07:57.784854+00:00,"{'symbol': 'WEGE.JK', 'free_float': 0.30704, 'company_name': 'PT Wijaya Karya Bangunan Gedung Tbk'}"
MAPA.JK,2026-09-03,0.307,,2026-09-03T13:07:57.784854+00:00,"{'symbol': 'MAPA.JK', 'free_float': 0.307, 'company_name': 'PT MAP Aktif Adiperkasa Tbk'}"
CINT.JK,2026-09-03,0.3069,,2026-09-03T13:07:57.784854+00:00,"{'symbol': 'CINT.JK', 'free_float': 0.3069, 'company_name': 'PT Chitose Internasional Tbk'}"
ENZO.JK,2026-09-03,0.3069,,2026-09-03T13:07:57.784854+00:00,"{'symbol': 'ENZO.JK', 'free_float': 0.3069, 'company_name': 'PT Morenzo Abadi Perkasa Tbk'}"
HILL.JK,2026-09-03,0.3068,,2026-09-03T13:07:57.784854+00:00,"{'symbol': 'HILL.JK', 'free_float': 0.3068, 'company_name': 'PT Hillcon Tbk'}"
JSMR.JK,2026-09-03,0.30678,,2026-09-03T13:07:57.784854+00:00,"{'symbol': 'JSMR.JK', 'free_float': 0.30678, 'company_name': 'PT Jasa Marga Tbk'}"
JECX.JK,2026-09-03,0.3061,,2026-09-03T13:07:57.784854+00:00,"{'symbol': 'JECX.JK', 'free_float': 0.3061, 'company_name': 'PT Nitrasanata Dharma Tbk'}"
DGIK.JK,2026-09-03,0.3061,,2026-09-03T13:07:57.784854+00:00,"{'symbol': 'DGIK.JK', 'free_float': 0.3061, 'company_name': 'Nusa Konstruksi Enjiniring  Tbk'}"
TOTL.JK,2026-09-03,0.306,,2026-09-03T13:07:57.784854+00:00,"{'symbol': 'TOTL.JK', 'free_float': 0.306, 'company_name': 'Total Bangun Persada Tbk'}"
DIGI.JK,2026-09-03,0.3058,,2026-09-03T13:07:57.784854+00:00,"{'symbol': 'DIGI.JK', 'free_float': 0.3058, 'company_name': 'PT Arkadia Digital Media Tbk'}"
SGER.JK,2026-09-03,0.3045,,2026-09-03T13:07:57.784854+00:00,"{'symbol': 'SGER.JK', 'free_float': 0.3045, 'company_name': 'PT Sumber Global Energy Tbk'}"
DSFI.JK,2026-09-03,0.304,,2026-09-03T13:07:57.784854+00:00,"{'symbol': 'DSFI.JK', 'free_float': 0.304, 'company_name': 'Dharma Samudera Fishing Ind. Tbk'}"
TELE.JK,2026-09-03,0.3036,,2026-09-03T13:07:57.784854+00:00,"{'symbol': 'TELE.JK', 'free_float': 0.3036, 'company_name': 'PT Omni Inovasi Indonesia Tbk'}"
AYLS.JK,2026-09-03,0.3031,,2026-09-03T13:07:57.784854+00:00,"{'symbol': 'AYLS.JK', 'free_float': 0.3031, 'company_name': 'PT Agro Yasa Lestari Tbk'}"
PLAN.JK,2026-09-03,0.303,,2026-09-03T13:07:57.784854+00:00,"{'symbol': 'PLAN.JK', 'free_float': 0.303, 'company_name': 'PT Planet Properindo Jaya Tbk'}"
PMMP.JK,2026-09-03,0.3026,,2026-09-03T13:07:57.784854+00:00,"{'symbol': 'PMMP.JK', 'free_float': 0.3026, 'company_name': 'PT Panca Mitra Multiperdana Tbk'}"
NFCX.JK,2026-09-03,0.3022,,2026-09-03T13:07:57.784854+00:00,"{'symbol': 'NFCX.JK', 'free_float': 0.3022, 'company_name': 'PT NFC Indonesia Tbk'}"
TNCA.JK,2026-09-03,0.3014,,2026-09-03T13:07:57.784854+00:00,"{'symbol': 'TNCA.JK', 'free_float': 0.3014, 'company_name': 'PT Trimuda Nuansa Citra Tbk'}"
PTRO.JK,2026-09-03,0.30066,,2026-09-03T13:07:57.784854+00:00,"{'symbol': 'PTRO.JK', 'free_float': 0.30066, 'company_name': 'Petrosea Tbk'}"
PRDL.JK,2026-09-03,0.3,,2026-09-03T13:07:57.784854+00:00,"{'symbol': 'PRDL.JK', 'free_float': 0.3, 'company_name': 'PT Prodia Diagnostic Line Tbk'}"
SPRE.JK,2026-09-03,0.3,,2026-09-03T13:07:57.784854+00:00,"{'symbol': 'SPRE.JK', 'free_float': 0.3, 'company_name': 'PT Soraya Berjaya Indonesia Tbk'}"
BTPS.JK,2026-09-03,0.29993,,2026-09-03T13:07:57.784854+00:00,"{'symbol': 'BTPS.JK', 'free_float': 0.29993, 'company_name': 'PT Bank BTPN Syariah Tbk.'}"
BAUT.JK,2026-09-03,0.2999,,2026-09-03T13:07:57.784854+00:00,"{'symbol': 'BAUT.JK', 'free_float': 0.2999, 'company_name': 'PT Mitra Angkasa Sejahtera Tbk'}"
DGNS.JK,2026-09-03,0.2998,,2026-09-03T13:07:57.784854+00:00,"{'symbol': 'DGNS.JK', 'free_float': 0.2998, 'company_name': 'PT Diagnos Laboratorium Utama Tbk'}"
ICON.JK,2026-09-03,0.2995,,2026-09-03T13:07:57.784854+00:00,"{'symbol': 'ICON.JK', 'free_float': 0.2995, 'company_name': 'Island Concepts Indonesia Tbk'}"
ASPR.JK,2026-09-03,0.2994,,2026-09-03T13:07:57.784854+00:00,"{'symbol': 'ASPR.JK', 'free_float': 0.2994, 'company_name': 'PT Asia Pramulia Tbk'}"
NAYZ.JK,2026-09-03,0.2994,,2026-09-03T13:07:57.784854+00:00,"{'symbol': 'NAYZ.JK', 'free_float': 0.2994, 'company_name': 'PT Hassana Boga Sejahtera Tbk'}"
PYFA.JK,2026-09-03,0.29931,,2026-09-03T13:07:57.784854+00:00,"{'symbol': 'PYFA.JK', 'free_float': 0.29931, 'company_name': 'PT Pyridam Farma Tbk'}"
SOCI.JK,2026-09-03,0.299,,2026-09-03T13:07:57.784854+00:00,"{'symbol': 'SOCI.JK', 'free_float': 0.299, 'company_name': 'PT Soechi Lines Tbk'}"
BRNA.JK,2026-09-03,0.2989,,2026-09-03T13:07:57.784854+00:00,"{'symbol': 'BRNA.JK', 'free_float': 0.2989, 'company_name': 'Berlina Tbk'}"
BAPA.JK,2026-09-03,0.2986,,2026-09-03T13:07:57.784854+00:00,"{'symbol': 'BAPA.JK', 'free_float': 0.2986, 'company_name': 'Bekasi Asri Pemula Tbk'}"
TRUK.JK,2026-09-03,0.2983,,2026-09-03T13:07:57.784854+00:00,"{'symbol': 'TRUK.JK', 'free_float': 0.2983, 'company_name': 'PT Guna Timur Raya Tbk'}"
CGAS.JK,2026-09-03,0.2983,,2026-09-03T13:07:57.784854+00:00,"{'symbol': 'CGAS.JK', 'free_float': 0.2983, 'company_name': 'PT Citra Nusantara Gemilang Tbk.'}"
AIMS.JK,2026-09-03,0.2978,,2026-09-03T13:07:57.784854+00:00,"{'symbol': 'AIMS.JK', 'free_float': 0.2978, 'company_name': 'PT Artha Mahiya Investama Tbk'}"
GRPH.JK,2026-09-03,0.2976,,2026-09-03T13:07:57.784854+00:00,"{'symbol': 'GRPH.JK', 'free_float': 0.2976, 'company_name': 'PT Griptha Putra Persada Tbk'}"
TOBA.JK,2026-09-03,0.29759,,2026-09-03T13:07:57.784854+00:00,"{'symbol': 'TOBA.JK', 'free_float': 0.29759, 'company_name': 'PT TBS Energi Utama Tbk'}"
MDRN.JK,2026-09-03,0.2957,,2026-09-03T13:07:57.784854+00:00,"{'symbol': 'MDRN.JK', 'free_float': 0.2957, 'company_name': 'Modern Internasional Tbk'}"
POLY.JK,2026-09-03,0.2952,,2026-09-03T13:07:57.784854+00:00,"{'symbol': 'POLY.JK', 'free_float': 0.2952, 'company_name': 'Asia Pacific Fibers Tbk'}"
MMIX.JK,2026-09-03,0.2943,,2026-09-03T13:07:57.784854+00:00,"{'symbol': 'MMIX.JK', 'free_float': 0.2943, 'company_name': 'PT Multi Medika Internasional Tbk'}"
TPIA.JK,2026-09-03,0.29412,,2026-09-03T13:07:57.784854+00:00,"{'symbol': 'TPIA.JK', 'free_float': 0.29412, 'company_name': 'PT Chandra Asri Pacific Tbk'}"
BEEF.JK,2026-09-03,0.294,,2026-09-03T13:07:57.784854+00:00,"{'symbol': 'BEEF.JK', 'free_float': 0.294, 'company_name': 'PT Estika Tata Tiara Tbk.'}"
CHEM.JK,2026-09-03,0.294,,2026-09-03T13:07:57.784854+00:00,"{'symbol': 'CHEM.JK', 'free_float': 0.294, 'company_name': 'PT Chemstar Indonesia Tbk'}"
GSMF.JK,2026-09-03,0.292,,2026-09-03T13:07:57.784854+00:00,"{'symbol': 'GSMF.JK', 'free_float': 0.292, 'company_name': 'Equity Development Investment Tbk'}"
SSMS.JK,2026-09-03,0.2916,,2026-09-03T13:07:57.784854+00:00,"{'symbol': 'SSMS.JK', 'free_float': 0.2916, 'company_name': 'PT Sawit Sumbermas Sarana Tbk'}"
SOFA.JK,2026-09-03,0.2903,,2026-09-03T13:07:57.784854+00:00,"{'symbol': 'SOFA.JK', 'free_float': 0.2903, 'company_name': 'PT Solusi Environment Asia Tbk'}"
MDKI.JK,2026-09-03,0.2896,,2026-09-03T13:07:57.784854+00:00,"{'symbol': 'MDKI.JK', 'free_float': 0.2896, 'company_name': 'PT Emdeki Utama Tbk'}"
MSIN.JK,2026-09-03,0.28939,,2026-09-03T13:07:57.784854+00:00,"{'symbol': 'MSIN.JK', 'free_float': 0.28939, 'company_name': 'PT MNC Digital Entertainment Tbk'}"
GRIA.JK,2026-09-03,0.2891,,2026-09-03T13:07:57.784854+00:00,"{'symbol': 'GRIA.JK', 'free_float': 0.2891, 'company_name': 'PT Ingria Pratama Capitalindo Tbk'}"
RANS.JK,2026-09-03,0.2885,,2026-09-03T13:07:57.784854+00:00,"{'symbol': 'RANS.JK', 'free_float': 0.2885, 'company_name': 'PT Rans Entertainmen Indonesia Tbk'}"
SFAN.JK,2026-09-03,0.2876,,2026-09-03T13:07:57.784854+00:00,"{'symbol': 'SFAN.JK', 'free_float': 0.2876, 'company_name': 'PT Surya Fajar Capital Tbk'}"
MRAT.JK,2026-09-03,0.28718,,2026-09-03T13:07:57.784854+00:00,"{'symbol': 'MRAT.JK', 'free_float': 0.28718, 'company_name': 'Mustika Ratu Tbk'}"
ELIT.JK,2026-09-03,0.2866,,2026-09-03T13:07:57.784854+00:00,"{'symbol': 'ELIT.JK', 'free_float': 0.2866, 'company_name': 'PT Data Sinergitama Jaya Tbk'}"
SMRU.JK,2026-09-03,0.28629,,2026-09-03T13:07:57.784854+00:00,"{'symbol': 'SMRU.JK', 'free_float': 0.28629, 'company_name': 'SMR Utama Tbk'}"
BRPT.JK,2026-09-03,0.2859,,2026-09-03T13:07:57.784854+00:00,"{'symbol': 'BRPT.JK', 'free_float': 0.2859, 'company_name': 'Barito Pacific Tbk'}"
PADA.JK,2026-09-03,0.2856,,2026-09-03T13:07:57.784854+00:00,"{'symbol': 'PADA.JK', 'free_float': 0.2856, 'company_name': 'PT Personel Alih Daya Tbk'}"
INDY.JK,2026-09-03,0.28554,,2026-09-03T13:07:57.784854+00:00,"{'symbol': 'INDY.JK', 'free_float': 0.28554, 'company_name': 'Indika Energy Tbk'}"
EMTK.JK,2026-09-03,0.285,,2026-09-03T13:07:57.784854+00:00,"{'symbol': 'EMTK.JK', 'free_float': 0.285, 'company_name': 'Elang Mahkota Teknologi Tbk'}"
MASB.JK,2026-09-03,0.2849,,2026-09-03T13:07:57.784854+00:00,"{'symbol': 'MASB.JK', 'free_float': 0.2849, 'company_name': 'PT Bank Multiarta Sentosa Tbk'}"
HAJJ.JK,2026-09-03,0.28489,,2026-09-03T13:07:57.784854+00:00,"{'symbol': 'HAJJ.JK', 'free_float': 0.28489, 'company_name': 'PT Arsy Buana Travelindo Tbk'}"
PART.JK,2026-09-03,0.2844,,2026-09-03T13:07:57.784854+00:00,"{'symbol': 'PART.JK', 'free_float': 0.2844, 'company_name': 'PT Cipta Perdana Lancar Tbk'}"
CPRI.JK,2026-09-03,0.2844,,2026-09-03T13:07:57.784854+00:00,"{'symbol': 'CPRI.JK', 'free_float': 0.2844, 'company_name': 'PT Capri Nusa Satu Properti Tbk.'}"
HRTA.JK,2026-09-03,0.284,,2026-09-03T13:07:57.784854+00:00,"{'symbol': 'HRTA.JK', 'free_float': 0.284, 'company_name': 'PT Hartadinata Abadi Tbk'}"
VICO.JK,2026-09-03,0.2832,,2026-09-03T13:07:57.784854+00:00,"{'symbol': 'VICO.JK', 'free_float': 0.2832, 'company_name': 'PT Victoria Investama Tbk'}"
BIRD.JK,2026-09-03,0.283,,2026-09-03T13:07:57.784854+00:00,"{'symbol': 'BIRD.JK', 'free_float': 0.283, 'company_name': 'PT Blue Bird Tbk'}"
CLPI.JK,2026-09-03,0.28255,,2026-09-03T13:07:57.784854+00:00,"{'symbol': 'CLPI.JK', 'free_float': 0.28255, 'company_name': 'Colorpak Indonesia Tbk'}"
KLAS.JK,2026-09-03,0.2824,,2026-09-03T13:07:57.784854+00:00,"{'symbol': 'KLAS.JK', 'free_float': 0.2824, 'company_name': 'PT Pelayaran Kurnia Lautan Semesta Tbk'}"
BUAH.JK,2026-09-03,0.2822,,2026-09-03T13:07:57.784854+00:00,"{'symbol': 'BUAH.JK', 'free_float': 0.2822, 'company_name': 'PT Segar Kumala Indonesia Tbk'}"
PNIN.JK,2026-09-03,0.2814,,2026-09-03T13:07:57.784854+00:00,"{'symbol': 'PNIN.JK', 'free_float': 0.2814, 'company_name': 'Paninvest Tbk'}"
STAA.JK,2026-09-03,0.281,,2026-09-03T13:07:57.784854+00:00,"{'symbol': 'STAA.JK', 'free_float': 0.281, 'company_name': 'PT Sumber Tani Agung Resources Tbk'}"
TRIL.JK,2026-09-03,0.2803,,2026-09-03T13:07:57.784854+00:00,"{'symbol': 'TRIL.JK', 'free_float': 0.2803, 'company_name': 'Triwira Insanlestari Tbk'}"
BKSL.JK,2026-09-03,0.2803,,2026-09-03T13:07:57.784854+00:00,"{'symbol': 'BKSL.JK', 'free_float': 0.2803, 'company_name': 'Sentul City Tbk'}"
JTPE.JK,2026-09-03,0.2797,,2026-09-03T13:07:57.784854+00:00,"{'symbol': 'JTPE.JK', 'free_float': 0.2797, 'company_name': 'Jasuindo Tiga Perkasa Tbk'}"
NICL.JK,2026-09-03,0.2795,,2026-09-03T13:07:57.784854+00:00,"{'symbol': 'NICL.JK', 'free_float': 0.2795, 'company_name': 'PT PAM Mineral Tbk'}"
BIKA.JK,2026-09-03,0.2782,,2026-09-03T13:07:57.784854+00:00,"{'symbol': 'BIKA.JK', 'free_float': 0.2782, 'company_name': 'PT Binakarya Jaya Abadi Tbk.'}"
ARTO.JK,2026-09-03,0.2777,,2026-09-03T13:07:57.784854+00:00,"{'symbol': 'ARTO.JK', 'free_float': 0.2777, 'company_name': 'PT Bank Jago Tbk.'}"
IBFN.JK,2026-09-03,0.277,,2026-09-03T13:07:57.784854+00:00,"{'symbol': 'IBFN.JK', 'free_float': 0.277, 'company_name': 'PT Intan Baru Prana Tbk'}"
LAND.JK,2026-09-03,0.2769,,2026-09-03T13:07:57.784854+00:00,"{'symbol': 'LAND.JK', 'free_float': 0.2769, 'company_name': 'PT Trimitra Propertindo Tbk'}"
MPOW.JK,2026-09-03,0.2764,,2026-09-03T13:07:57.784854+00:00,"{'symbol': 'MPOW.JK', 'free_float': 0.2764, 'company_name': 'PT Megapower Makmur Tbk'}"
LABS.JK,2026-09-03,0.2761,,2026-09-03T13:07:57.784854+00:00,"{'symbol': 'LABS.JK', 'free_float': 0.2761, 'company_name': 'PT UBC Medical Indonesia Tbk'}"
TAMA.JK,2026-09-03,0.2761,,2026-09-03T13:07:57.784854+00:00,"{'symbol': 'TAMA.JK', 'free_float': 0.2761, 'company_name': 'PT Lancartama Sejati Tbk'}"
CBRE.JK,2026-09-03,0.2757,,2026-09-03T13:07:57.784854+00:00,"{'symbol': 'CBRE.JK', 'free_float': 0.2757, 'company_name': 'PT Cakra Buana Resources Energi Tbk'}"
MAGP.JK,2026-09-03,0.2754,,2026-09-03T13:07:57.784854+00:00,"{'symbol': 'MAGP.JK', 'free_float': 0.2754, 'company_name': 'Multi Agro Gemilang Plantation Tbk'}"
OKAS.JK,2026-09-03,0.27497,,2026-09-03T13:07:57.784854+00:00,"{'symbol': 'OKAS.JK', 'free_float': 0.27497, 'company_name': 'Ancora Indonesia Resources Tbk'}"
TDPM.JK,2026-09-03,0.2749,,2026-09-03T13:07:57.784854+00:00,"{'symbol': 'TDPM.JK', 'free_float': 0.2749, 'company_name': 'PT Tianrong Chemicals Industry Tbk'}"
NAIK.JK,2026-09-03,0.2746,,2026-09-03T13:07:57.784854+00:00,"{'symbol': 'NAIK.JK', 'free_float': 0.2746, 'company_name': 'PT Adiwarna Anugerah Abadi Tbk'}"
PJHB.JK,2026-09-03,0.2728,,2026-09-03T13:07:57.784854+00:00,"{'symbol': 'PJHB.JK', 'free_float': 0.2728, 'company_name': 'PT Pelayaran Jaya Hidup Baru Tbk'}"
TOWR.JK,2026-09-03,0.27232,,2026-09-03T13:07:57.784854+00:00,"{'symbol': 'TOWR.JK', 'free_float': 0.27232, 'company_name': 'Sarana Menara Nusantara Tbk'}"
MPXL.JK,2026-09-03,0.2698,,2026-09-03T13:07:57.784854+00:00,"{'symbol': 'MPXL.JK', 'free_float': 0.2698, 'company_name': 'PT MPX Logistics International Tbk'}"
TOSK.JK,2026-09-03,0.2695,,2026-09-03T13:07:57.784854+00:00,"{'symbol': 'TOSK.JK', 'free_float': 0.2695, 'company_name': 'PT Topindo Solusi Komunika Tbk'}"
CYBR.JK,2026-09-03,0.2695,,2026-09-03T13:07:57.784854+00:00,"{'symbol': 'CYBR.JK', 'free_float': 0.2695, 'company_name': 'PT ITSEC Asia Tbk.'}"
RMKO.JK,2026-09-03,0.2692,,2026-09-03T13:07:57.784854+00:00,"{'symbol': 'RMKO.JK', 'free_float': 0.2692, 'company_name': 'PT Royaltama Mulia Kontraktorindo Tbk'}"
BBLD.JK,2026-09-03,0.2691,,2026-09-03T13:07:57.784854+00:00,"{'symbol': 'BBLD.JK', 'free_float': 0.2691, 'company_name': 'Buana Finance Tbk'}"
SOUL.JK,2026-09-03,0.2679,,2026-09-03T13:07:57.784854+00:00,"{'symbol': 'SOUL.JK', 'free_float': 0.2679, 'company_name': 'PT Mitra Tirta Buwana Tbk'}"
SICO.JK,2026-09-03,0.2676,,2026-09-03T13:07:57.784854+00:00,"{'symbol': 'SICO.JK', 'free_float': 0.2676, 'company_name': 'PT Sigma Energy Compressindo Tbk'}"
KEEN.JK,2026-09-03,0.2669,,2026-09-03T13:07:57.784854+00:00,"{'symbol': 'KEEN.JK', 'free_float': 0.2669, 'company_name': 'PT Kencana Energi Lestari Tbk'}"
LUCK.JK,2026-09-03,0.2667,,2026-09-03T13:07:57.784854+00:00,"{'symbol': 'LUCK.JK', 'free_float': 0.2667, 'company_name': 'PT Sentral Mitra Informatika Tbk'}"
PTDU.JK,2026-09-03,0.2666,,2026-09-03T13:07:57.784854+00:00,"{'symbol': 'PTDU.JK', 'free_float': 0.2666, 'company_name': 'PT Djasa Ubersakti Tbk'}"
GULA.JK,2026-09-03,0.2661,,2026-09-03T13:07:57.784854+00:00,"{'symbol': 'GULA.JK', 'free_float': 0.2661, 'company_name': 'PT Aman Agrindo Tbk'}"
WMPP.JK,2026-09-03,0.26544,,2026-09-03T13:07:57.784854+00:00,"{'symbol': 'WMPP.JK', 'free_float': 0.26544, 'company_name': 'PT Widodo Makmur Perkasa Tbk'}"
PANR.JK,2026-09-03,0.2621,,2026-09-03T13:07:57.784854+00:00,"{'symbol': 'PANR.JK', 'free_float': 0.2621, 'company_name': 'Panorama Sentrawisata Tbk'}"
FOLK.JK,2026-09-03,0.2617,,2026-09-03T13:07:57.784854+00:00,"{'symbol': 'FOLK.JK', 'free_float': 0.2617, 'company_name': 'PT Multi Garam Utama Tbk'}"
RUNS.JK,2026-09-03,0.26118,,2026-09-03T13:07:57.784854+00:00,"{'symbol': 'RUNS.JK', 'free_float': 0.26118, 'company_name': 'PT Global Sukses Solusi Tbk'}"
DYAN.JK,2026-09-03,0.26,,2026-09-03T13:07:57.784854+00:00,"{'symbol': 'DYAN.JK', 'free_float': 0.26, 'company_name': 'PT Dyandra Media International Tbk'}"
PRDA.JK,2026-09-03,0.26,,2026-09-03T13:07:57.784854+00:00,"{'symbol': 'PRDA.JK', 'free_float': 0.26, 'company_name': 'PT Prodia Widyahusada Tbk'}"
ZATA.JK,2026-09-03,0.2599,,2026-09-03T13:07:57.784854+00:00,"{'symbol': 'ZATA.JK', 'free_float': 0.2599, 'company_name': 'PT Bersama Zatta Jaya Tbk'}"
AISA.JK,2026-09-03,0.25891,,2026-09-03T13:07:57.784854+00:00,"{'symbol': 'AISA.JK', 'free_float': 0.25891, 'company_name': 'PT FKS Food Sejahtera Tbk'}"
JAYA.JK,2026-09-03,0.257,,2026-09-03T13:07:57.784854+00:00,"{'symbol': 'JAYA.JK', 'free_float': 0.257, 'company_name': 'PT Armada Berjaya Trans Tbk'}"
TRIN.JK,2026-09-03,0.2563,,2026-09-03T13:07:57.784854+00:00,"{'symbol': 'TRIN.JK', 'free_float': 0.2563, 'company_name': 'PT Perintis Triniti Properti Tbk'}"
SEMA.JK,2026-09-03,0.2545,,2026-09-03T13:07:57.784854+00:00,"{'symbol': 'SEMA.JK', 'free_float': 0.2545, 'company_name': 'PT Semacom Integrated Tbk'}"
WSKT.JK,2026-09-03,0.25405,,2026-09-03T13:07:57.784854+00:00,"{'symbol': 'WSKT.JK', 'free_float': 0.25405, 'company_name': 'PT Waskita Karya (Persero) Tbk'}"
BACA.JK,2026-09-03,0.25302,,2026-09-03T13:07:57.784854+00:00,"{'symbol': 'BACA.JK', 'free_float': 0.25302, 'company_name': 'PT Bank Capital Indonesia Tbk'}"
AHAP.JK,2026-09-03,0.2528,,2026-09-03T13:07:57.784854+00:00,"{'symbol': 'AHAP.JK', 'free_float': 0.2528, 'company_name': 'Asuransi Harta Aman Pratama Tbk'}"
AMMN.JK,2026-09-03,0.25272,,2026-09-03T13:07:57.784854+00:00,"{'symbol': 'AMMN.JK', 'free_float': 0.25272, 'company_name': 'PT Amman Mineral Internasional Tbk.'}"
ALDO.JK,2026-09-03,0.25237,,2026-09-03T13:07:57.784854+00:00,"{'symbol': 'ALDO.JK', 'free_float': 0.25237, 'company_name': 'Alkindo Naratama Tbk'}"
EMAS.JK,2026-09-03,0.2523,,2026-09-03T13:07:57.784854+00:00,"{'symbol': 'EMAS.JK', 'free_float': 0.2523, 'company_name': 'PT Merdeka Gold Resources Tbk'}"
SMDR.JK,2026-09-03,0.2516,,2026-09-03T13:07:57.784854+00:00,"{'symbol': 'SMDR.JK', 'free_float': 0.2516, 'company_name': 'Samudera Indonesia Tbk'}"
SOTS.JK,2026-09-03,0.2511,,2026-09-03T13:07:57.784854+00:00,"{'symbol': 'SOTS.JK', 'free_float': 0.2511, 'company_name': 'PT Satria Mega Kencana Tbk'}"
WOOD.JK,2026-09-03,0.25089,,2026-09-03T13:07:57.784854+00:00,"{'symbol': 'WOOD.JK', 'free_float': 0.25089, 'company_name': 'PT Integra Indocabinet Tbk'}"
NASI.JK,2026-09-03,0.2506,,2026-09-03T13:07:57.784854+00:00,"{'symbol': 'NASI.JK', 'free_float': 0.2506, 'company_name': 'PT Wahana Inti Makmur Tbk'}"
MTPS.JK,2026-09-03,0.2505,,2026-09-03T13:07:57.784854+00:00,"{'symbol': 'MTPS.JK', 'free_float': 0.2505, 'company_name': 'PT Meta Epsi Tbk'}"
TMPO.JK,2026-09-03,0.2503,,2026-09-03T13:07:57.784854+00:00,"{'symbol': 'TMPO.JK', 'free_float': 0.2503, 'company_name': 'Tempo Inti Media Tbk'}"
AGAR.JK,2026-09-03,0.2501,,2026-09-03T13:07:57.784854+00:00,"{'symbol': 'AGAR.JK', 'free_float': 0.2501, 'company_name': 'PT Asia Sejahtera Mina Tbk'}"
BBSI.JK,2026-09-03,0.25,,2026-09-03T13:07:57.784854+00:00,"{'symbol': 'BBSI.JK', 'free_float': 0.25, 'company_name': 'PT Krom Bank Indonesia Tbk'}"
KBRI.JK,2026-09-03,0.25,,2026-09-03T13:07:57.784854+00:00,"{'symbol': 'KBRI.JK', 'free_float': 0.25, 'company_name': 'Kertas Basuki Rachmat Indonesia Tbk'}"
UNTD.JK,2026-09-03,0.25,,2026-09-03T13:07:57.784854+00:00,"{'symbol': 'UNTD.JK', 'free_float': 0.25, 'company_name': 'PT Terang Dunia Internusa Tbk'}"
AMMS.JK,2026-09-03,0.249,,2026-09-03T13:07:57.784854+00:00,"{'symbol': 'AMMS.JK', 'free_float': 0.249, 'company_name': 'PT Agung Menjangan Mas Tbk'}"
ZYRX.JK,2026-09-03,0.2484,,2026-09-03T13:07:57.784854+00:00,"{'symbol': 'ZYRX.JK', 'free_float': 0.2484, 'company_name': 'PT Zyrexindo Mandiri Buana Tbk'}"
MCOR.JK,2026-09-03,0.2484,,2026-09-03T13:07:57.784854+00:00,"{'symbol': 'MCOR.JK', 'free_float': 0.2484, 'company_name': 'PT Bank China Construction Bank Indonesia Tbk'}"
BAJA.JK,2026-09-03,0.2478,,2026-09-03T13:07:57.784854+00:00,"{'symbol': 'BAJA.JK', 'free_float': 0.2478, 'company_name': 'Saranacentral Bajatama Tbk'}"
OBMD.JK,2026-09-03,0.2476,,2026-09-03T13:07:57.784854+00:00,"{'symbol': 'OBMD.JK', 'free_float': 0.2476, 'company_name': 'PT OBM Drilchem Tbk'}"
BIPP.JK,2026-09-03,0.2475,,2026-09-03T13:07:57.784854+00:00,"{'symbol': 'BIPP.JK', 'free_float': 0.2475, 'company_name': 'Bhuwanatala Indah Permai Tbk'}"
KICI.JK,2026-09-03,0.2475,,2026-09-03T13:07:57.784854+00:00,"{'symbol': 'KICI.JK', 'free_float': 0.2475, 'company_name': 'Kedaung Indah Can Tbk'}"
NIRO.JK,2026-09-03,0.2475,,2026-09-03T13:07:57.784854+00:00,"{'symbol': 'NIRO.JK', 'free_float': 0.2475, 'company_name': 'City Retail Developments Tbk'}"
SKBM.JK,2026-09-03,0.2469,,2026-09-03T13:07:57.784854+00:00,"{'symbol': 'SKBM.JK', 'free_float': 0.2469, 'company_name': 'Sekar Bumi Tbk'}"
MEDC.JK,2026-09-03,0.2466,,2026-09-03T13:07:57.784854+00:00,"{'symbol': 'MEDC.JK', 'free_float': 0.2466, 'company_name': 'PT Medco Energi Internasional Tbk'}"
MSIE.JK,2026-09-03,0.2456,,2026-09-03T13:07:57.784854+00:00,"{'symbol': 'MSIE.JK', 'free_float': 0.2456, 'company_name': 'PT Multisarana Intan Eduka Tbk'}"
LMAX.JK,2026-09-03,0.2454,,2026-09-03T13:07:57.784854+00:00,"{'symbol': 'LMAX.JK', 'free_float': 0.2454, 'company_name': 'PT Lupromax Pelumas Indonesia Tbk'}"
SQMI.JK,2026-09-03,0.24521,,2026-09-03T13:07:57.784854+00:00,"{'symbol': 'SQMI.JK', 'free_float': 0.24521, 'company_name': 'Wilton Makmur Indonesia Tbk'}"
MGNA.JK,2026-09-03,0.2452,,2026-09-03T13:07:57.784854+00:00,"{'symbol': 'MGNA.JK', 'free_float': 0.2452, 'company_name': 'PT Magna Investama Mandiri Tbk'}"
ITIC.JK,2026-09-03,0.2449,,2026-09-03T13:07:57.784854+00:00,"{'symbol': 'ITIC.JK', 'free_float': 0.2449, 'company_name': 'PT Indonesian Tobacco Tbk'}"
BJBR.JK,2026-09-03,0.24444,,2026-09-03T13:07:57.784854+00:00,"{'symbol': 'BJBR.JK', 'free_float': 0.24444, 'company_name': 'Bank Pembangunan Daerah Jawa Barat dan Banten Tbk'}"
PUDP.JK,2026-09-03,0.2441,,2026-09-03T13:07:57.784854+00:00,"{'symbol': 'PUDP.JK', 'free_float': 0.2441, 'company_name': 'Pudjiadi Prestige Tbk'}"
FILM.JK,2026-09-03,0.2433,,2026-09-03T13:07:57.784854+00:00,"{'symbol': 'FILM.JK', 'free_float': 0.2433, 'company_name': 'PT MD Entertainment Tbk'}"
WGSH.JK,2026-09-03,0.2428,,2026-09-03T13:07:57.784854+00:00,"{'symbol': 'WGSH.JK', 'free_float': 0.2428, 'company_name': 'PT Wira Global Solusi Tbk'}"
MGLV.JK,2026-09-03,0.2422,,2026-09-03T13:07:57.784854+00:00,"{'symbol': 'MGLV.JK', 'free_float': 0.2422, 'company_name': 'PT Panca Anugrah Wisesa Tbk'}"
PKPK.JK,2026-09-03,0.2415,,2026-09-03T13:07:57.784854+00:00,"{'symbol': 'PKPK.JK', 'free_float': 0.2415, 'company_name': 'Perdana Karya Perkasa Tbk'}"
SCCO.JK,2026-09-03,0.2413,,2026-09-03T13:07:57.784854+00:00,"{'symbol': 'SCCO.JK', 'free_float': 0.2413, 'company_name': 'PT Supreme Cable Manufacturing & Commerce Tbk'}"
PPGL.JK,2026-09-03,0.2408,,2026-09-03T13:07:57.784854+00:00,"{'symbol': 'PPGL.JK', 'free_float': 0.2408, 'company_name': 'PT Prima Globalindo Logistik Tbk'}"
PPRI.JK,2026-09-03,0.24,,2026-09-03T13:07:57.784854+00:00,"{'symbol': 'PPRI.JK', 'free_float': 0.24, 'company_name': 'PT Paperocks Indonesia Tbk'}"
HOMI.JK,2026-09-03,0.24,,2026-09-03T13:07:57.784854+00:00,"{'symbol': 'HOMI.JK', 'free_float': 0.24, 'company_name': 'PT Grand House Mulia Tbk'}"
BWPT.JK,2026-09-03,0.2398,,2026-09-03T13:07:57.784854+00:00,"{'symbol': 'BWPT.JK', 'free_float': 0.2398, 'company_name': 'Eagle High Plantations Tbk'}"
OPMS.JK,2026-09-03,0.2392,,2026-09-03T13:07:57.784854+00:00,"{'symbol': 'OPMS.JK', 'free_float': 0.2392, 'company_name': 'PT Optima Prima Metal Sinergi Tbk'}"
BSDE.JK,2026-09-03,0.2385,,2026-09-03T13:07:57.784854+00:00,"{'symbol': 'BSDE.JK', 'free_float': 0.2385, 'company_name': 'PT Bumi Serpong Damai Tbk'}"
RAJA.JK,2026-09-03,0.2382,,2026-09-03T13:07:57.784854+00:00,"{'symbol': 'RAJA.JK', 'free_float': 0.2382, 'company_name': 'Rukun Raharja Tbk'}"
BEER.JK,2026-09-03,0.2381,,2026-09-03T13:07:57.784854+00:00,"{'symbol': 'BEER.JK', 'free_float': 0.2381, 'company_name': 'PT Jobubu Jarum Minahasa Tbk'}"
BELI.JK,2026-09-03,0.23806,,2026-09-03T13:07:57.784854+00:00,"{'symbol': 'BELI.JK', 'free_float': 0.23806, 'company_name': 'PT Global Digital Niaga Tbk'}"
GGRM.JK,2026-09-03,0.2378,,2026-09-03T13:07:57.784854+00:00,"{'symbol': 'GGRM.JK', 'free_float': 0.2378, 'company_name': 'Gudang Garam Tbk'}"
PGLI.JK,2026-09-03,0.2369,,2026-09-03T13:07:57.784854+00:00,"{'symbol': 'PGLI.JK', 'free_float': 0.2369, 'company_name': 'Pembangunan Graha Lestari Indah Tbk'}"
GOLL.JK,2026-09-03,0.2358,,2026-09-03T13:07:57.784854+00:00,"{'symbol': 'GOLL.JK', 'free_float': 0.2358, 'company_name': 'PT Golden Plantation Tbk'}"
HUMI.JK,2026-09-03,0.23572,,2026-09-03T13:07:57.784854+00:00,"{'symbol': 'HUMI.JK', 'free_float': 0.23572, 'company_name': 'PT Humpuss Maritim Internasional Tbk'}"
AXIO.JK,2026-09-03,0.23535,,2026-09-03T13:07:57.784854+00:00,"{'symbol': 'AXIO.JK', 'free_float': 0.23535, 'company_name': 'PT Tera Data Indonusa Tbk'}"
PTMP.JK,2026-09-03,0.2349,,2026-09-03T13:07:57.784854+00:00,"{'symbol': 'PTMP.JK', 'free_float': 0.2349, 'company_name': 'PT Mitra Pack Tbk'}"
MKTR.JK,2026-09-03,0.23434,,2026-09-03T13:07:57.784854+00:00,"{'symbol': 'MKTR.JK', 'free_float': 0.23434, 'company_name': 'PT Menthobi Karyatama Raya Tbk'}"
WAPO.JK,2026-09-03,0.2343,,2026-09-03T13:07:57.784854+00:00,"{'symbol': 'WAPO.JK', 'free_float': 0.2343, 'company_name': 'Wahana Pronatural Tbk'}"
TIRA.JK,2026-09-03,0.2339,,2026-09-03T13:07:57.784854+00:00,"{'symbol': 'TIRA.JK', 'free_float': 0.2339, 'company_name': 'Tira Austenite Tbk'}"
CBUT.JK,2026-09-03,0.23282,,2026-09-03T13:07:57.784854+00:00,"{'symbol': 'CBUT.JK', 'free_float': 0.23282, 'company_name': 'PT Citra Borneo Utama Tbk'}"
RALS.JK,2026-09-03,0.232,,2026-09-03T13:07:57.784854+00:00,"{'symbol': 'RALS.JK', 'free_float': 0.232, 'company_name': 'Ramayana Lestari Sentosa Tbk'}"
IPCC.JK,2026-09-03,0.23155,,2026-09-03T13:07:57.784854+00:00,"{'symbol': 'IPCC.JK', 'free_float': 0.23155, 'company_name': 'PT Indonesia Kendaraan Terminal Tbk'}"
HBAT.JK,2026-09-03,0.2313,,2026-09-03T13:07:57.784854+00:00,"{'symbol': 'HBAT.JK', 'free_float': 0.2313, 'company_name': 'PT Minahasa Membangun Hebat Tbk'}"
ASGR.JK,2026-09-03,0.2313,,2026-09-03T13:07:57.784854+00:00,"{'symbol': 'ASGR.JK', 'free_float': 0.2313, 'company_name': 'Astra Graphia Tbk'}"
DFAM.JK,2026-09-03,0.231,,2026-09-03T13:07:57.784854+00:00,"{'symbol': 'DFAM.JK', 'free_float': 0.231, 'company_name': 'PT Dafam Property Indonesia Tbk'}"
RELF.JK,2026-09-03,0.231,,2026-09-03T13:07:57.784854+00:00,"{'symbol': 'RELF.JK', 'free_float': 0.231, 'company_name': 'PT Graha Mitra Asia Tbk'}"
FOOD.JK,2026-09-03,0.2308,,2026-09-03T13:07:57.784854+00:00,"{'symbol': 'FOOD.JK', 'free_float': 0.2308, 'company_name': 'PT Sentra Food Indonesia Tbk'}"
BSML.JK,2026-09-03,0.2308,,2026-09-03T13:07:57.784854+00:00,"{'symbol': 'BSML.JK', 'free_float': 0.2308, 'company_name': 'PT Bintang Samudera Mandiri Lines Tbk'}"
TEBE.JK,2026-09-03,0.2308,,2026-09-03T13:07:57.784854+00:00,"{'symbol': 'TEBE.JK', 'free_float': 0.2308, 'company_name': 'PT Dana Brata Luhur Tbk'}"
YOII.JK,2026-09-03,0.2307,,2026-09-03T13:07:57.784854+00:00,"{'symbol': 'YOII.JK', 'free_float': 0.2307, 'company_name': 'PT Asuransi Digital Bersama Tbk'}"
PPRE.JK,2026-09-03,0.23005,,2026-09-03T13:07:57.784854+00:00,"{'symbol': 'PPRE.JK', 'free_float': 0.23005, 'company_name': 'PT PP Presisi Tbk'}"
KARW.JK,2026-09-03,0.2297,,2026-09-03T13:07:57.784854+00:00,"{'symbol': 'KARW.JK', 'free_float': 0.2297, 'company_name': 'Meratus Jasa Prima Tbk'}"
RGAS.JK,2026-09-03,0.229,,2026-09-03T13:07:57.784854+00:00,"{'symbol': 'RGAS.JK', 'free_float': 0.229, 'company_name': 'PT Kian Santang Muliatama Tbk'}"
BVIC.JK,2026-09-03,0.22886,,2026-09-03T13:07:57.784854+00:00,"{'symbol': 'BVIC.JK', 'free_float': 0.22886, 'company_name': 'Bank Victoria International Tbk'}"
PTMR.JK,2026-09-03,0.2281,,2026-09-03T13:07:57.784854+00:00,"{'symbol': 'PTMR.JK', 'free_float': 0.2281, 'company_name': 'PT Master Print Tbk'}"
DRMA.JK,2026-09-03,0.228,,2026-09-03T13:07:57.784854+00:00,"{'symbol': 'DRMA.JK', 'free_float': 0.228, 'company_name': 'PT Dharma Polimetal Tbk'}"
SDMU.JK,2026-09-03,0.2277,,2026-09-03T13:07:57.784854+00:00,"{'symbol': 'SDMU.JK', 'free_float': 0.2277, 'company_name': 'Sidomulyo Selaras Tbk'}"
MERI.JK,2026-09-03,0.2272,,2026-09-03T13:07:57.784854+00:00,"{'symbol': 'MERI.JK', 'free_float': 0.2272, 'company_name': 'PT Merry Riana Edukasi Tbk'}"
ASJT.JK,2026-09-03,0.22607,,2026-09-03T13:07:57.784854+00:00,"{'symbol': 'ASJT.JK', 'free_float': 0.22607, 'company_name': 'Asuransi Jasa Tania Tbk'}"
ZBRA.JK,2026-09-03,0.2257,,2026-09-03T13:07:57.784854+00:00,"{'symbol': 'ZBRA.JK', 'free_float': 0.2257, 'company_name': 'PT Dosni Roha Indonesia Tbk'}"
MTMH.JK,2026-09-03,0.225,,2026-09-03T13:07:58.275104+00:00,"{'symbol': 'MTMH.JK', 'free_float': 0.225, 'company_name': 'PT Murni Sadar Tbk'}"
APII.JK,2026-09-03,0.2245,,2026-09-03T13:07:58.275104+00:00,"{'symbol': 'APII.JK', 'free_float': 0.2245, 'company_name': 'PT Arita Prima Indonesia Tbk.'}"
DCII.JK,2026-09-03,0.2236,,2026-09-03T13:07:58.275104+00:00,"{'symbol': 'DCII.JK', 'free_float': 0.2236, 'company_name': 'PT DCI Indonesia Tbk'}"
LRNA.JK,2026-09-03,0.2235,,2026-09-03T13:07:58.275104+00:00,"{'symbol': 'LRNA.JK', 'free_float': 0.2235, 'company_name': 'PT Eka Sari Lorena Transport Tbk'}"
STRK.JK,2026-09-03,0.2226,,2026-09-03T13:07:58.275104+00:00,"{'symbol': 'STRK.JK', 'free_float': 0.2226, 'company_name': 'PT Lovina Beach Brewery Tbk'}"
MIDI.JK,2026-09-03,0.2224,,2026-09-03T13:07:58.275104+00:00,"{'symbol': 'MIDI.JK', 'free_float': 0.2224, 'company_name': 'Midi Utama Indonesia Tbk'}"
IMPC.JK,2026-09-03,0.2223,,2026-09-03T13:07:58.275104+00:00,"{'symbol': 'IMPC.JK', 'free_float': 0.2223, 'company_name': 'PT Impack Pratama Industri Tbk'}"
OBAT.JK,2026-09-03,0.2223,,2026-09-03T13:07:58.275104+00:00,"{'symbol': 'OBAT.JK', 'free_float': 0.2223, 'company_name': 'PT Brigit Biofarmaka Teknologi Tbk'}"
RAAM.JK,2026-09-03,0.22099,,2026-09-03T13:07:58.275104+00:00,"{'symbol': 'RAAM.JK', 'free_float': 0.22099, 'company_name': 'PT Tripar Multivision Plus Tbk'}"
FUJI.JK,2026-09-03,0.2207,,2026-09-03T13:07:58.275104+00:00,"{'symbol': 'FUJI.JK', 'free_float': 0.2207, 'company_name': 'PT Fuji Finance Indonesia Tbk'}"
VTNY.JK,2026-09-03,0.2203,,2026-09-03T13:07:58.275104+00:00,"{'symbol': 'VTNY.JK', 'free_float': 0.2203, 'company_name': 'PT Venteny Fortuna International Tbk'}"
KMDS.JK,2026-09-03,0.2202,,2026-09-03T13:07:58.275104+00:00,"{'symbol': 'KMDS.JK', 'free_float': 0.2202, 'company_name': 'PT Kurniamitra Duta Sentosa Tbk'}"
SBMA.JK,2026-09-03,0.2199,,2026-09-03T13:07:58.275104+00:00,"{'symbol': 'SBMA.JK', 'free_float': 0.2199, 'company_name': 'PT Surya Biru Murni Acetylene Tbk'}"
SWAT.JK,2026-09-03,0.2198,,2026-09-03T13:07:58.275104+00:00,"{'symbol': 'SWAT.JK', 'free_float': 0.2198, 'company_name': 'PT Sriwahana Adityakarta Tbk'}"
MTRA.JK,2026-09-03,0.21879,,2026-09-03T13:07:58.275104+00:00,"{'symbol': 'MTRA.JK', 'free_float': 0.21879, 'company_name': 'PT Mitra Pemuda Tbk'}"
BATR.JK,2026-09-03,0.2179,,2026-09-03T13:07:58.275104+00:00,"{'symbol': 'BATR.JK', 'free_float': 0.2179, 'company_name': 'PT Benteng Api Technic Tbk'}"
MKPI.JK,2026-09-03,0.2179,,2026-09-03T13:07:58.275104+00:00,"{'symbol': 'MKPI.JK', 'free_float': 0.2179, 'company_name': 'Metropolitan Kentjana Tbk'}"
AYAM.JK,2026-09-03,0.2177,,2026-09-03T13:07:58.275104+00:00,"{'symbol': 'AYAM.JK', 'free_float': 0.2177, 'company_name': 'PT Janu Putra Sejahtera Tbk.'}"
CHEK.JK,2026-09-03,0.2175,,2026-09-03T13:07:58.275104+00:00,"{'symbol': 'CHEK.JK', 'free_float': 0.2175, 'company_name': 'PT Diastika Biotekindo Tbk'}"
PPRO.JK,2026-09-03,0.2173,,2026-09-03T13:07:58.275104+00:00,"{'symbol': 'PPRO.JK', 'free_float': 0.2173, 'company_name': 'PT PP Properti Tbk'}"
KAQI.JK,2026-09-03,0.2168,,2026-09-03T13:07:58.275104+00:00,"{'symbol': 'KAQI.JK', 'free_float': 0.2168, 'company_name': 'PT Jantra Grupo Indonesia Tbk'}"
NICK.JK,2026-09-03,0.2162,,2026-09-03T13:07:58.275104+00:00,"{'symbol': 'NICK.JK', 'free_float': 0.2162, 'company_name': 'PT Charnic Capital Tbk'}"
INOV.JK,2026-09-03,0.2162,,2026-09-03T13:07:58.275104+00:00,"{'symbol': 'INOV.JK', 'free_float': 0.2162, 'company_name': 'PT Inocycle Technology Group Tbk'}"
GDST.JK,2026-09-03,0.2161,,2026-09-03T13:07:58.275104+00:00,"{'symbol': 'GDST.JK', 'free_float': 0.2161, 'company_name': 'Gunawan Dianjaya Steel Tbk'}"
ACRO.JK,2026-09-03,0.216,,2026-09-03T13:07:58.275104+00:00,"{'symbol': 'ACRO.JK', 'free_float': 0.216, 'company_name': 'PT Samcro Hyosung Adilestari Tbk.'}"
OMRE.JK,2026-09-03,0.21582,,2026-09-03T13:07:58.275104+00:00,"{'symbol': 'OMRE.JK', 'free_float': 0.21582, 'company_name': 'Indonesia Prima Property Tbk'}"
VAST.JK,2026-09-03,0.2155,,2026-09-03T13:07:58.275104+00:00,"{'symbol': 'VAST.JK', 'free_float': 0.2155, 'company_name': 'PT Vastland Indonesia Tbk'}"
PRIM.JK,2026-09-03,0.2154,,2026-09-03T13:07:58.275104+00:00,"{'symbol': 'PRIM.JK', 'free_float': 0.2154, 'company_name': 'PT Royal Prima Tbk'}"
TECH.JK,2026-09-03,0.21523,,2026-09-03T13:07:58.275104+00:00,"{'symbol': 'TECH.JK', 'free_float': 0.21523, 'company_name': 'PT Indosterling Technomedia Tbk'}"
EMDE.JK,2026-09-03,0.2151,,2026-09-03T13:07:58.275104+00:00,"{'symbol': 'EMDE.JK', 'free_float': 0.2151, 'company_name': 'Megapolitan Developments Tbk'}"
KOKA.JK,2026-09-03,0.215,,2026-09-03T13:07:58.275104+00:00,"{'symbol': 'KOKA.JK', 'free_float': 0.215, 'company_name': 'PT Koka Indonesia Tbk'}"
TFAS.JK,2026-09-03,0.2144,,2026-09-03T13:07:58.275104+00:00,"{'symbol': 'TFAS.JK', 'free_float': 0.2144, 'company_name': 'PT Telefast Indonesia Tbk'}"
KONI.JK,2026-09-03,0.2139,,2026-09-03T13:07:58.275104+00:00,"{'symbol': 'KONI.JK', 'free_float': 0.2139, 'company_name': 'Perdana Bangun Pusaka Tbk'}"
GRPM.JK,2026-09-03,0.2136,,2026-09-03T13:07:58.275104+00:00,"{'symbol': 'GRPM.JK', 'free_float': 0.2136, 'company_name': 'PT Graha Prima Mentari Tbk'}"
HEXA.JK,2026-09-03,0.2129,,2026-09-03T13:07:58.275104+00:00,"{'symbol': 'HEXA.JK', 'free_float': 0.2129, 'company_name': 'Hexindo Adiperkasa Tbk'}"
BYAN.JK,2026-09-03,0.21287,,2026-09-03T13:07:58.275104+00:00,"{'symbol': 'BYAN.JK', 'free_float': 0.21287, 'company_name': 'Bayan Resources Tbk'}"
CLEO.JK,2026-09-03,0.21248,,2026-09-03T13:07:58.275104+00:00,"{'symbol': 'CLEO.JK', 'free_float': 0.21248, 'company_name': 'PT Sariguna Primatirta Tbk'}"
FAST.JK,2026-09-03,0.2124,,2026-09-03T13:07:58.275104+00:00,"{'symbol': 'FAST.JK', 'free_float': 0.2124, 'company_name': 'PT Fast Food Indonesia Tbk'}"
MAHA.JK,2026-09-03,0.2123,,2026-09-03T13:07:58.275104+00:00,"{'symbol': 'MAHA.JK', 'free_float': 0.2123, 'company_name': 'PT Mandiri Herindo Adiperkasa Tbk'}"
NRCA.JK,2026-09-03,0.2121,,2026-09-03T13:07:58.275104+00:00,"{'symbol': 'NRCA.JK', 'free_float': 0.2121, 'company_name': 'PT Nusa Raya Cipta Tbk'}"
RDTX.JK,2026-09-03,0.2117,,2026-09-03T13:07:58.275104+00:00,"{'symbol': 'RDTX.JK', 'free_float': 0.2117, 'company_name': 'Roda Vivatex Tbk'}"
PTPS.JK,2026-09-03,0.2111,,2026-09-03T13:07:58.275104+00:00,"{'symbol': 'PTPS.JK', 'free_float': 0.2111, 'company_name': 'PT Pulau Subur Tbk'}"
KOCI.JK,2026-09-03,0.2107,,2026-09-03T13:07:58.275104+00:00,"{'symbol': 'KOCI.JK', 'free_float': 0.2107, 'company_name': 'PT Kokoh Exa Nusantara'}"
JELI.JK,2026-09-03,0.2101,,2026-09-03T13:07:58.275104+00:00,"{'symbol': 'JELI.JK', 'free_float': 0.2101, 'company_name': 'PT Niramas Utama Tbk'}"
KRAS.JK,2026-09-03,0.21,,2026-09-03T13:07:58.275104+00:00,"{'symbol': 'KRAS.JK', 'free_float': 0.21, 'company_name': 'Krakatau Steel (Persero) Tbk'}"
NZIA.JK,2026-09-03,0.21,,2026-09-03T13:07:58.275104+00:00,"{'symbol': 'NZIA.JK', 'free_float': 0.21, 'company_name': 'PT Nusantara Almazia, Tbk'}"
WBSA.JK,2026-09-03,0.2099,,2026-09-03T13:07:58.275104+00:00,"{'symbol': 'WBSA.JK', 'free_float': 0.2099, 'company_name': 'PT BSA Logistics Indonesia Tbk'}"
MAYA.JK,2026-09-03,0.2097,,2026-09-03T13:07:58.275104+00:00,"{'symbol': 'MAYA.JK', 'free_float': 0.2097, 'company_name': 'PT Bank Mayapada Internasional Tbk'}"
LIVE.JK,2026-09-03,0.20862,,2026-09-03T13:07:58.275104+00:00,"{'symbol': 'LIVE.JK', 'free_float': 0.20862, 'company_name': 'PT Homeco Victoria Makmur Tbk'}"
ISEA.JK,2026-09-03,0.2086,,2026-09-03T13:07:58.275104+00:00,"{'symbol': 'ISEA.JK', 'free_float': 0.2086, 'company_name': 'PT Indo American Seafoods Tbk'}"
NSSS.JK,2026-09-03,0.20859,,2026-09-03T13:07:58.275104+00:00,"{'symbol': 'NSSS.JK', 'free_float': 0.20859, 'company_name': 'PT Nusantara Sawit Sejahtera Tbk'}"
FITT.JK,2026-09-03,0.20821,,2026-09-03T13:07:58.275104+00:00,"{'symbol': 'FITT.JK', 'free_float': 0.20821, 'company_name': 'PT Hotel Fitra International Tbk'}"
DKHH.JK,2026-09-03,0.2079,,2026-09-03T13:07:58.275104+00:00,"{'symbol': 'DKHH.JK', 'free_float': 0.2079, 'company_name': 'PT Cipta Sarana Medika Tbk'}"
ETWA.JK,2026-09-03,0.2074,,2026-09-03T13:07:58.275104+00:00,"{'symbol': 'ETWA.JK', 'free_float': 0.2074, 'company_name': 'Eterindo Wahanatama Tbk'}"
TCID.JK,2026-09-03,0.2073,,2026-09-03T13:07:58.275104+00:00,"{'symbol': 'TCID.JK', 'free_float': 0.2073, 'company_name': 'Mandom Indonesia Tbk'}"
TRUS.JK,2026-09-03,0.2072,,2026-09-03T13:07:58.275104+00:00,"{'symbol': 'TRUS.JK', 'free_float': 0.2072, 'company_name': 'Trust Finance Indonesia Tbk'}"
TGUK.JK,2026-09-03,0.2068,,2026-09-03T13:07:58.275104+00:00,"{'symbol': 'TGUK.JK', 'free_float': 0.2068, 'company_name': 'PT Platinum Wahab Nusantara Tbk'}"
BINA.JK,2026-09-03,0.2064,,2026-09-03T13:07:58.275104+00:00,"{'symbol': 'BINA.JK', 'free_float': 0.2064, 'company_name': 'PT Bank Ina Perdana Tbk.'}"
INCO.JK,2026-09-03,0.20635,,2026-09-03T13:07:58.275104+00:00,"{'symbol': 'INCO.JK', 'free_float': 0.20635, 'company_name': 'Vale Indonesia Tbk'}"
TIRT.JK,2026-09-03,0.2062,,2026-09-03T13:07:58.275104+00:00,"{'symbol': 'TIRT.JK', 'free_float': 0.2062, 'company_name': 'Tirta Mahakam Resources Tbk'}"
EMMI.JK,2026-09-03,0.206,,2026-09-03T13:07:58.275104+00:00,"{'symbol': 'EMMI.JK', 'free_float': 0.206, 'company_name': 'PT Esa Medika Mandiri Tbk'}"
CLAY.JK,2026-09-03,0.2059,,2026-09-03T13:07:58.275104+00:00,"{'symbol': 'CLAY.JK', 'free_float': 0.2059, 'company_name': 'PT Citra Putra Realty Tbk'}"
DIVA.JK,2026-09-03,0.2059,,2026-09-03T13:07:58.275104+00:00,"{'symbol': 'DIVA.JK', 'free_float': 0.2059, 'company_name': 'PT Distribusi Voucher Nusantara Tbk'}"
MTLA.JK,2026-09-03,0.2053,,2026-09-03T13:07:58.275104+00:00,"{'symbol': 'MTLA.JK', 'free_float': 0.2053, 'company_name': 'Metropolitan Land Tbk'}"
SWID.JK,2026-09-03,0.2051,,2026-09-03T13:07:58.275104+00:00,"{'symbol': 'SWID.JK', 'free_float': 0.2051, 'company_name': 'PT Saraswanti Indoland Development Tbk'}"
GWSA.JK,2026-09-03,0.20504,,2026-09-03T13:07:58.275104+00:00,"{'symbol': 'GWSA.JK', 'free_float': 0.20504, 'company_name': 'PT Greenwood Sejahtera Tbk'}"
CRSN.JK,2026-09-03,0.2048,,2026-09-03T13:07:58.275104+00:00,"{'symbol': 'CRSN.JK', 'free_float': 0.2048, 'company_name': 'PT Carsurin Tbk'}"
SIDO.JK,2026-09-03,0.2046,,2026-09-03T13:07:58.275104+00:00,"{'symbol': 'SIDO.JK', 'free_float': 0.2046, 'company_name': 'PT Industri Jamu Dan Farmasi Sido Muncul Tbk'}"
BCAP.JK,2026-09-03,0.2041,,2026-09-03T13:07:58.275104+00:00,"{'symbol': 'BCAP.JK', 'free_float': 0.2041, 'company_name': 'MNC Kapital Indonesia Tbk'}"
DSSA.JK,2026-09-03,0.204,,2026-09-03T13:07:58.275104+00:00,"{'symbol': 'DSSA.JK', 'free_float': 0.204, 'company_name': 'Dian Swastatika Sentosa Tbk'}"
POSA.JK,2026-09-03,0.20353,,2026-09-03T13:07:58.275104+00:00,"{'symbol': 'POSA.JK', 'free_float': 0.20353, 'company_name': 'PT Bliss Properti Indonesia Tbk'}"
TUGU.JK,2026-09-03,0.20327,,2026-09-03T13:07:58.275104+00:00,"{'symbol': 'TUGU.JK', 'free_float': 0.20327, 'company_name': 'PT Asuransi Tugu Pratama Indonesia Tbk'}"
GEMA.JK,2026-09-03,0.20321,,2026-09-03T13:07:58.275104+00:00,"{'symbol': 'GEMA.JK', 'free_float': 0.20321, 'company_name': 'Gema Grahasarana Tbk'}"
AALI.JK,2026-09-03,0.2032,,2026-09-03T13:07:58.275104+00:00,"{'symbol': 'AALI.JK', 'free_float': 0.2032, 'company_name': 'Astra Agro Lestari Tbk'}"
ALII.JK,2026-09-03,0.2021,,2026-09-03T13:07:58.275104+00:00,"{'symbol': 'ALII.JK', 'free_float': 0.2021, 'company_name': 'PT Ancara Logistics Indonesia Tbk'}"
IKPM.JK,2026-09-03,0.2019,,2026-09-03T13:07:58.275104+00:00,"{'symbol': 'IKPM.JK', 'free_float': 0.2019, 'company_name': 'PT Ikapharmindo Putramas Tbk'}"
SUNI.JK,2026-09-03,0.2018,,2026-09-03T13:07:58.275104+00:00,"{'symbol': 'SUNI.JK', 'free_float': 0.2018, 'company_name': 'PT Sunindo Pratama Tbk'}"
BAIK.JK,2026-09-03,0.2018,,2026-09-03T13:07:58.275104+00:00,"{'symbol': 'BAIK.JK', 'free_float': 0.2018, 'company_name': 'PT Bersama Mencapai Puncak Tbk.'}"
VOKS.JK,2026-09-03,0.2015,,2026-09-03T13:07:58.275104+00:00,"{'symbol': 'VOKS.JK', 'free_float': 0.2015, 'company_name': 'Voksel Electric Tbk'}"
AREA.JK,2026-09-03,0.2007,,2026-09-03T13:07:58.275104+00:00,"{'symbol': 'AREA.JK', 'free_float': 0.2007, 'company_name': 'PT Dunia Virtual Online Tbk'}"
POLI.JK,2026-09-03,0.2005,,2026-09-03T13:07:58.275104+00:00,"{'symbol': 'POLI.JK', 'free_float': 0.2005, 'company_name': 'PT Pollux Hotels Group Tbk'}"
SAGE.JK,2026-09-03,0.2004,,2026-09-03T13:07:58.275104+00:00,"{'symbol': 'SAGE.JK', 'free_float': 0.2004, 'company_name': 'PT Saptausaha Gemilangindah Tbk'}"
AUTO.JK,2026-09-03,0.20026,,2026-09-03T13:07:58.275104+00:00,"{'symbol': 'AUTO.JK', 'free_float': 0.20026, 'company_name': 'Astra Otoparts Tbk'}"
ROCK.JK,2026-09-03,0.2,,2026-09-03T13:07:58.275104+00:00,"{'symbol': 'ROCK.JK', 'free_float': 0.2, 'company_name': 'PT Rockfields Properti Indonesia Tbk'}"
UCID.JK,2026-09-03,0.2,,2026-09-03T13:07:58.275104+00:00,"{'symbol': 'UCID.JK', 'free_float': 0.2, 'company_name': 'PT Uni-Charm Indonesia Tbk'}"
MANG.JK,2026-09-03,0.2,,2026-09-03T13:07:58.275104+00:00,"{'symbol': 'MANG.JK', 'free_float': 0.2, 'company_name': 'PT Manggung Polahraya Tbk'}"
MHKI.JK,2026-09-03,0.2,,2026-09-03T13:07:58.275104+00:00,"{'symbol': 'MHKI.JK', 'free_float': 0.2, 'company_name': 'PT Multi Hanna Kreasindo Tbk'}"
MKAP.JK,2026-09-03,0.2,,2026-09-03T13:07:58.275104+00:00,"{'symbol': 'MKAP.JK', 'free_float': 0.2, 'company_name': 'PT Multikarya Asia Pasifik Raya Tbk'}"
TCPI.JK,2026-09-03,0.2,,2026-09-03T13:07:58.275104+00:00,"{'symbol': 'TCPI.JK', 'free_float': 0.2, 'company_name': 'PT Transcoal Pacific Tbk'}"
SMGA.JK,2026-09-03,0.2,,2026-09-03T13:07:58.275104+00:00,"{'symbol': 'SMGA.JK', 'free_float': 0.2, 'company_name': 'PT Sumber Mineral Global Abadi Tbk'}"
GTRA.JK,2026-09-03,0.2,,2026-09-03T13:07:58.275104+00:00,"{'symbol': 'GTRA.JK', 'free_float': 0.2, 'company_name': 'PT Grahaprima Suksesmandiri Tbk'}"
PMUI.JK,2026-09-03,0.2,,2026-09-03T13:07:58.275104+00:00,"{'symbol': 'PMUI.JK', 'free_float': 0.2, 'company_name': 'PT Prima Multi Usaha Indonesia Tbk'}"
RCCC.JK,2026-09-03,0.2,,2026-09-03T13:07:58.275104+00:00,"{'symbol': 'RCCC.JK', 'free_float': 0.2, 'company_name': 'PT Utama Radar Cahaya Tbk'}"
BLOG.JK,2026-09-03,0.2,,2026-09-03T13:07:58.275104+00:00,"{'symbol': 'BLOG.JK', 'free_float': 0.2, 'company_name': 'PT Trimitra Trans Persada Tbk'}"
RSCH.JK,2026-09-03,0.2,,2026-09-03T13:07:58.275104+00:00,"{'symbol': 'RSCH.JK', 'free_float': 0.2, 'company_name': 'PT Charlie Hospital Semarang Tbk'}"
PSKT.JK,2026-09-03,0.2,,2026-09-03T13:07:58.275104+00:00,"{'symbol': 'PSKT.JK', 'free_float': 0.2, 'company_name': 'PT Red Planet Indonesia Tbk'}"
ATAP.JK,2026-09-03,0.2,,2026-09-03T13:07:58.275104+00:00,"{'symbol': 'ATAP.JK', 'free_float': 0.2, 'company_name': 'PT Trimitra Prawara Goldland Tbk'}"
GUNA.JK,2026-09-03,0.2,,2026-09-03T13:07:58.275104+00:00,"{'symbol': 'GUNA.JK', 'free_float': 0.2, 'company_name': 'PT Gunanusa Eramandiri Tbk'}"
TAMU.JK,2026-09-03,0.2,,2026-09-03T13:07:58.275104+00:00,"{'symbol': 'TAMU.JK', 'free_float': 0.2, 'company_name': 'PT Pelayaran Tamarin Samudra Tbk'}"
VISI.JK,2026-09-03,0.2,,2026-09-03T13:07:58.275104+00:00,"{'symbol': 'VISI.JK', 'free_float': 0.2, 'company_name': 'PT Satu Visi Putra Tbk'}"
CBPE.JK,2026-09-03,0.2,,2026-09-03T13:07:58.275104+00:00,"{'symbol': 'CBPE.JK', 'free_float': 0.2, 'company_name': 'PT Citra Buana Prasida Tbk'}"
TOOL.JK,2026-09-03,0.2,,2026-09-03T13:07:58.275104+00:00,"{'symbol': 'TOOL.JK', 'free_float': 0.2, 'company_name': 'PT Rohartindo Nusantara Luas Tbk'}"
JATI.JK,2026-09-03,0.1999,,2026-09-03T13:07:58.275104+00:00,"{'symbol': 'JATI.JK', 'free_float': 0.1999, 'company_name': 'PT Informasi Teknologi Indonesia Tbk'}"
HAIS.JK,2026-09-03,0.1998,,2026-09-03T13:07:58.275104+00:00,"{'symbol': 'HAIS.JK', 'free_float': 0.1998, 'company_name': 'PT Hasnur Internasional Shipping Tbk'}"
ERAL.JK,2026-09-03,0.19963,,2026-09-03T13:07:58.275104+00:00,"{'symbol': 'ERAL.JK', 'free_float': 0.19963, 'company_name': 'PT Sinar Eka Selaras Tbk'}"
UNIQ.JK,2026-09-03,0.1996,,2026-09-03T13:07:58.275104+00:00,"{'symbol': 'UNIQ.JK', 'free_float': 0.1996, 'company_name': 'PT Ulima Nitra Tbk'}"
DMMX.JK,2026-09-03,0.1992,,2026-09-03T13:07:58.275104+00:00,"{'symbol': 'DMMX.JK', 'free_float': 0.1992, 'company_name': 'PT Digital Mediatama Maxima Tbk'}"
NPGF.JK,2026-09-03,0.1991,,2026-09-03T13:07:58.275104+00:00,"{'symbol': 'NPGF.JK', 'free_float': 0.1991, 'company_name': 'PT Nusa Palapa Gemilang Tbk'}"
DATA.JK,2026-09-03,0.199,,2026-09-03T13:07:58.275104+00:00,"{'symbol': 'DATA.JK', 'free_float': 0.199, 'company_name': 'PT Remala Abadi Tbk'}"
DOSS.JK,2026-09-03,0.1981,,2026-09-03T13:07:58.275104+00:00,"{'symbol': 'DOSS.JK', 'free_float': 0.1981, 'company_name': 'PT Global Sukses Digital Tbk'}"
STTP.JK,2026-09-03,0.19797,,2026-09-03T13:07:58.275104+00:00,"{'symbol': 'STTP.JK', 'free_float': 0.19797, 'company_name': 'PT Siantar Top Tbk'}"
MARK.JK,2026-09-03,0.1973,,2026-09-03T13:07:58.275104+00:00,"{'symbol': 'MARK.JK', 'free_float': 0.1973, 'company_name': 'PT Mark Dynamics Indonesia Tbk'}"
RISE.JK,2026-09-03,0.197,,2026-09-03T13:07:58.275104+00:00,"{'symbol': 'RISE.JK', 'free_float': 0.197, 'company_name': 'PT Jaya Sukses Makmur Sentosa Tbk'}"
ARGO.JK,2026-09-03,0.1969,,2026-09-03T13:07:58.275104+00:00,"{'symbol': 'ARGO.JK', 'free_float': 0.1969, 'company_name': 'Argo Pantes Tbk'}"
CUAN.JK,2026-09-03,0.19585,,2026-09-03T13:07:58.275104+00:00,"{'symbol': 'CUAN.JK', 'free_float': 0.19585, 'company_name': 'PT Petrindo Jaya Kreasi Tbk'}"
ICBP.JK,2026-09-03,0.1947,,2026-09-03T13:07:58.275104+00:00,"{'symbol': 'ICBP.JK', 'free_float': 0.1947, 'company_name': 'Indofood CBP Sukses Makmur Tbk'}"
RIGS.JK,2026-09-03,0.1946,,2026-09-03T13:07:58.275104+00:00,"{'symbol': 'RIGS.JK', 'free_float': 0.1946, 'company_name': 'Rig Tenders Tbk'}"
PORT.JK,2026-09-03,0.194,,2026-09-03T13:07:58.275104+00:00,"{'symbol': 'PORT.JK', 'free_float': 0.194, 'company_name': 'PT Nusantara Pelabuhan Handal Tbk'}"
MPRO.JK,2026-09-03,0.19361,,2026-09-03T13:07:58.275104+00:00,"{'symbol': 'MPRO.JK', 'free_float': 0.19361, 'company_name': 'PT Maha Properti Indonesia Tbk'}"
CSRA.JK,2026-09-03,0.1936,,2026-09-03T13:07:58.275104+00:00,"{'symbol': 'CSRA.JK', 'free_float': 0.1936, 'company_name': 'PT Cisadane Sawit Raya Tbk.'}"
CMRY.JK,2026-09-03,0.1928,,2026-09-03T13:07:58.275104+00:00,"{'symbol': 'CMRY.JK', 'free_float': 0.1928, 'company_name': 'PT Cisarua Mountain Dairy Tbk'}"
BOBA.JK,2026-09-03,0.1926,,2026-09-03T13:07:58.275104+00:00,"{'symbol': 'BOBA.JK', 'free_float': 0.1926, 'company_name': 'PT Formosa Ingredient Factory Tbk'}"
BIKE.JK,2026-09-03,0.1923,,2026-09-03T13:07:58.275104+00:00,"{'symbol': 'BIKE.JK', 'free_float': 0.1923, 'company_name': 'PT Sepeda Bersama Indonesia Tbk'}"
ASLC.JK,2026-09-03,0.192,,2026-09-03T13:07:58.275104+00:00,"{'symbol': 'ASLC.JK', 'free_float': 0.192, 'company_name': 'PT Autopedia Sukses Lestari Tbk'}"
HOTL.JK,2026-09-03,0.1908,,2026-09-03T13:07:58.275104+00:00,"{'symbol': 'HOTL.JK', 'free_float': 0.1908, 'company_name': 'Saraswati Griya Lestari Tbk'}"
MTSM.JK,2026-09-03,0.19057,,2026-09-03T13:07:58.275104+00:00,"{'symbol': 'MTSM.JK', 'free_float': 0.19057, 'company_name': 'Metro Realty Tbk'}"
SCNP.JK,2026-09-03,0.18973,,2026-09-03T13:07:58.275104+00:00,"{'symbol': 'SCNP.JK', 'free_float': 0.18973, 'company_name': 'PT Selaras Citra Nusantara Perkasa Tbk'}"
MORA.JK,2026-09-03,0.18882,,2026-09-03T13:07:58.275104+00:00,"{'symbol': 'MORA.JK', 'free_float': 0.18882, 'company_name': 'PT Ekamas Mora Republik Tbk'}"
TRGU.JK,2026-09-03,0.18851,,2026-09-03T13:07:58.275104+00:00,"{'symbol': 'TRGU.JK', 'free_float': 0.18851, 'company_name': 'PT Cerestar Indonesia Tbk'}"
AADI.JK,2026-09-03,0.1885,,2026-09-03T13:07:58.275104+00:00,"{'symbol': 'AADI.JK', 'free_float': 0.1885, 'company_name': 'PT Adaro Andalan Indonesia Tbk'}"
SOLA.JK,2026-09-03,0.18809,,2026-09-03T13:07:58.275104+00:00,"{'symbol': 'SOLA.JK', 'free_float': 0.18809, 'company_name': 'PT Xolare RCR Energy Tbk'}"
KSIX.JK,2026-09-03,0.1871,,2026-09-03T13:07:58.275104+00:00,"{'symbol': 'KSIX.JK', 'free_float': 0.1871, 'company_name': 'PT Kentanix Supra International Tbk'}"
KKGI.JK,2026-09-03,0.18413,,2026-09-03T13:07:58.275104+00:00,"{'symbol': 'KKGI.JK', 'free_float': 0.18413, 'company_name': 'Resource Alam Indonesia Tbk'}"
TYRE.JK,2026-09-03,0.1841,,2026-09-03T13:07:58.275104+00:00,"{'symbol': 'TYRE.JK', 'free_float': 0.1841, 'company_name': 'PT King Tire Indonesia Tbk'}"
VERN.JK,2026-09-03,0.184,,2026-09-03T13:07:58.275104+00:00,"{'symbol': 'VERN.JK', 'free_float': 0.184, 'company_name': 'PT Verona Indah Pictures Tbk'}"
MITI.JK,2026-09-03,0.1839,,2026-09-03T13:07:58.275104+00:00,"{'symbol': 'MITI.JK', 'free_float': 0.1839, 'company_name': 'Mitra Investindo Tbk'}"
SHIP.JK,2026-09-03,0.1831,,2026-09-03T13:07:58.275104+00:00,"{'symbol': 'SHIP.JK', 'free_float': 0.1831, 'company_name': 'PT Sillo Maritime Perdana Tbk'}"
AMIN.JK,2026-09-03,0.1829,,2026-09-03T13:07:58.275104+00:00,"{'symbol': 'AMIN.JK', 'free_float': 0.1829, 'company_name': 'PT Ateliers Mecaniques D Indonesie Tbk.'}"
LPIN.JK,2026-09-03,0.1829,,2026-09-03T13:07:58.275104+00:00,"{'symbol': 'LPIN.JK', 'free_float': 0.1829, 'company_name': 'Multi Prima Sejahtera Tbk'}"
MDIY.JK,2026-09-03,0.1819,,2026-09-03T13:07:58.275104+00:00,"{'symbol': 'MDIY.JK', 'free_float': 0.1819, 'company_name': 'PT Daya Intiguna Yasa Tbk'}"
BTON.JK,2026-09-03,0.1818,,2026-09-03T13:07:58.275104+00:00,"{'symbol': 'BTON.JK', 'free_float': 0.1818, 'company_name': 'Betonjaya Manunggal Tbk'}"
MGRO.JK,2026-09-03,0.1813,,2026-09-03T13:07:58.275104+00:00,"{'symbol': 'MGRO.JK', 'free_float': 0.1813, 'company_name': 'PT Mahkota Group Tbk'}"
PEVE.JK,2026-09-03,0.1811,,2026-09-03T13:07:58.275104+00:00,"{'symbol': 'PEVE.JK', 'free_float': 0.1811, 'company_name': 'PT Penta Valent Tbk'}"
FWCT.JK,2026-09-03,0.1803,,2026-09-03T13:07:58.275104+00:00,"{'symbol': 'FWCT.JK', 'free_float': 0.1803, 'company_name': 'PT Wijaya Cahaya Timber Tbk'}"
IFII.JK,2026-09-03,0.1802,,2026-09-03T13:07:58.275104+00:00,"{'symbol': 'IFII.JK', 'free_float': 0.1802, 'company_name': 'PT Indonesia Fibreboard Industry Tbk'}"
BOAT.JK,2026-09-03,0.1801,,2026-09-03T13:07:58.275104+00:00,"{'symbol': 'BOAT.JK', 'free_float': 0.1801, 'company_name': 'PT Newport Marine Services Tbk'}"
ULTJ.JK,2026-09-03,0.1792,,2026-09-03T13:07:58.275104+00:00,"{'symbol': 'ULTJ.JK', 'free_float': 0.1792, 'company_name': 'PT Ultrajaya Milk Industry & Trading Company Tbk'}"
ARTA.JK,2026-09-03,0.1787,,2026-09-03T13:07:58.275104+00:00,"{'symbol': 'ARTA.JK', 'free_float': 0.1787, 'company_name': 'Arthavest Tbk'}"
PZZA.JK,2026-09-03,0.178,,2026-09-03T13:07:58.275104+00:00,"{'symbol': 'PZZA.JK', 'free_float': 0.178, 'company_name': 'PT Sarimelati Kencana Tbk'}"
EKAD.JK,2026-09-03,0.1774,,2026-09-03T13:07:58.275104+00:00,"{'symbol': 'EKAD.JK', 'free_float': 0.1774, 'company_name': 'Ekadharma International Tbk'}"
AKPI.JK,2026-09-03,0.1773,,2026-09-03T13:07:58.275104+00:00,"{'symbol': 'AKPI.JK', 'free_float': 0.1773, 'company_name': 'Argha Karya Prima Ind. Tbk'}"
DMAS.JK,2026-09-03,0.1772,,2026-09-03T13:07:58.275104+00:00,"{'symbol': 'DMAS.JK', 'free_float': 0.1772, 'company_name': 'PT Puradelta Lestari Tbk'}"
PGJO.JK,2026-09-03,0.177,,2026-09-03T13:07:58.275104+00:00,"{'symbol': 'PGJO.JK', 'free_float': 0.177, 'company_name': 'PT Bahtera Bumi Raya Tbk'}"
WINE.JK,2026-09-03,0.1768,,2026-09-03T13:07:58.275104+00:00,"{'symbol': 'WINE.JK', 'free_float': 0.1768, 'company_name': 'PT Hatten Bali Tbk'}"
SRTG.JK,2026-09-03,0.17546,,2026-09-03T13:07:58.275104+00:00,"{'symbol': 'SRTG.JK', 'free_float': 0.17546, 'company_name': 'PT Saratoga Investama Sedaya Tbk'}"
AVIA.JK,2026-09-03,0.1752,,2026-09-03T13:07:58.275104+00:00,"{'symbol': 'AVIA.JK', 'free_float': 0.1752, 'company_name': 'PT Avia Avian Tbk'}"
MDLA.JK,2026-09-03,0.1751,,2026-09-03T13:07:58.275104+00:00,"{'symbol': 'MDLA.JK', 'free_float': 0.1751, 'company_name': 'PT Medela Potentia Tbk'}"
MBSS.JK,2026-09-03,0.175,,2026-09-03T13:07:58.275104+00:00,"{'symbol': 'MBSS.JK', 'free_float': 0.175, 'company_name': 'Mitrabahtera Segara Sejati Tbk'}"
SATU.JK,2026-09-03,0.1737,,2026-09-03T13:07:58.275104+00:00,"{'symbol': 'SATU.JK', 'free_float': 0.1737, 'company_name': 'PT Kota Satu Properti Tbk'}"
HRUM.JK,2026-09-03,0.17273,,2026-09-03T13:07:58.275104+00:00,"{'symbol': 'HRUM.JK', 'free_float': 0.17273, 'company_name': 'Harum Energy Tbk'}"
KBLM.JK,2026-09-03,0.1727,,2026-09-03T13:07:58.275104+00:00,"{'symbol': 'KBLM.JK', 'free_float': 0.1727, 'company_name': 'Kabelindo Murni Tbk'}"
APLN.JK,2026-09-03,0.17254,,2026-09-03T13:07:58.275104+00:00,"{'symbol': 'APLN.JK', 'free_float': 0.17254, 'company_name': 'PT Agung Podomoro Land Tbk.'}"
SRAJ.JK,2026-09-03,0.17232,,2026-09-03T13:07:58.275104+00:00,"{'symbol': 'SRAJ.JK', 'free_float': 0.17232, 'company_name': 'Sejahteraraya Anugrahjaya Tbk'}"
ASRM.JK,2026-09-03,0.1711,,2026-09-03T13:07:58.275104+00:00,"{'symbol': 'ASRM.JK', 'free_float': 0.1711, 'company_name': 'Asuransi Ramayana Tbk'}"
PDES.JK,2026-09-03,0.1709,,2026-09-03T13:07:58.275104+00:00,"{'symbol': 'PDES.JK', 'free_float': 0.1709, 'company_name': 'Destinasi Tirta Nusantara Tbk'}"
PTIS.JK,2026-09-03,0.1701,,2026-09-03T13:07:58.275104+00:00,"{'symbol': 'PTIS.JK', 'free_float': 0.1701, 'company_name': 'Indo Straits Tbk'}"
ELPI.JK,2026-09-03,0.1698,,2026-09-03T13:07:58.275104+00:00,"{'symbol': 'ELPI.JK', 'free_float': 0.1698, 'company_name': 'PT Pelayaran Nasional Ekalya Purnamasari Tbk'}"
TAPG.JK,2026-09-03,0.16936,,2026-09-03T13:07:58.275104+00:00,"{'symbol': 'TAPG.JK', 'free_float': 0.16936, 'company_name': 'PT Triputra Agro Persada Tbk'}"
CANI.JK,2026-09-03,0.169,,2026-09-03T13:07:58.275104+00:00,"{'symbol': 'CANI.JK', 'free_float': 0.169, 'company_name': 'PT Capitol Nusantara Indonesia Tbk.'}"
SDPC.JK,2026-09-03,0.1685,,2026-09-03T13:07:58.275104+00:00,"{'symbol': 'SDPC.JK', 'free_float': 0.1685, 'company_name': 'Millennium Pharmacon International Tbk'}"
SKLT.JK,2026-09-03,0.168,,2026-09-03T13:07:58.275104+00:00,"{'symbol': 'SKLT.JK', 'free_float': 0.168, 'company_name': 'Sekar Laut Tbk'}"
SAMF.JK,2026-09-03,0.1672,,2026-09-03T13:07:58.275104+00:00,"{'symbol': 'SAMF.JK', 'free_float': 0.1672, 'company_name': 'PT Saraswanti Anugerah Makmur Tbk'}"
SMBR.JK,2026-09-03,0.16596,,2026-09-03T13:07:58.275104+00:00,"{'symbol': 'SMBR.JK', 'free_float': 0.16596, 'company_name': 'PT Semen Baturaja Tbk'}"
HGII.JK,2026-09-03,0.1635,,2026-09-03T13:07:58.275104+00:00,"{'symbol': 'HGII.JK', 'free_float': 0.1635, 'company_name': 'PT Hero Global Investment Tbk'}"
ISAT.JK,2026-09-03,0.16343,,2026-09-03T13:07:58.275104+00:00,"{'symbol': 'ISAT.JK', 'free_float': 0.16343, 'company_name': 'PT Indosat Tbk'}"
PANI.JK,2026-09-03,0.1625,,2026-09-03T13:07:58.275104+00:00,"{'symbol': 'PANI.JK', 'free_float': 0.1625, 'company_name': 'PT Pantai Indah Kapuk Dua Tbk.'}"
BRAM.JK,2026-09-03,0.1623,,2026-09-03T13:07:58.275104+00:00,"{'symbol': 'BRAM.JK', 'free_float': 0.1623, 'company_name': 'Indo Kordsa Tbk'}"
ALKA.JK,2026-09-03,0.16206,,2026-09-03T13:07:58.275104+00:00,"{'symbol': 'ALKA.JK', 'free_float': 0.16206, 'company_name': 'Alakasa Industrindo Tbk'}"
PSSI.JK,2026-09-03,0.16144,,2026-09-03T13:07:58.275104+00:00,"{'symbol': 'PSSI.JK', 'free_float': 0.16144, 'company_name': 'PT IMC Pelita Logistik Tbk'}"
KDTN.JK,2026-09-03,0.1607,,2026-09-03T13:07:58.275104+00:00,"{'symbol': 'KDTN.JK', 'free_float': 0.1607, 'company_name': 'PT Puri Sentul Permai Tbk'}"
MPPA.JK,2026-09-03,0.16053,,2026-09-03T13:07:58.275104+00:00,"{'symbol': 'MPPA.JK', 'free_float': 0.16053, 'company_name': 'Matahari Putra Prima Tbk'}"
BBKP.JK,2026-09-03,0.16021,,2026-09-03T13:07:58.275104+00:00,"{'symbol': 'BBKP.JK', 'free_float': 0.16021, 'company_name': 'PT Bank KB Indonesia Tbk'}"
DAAZ.JK,2026-09-03,0.16,,2026-09-03T13:07:58.275104+00:00,"{'symbol': 'DAAZ.JK', 'free_float': 0.16, 'company_name': 'PT Daaz Bara Lestari Tbk'}"
POLA.JK,2026-09-03,0.1599,,2026-09-03T13:07:58.275104+00:00,"{'symbol': 'POLA.JK', 'free_float': 0.1599, 'company_name': 'PT Pool Advista Finance Tbk'}"
ATIC.JK,2026-09-03,0.1589,,2026-09-03T13:07:58.275104+00:00,"{'symbol': 'ATIC.JK', 'free_float': 0.1589, 'company_name': 'PT Anabatic Technologies Tbk'}"
ARCI.JK,2026-09-03,0.15883,,2026-09-03T13:07:58.275104+00:00,"{'symbol': 'ARCI.JK', 'free_float': 0.15883, 'company_name': 'PT Archi Indonesia Tbk'}"
PBSA.JK,2026-09-03,0.1578,,2026-09-03T13:07:58.275104+00:00,"{'symbol': 'PBSA.JK', 'free_float': 0.1578, 'company_name': 'PT Paramita Bangun Sarana Tbk'}"
LFLO.JK,2026-09-03,0.1557,,2026-09-03T13:07:58.275104+00:00,"{'symbol': 'LFLO.JK', 'free_float': 0.1557, 'company_name': 'PT Imago Mulia Persada Tbk'}"
BESS.JK,2026-09-03,0.1557,,2026-09-03T13:07:58.275104+00:00,"{'symbol': 'BESS.JK', 'free_float': 0.1557, 'company_name': 'PT Batulicin Nusantara Maritim Tbk.'}"
TMAS.JK,2026-09-03,0.1556,,2026-09-03T13:07:58.275104+00:00,"{'symbol': 'TMAS.JK', 'free_float': 0.1556, 'company_name': 'PT Temas Tbk'}"
RONY.JK,2026-09-03,0.1555,,2026-09-03T13:07:58.275104+00:00,"{'symbol': 'RONY.JK', 'free_float': 0.1555, 'company_name': 'PT Aracord Nusantara Group Tbk'}"
KDSI.JK,2026-09-03,0.15525,,2026-09-03T13:07:58.275104+00:00,"{'symbol': 'KDSI.JK', 'free_float': 0.15525, 'company_name': 'Kedawung Setia Industrial Tbk'}"
FORE.JK,2026-09-03,0.15463,,2026-09-03T13:07:58.275104+00:00,"{'symbol': 'FORE.JK', 'free_float': 0.15463, 'company_name': 'PT Fore Kopi Indonesia Tbk'}"
CSIS.JK,2026-09-03,0.1546,,2026-09-03T13:07:58.275104+00:00,"{'symbol': 'CSIS.JK', 'free_float': 0.1546, 'company_name': 'PT Cahayasakti Investindo Sukses Tbk'}"
IRRA.JK,2026-09-03,0.1545,,2026-09-03T13:07:58.275104+00:00,"{'symbol': 'IRRA.JK', 'free_float': 0.1545, 'company_name': 'PT Itama Ranoraya Tbk'}"
DLTA.JK,2026-09-03,0.1542,,2026-09-03T13:07:58.275104+00:00,"{'symbol': 'DLTA.JK', 'free_float': 0.1542, 'company_name': 'Delta Djakarta Tbk'}"
ASDM.JK,2026-09-03,0.154,,2026-09-03T13:07:58.275104+00:00,"{'symbol': 'ASDM.JK', 'free_float': 0.154, 'company_name': 'Asuransi Dayin Mitra Tbk'}"
SSTM.JK,2026-09-03,0.15398,,2026-09-03T13:07:58.275104+00:00,"{'symbol': 'SSTM.JK', 'free_float': 0.15398, 'company_name': 'Sunson Textile Manufacturer Tbk'}"
SMIL.JK,2026-09-03,0.1539,,2026-09-03T13:07:58.275104+00:00,"{'symbol': 'SMIL.JK', 'free_float': 0.1539, 'company_name': 'PT Sarana Mitra Luas Tbk'}"
ASBI.JK,2026-09-03,0.1533,,2026-09-03T13:07:58.275104+00:00,"{'symbol': 'ASBI.JK', 'free_float': 0.1533, 'company_name': 'Asuransi Bintang Tbk'}"
SILO.JK,2026-09-03,0.1524,,2026-09-03T13:07:58.275104+00:00,"{'symbol': 'SILO.JK', 'free_float': 0.1524, 'company_name': 'PT Siloam International Hospitals Tbk'}"
ZONE.JK,2026-09-03,0.1523,,2026-09-03T13:07:58.275104+00:00,"{'symbol': 'ZONE.JK', 'free_float': 0.1523, 'company_name': 'PT Mega Perintis Tbk'}"
DNET.JK,2026-09-03,0.1522,,2026-09-03T13:07:58.275104+00:00,"{'symbol': 'DNET.JK', 'free_float': 0.1522, 'company_name': 'PT Indoritel Makmur Internasional Tbk'}"
GTSI.JK,2026-09-03,0.152,,2026-09-03T13:07:58.275104+00:00,"{'symbol': 'GTSI.JK', 'free_float': 0.152, 'company_name': 'PT GTS Internasional Tbk'}"
CRAB.JK,2026-09-03,0.152,,2026-09-03T13:07:58.275104+00:00,"{'symbol': 'CRAB.JK', 'free_float': 0.152, 'company_name': 'PT Toba Surimi Industries Tbk'}"
SAME.JK,2026-09-03,0.1517,,2026-09-03T13:07:58.275104+00:00,"{'symbol': 'SAME.JK', 'free_float': 0.1517, 'company_name': 'Sarana Meditama Metropolitan Tbk'}"
PNBN.JK,2026-09-03,0.1508,,2026-09-03T13:07:58.275104+00:00,"{'symbol': 'PNBN.JK', 'free_float': 0.1508, 'company_name': 'Bank Pan Indonesia Tbk'}"
BSBK.JK,2026-09-03,0.1507,,2026-09-03T13:07:58.275104+00:00,"{'symbol': 'BSBK.JK', 'free_float': 0.1507, 'company_name': 'PT Wulandari Bangun Laksana Tbk'}"
VINS.JK,2026-09-03,0.1507,,2026-09-03T13:07:58.275104+00:00,"{'symbol': 'VINS.JK', 'free_float': 0.1507, 'company_name': 'PT Victoria Insurance Tbk'}"
BACH.JK,2026-09-03,0.1506,,2026-09-03T13:07:58.275104+00:00,"{'symbol': 'BACH.JK', 'free_float': 0.1506, 'company_name': 'PT Bach Multi Global Tbk'}"
MLPT.JK,2026-09-03,0.1505,,2026-09-03T13:07:58.275104+00:00,"{'symbol': 'MLPT.JK', 'free_float': 0.1505, 'company_name': 'PT Multipolar Technology Tbk'}"
GDYR.JK,2026-09-03,0.15,,2026-09-03T13:07:58.275104+00:00,"{'symbol': 'GDYR.JK', 'free_float': 0.15, 'company_name': 'Goodyear Indonesia Tbk'}"
PSAT.JK,2026-09-03,0.15,,2026-09-03T13:07:58.275104+00:00,"{'symbol': 'PSAT.JK', 'free_float': 0.15, 'company_name': 'PT Pancaran Samudera Transport Tbk'}"
POLL.JK,2026-09-03,0.15,,2026-09-03T13:07:58.275104+00:00,"{'symbol': 'POLL.JK', 'free_float': 0.15, 'company_name': 'PT Pollux Properties Indonesia Tbk'}"
PDPP.JK,2026-09-03,0.15,,2026-09-03T13:07:58.275104+00:00,"{'symbol': 'PDPP.JK', 'free_float': 0.15, 'company_name': 'PT Primadaya Plastisindo Tbk'}"
ABMM.JK,2026-09-03,0.15,,2026-09-03T13:07:58.275104+00:00,"{'symbol': 'ABMM.JK', 'free_float': 0.15, 'company_name': 'ABM Investama Tbk'}"
MSTI.JK,2026-09-03,0.14997,,2026-09-03T13:07:58.275104+00:00,"{'symbol': 'MSTI.JK', 'free_float': 0.14997, 'company_name': 'PT Mastersystem Infotama Tbk'}"
TRIS.JK,2026-09-03,0.1498,,2026-09-03T13:07:58.275104+00:00,"{'symbol': 'TRIS.JK', 'free_float': 0.1498, 'company_name': 'Trisula International Tbk'}"
SHID.JK,2026-09-03,0.14925,,2026-09-03T13:07:58.275104+00:00,"{'symbol': 'SHID.JK', 'free_float': 0.14925, 'company_name': 'Hotel Sahid Jaya Tbk'}"
DGWG.JK,2026-09-03,0.1491,,2026-09-03T13:07:58.275104+00:00,"{'symbol': 'DGWG.JK', 'free_float': 0.1491, 'company_name': 'PT Delta Giri Wacana Tbk'}"
JRPT.JK,2026-09-03,0.1491,,2026-09-03T13:07:58.275104+00:00,"{'symbol': 'JRPT.JK', 'free_float': 0.1491, 'company_name': 'Jaya Real Property Tbk'}"
BCIC.JK,2026-09-03,0.149,,2026-09-03T13:07:58.275104+00:00,"{'symbol': 'BCIC.JK', 'free_float': 0.149, 'company_name': 'PT Bank JTrust Indonesia Tbk.'}"
NISP.JK,2026-09-03,0.14898,,2026-09-03T13:07:58.275104+00:00,"{'symbol': 'NISP.JK', 'free_float': 0.14898, 'company_name': 'PT Bank OCBC NISP Tbk'}"
HELI.JK,2026-09-03,0.1473,,2026-09-03T13:07:58.275104+00:00,"{'symbol': 'HELI.JK', 'free_float': 0.1473, 'company_name': 'PT Jaya Trishindo Tbk'}"
PURI.JK,2026-09-03,0.1473,,2026-09-03T13:07:58.275104+00:00,"{'symbol': 'PURI.JK', 'free_float': 0.1473, 'company_name': 'PT Puri Global Sukses Tbk'}"
SPMA.JK,2026-09-03,0.1469,,2026-09-03T13:07:58.275104+00:00,"{'symbol': 'SPMA.JK', 'free_float': 0.1469, 'company_name': 'Suparma Tbk'}"
OMED.JK,2026-09-03,0.1466,,2026-09-03T13:07:58.275104+00:00,"{'symbol': 'OMED.JK', 'free_float': 0.1466, 'company_name': 'PT Jayamas Medica Industri Tbk'}"
POWR.JK,2026-09-03,0.1465,,2026-09-03T13:07:58.275104+00:00,"{'symbol': 'POWR.JK', 'free_float': 0.1465, 'company_name': 'PT Cikarang Listrindo Tbk'}"
VICI.JK,2026-09-03,0.1465,,2026-09-03T13:07:58.275104+00:00,"{'symbol': 'VICI.JK', 'free_float': 0.1465, 'company_name': 'PT Victoria Care Indonesia Tbk'}"
HRME.JK,2026-09-03,0.14605,,2026-09-03T13:07:58.275104+00:00,"{'symbol': 'HRME.JK', 'free_float': 0.14605, 'company_name': 'PT Menteng Heritage Realty Tbk'}"
UFOE.JK,2026-09-03,0.146,,2026-09-03T13:07:58.275104+00:00,"{'symbol': 'UFOE.JK', 'free_float': 0.146, 'company_name': 'PT Damai Sejahtera Abadi Tbk'}"
NIKL.JK,2026-09-03,0.146,,2026-09-03T13:07:58.275104+00:00,"{'symbol': 'NIKL.JK', 'free_float': 0.146, 'company_name': 'Pelat Timah Nusantara Tbk'}"
SIMP.JK,2026-09-03,0.1459,,2026-09-03T13:07:58.275104+00:00,"{'symbol': 'SIMP.JK', 'free_float': 0.1459, 'company_name': 'Salim Ivomas Pratama Tbk'}"
BKDP.JK,2026-09-03,0.1459,,2026-09-03T13:07:58.275104+00:00,"{'symbol': 'BKDP.JK', 'free_float': 0.1459, 'company_name': 'Bukit Darmo Property Tbk'}"
UNVR.JK,2026-09-03,0.1457,,2026-09-03T13:07:58.275104+00:00,"{'symbol': 'UNVR.JK', 'free_float': 0.1457, 'company_name': 'Unilever Indonesia Tbk'}"
ADMR.JK,2026-09-03,0.14552,,2026-09-03T13:07:58.275104+00:00,"{'symbol': 'ADMR.JK', 'free_float': 0.14552, 'company_name': 'PT Alamtri Minerals Indonesia Tbk'}"
NEST.JK,2026-09-03,0.1449,,2026-09-03T13:07:58.275104+00:00,"{'symbol': 'NEST.JK', 'free_float': 0.1449, 'company_name': 'PT Esta Indonesia Tbk'}"
RLCO.JK,2026-09-03,0.1428,,2026-09-03T13:07:58.275104+00:00,"{'symbol': 'RLCO.JK', 'free_float': 0.1428, 'company_name': 'PT Abadi Lestari Indonesia Tbk'}"
SURI.JK,2026-09-03,0.1424,,2026-09-03T13:07:58.275104+00:00,"{'symbol': 'SURI.JK', 'free_float': 0.1424, 'company_name': 'PT Maja Agung Latexindo Tbk'}"
RODA.JK,2026-09-03,0.14197,,2026-09-03T13:07:58.275104+00:00,"{'symbol': 'RODA.JK', 'free_float': 0.14197, 'company_name': 'Pikko Land Development Tbk'}"
MYOR.JK,2026-09-03,0.1419,,2026-09-03T13:07:58.275104+00:00,"{'symbol': 'MYOR.JK', 'free_float': 0.1419, 'company_name': 'Mayora Indah Tbk'}"
TFCO.JK,2026-09-03,0.1418,,2026-09-03T13:07:58.275104+00:00,"{'symbol': 'TFCO.JK', 'free_float': 0.1418, 'company_name': 'Tifico Fiber Indonesia Tbk'}"
CASH.JK,2026-09-03,0.14139,,2026-09-03T13:07:58.275104+00:00,"{'symbol': 'CASH.JK', 'free_float': 0.14139, 'company_name': 'PT Cashlez Worldwide Indonesia Tbk.'}"
NOBU.JK,2026-09-03,0.141,,2026-09-03T13:07:58.275104+00:00,"{'symbol': 'NOBU.JK', 'free_float': 0.141, 'company_name': 'PT Bank Nationalnobu Tbk'}"
BBHI.JK,2026-09-03,0.1402,,2026-09-03T13:07:58.275104+00:00,"{'symbol': 'BBHI.JK', 'free_float': 0.1402, 'company_name': 'PT Allo Bank Indonesia Tbk'}"
CEKA.JK,2026-09-03,0.14,,2026-09-03T13:07:58.275104+00:00,"{'symbol': 'CEKA.JK', 'free_float': 0.14, 'company_name': 'PT Wilmar Cahaya Indonesia Tbk.'}"
ADMG.JK,2026-09-03,0.14,,2026-09-03T13:07:58.275104+00:00,"{'symbol': 'ADMG.JK', 'free_float': 0.14, 'company_name': 'Polychem Indonesia Tbk'}"
BMAS.JK,2026-09-03,0.1397,,2026-09-03T13:07:58.275104+00:00,"{'symbol': 'BMAS.JK', 'free_float': 0.1397, 'company_name': 'PT Bank Maspion Indonesia Tbk.'}"
UANG.JK,2026-09-03,0.1393,,2026-09-03T13:07:58.275104+00:00,"{'symbol': 'UANG.JK', 'free_float': 0.1393, 'company_name': 'PT Pakuan Tbk'}"
PBID.JK,2026-09-03,0.1387,,2026-09-03T13:07:58.275104+00:00,"{'symbol': 'PBID.JK', 'free_float': 0.1387, 'company_name': 'PT Panca Budi Idaman Tbk'}"
AMFG.JK,2026-09-03,0.1384,,2026-09-03T13:07:58.275104+00:00,"{'symbol': 'AMFG.JK', 'free_float': 0.1384, 'company_name': 'Asahimas Flat Glass Tbk'}"
RELI.JK,2026-09-03,0.13798,,2026-09-03T13:07:58.275104+00:00,"{'symbol': 'RELI.JK', 'free_float': 0.13798, 'company_name': 'Reliance Sekuritas Indonesia Tbk'}"
BOLT.JK,2026-09-03,0.1377,,2026-09-03T13:07:58.275104+00:00,"{'symbol': 'BOLT.JK', 'free_float': 0.1377, 'company_name': 'PT Garuda Metalindo Tbk.'}"
NCKL.JK,2026-09-03,0.1375,,2026-09-03T13:07:58.275104+00:00,"{'symbol': 'NCKL.JK', 'free_float': 0.1375, 'company_name': 'PT Trimegah Bangun Persada Tbk'}"
TBMS.JK,2026-09-03,0.1372,,2026-09-03T13:07:58.275104+00:00,"{'symbol': 'TBMS.JK', 'free_float': 0.1372, 'company_name': 'Tembaga Mulia Semanan Tbk'}"
GGRP.JK,2026-09-03,0.13493,,2026-09-03T13:07:58.275104+00:00,"{'symbol': 'GGRP.JK', 'free_float': 0.13493, 'company_name': 'PT Gunung Raja Paksi Tbk'}"
IPOL.JK,2026-09-03,0.1346,,2026-09-03T13:07:58.275104+00:00,"{'symbol': 'IPOL.JK', 'free_float': 0.1346, 'company_name': 'Indopoly Swakarsa Industry Tbk'}"
KINO.JK,2026-09-03,0.1343,,2026-09-03T13:07:58.275104+00:00,"{'symbol': 'KINO.JK', 'free_float': 0.1343, 'company_name': 'PT Kino Indonesia Tbk'}"
HATM.JK,2026-09-03,0.1339,,2026-09-03T13:07:58.275104+00:00,"{'symbol': 'HATM.JK', 'free_float': 0.1339, 'company_name': 'PT Habco Trans Maritima Tbk'}"
JARR.JK,2026-09-03,0.1336,,2026-09-03T13:07:58.275104+00:00,"{'symbol': 'JARR.JK', 'free_float': 0.1336, 'company_name': 'PT Jhonlin Agro Raya Tbk'}"
MERK.JK,2026-09-03,0.1335,,2026-09-03T13:07:58.275104+00:00,"{'symbol': 'MERK.JK', 'free_float': 0.1335, 'company_name': 'Merck Tbk'}"
BELL.JK,2026-09-03,0.1328,,2026-09-03T13:07:58.275104+00:00,"{'symbol': 'BELL.JK', 'free_float': 0.1328, 'company_name': 'PT Trisula Textile Industries Tbk'}"
GHON.JK,2026-09-03,0.13268,,2026-09-03T13:07:58.275104+00:00,"{'symbol': 'GHON.JK', 'free_float': 0.13268, 'company_name': 'PT Gihon Telekomunikasi Indonesia Tbk'}"
ABDA.JK,2026-09-03,0.1325,,2026-09-03T13:07:58.275104+00:00,"{'symbol': 'ABDA.JK', 'free_float': 0.1325, 'company_name': 'Asuransi Bina Dana Arta Tbk'}"
MTEL.JK,2026-09-03,0.13121,,2026-09-03T13:07:58.275104+00:00,"{'symbol': 'MTEL.JK', 'free_float': 0.13121, 'company_name': 'PT Dayamitra Telekomunikasi Tbk'}"
PSGO.JK,2026-09-03,0.1312,,2026-09-03T13:07:58.275104+00:00,"{'symbol': 'PSGO.JK', 'free_float': 0.1312, 'company_name': 'PT Palma Serasih Tbk'}"
URBN.JK,2026-09-03,0.1306,,2026-09-03T13:07:58.275104+00:00,"{'symbol': 'URBN.JK', 'free_float': 0.1306, 'company_name': 'PT Urban Jakarta Propertindo Tbk'}"
MINE.JK,2026-09-03,0.1298,,2026-09-03T13:07:58.275104+00:00,"{'symbol': 'MINE.JK', 'free_float': 0.1298, 'company_name': 'PT Sinar Terang Mandiri Tbk'}"
LMPI.JK,2026-09-03,0.12864,,2026-09-03T13:07:58.275104+00:00,"{'symbol': 'LMPI.JK', 'free_float': 0.12864, 'company_name': 'Langgeng Makmur Industri Tbk'}"
HYGN.JK,2026-09-03,0.1286,,2026-09-03T13:07:58.275104+00:00,"{'symbol': 'HYGN.JK', 'free_float': 0.1286, 'company_name': 'PT Ecocare Indo Pasifik Tbk'}"
AGRO.JK,2026-09-03,0.12846,,2026-09-03T13:07:58.275104+00:00,"{'symbol': 'AGRO.JK', 'free_float': 0.12846, 'company_name': 'PT Bank Raya Indonesia Tbk'}"
SMKL.JK,2026-09-03,0.1278,,2026-09-03T13:07:58.275104+00:00,"{'symbol': 'SMKL.JK', 'free_float': 0.1278, 'company_name': 'PT Satyamitra Kemas Lestari Tbk'}"
MAPI.JK,2026-09-03,0.1276,,2026-09-03T13:07:58.275104+00:00,"{'symbol': 'MAPI.JK', 'free_float': 0.1276, 'company_name': 'Mitra Adiperkasa Tbk'}"
INTD.JK,2026-09-03,0.1275,,2026-09-03T13:07:58.275104+00:00,"{'symbol': 'INTD.JK', 'free_float': 0.1275, 'company_name': 'Inter-Delta Tbk'}"
APLI.JK,2026-09-03,0.127,,2026-09-03T13:07:58.275104+00:00,"{'symbol': 'APLI.JK', 'free_float': 0.127, 'company_name': 'Asiaplast Industries Tbk'}"
BREN.JK,2026-09-03,0.12693,,2026-09-03T13:07:58.275104+00:00,"{'symbol': 'BREN.JK', 'free_float': 0.12693, 'company_name': 'PT Barito Renewables Energy Tbk.'}"
BABP.JK,2026-09-03,0.1268,,2026-09-03T13:07:58.275104+00:00,"{'symbol': 'BABP.JK', 'free_float': 0.1268, 'company_name': 'PT Bank MNC Internasional Tbk.'}"
ECII.JK,2026-09-03,0.1266,,2026-09-03T13:07:58.275104+00:00,"{'symbol': 'ECII.JK', 'free_float': 0.1266, 'company_name': 'PT Electronic City Indonesia Tbk'}"
CMNT.JK,2026-09-03,0.1263,,2026-09-03T13:07:58.275104+00:00,"{'symbol': 'CMNT.JK', 'free_float': 0.1263, 'company_name': 'PT Cemindo Gemilang Tbk'}"
SUPA.JK,2026-09-03,0.12583,,2026-09-03T13:07:58.275104+00:00,"{'symbol': 'SUPA.JK', 'free_float': 0.12583, 'company_name': 'PT Super Bank Indonesia Tbk'}"
MDIA.JK,2026-09-03,0.12543,,2026-09-03T13:07:58.275104+00:00,"{'symbol': 'MDIA.JK', 'free_float': 0.12543, 'company_name': 'PT Intermedia Capital Tbk'}"
INPS.JK,2026-09-03,0.1252,,2026-09-03T13:07:58.275104+00:00,"{'symbol': 'INPS.JK', 'free_float': 0.1252, 'company_name': 'PT Indah Prakasa Sentosa Tbk'}"
BATA.JK,2026-09-03,0.12466,,2026-09-03T13:07:58.275104+00:00,"{'symbol': 'BATA.JK', 'free_float': 0.12466, 'company_name': 'Sepatu Bata Tbk'}"
HALO.JK,2026-09-03,0.1238,,2026-09-03T13:07:58.275104+00:00,"{'symbol': 'HALO.JK', 'free_float': 0.1238, 'company_name': 'PT Haloni Jane Tbk'}"
INDO.JK,2026-09-03,0.1235,,2026-09-03T13:07:58.275104+00:00,"{'symbol': 'INDO.JK', 'free_float': 0.1235, 'company_name': 'PT Royalindo Investa Wijaya Tbk'}"
IPCM.JK,2026-09-03,0.123,,2026-09-03T13:07:58.275104+00:00,"{'symbol': 'IPCM.JK', 'free_float': 0.123, 'company_name': 'PT Jasa Armada Indonesia Tbk'}"
BNII.JK,2026-09-03,0.1229,,2026-09-03T13:07:58.275104+00:00,"{'symbol': 'BNII.JK', 'free_float': 0.1229, 'company_name': 'PT Bank Maybank Indonesia Tbk'}"
CBDK.JK,2026-09-03,0.1223,,2026-09-03T13:07:58.275104+00:00,"{'symbol': 'CBDK.JK', 'free_float': 0.1223, 'company_name': 'PT Bangun Kosambi Sukses Tbk'}"
PSDN.JK,2026-09-03,0.12179,,2026-09-03T13:07:58.275104+00:00,"{'symbol': 'PSDN.JK', 'free_float': 0.12179, 'company_name': 'Prasidha Aneka Niaga Tbk'}"
FMII.JK,2026-09-03,0.1213,,2026-09-03T13:07:58.275104+00:00,"{'symbol': 'FMII.JK', 'free_float': 0.1213, 'company_name': 'Fortune Mate Indonesia Tbk'}"
IMAS.JK,2026-09-03,0.1209,,2026-09-03T13:07:58.275104+00:00,"{'symbol': 'IMAS.JK', 'free_float': 0.1209, 'company_name': 'Indomobil Sukses Internasional Tbk'}"
GEMS.JK,2026-09-03,0.1201,,2026-09-03T13:07:58.275104+00:00,"{'symbol': 'GEMS.JK', 'free_float': 0.1201, 'company_name': 'Golden Energy Mines Tbk'}"
BLUE.JK,2026-09-03,0.1197,,2026-09-03T13:07:58.275104+00:00,"{'symbol': 'BLUE.JK', 'free_float': 0.1197, 'company_name': 'PT Berkah Prima Perkasa Tbk'}"
NETV.JK,2026-09-03,0.1195,,2026-09-03T13:07:58.275104+00:00,"{'symbol': 'NETV.JK', 'free_float': 0.1195, 'company_name': 'PT MDTV Media Technologies Tbk'}"
RANC.JK,2026-09-03,0.1177,,2026-09-03T13:07:58.275104+00:00,"{'symbol': 'RANC.JK', 'free_float': 0.1177, 'company_name': 'Supra Boga Lestari Tbk'}"
AWAN.JK,2026-09-03,0.11731,,2026-09-03T13:07:58.275104+00:00,"{'symbol': 'AWAN.JK', 'free_float': 0.11731, 'company_name': 'PT Era Digital Media Tbk'}"
FORU.JK,2026-09-03,0.1164,,2026-09-03T13:07:58.275104+00:00,"{'symbol': 'FORU.JK', 'free_float': 0.1164, 'company_name': 'Fortune Indonesia Tbk'}"
CASS.JK,2026-09-03,0.11635,,2026-09-03T13:07:58.275104+00:00,"{'symbol': 'CASS.JK', 'free_float': 0.11635, 'company_name': 'Cahaya Aero Services Tbk'}"
OCAP.JK,2026-09-03,0.11615,,2026-09-03T13:07:58.275104+00:00,"{'symbol': 'OCAP.JK', 'free_float': 0.11615, 'company_name': 'Onix Capital Tbk'}"
SMMT.JK,2026-09-03,0.1161,,2026-09-03T13:07:58.275104+00:00,"{'symbol': 'SMMT.JK', 'free_float': 0.1161, 'company_name': 'Golden Eagle Energy Tbk'}"
GOLF.JK,2026-09-03,0.1151,,2026-09-03T13:07:58.275104+00:00,"{'symbol': 'GOLF.JK', 'free_float': 0.1151, 'company_name': 'PT Intra GolfLink Resorts Tbk'}"
INDS.JK,2026-09-03,0.1148,,2026-09-03T13:07:58.275104+00:00,"{'symbol': 'INDS.JK', 'free_float': 0.1148, 'company_name': 'Indospring Tbk'}"
POLU.JK,2026-09-03,0.11458,,2026-09-03T13:07:58.275104+00:00,"{'symbol': 'POLU.JK', 'free_float': 0.11458, 'company_name': 'PT Golden Flower Tbk'}"
CAKK.JK,2026-09-03,0.11357,,2026-09-03T13:07:58.275104+00:00,"{'symbol': 'CAKK.JK', 'free_float': 0.11357, 'company_name': 'PT Cahayaputra Asa Keramik Tbk.'}"
CTBN.JK,2026-09-03,0.1132,,2026-09-03T13:07:58.275104+00:00,"{'symbol': 'CTBN.JK', 'free_float': 0.1132, 'company_name': 'Citra Tubindo Tbk'}"
KOPI.JK,2026-09-03,0.1115,,2026-09-03T13:07:58.275104+00:00,"{'symbol': 'KOPI.JK', 'free_float': 0.1115, 'company_name': 'PT Mitra Energi Persada Tbk'}"
AMAG.JK,2026-09-03,0.11121,,2026-09-03T13:07:58.275104+00:00,"{'symbol': 'AMAG.JK', 'free_float': 0.11121, 'company_name': 'Asuransi Multi Artha Guna Tbk'}"
IGAR.JK,2026-09-03,0.1112,,2026-09-03T13:07:58.275104+00:00,"{'symbol': 'IGAR.JK', 'free_float': 0.1112, 'company_name': 'Champion Pacific Indonesia Tbk'}"
PGEO.JK,2026-09-03,0.11073,,2026-09-03T13:07:58.275104+00:00,"{'symbol': 'PGEO.JK', 'free_float': 0.11073, 'company_name': 'PT Pertamina Geothermal Energy Tbk'}"
LPCK.JK,2026-09-03,0.11,,2026-09-03T13:07:58.275104+00:00,"{'symbol': 'LPCK.JK', 'free_float': 0.11, 'company_name': 'Lippo Cikarang Tbk'}"
AMAN.JK,2026-09-03,0.1097,,2026-09-03T13:07:58.275104+00:00,"{'symbol': 'AMAN.JK', 'free_float': 0.1097, 'company_name': 'PT Makmur Berkah Amanda Tbk.'}"
IDPR.JK,2026-09-03,0.10961,,2026-09-03T13:07:58.275104+00:00,"{'symbol': 'IDPR.JK', 'free_float': 0.10961, 'company_name': 'PT Indonesia Pondasi Raya Tbk'}"
BNLI.JK,2026-09-03,0.1088,,2026-09-03T13:07:58.275104+00:00,"{'symbol': 'BNLI.JK', 'free_float': 0.1088, 'company_name': 'Bank Permata Tbk'}"
TRJA.JK,2026-09-03,0.1087,,2026-09-03T13:07:58.275104+00:00,"{'symbol': 'TRJA.JK', 'free_float': 0.1087, 'company_name': 'PT Transkon Jaya Tbk'}"
MLBI.JK,2026-09-03,0.1068,,2026-09-03T13:07:58.275104+00:00,"{'symbol': 'MLBI.JK', 'free_float': 0.1068, 'company_name': 'Multi Bintang Indonesia Tbk'}"
KEJU.JK,2026-09-03,0.1067,,2026-09-03T13:07:58.275104+00:00,"{'symbol': 'KEJU.JK', 'free_float': 0.1067, 'company_name': 'PT Mulia Boga Raya Tbk'}"
CSAP.JK,2026-09-03,0.10655,,2026-09-03T13:07:58.275104+00:00,"{'symbol': 'CSAP.JK', 'free_float': 0.10655, 'company_name': 'Catur Sentosa Adiprana Tbk'}"
SCMA.JK,2026-09-03,0.1058,,2026-09-03T13:07:58.275104+00:00,"{'symbol': 'SCMA.JK', 'free_float': 0.1058, 'company_name': 'Surya Citra Media Tbk'}"
KOBX.JK,2026-09-03,0.1055,,2026-09-03T13:07:58.275104+00:00,"{'symbol': 'KOBX.JK', 'free_float': 0.1055, 'company_name': 'Kobexindo Tractors Tbk'}"
FISH.JK,2026-09-03,0.1054,,2026-09-03T13:07:58.275104+00:00,"{'symbol': 'FISH.JK', 'free_float': 0.1054, 'company_name': 'FKS Multi Agro Tbk'}"
BBSS.JK,2026-09-03,0.10481,,2026-09-03T13:07:58.275104+00:00,"{'symbol': 'BBSS.JK', 'free_float': 0.10481, 'company_name': 'PT Bumi Benowo Sukses Sejahtera Tbk'}"
GOLD.JK,2026-09-03,0.10473,,2026-09-03T13:07:58.275104+00:00,"{'symbol': 'GOLD.JK', 'free_float': 0.10473, 'company_name': 'PT Visi Telekomunikasi Infrastruktur Tbk'}"
NICE.JK,2026-09-03,0.1038,,2026-09-03T13:07:58.275104+00:00,"{'symbol': 'NICE.JK', 'free_float': 0.1038, 'company_name': 'PT Adhi Kartiko Pratama Tbk'}"
GLOB.JK,2026-09-03,0.1031,,2026-09-03T13:07:58.275104+00:00,"{'symbol': 'GLOB.JK', 'free_float': 0.1031, 'company_name': 'PT Globe Kita Terang Tbk'}"
BPFI.JK,2026-09-03,0.1019,,2026-09-03T13:07:58.275104+00:00,"{'symbol': 'BPFI.JK', 'free_float': 0.1019, 'company_name': 'PT Woori Finance Indonesia Tbk'}"
KAEF.JK,2026-09-03,0.1018,,2026-09-03T13:07:58.275104+00:00,"{'symbol': 'KAEF.JK', 'free_float': 0.1018, 'company_name': 'Kimia Farma Tbk'}"
YPAS.JK,2026-09-03,0.1018,,2026-09-03T13:07:58.275104+00:00,"{'symbol': 'YPAS.JK', 'free_float': 0.1018, 'company_name': 'Yanaprima Hastapersada Tbk'}"
BPTR.JK,2026-09-03,0.1015,,2026-09-03T13:07:58.275104+00:00,"{'symbol': 'BPTR.JK', 'free_float': 0.1015, 'company_name': 'PT Batavia Prosperindo Trans Tbk.'}"
IFSH.JK,2026-09-03,0.1015,,2026-09-03T13:07:58.275104+00:00,"{'symbol': 'IFSH.JK', 'free_float': 0.1015, 'company_name': 'PT Ifishdeco Tbk'}"
BPII.JK,2026-09-03,0.1012,,2026-09-03T13:07:58.275104+00:00,"{'symbol': 'BPII.JK', 'free_float': 0.1012, 'company_name': 'PT Batavia Prosperindo Internasional Tbk.'}"
BUKK.JK,2026-09-03,0.10081,,2026-09-03T13:07:58.275104+00:00,"{'symbol': 'BUKK.JK', 'free_float': 0.10081, 'company_name': 'Bukaka Teknik Utama Tbk'}"
ADCP.JK,2026-09-03,0.1,,2026-09-03T13:07:58.275104+00:00,"{'symbol': 'ADCP.JK', 'free_float': 0.1, 'company_name': 'PT Adhi Commuter Properti Tbk'}"
PTSN.JK,2026-09-03,0.1,,2026-09-03T13:07:58.275104+00:00,"{'symbol': 'PTSN.JK', 'free_float': 0.1, 'company_name': 'Sat Nusapersada Tbk'}"
YUPI.JK,2026-09-03,0.1,,2026-09-03T13:07:58.275104+00:00,"{'symbol': 'YUPI.JK', 'free_float': 0.1, 'company_name': 'PT Yupi Indo Jelly Gum Tbk'}"
PJAA.JK,2026-09-03,0.0999,,2026-09-03T13:07:58.275104+00:00,"{'symbol': 'PJAA.JK', 'free_float': 0.0999, 'company_name': 'Pembangunan Jaya Ancol Tbk'}"
BRIS.JK,2026-09-03,0.0991,,2026-09-03T13:07:58.275104+00:00,"{'symbol': 'BRIS.JK', 'free_float': 0.0991, 'company_name': 'PT Bank Syariah Indonesia Tbk'}"
CDIA.JK,2026-09-03,0.09901,,2026-09-03T13:07:58.275104+00:00,"{'symbol': 'CDIA.JK', 'free_float': 0.09901, 'company_name': 'PT Chandra Daya Investasi Tbk'}"
WIKA.JK,2026-09-03,0.09884,,2026-09-03T13:07:58.275104+00:00,"{'symbol': 'WIKA.JK', 'free_float': 0.09884, 'company_name': 'PT Wijaya Karya (Persero) Tbk'}"
FAPA.JK,2026-09-03,0.0987,,2026-09-03T13:07:58.275104+00:00,"{'symbol': 'FAPA.JK', 'free_float': 0.0987, 'company_name': 'PT FAP Agri Tbk'}"
JECC.JK,2026-09-03,0.09853,,2026-09-03T13:07:58.275104+00:00,"{'symbol': 'JECC.JK', 'free_float': 0.09853, 'company_name': 'Jembo Cable Company Tbk'}"
HERO.JK,2026-09-03,0.0971,,2026-09-03T13:07:58.275104+00:00,"{'symbol': 'HERO.JK', 'free_float': 0.0971, 'company_name': 'Hero Supermarket Tbk'}"
MBAP.JK,2026-09-03,0.09702,,2026-09-03T13:07:58.275104+00:00,"{'symbol': 'MBAP.JK', 'free_float': 0.09702, 'company_name': 'PT Mitrabara Adiperdana Tbk'}"
ENAK.JK,2026-09-03,0.09694,,2026-09-03T13:07:58.275104+00:00,"{'symbol': 'ENAK.JK', 'free_float': 0.09694, 'company_name': 'PT Champ Resto Indonesia Tbk'}"
MCOL.JK,2026-09-03,0.0966,,2026-09-03T13:07:58.275104+00:00,"{'symbol': 'MCOL.JK', 'free_float': 0.0966, 'company_name': 'PT Prima Andalan Mandiri Tbk'}"
CCSI.JK,2026-09-03,0.0964,,2026-09-03T13:07:58.275104+00:00,"{'symbol': 'CCSI.JK', 'free_float': 0.0964, 'company_name': 'PT Communication Cable Systems Indonesia Tbk.'}"
PTPW.JK,2026-09-03,0.0958,,2026-09-03T13:07:58.275104+00:00,"{'symbol': 'PTPW.JK', 'free_float': 0.0958, 'company_name': 'PT Pratama Widya Tbk'}"
RSGK.JK,2026-09-03,0.0956,,2026-09-03T13:07:58.275104+00:00,"{'symbol': 'RSGK.JK', 'free_float': 0.0956, 'company_name': 'PT Kedoya Adyaraya Tbk'}"
DNAR.JK,2026-09-03,0.0949,,2026-09-03T13:07:58.275104+00:00,"{'symbol': 'DNAR.JK', 'free_float': 0.0949, 'company_name': 'PT Bank Oke Indonesia Tbk'}"
CAMP.JK,2026-09-03,0.0948,,2026-09-03T13:07:58.275104+00:00,"{'symbol': 'CAMP.JK', 'free_float': 0.0948, 'company_name': 'PT Campina Ice Cream Industry Tbk.'}"
IPAC.JK,2026-09-03,0.09402,,2026-09-03T13:07:58.275104+00:00,"{'symbol': 'IPAC.JK', 'free_float': 0.09402, 'company_name': 'PT Era Graharealty Tbk'}"
KOIN.JK,2026-09-03,0.0938,,2026-09-03T13:07:58.275104+00:00,"{'symbol': 'KOIN.JK', 'free_float': 0.0938, 'company_name': 'Kokoh Inti Arebama Tbk'}"
TALF.JK,2026-09-03,0.09344,,2026-09-03T13:07:58.275104+00:00,"{'symbol': 'TALF.JK', 'free_float': 0.09344, 'company_name': 'PT Tunas Alfin Tbk'}"
MOLI.JK,2026-09-03,0.0927,,2026-09-03T13:07:58.275104+00:00,"{'symbol': 'MOLI.JK', 'free_float': 0.0927, 'company_name': 'PT Madusari Murni Indah Tbk'}"
BSSR.JK,2026-09-03,0.09259,,2026-09-03T13:07:58.275104+00:00,"{'symbol': 'BSSR.JK', 'free_float': 0.09259, 'company_name': 'Baramulti Suksessarana Tbk'}"
KLIN.JK,2026-09-03,0.0925,,2026-09-03T13:07:58.275104+00:00,"{'symbol': 'KLIN.JK', 'free_float': 0.0925, 'company_name': 'PT Klinko Karya Imaji Tbk'}"
SOHO.JK,2026-09-03,0.09242,,2026-09-03T13:07:58.275104+00:00,"{'symbol': 'SOHO.JK', 'free_float': 0.09242, 'company_name': 'PT Soho Global Health Tbk'}"
ESTA.JK,2026-09-03,0.0924,,2026-09-03T13:07:58.275104+00:00,"{'symbol': 'ESTA.JK', 'free_float': 0.0924, 'company_name': 'PT Esta Multi Usaha Tbk'}"
SDRA.JK,2026-09-03,0.0923,,2026-09-03T13:07:58.275104+00:00,"{'symbol': 'SDRA.JK', 'free_float': 0.0923, 'company_name': 'PT Bank Woori Saudara Indonesia 1906 Tbk'}"
JSPT.JK,2026-09-03,0.0923,,2026-09-03T13:07:58.275104+00:00,"{'symbol': 'JSPT.JK', 'free_float': 0.0923, 'company_name': 'Jakarta Setiabudi Internasional Tbk'}"
SIPD.JK,2026-09-03,0.0922,,2026-09-03T13:07:58.275104+00:00,"{'symbol': 'SIPD.JK', 'free_float': 0.0922, 'company_name': 'PT Sreeya Sewu Indonesia Tbk'}"
BSWD.JK,2026-09-03,0.0904,,2026-09-03T13:07:58.275104+00:00,"{'symbol': 'BSWD.JK', 'free_float': 0.0904, 'company_name': 'Bank of India Indonesia Tbk'}"
SKRN.JK,2026-09-03,0.0904,,2026-09-03T13:07:58.275104+00:00,"{'symbol': 'SKRN.JK', 'free_float': 0.0904, 'company_name': 'PT Superkrane Mitra Utama Tbk'}"
BBMD.JK,2026-09-03,0.0903,,2026-09-03T13:07:58.275104+00:00,"{'symbol': 'BBMD.JK', 'free_float': 0.0903, 'company_name': 'PT Bank Mestika Dharma Tbk.'}"
BLTZ.JK,2026-09-03,0.09,,2026-09-03T13:07:58.275104+00:00,"{'symbol': 'BLTZ.JK', 'free_float': 0.09, 'company_name': 'PT Graha Layar Prima Tbk.'}"
INPP.JK,2026-09-03,0.0897,,2026-09-03T13:07:58.275104+00:00,"{'symbol': 'INPP.JK', 'free_float': 0.0897, 'company_name': 'Indonesian Paradise Property Tbk'}"
PMJS.JK,2026-09-03,0.0896,,2026-09-03T13:07:58.275104+00:00,"{'symbol': 'PMJS.JK', 'free_float': 0.0896, 'company_name': 'PT Putra Mandiri Jembar Tbk'}"
BTPN.JK,2026-09-03,0.08947,,2026-09-03T13:07:58.275104+00:00,"{'symbol': 'BTPN.JK', 'free_float': 0.08947, 'company_name': 'PT Bank SMBC Indonesia Tbk'}"
BBRM.JK,2026-09-03,0.08943,,2026-09-03T13:07:58.275104+00:00,"{'symbol': 'BBRM.JK', 'free_float': 0.08943, 'company_name': 'Pelayaran Nasional Bina Buana Raya Tbk'}"
SAPX.JK,2026-09-03,0.0894,,2026-09-03T13:07:58.275104+00:00,"{'symbol': 'SAPX.JK', 'free_float': 0.0894, 'company_name': 'PT Satria Antaran Prima Tbk'}"
TSPC.JK,2026-09-03,0.0892,,2026-09-03T13:07:58.275104+00:00,"{'symbol': 'TSPC.JK', 'free_float': 0.0892, 'company_name': 'Tempo Scan Pacific Tbk'}"
GIAA.JK,2026-09-03,0.08888,,2026-09-03T13:07:58.275104+00:00,"{'symbol': 'GIAA.JK', 'free_float': 0.08888, 'company_name': 'Garuda Indonesia (Persero) Tbk'}"
ALMI.JK,2026-09-03,0.0887,,2026-09-03T13:07:58.275104+00:00,"{'symbol': 'ALMI.JK', 'free_float': 0.0887, 'company_name': 'Alumindo Light Metal Industry Tbk'}"
ACST.JK,2026-09-03,0.0883,,2026-09-03T13:07:58.275104+00:00,"{'symbol': 'ACST.JK', 'free_float': 0.0883, 'company_name': 'PT Acset Indonusa Tbk.'}"
TGKA.JK,2026-09-03,0.0881,,2026-09-03T13:07:58.275104+00:00,"{'symbol': 'TGKA.JK', 'free_float': 0.0881, 'company_name': 'Tigaraksa Satria Tbk'}"
KING.JK,2026-09-03,0.088,,2026-09-03T13:07:58.275104+00:00,"{'symbol': 'KING.JK', 'free_float': 0.088, 'company_name': 'PT Hoffmen Cleanindo Tbk'}"
ESTI.JK,2026-09-03,0.0879,,2026-09-03T13:07:58.275104+00:00,"{'symbol': 'ESTI.JK', 'free_float': 0.0879, 'company_name': 'Ever Shine Textile Industry Tbk'}"
DAYA.JK,2026-09-03,0.08697,,2026-09-03T13:07:58.275104+00:00,"{'symbol': 'DAYA.JK', 'free_float': 0.08697, 'company_name': 'PT Duta Intidaya Tbk.'}"
AMAR.JK,2026-09-03,0.08594,,2026-09-03T13:07:58.275104+00:00,"{'symbol': 'AMAR.JK', 'free_float': 0.08594, 'company_name': 'PT Bank Amar Indonesia Tbk.'}"
MMLP.JK,2026-09-03,0.08563,,2026-09-03T13:07:58.275104+00:00,"{'symbol': 'MMLP.JK', 'free_float': 0.08563, 'company_name': 'PT Mega Manunggal Property Tbk'}"
PALM.JK,2026-09-03,0.08552,,2026-09-03T13:07:58.275104+00:00,"{'symbol': 'PALM.JK', 'free_float': 0.08552, 'company_name': 'PT Provident Investasi Bersama Tbk'}"
BNGA.JK,2026-09-03,0.08516,,2026-09-03T13:07:58.275104+00:00,"{'symbol': 'BNGA.JK', 'free_float': 0.08516, 'company_name': 'PT Bank CIMB Niaga Tbk'}"
AGRS.JK,2026-09-03,0.0851,,2026-09-03T13:07:58.275104+00:00,"{'symbol': 'AGRS.JK', 'free_float': 0.0851, 'company_name': 'PT Bank IBK Indonesia Tbk.'}"
BKSW.JK,2026-09-03,0.0843,,2026-09-03T13:07:58.275104+00:00,"{'symbol': 'BKSW.JK', 'free_float': 0.0843, 'company_name': 'PT Bank QNB Indonesia Tbk'}"
DART.JK,2026-09-03,0.0841,,2026-09-03T13:07:58.275104+00:00,"{'symbol': 'DART.JK', 'free_float': 0.0841, 'company_name': 'Duta Anggada Realty Tbk'}"
MYTX.JK,2026-09-03,0.0833,,2026-09-03T13:07:58.275104+00:00,"{'symbol': 'MYTX.JK', 'free_float': 0.0833, 'company_name': 'PT Asia Pacific Investama Tbk'}"
BNBA.JK,2026-09-03,0.0832,,2026-09-03T13:07:58.275104+00:00,"{'symbol': 'BNBA.JK', 'free_float': 0.0832, 'company_name': 'Bank Bumi Arta Tbk'}"
PNSE.JK,2026-09-03,0.0828,,2026-09-03T13:07:58.275104+00:00,"{'symbol': 'PNSE.JK', 'free_float': 0.0828, 'company_name': 'Pudjiadi & Sons Tbk'}"
ADES.JK,2026-09-03,0.08228,,2026-09-03T13:07:58.275104+00:00,"{'symbol': 'ADES.JK', 'free_float': 0.08228, 'company_name': 'Akasha Wira International Tbk'}"
TBIG.JK,2026-09-03,0.08198,,2026-09-03T13:07:58.275104+00:00,"{'symbol': 'TBIG.JK', 'free_float': 0.08198, 'company_name': 'PT Tower Bersama Infrastructure Tbk'}"
AMOR.JK,2026-09-03,0.08182,,2026-09-03T13:07:58.275104+00:00,"{'symbol': 'AMOR.JK', 'free_float': 0.08182, 'company_name': 'PT Ashmore Asset Management Indonesia Tbk.'}"
PRAY.JK,2026-09-03,0.0818,,2026-09-03T13:07:58.275104+00:00,"{'symbol': 'PRAY.JK', 'free_float': 0.0818, 'company_name': 'PT Famon Awal Bros Sedaya Tbk'}"
MSJA.JK,2026-09-03,0.08171,,2026-09-03T13:07:58.275104+00:00,"{'symbol': 'MSJA.JK', 'free_float': 0.08171, 'company_name': 'PT Multi Spunindo Jaya Tbk'}"
NELY.JK,2026-09-03,0.08125,,2026-09-03T13:07:58.275104+00:00,"{'symbol': 'NELY.JK', 'free_float': 0.08125, 'company_name': 'Pelayaran Nelly Dwi Putri Tbk'}"
CNMA.JK,2026-09-03,0.08121,,2026-09-03T13:07:58.275104+00:00,"{'symbol': 'CNMA.JK', 'free_float': 0.08121, 'company_name': 'PT Nusantara Sejahtera Raya Tbk'}"
MSKY.JK,2026-09-03,0.081,,2026-09-03T13:07:58.275104+00:00,"{'symbol': 'MSKY.JK', 'free_float': 0.081, 'company_name': 'MNC Sky Vision Tbk'}"
SAFE.JK,2026-09-03,0.0807,,2026-09-03T13:07:58.275104+00:00,"{'symbol': 'SAFE.JK', 'free_float': 0.0807, 'company_name': 'Steady Safe Tbk'}"
IMJS.JK,2026-09-03,0.0803,,2026-09-03T13:07:58.275104+00:00,"{'symbol': 'IMJS.JK', 'free_float': 0.0803, 'company_name': 'PT Indomobil Multi Jasa Tbk'}"
DMND.JK,2026-09-03,0.08,,2026-09-03T13:07:58.275104+00:00,"{'symbol': 'DMND.JK', 'free_float': 0.08, 'company_name': 'PT Diamond Food Indonesia Tbk'}"
IKBI.JK,2026-09-03,0.07999,,2026-09-03T13:07:58.275104+00:00,"{'symbol': 'IKBI.JK', 'free_float': 0.07999, 'company_name': 'Sumi Indo Kabel Tbk'}"
KIAS.JK,2026-09-03,0.0796,,2026-09-03T13:07:58.275104+00:00,"{'symbol': 'KIAS.JK', 'free_float': 0.0796, 'company_name': 'Keramika Indonesia Assosiasi Tbk'}"
CITA.JK,2026-09-03,0.07932,,2026-09-03T13:07:58.275104+00:00,"{'symbol': 'CITA.JK', 'free_float': 0.07932, 'company_name': 'Cita Mineral Investindo Tbk'}"
EDGE.JK,2026-09-03,0.079,,2026-09-03T13:07:58.275104+00:00,"{'symbol': 'EDGE.JK', 'free_float': 0.079, 'company_name': 'PT Indointernet Tbk'}"
DVLA.JK,2026-09-03,0.0788,,2026-09-03T13:07:58.275104+00:00,"{'symbol': 'DVLA.JK', 'free_float': 0.0788, 'company_name': 'Darya-Varia Laboratoria Tbk'}"
MAPB.JK,2026-09-03,0.0788,,2026-09-03T13:07:58.275104+00:00,"{'symbol': 'MAPB.JK', 'free_float': 0.0788, 'company_name': 'PT MAP Boga Adiperkasa Tbk'}"
CENT.JK,2026-09-03,0.07831,,2026-09-03T13:07:58.275104+00:00,"{'symbol': 'CENT.JK', 'free_float': 0.07831, 'company_name': 'PT Centratama Telekomunikasi Indonesia Tbk.'}"
ERTX.JK,2026-09-03,0.0781,,2026-09-03T13:07:58.275104+00:00,"{'symbol': 'ERTX.JK', 'free_float': 0.0781, 'company_name': 'Eratex Djaja Tbk'}"
TOTO.JK,2026-09-03,0.0776,,2026-09-03T13:07:58.275104+00:00,"{'symbol': 'TOTO.JK', 'free_float': 0.0776, 'company_name': 'Surya Toto Indonesia Tbk'}"
SURE.JK,2026-09-03,0.0773,,2026-09-03T13:07:58.275104+00:00,"{'symbol': 'SURE.JK', 'free_float': 0.0773, 'company_name': 'PT Super Energy Tbk'}"
MTWI.JK,2026-09-03,0.0773,,2026-09-03T13:07:58.275104+00:00,"{'symbol': 'MTWI.JK', 'free_float': 0.0773, 'company_name': 'PT Malacca Trust Wuwungan Insurance Tbk'}"
INDR.JK,2026-09-03,0.0772,,2026-09-03T13:07:58.275104+00:00,"{'symbol': 'INDR.JK', 'free_float': 0.0772, 'company_name': 'PT Indo-Rama Synthetics Tbk'}"
BLES.JK,2026-09-03,0.07705,,2026-09-03T13:07:58.275104+00:00,"{'symbol': 'BLES.JK', 'free_float': 0.07705, 'company_name': 'PT Superior Prima Sukses Tbk'}"
TLDN.JK,2026-09-03,0.07673,,2026-09-03T13:07:58.275104+00:00,"{'symbol': 'TLDN.JK', 'free_float': 0.07673, 'company_name': 'PT Teladan Prima Agro Tbk'}"
SONA.JK,2026-09-03,0.0763,,2026-09-03T13:07:58.275104+00:00,"{'symbol': 'SONA.JK', 'free_float': 0.0763, 'company_name': 'Sona Topas Tourism Industry Tbk'}"
PGUN.JK,2026-09-03,0.0762,,2026-09-03T13:07:58.275104+00:00,"{'symbol': 'PGUN.JK', 'free_float': 0.0762, 'company_name': 'PT Pradiksi Gunatama Tbk'}"
GTBO.JK,2026-09-03,0.0762,,2026-09-03T13:07:58.275104+00:00,"{'symbol': 'GTBO.JK', 'free_float': 0.0762, 'company_name': 'Garda Tujuh Buana Tbk'}"
HDFA.JK,2026-09-03,0.0762,,2026-09-03T13:07:58.275104+00:00,"{'symbol': 'HDFA.JK', 'free_float': 0.0762, 'company_name': 'Radana Bhaskara Finance Tbk'}"
EPMT.JK,2026-09-03,0.076,,2026-09-03T13:07:58.275104+00:00,"{'symbol': 'EPMT.JK', 'free_float': 0.076, 'company_name': 'Enseval Putera Megatrading Tbk'}"
ROTI.JK,2026-09-03,0.076,,2026-09-03T13:07:58.275104+00:00,"{'symbol': 'ROTI.JK', 'free_float': 0.076, 'company_name': 'PT Nippon Indosari Corpindo Tbk'}"
PNBS.JK,2026-09-03,0.076,,2026-09-03T13:07:58.275104+00:00,"{'symbol': 'PNBS.JK', 'free_float': 0.076, 'company_name': 'PT Bank Panin Dubai Syariah Tbk'}"
SMAR.JK,2026-09-03,0.076,,2026-09-03T13:07:58.275104+00:00,"{'symbol': 'SMAR.JK', 'free_float': 0.076, 'company_name': 'PT Sinar Mas Agro Resources and Technology Tbk'}"
CMPP.JK,2026-09-03,0.0759,,2026-09-03T13:07:58.275104+00:00,"{'symbol': 'CMPP.JK', 'free_float': 0.0759, 'company_name': 'PT AirAsia Indonesia Tbk'}"
LINK.JK,2026-09-03,0.0758,,2026-09-03T13:07:58.275104+00:00,"{'symbol': 'LINK.JK', 'free_float': 0.0758, 'company_name': 'PT Link Net Tbk'}"
BABY.JK,2026-09-03,0.07569,,2026-09-03T13:07:58.275104+00:00,"{'symbol': 'BABY.JK', 'free_float': 0.07569, 'company_name': 'PT Multitrend Indo Tbk.'}"
HMSP.JK,2026-09-03,0.0756,,2026-09-03T13:07:58.275104+00:00,"{'symbol': 'HMSP.JK', 'free_float': 0.0756, 'company_name': 'HM Sampoerna Tbk'}"
AGII.JK,2026-09-03,0.0755,,2026-09-03T13:07:58.275104+00:00,"{'symbol': 'AGII.JK', 'free_float': 0.0755, 'company_name': 'PT Samator Indo Gas Tbk'}"
LPGI.JK,2026-09-03,0.0754,,2026-09-03T13:07:58.275104+00:00,"{'symbol': 'LPGI.JK', 'free_float': 0.0754, 'company_name': 'Lippo General Insurance Tbk'}"
AKSI.JK,2026-09-03,0.0754,,2026-09-03T13:07:58.275104+00:00,"{'symbol': 'AKSI.JK', 'free_float': 0.0754, 'company_name': 'PT Mineral Sumberdaya Mandiri Tbk'}"
DEPO.JK,2026-09-03,0.0751,,2026-09-03T13:07:58.275104+00:00,"{'symbol': 'DEPO.JK', 'free_float': 0.0751, 'company_name': 'PT Caturkarda Depo Bangunan Tbk'}"
TIFA.JK,2026-09-03,0.07505,,2026-09-03T13:07:58.275104+00:00,"{'symbol': 'TIFA.JK', 'free_float': 0.07505, 'company_name': 'KDB Tifa Finance Tbk'}"
VRNA.JK,2026-09-03,0.075,,2026-09-03T13:07:58.275104+00:00,"{'symbol': 'VRNA.JK', 'free_float': 0.075, 'company_name': 'PT Mizuho Leasing Indonesia Tbk'}"
WOMF.JK,2026-09-03,0.075,,2026-09-03T13:07:58.275104+00:00,"{'symbol': 'WOMF.JK', 'free_float': 0.075, 'company_name': 'PT Wahana Ottomitra Multiartha Tbk'}"
FPNI.JK,2026-09-03,0.075,,2026-09-03T13:07:58.275104+00:00,"{'symbol': 'FPNI.JK', 'free_float': 0.075, 'company_name': 'PT Lotte Chemical Titan Tbk'}"
PSAB.JK,2026-09-03,0.075,,2026-09-03T13:07:58.275104+00:00,"{'symbol': 'PSAB.JK', 'free_float': 0.075, 'company_name': 'J Resources Asia Pasifik Tbk'}"
LIFE.JK,2026-09-03,0.075,,2026-09-03T13:07:58.275104+00:00,"{'symbol': 'LIFE.JK', 'free_float': 0.075, 'company_name': 'PT MSIG Life Insurance Indonesia Tbk'}"
JAWA.JK,2026-09-03,0.075,,2026-09-03T13:07:58.275104+00:00,"{'symbol': 'JAWA.JK', 'free_float': 0.075, 'company_name': 'Jaya Agra Wattie Tbk'}"
KMTR.JK,2026-09-03,0.075,,2026-09-03T13:07:58.275104+00:00,"{'symbol': 'KMTR.JK', 'free_float': 0.075, 'company_name': 'PT Kirana Megatara Tbk'}"
BDMN.JK,2026-09-03,0.0749,,2026-09-03T13:07:58.275104+00:00,"{'symbol': 'BDMN.JK', 'free_float': 0.0749, 'company_name': 'PT Bank Danamon Indonesia Tbk'}"
INRU.JK,2026-09-03,0.0746,,2026-09-03T13:07:58.275104+00:00,"{'symbol': 'INRU.JK', 'free_float': 0.0746, 'company_name': 'Toba Pulp Lestari Tbk'}"
GMFI.JK,2026-09-03,0.06795,,2026-09-03T13:07:58.275104+00:00,"{'symbol': 'GMFI.JK', 'free_float': 0.06795, 'company_name': 'PT Garuda Maintenance Facility Aero Asia Tbk'}"
BINO.JK,2026-09-03,0.0657,,2026-09-03T13:07:58.275104+00:00,"{'symbol': 'BINO.JK', 'free_float': 0.0657, 'company_name': 'PT Perma Plasindo Tbk'}"
COWL.JK,2026-09-03,0.0641,,2026-09-03T13:07:58.275104+00:00,"{'symbol': 'COWL.JK', 'free_float': 0.0641, 'company_name': 'Cowell Development Tbk'}"
TRIO.JK,2026-09-03,0.0634,,2026-09-03T13:07:58.275104+00:00,"{'symbol': 'TRIO.JK', 'free_float': 0.0634, 'company_name': 'Trikomsel Oke Tbk'}"
HITS.JK,2026-09-03,0.0619,,2026-09-03T13:07:58.275104+00:00,"{'symbol': 'HITS.JK', 'free_float': 0.0619, 'company_name': 'Humpuss Intermoda Transportasi Tbk'}"
ADMF.JK,2026-09-03,0.0579,,2026-09-03T13:07:58.275104+00:00,"{'symbol': 'ADMF.JK', 'free_float': 0.0579, 'company_name': 'Adira Dinamika Multi Finance Tbk'}"
INAF.JK,2026-09-03,0.05594,,2026-09-03T13:07:58.275104+00:00,"{'symbol': 'INAF.JK', 'free_float': 0.05594, 'company_name': 'Indofarma Tbk'}"
WICO.JK,2026-09-03,0.04496,,2026-09-03T13:07:58.275104+00:00,"{'symbol': 'WICO.JK', 'free_float': 0.04496, 'company_name': 'Wicaksana Overseas International Tbk'}"
ANJT.JK,2026-09-03,0.04083,,2026-09-03T13:07:58.275104+00:00,"{'symbol': 'ANJT.JK', 'free_float': 0.04083, 'company_name': 'PT Austindo Nusantara Jaya Tbk.'}"
CBMF.JK,2026-09-03,0.03061,,2026-09-03T13:07:58.275104+00:00,"{'symbol': 'CBMF.JK', 'free_float': 0.03061, 'company_name': 'PT Cahaya Bintang Medan Tbk'}"
PLIN.JK,2026-09-03,0.0299,,2026-09-03T13:07:58.275104+00:00,"{'symbol': 'PLIN.JK', 'free_float': 0.0299, 'company_name': 'Plaza Indonesia Realty Tbk'}"
SUPR.JK,2026-09-03,0.0267,,2026-09-03T13:07:58.275104+00:00,"{'symbol': 'SUPR.JK', 'free_float': 0.0267, 'company_name': 'Solusi Tunas Pratama Tbk'}"
PNGO.JK,2026-09-03,0.0174,,2026-09-03T13:07:58.275104+00:00,"{'symbol': 'PNGO.JK', 'free_float': 0.0174, 'company_name': 'PT Pinago Utama Tbk'}"
SMCB.JK,2026-09-03,0.01317,,2026-09-03T13:07:58.275104+00:00,"{'symbol': 'SMCB.JK', 'free_float': 0.01317, 'company_name': 'PT Solusi Bangun Indonesia Tbk'}"
SGRO.JK,2026-09-03,0.01301,,2026-09-03T13:07:58.275104+00:00,"{'symbol': 'SGRO.JK', 'free_float': 0.01301, 'company_name': 'PT Prime Agri Resources Tbk'}"
SCPI.JK,2026-09-03,0.01213,,2026-09-03T13:07:58.275104+00:00,"{'symbol': 'SCPI.JK', 'free_float': 0.01213, 'company_name': 'PT Organon Pharma Indonesia Tbk'}"
SOSS.JK,2026-09-03,0.0114,,2026-09-03T13:07:58.275104+00:00,"{'symbol': 'SOSS.JK', 'free_float': 0.0114, 'company_name': 'PT Shield On Service Tbk'}"
SMDM.JK,2026-09-03,0.01027,,2026-09-03T13:07:58.275104+00:00,"{'symbol': 'SMDM.JK', 'free_float': 0.01027, 'company_name': 'Suryamas Dutamakmur Tbk'}"
META.JK,2026-09-03,0.0068,,2026-09-03T13:07:58.275104+00:00,"{'symbol': 'META.JK', 'free_float': 0.0068, 'company_name': 'Nusantara Infrastructure Tbk'}"
MFMI.JK,2026-09-03,0.0065,,2026-09-03T13:07:58.275104+00:00,"{'symbol': 'MFMI.JK', 'free_float': 0.0065, 'company_name': 'Multifiling Mitra Indonesia Tbk'}"
DUTI.JK,2026-09-03,0.0059,,2026-09-03T13:07:58.275104+00:00,"{'symbol': 'DUTI.JK', 'free_float': 0.0059, 'company_name': 'Duta Pertiwi Tbk'}"
FASW.JK,2026-09-03,0.0022,,2026-09-03T13:07:58.275104+00:00,"{'symbol': 'FASW.JK', 'free_float': 0.0022, 'company_name': 'Fajar Surya Wisesa Tbk'}"
IBST.JK,2026-09-03,0.0005,,2026-09-03T13:07:58.275104+00:00,"{'symbol': 'IBST.JK', 'free_float': 0.0005, 'company_name': 'Inti Bangun Sejahtera Tbk'}"
GOTO.JK,2026-09-11,0.8082,,2026-09-11T07:53:55.197694+00:00,"{'symbol': 'GOTO.JK', 'free_float': 0.8082, 'company_name': 'PT GoTo Gojek Tokopedia Tbk'}"
IKAI.JK,2026-09-11,0.80663,,2026-09-11T07:53:55.197694+00:00,"{'symbol': 'IKAI.JK', 'free_float': 0.80663, 'company_name': 'Intikeramik Alamasri Industri Tbk'}"
DEAL.JK,2026-09-11,0.8045,,2026-09-11T07:53:55.197694+00:00,"{'symbol': 'DEAL.JK', 'free_float': 0.8045, 'company_name': 'PT Dewata Freightinternational Tbk'}"
COAL.JK,2026-09-11,0.7932,,2026-09-11T07:53:55.197694+00:00,"{'symbol': 'COAL.JK', 'free_float': 0.7932, 'company_name': 'PT Black Diamond Resources Tbk'}"
TGRA.JK,2026-09-11,0.7889,,2026-09-11T07:53:55.197694+00:00,"{'symbol': 'TGRA.JK', 'free_float': 0.7889, 'company_name': 'PT Terregra Asia Energy'}"
LMAS.JK,2026-09-11,0.7878,,2026-09-11T07:53:55.197694+00:00,"{'symbol': 'LMAS.JK', 'free_float': 0.7878, 'company_name': 'Limas Indonesia Makmur Tbk'}"
NUSA.JK,2026-09-11,0.78356,,2026-09-11T07:53:55.197694+00:00,"{'symbol': 'NUSA.JK', 'free_float': 0.78356, 'company_name': 'PT Sinergi Megah Internusa Tbk'}"
DADA.JK,2026-09-11,0.78,,2026-09-11T07:53:55.197694+00:00,"{'symbol': 'DADA.JK', 'free_float': 0.78, 'company_name': 'PT Diamond Citra Propertindo Tbk.'}"
SMKM.JK,2026-09-11,0.75,,2026-09-11T07:53:55.197694+00:00,"{'symbol': 'SMKM.JK', 'free_float': 0.75, 'company_name': 'PT Sumber Mas Konstruksi Tbk'}"
RIMO.JK,2026-09-11,0.74101,,2026-09-11T07:53:55.197694+00:00,"{'symbol': 'RIMO.JK', 'free_float': 0.74101, 'company_name': 'PT Rimo International Lestari Tbk'}"
YULE.JK,2026-09-11,0.7389,,2026-09-11T07:53:55.197694+00:00,"{'symbol': 'YULE.JK', 'free_float': 0.7389, 'company_name': 'Yulie Sekuritas Indonesia Tbk'}"
BLTA.JK,2026-09-11,0.7307,,2026-09-11T07:53:55.197694+00:00,"{'symbol': 'BLTA.JK', 'free_float': 0.7307, 'company_name': 'Berlian Laju Tanker Tbk'}"
BULL.JK,2026-09-11,0.72933,,2026-09-11T07:53:55.197694+00:00,"{'symbol': 'BULL.JK', 'free_float': 0.72933, 'company_name': 'PT Buana Lintas Lautan Tbk.'}"
MABA.JK,2026-09-11,0.7192,,2026-09-11T07:53:55.197694+00:00,"{'symbol': 'MABA.JK', 'free_float': 0.7192, 'company_name': 'PT Marga Abhinaya Abadi Tbk'}"
KREN.JK,2026-09-11,0.7164,,2026-09-11T07:53:55.197694+00:00,"{'symbol': 'KREN.JK', 'free_float': 0.7164, 'company_name': 'PT Quantum Clovera Investama Tbk'}"
BOSS.JK,2026-09-11,0.7114,,2026-09-11T07:53:55.197694+00:00,"{'symbol': 'BOSS.JK', 'free_float': 0.7114, 'company_name': 'PT Borneo Olah Sarana Sukses Tbk.'}"
UNIT.JK,2026-09-11,0.706,,2026-09-11T07:53:55.197694+00:00,"{'symbol': 'UNIT.JK', 'free_float': 0.706, 'company_name': 'Nusantara Inti Corpora Tbk'}"
BOGA.JK,2026-09-11,0.705,,2026-09-11T07:53:55.197694+00:00,"{'symbol': 'BOGA.JK', 'free_float': 0.705, 'company_name': 'PT Apollo Global Interactive Tbk'}"
ASMI.JK,2026-09-11,0.7004,,2026-09-11T07:53:55.197694+00:00,"{'symbol': 'ASMI.JK', 'free_float': 0.7004, 'company_name': 'PT Asuransi Maximus Graha Persada Tbk.'}"
DEFI.JK,2026-09-11,0.6915,,2026-09-11T07:53:55.197694+00:00,"{'symbol': 'DEFI.JK', 'free_float': 0.6915, 'company_name': 'Danasupra Erapacific Tbk'}"
GAMA.JK,2026-09-11,0.69,,2026-09-11T07:53:55.197694+00:00,"{'symbol': 'GAMA.JK', 'free_float': 0.69, 'company_name': 'Aksara Global Development Tbk'}"
BHAT.JK,2026-09-11,0.689,,2026-09-11T07:53:55.197694+00:00,"{'symbol': 'BHAT.JK', 'free_float': 0.689, 'company_name': 'PT Bhakti Multi Artha Tbk.'}"
TARA.JK,2026-09-11,0.68588,,2026-09-11T07:53:55.197694+00:00,"{'symbol': 'TARA.JK', 'free_float': 0.68588, 'company_name': 'PT Agung Semesta Sejahtera Tbk'}"
KRYA.JK,2026-09-11,0.6821,,2026-09-11T07:53:55.197694+00:00,"{'symbol': 'KRYA.JK', 'free_float': 0.6821, 'company_name': 'PT Bangun Karya Perkasa Jaya Tbk'}"
STAR.JK,2026-09-11,0.6781,,2026-09-11T07:53:55.197694+00:00,"{'symbol': 'STAR.JK', 'free_float': 0.6781, 'company_name': 'PT Calculus Global Ventures Tbk'}"
KIJA.JK,2026-09-11,0.67387,,2026-09-11T07:53:55.197694+00:00,"{'symbol': 'KIJA.JK', 'free_float': 0.67387, 'company_name': 'Kawasan Industri Jababeka Tbk'}"
SUGI.JK,2026-09-11,0.6623,,2026-09-11T07:53:55.197694+00:00,"{'symbol': 'SUGI.JK', 'free_float': 0.6623, 'company_name': 'Sugih Energy Tbk'}"
MKNT.JK,2026-09-11,0.66106,,2026-09-11T07:53:55.197694+00:00,"{'symbol': 'MKNT.JK', 'free_float': 0.66106, 'company_name': 'PT Mitra Komunikasi Nusantara Tbk'}"
POOL.JK,2026-09-11,0.6579,,2026-09-11T07:53:55.197694+00:00,"{'symbol': 'POOL.JK', 'free_float': 0.6579, 'company_name': 'Pool Advista Indonesia Tbk'}"
BHIT.JK,2026-09-11,0.6578,,2026-09-11T07:53:55.197694+00:00,"{'symbol': 'BHIT.JK', 'free_float': 0.6578, 'company_name': 'PT MNC Asia Holding Tbk'}"
HOME.JK,2026-09-11,0.6576,,2026-09-11T07:53:55.197694+00:00,"{'symbol': 'HOME.JK', 'free_float': 0.6576, 'company_name': 'Hotel Mandarine Regency Tbk'}"
DEWA.JK,2026-09-11,0.6783,,2026-09-11T07:53:55.197694+00:00,"{'symbol': 'DEWA.JK', 'free_float': 0.6783, 'company_name': 'Darma Henwa Tbk'}"
NATO.JK,2026-09-11,0.65584,,2026-09-11T07:53:55.197694+00:00,"{'symbol': 'NATO.JK', 'free_float': 0.65584, 'company_name': 'PT Olympus Strategic Indonesia Tbk'}"
JSKY.JK,2026-09-11,0.6498,,2026-09-11T07:53:55.197694+00:00,"{'symbol': 'JSKY.JK', 'free_float': 0.6498, 'company_name': 'PT Sky Energy Indonesia Tbk'}"
PCAR.JK,2026-09-11,0.63806,,2026-09-11T07:53:55.197694+00:00,"{'symbol': 'PCAR.JK', 'free_float': 0.63806, 'company_name': 'PT Prima Cakrawala Abadi Tbk'}"
YELO.JK,2026-09-11,0.63467,,2026-09-11T07:53:55.197694+00:00,"{'symbol': 'YELO.JK', 'free_float': 0.63467, 'company_name': 'PT Yelooo Integra Datanet Tbk'}"
BEBS.JK,2026-09-11,0.6289,,2026-09-11T07:53:55.197694+00:00,"{'symbol': 'BEBS.JK', 'free_float': 0.6289, 'company_name': 'PT Berkah Beton Sadaya Tbk'}"
APIC.JK,2026-09-11,0.6277,,2026-09-11T07:53:55.197694+00:00,"{'symbol': 'APIC.JK', 'free_float': 0.6277, 'company_name': 'Pacific Strategic Financial Tbk'}"
PURE.JK,2026-09-11,0.6269,,2026-09-11T07:53:55.197694+00:00,"{'symbol': 'PURE.JK', 'free_float': 0.6269, 'company_name': 'PT Trinitan Metals and Minerals Tbk'}"
LABA.JK,2026-09-11,0.6266,,2026-09-11T07:53:55.197694+00:00,"{'symbol': 'LABA.JK', 'free_float': 0.6266, 'company_name': 'PT Green Power Group Tbk'}"
BCIP.JK,2026-09-11,0.6236,,2026-09-11T07:53:55.197694+00:00,"{'symbol': 'BCIP.JK', 'free_float': 0.6236, 'company_name': 'Bumi Citra Permai Tbk'}"
UVCR.JK,2026-09-11,0.6234,,2026-09-11T07:53:55.197694+00:00,"{'symbol': 'UVCR.JK', 'free_float': 0.6234, 'company_name': 'PT Trimegah Karya Pratama Tbk'}"
WSBP.JK,2026-09-11,0.6176,,2026-09-11T07:53:55.197694+00:00,"{'symbol': 'WSBP.JK', 'free_float': 0.6176, 'company_name': 'PT Waskita Beton Precast Tbk'}"
VKTR.JK,2026-09-11,0.6123,,2026-09-11T07:53:55.197694+00:00,"{'symbol': 'VKTR.JK', 'free_float': 0.6123, 'company_name': 'PT VKTR Teknologi Mobilitas Tbk'}"
AKKU.JK,2026-09-11,0.6108,,2026-09-11T07:53:55.197694+00:00,"{'symbol': 'AKKU.JK', 'free_float': 0.6108, 'company_name': 'PT Anugerah Kagum Karya Utama Tbk'}"
BIPI.JK,2026-09-11,0.6081,,2026-09-11T07:53:55.197694+00:00,"{'symbol': 'BIPI.JK', 'free_float': 0.6081, 'company_name': 'PT Astrindo Nusantara Infrastruktur Tbk.'}"
RAFI.JK,2026-09-11,0.6058,,2026-09-11T07:53:55.197694+00:00,"{'symbol': 'RAFI.JK', 'free_float': 0.6058, 'company_name': 'PT Sari Kreasi Boga Tbk'}"
DILD.JK,2026-09-11,0.6042,,2026-09-11T07:53:55.197694+00:00,"{'symbol': 'DILD.JK', 'free_float': 0.6042, 'company_name': 'Intiland Development Tbk'}"
MEJA.JK,2026-09-11,0.6038,,2026-09-11T07:53:55.197694+00:00,"{'symbol': 'MEJA.JK', 'free_float': 0.6038, 'company_name': 'PT Harta Djaya Karya Tbk'}"
BRMS.JK,2026-09-11,0.5985,,2026-09-11T07:53:55.197694+00:00,"{'symbol': 'BRMS.JK', 'free_float': 0.5985, 'company_name': 'Bumi Resources Minerals Tbk'}"
KIOS.JK,2026-09-11,0.597,,2026-09-11T07:53:55.197694+00:00,"{'symbol': 'KIOS.JK', 'free_float': 0.597, 'company_name': 'PT Kioson Komersial Indonesia Tbk'}"
IIKP.JK,2026-09-11,0.5913,,2026-09-11T07:53:55.197694+00:00,"{'symbol': 'IIKP.JK', 'free_float': 0.5913, 'company_name': 'Inti Agri Resources Tbk'}"
INPC.JK,2026-09-11,0.591,,2026-09-11T07:53:55.197694+00:00,"{'symbol': 'INPC.JK', 'free_float': 0.591, 'company_name': 'Bank Artha Graha Internasional Tbk'}"
WMUU.JK,2026-09-11,0.5905,,2026-09-11T07:53:55.197694+00:00,"{'symbol': 'WMUU.JK', 'free_float': 0.5905, 'company_name': 'PT Widodo Makmur Unggas Tbk'}"
NINE.JK,2026-09-11,0.5898,,2026-09-11T07:53:55.197694+00:00,"{'symbol': 'NINE.JK', 'free_float': 0.5898, 'company_name': 'PT Techno9 Indonesia Tbk'}"
FIMP.JK,2026-09-11,0.5898,,2026-09-11T07:53:55.197694+00:00,"{'symbol': 'FIMP.JK', 'free_float': 0.5898, 'company_name': 'PT Fimperkasa Utama Tbk'}"
MREI.JK,2026-09-11,0.581,,2026-09-11T07:53:55.197694+00:00,"{'symbol': 'MREI.JK', 'free_float': 0.581, 'company_name': 'Maskapai Reasuransi Indonesia Tbk'}"
GPSO.JK,2026-09-11,0.576,,2026-09-11T07:53:55.197694+00:00,"{'symbol': 'GPSO.JK', 'free_float': 0.576, 'company_name': 'PT Geoprima Solusi Tbk'}"
MENN.JK,2026-09-11,0.5749,,2026-09-11T07:53:55.197694+00:00,"{'symbol': 'MENN.JK', 'free_float': 0.5749, 'company_name': 'PT Menn Teknologi Indonesia Tbk'}"
ESSA.JK,2026-09-11,0.5737,,2026-09-11T07:53:55.197694+00:00,"{'symbol': 'ESSA.JK', 'free_float': 0.5737, 'company_name': 'ESSA Industries Indonesia Tbk'}"
SMRA.JK,2026-09-11,0.5735,,2026-09-11T07:53:55.197694+00:00,"{'symbol': 'SMRA.JK', 'free_float': 0.5735, 'company_name': 'PT Summarecon Agung Tbk'}"
NASA.JK,2026-09-11,0.5729,,2026-09-11T07:53:55.197694+00:00,"{'symbol': 'NASA.JK', 'free_float': 0.5729, 'company_name': 'PT Andalan Perkasa Abadi Tbk'}"
KBLV.JK,2026-09-11,0.5704,,2026-09-11T07:53:55.197694+00:00,"{'symbol': 'KBLV.JK', 'free_float': 0.5704, 'company_name': 'First Media Tbk'}"
HOPE.JK,2026-09-11,0.5648,,2026-09-11T07:53:55.197694+00:00,"{'symbol': 'HOPE.JK', 'free_float': 0.5648, 'company_name': 'PT Harapan Duta Pertiwi Tbk'}"
OASA.JK,2026-09-11,0.5631,,2026-09-11T07:53:55.197694+00:00,"{'symbol': 'OASA.JK', 'free_float': 0.5631, 'company_name': 'PT Maharaksa Biru Energi Tbk'}"
UNSP.JK,2026-09-11,0.5589,,2026-09-11T07:53:55.197694+00:00,"{'symbol': 'UNSP.JK', 'free_float': 0.5589, 'company_name': 'Bakrie Sumatera Plantations Tbk'}"
ARTI.JK,2026-09-11,0.5574,,2026-09-11T07:53:55.197694+00:00,"{'symbol': 'ARTI.JK', 'free_float': 0.5574, 'company_name': 'Ratu Prabu Energi Tbk'}"
ENRG.JK,2026-09-11,0.55482,,2026-09-11T07:53:55.197694+00:00,"{'symbol': 'ENRG.JK', 'free_float': 0.55482, 'company_name': 'Energi Mega Persada Tbk'}"
EAST.JK,2026-09-11,0.5535,,2026-09-11T07:53:55.197694+00:00,"{'symbol': 'EAST.JK', 'free_float': 0.5535, 'company_name': 'PT Eastparc Hotel Tbk'}"
MTFN.JK,2026-09-11,0.55199,,2026-09-11T07:53:55.197694+00:00,"{'symbol': 'MTFN.JK', 'free_float': 0.55199, 'company_name': 'Capitalinc Investment Tbk'}"
VIVA.JK,2026-09-11,0.5513,,2026-09-11T07:53:55.197694+00:00,"{'symbol': 'VIVA.JK', 'free_float': 0.5513, 'company_name': 'PT Visi Media Asia Tbk'}"
CPRO.JK,2026-09-11,0.5483,,2026-09-11T07:53:55.197694+00:00,"{'symbol': 'CPRO.JK', 'free_float': 0.5483, 'company_name': 'Central Proteina Prima Tbk'}"
MDKA.JK,2026-09-11,0.54566,,2026-09-11T07:53:55.197694+00:00,"{'symbol': 'MDKA.JK', 'free_float': 0.54566, 'company_name': 'PT Merdeka Copper Gold Tbk'}"
CNKO.JK,2026-09-11,0.544,,2026-09-11T07:53:55.197694+00:00,"{'symbol': 'CNKO.JK', 'free_float': 0.544, 'company_name': 'Exploitasi Energi Indonesia Tbk'}"
BUMI.JK,2026-09-11,0.5421,,2026-09-11T07:53:55.197694+00:00,"{'symbol': 'BUMI.JK', 'free_float': 0.5421, 'company_name': 'Bumi Resources Tbk'}"
CITY.JK,2026-09-11,0.5415,,2026-09-11T07:53:55.197694+00:00,"{'symbol': 'CITY.JK', 'free_float': 0.5415, 'company_name': 'PT Natura City Developments Tbk.'}"
IPPE.JK,2026-09-11,0.5337,,2026-09-11T07:53:55.197694+00:00,"{'symbol': 'IPPE.JK', 'free_float': 0.5337, 'company_name': 'PT Indo Pureco Pratama Tbk'}"
PURA.JK,2026-09-11,0.5324,,2026-09-11T07:53:55.197694+00:00,"{'symbol': 'PURA.JK', 'free_float': 0.5324, 'company_name': 'PT Putra Rajawali Kencana Tbk'}"
KPIG.JK,2026-09-11,0.532,,2026-09-11T07:53:55.197694+00:00,"{'symbol': 'KPIG.JK', 'free_float': 0.532, 'company_name': 'MNC Tourism Indonesia Tbk'}"
HKMU.JK,2026-09-16,1.0,,2026-09-16T12:16:05.288521+00:00,"{'symbol': 'HKMU.JK', 'free_float': 1.0, 'company_name': 'PT HK Metals Utama Tbk'}"
BRRC.JK,2026-09-11,0.5231,,2026-09-11T07:53:55.197694+00:00,"{'symbol': 'BRRC.JK', 'free_float': 0.5231, 'company_name': 'PT Raja Roti Cemerlang Tbk'}"
KOTA.JK,2026-09-11,0.519,,2026-09-11T07:53:55.197694+00:00,"{'symbol': 'KOTA.JK', 'free_float': 0.519, 'company_name': 'PT DMS Propertindo Tbk'}"
RICY.JK,2026-09-11,0.5171,,2026-09-11T07:53:55.197694+00:00,"{'symbol': 'RICY.JK', 'free_float': 0.5171, 'company_name': 'Ricky Putra Globalindo Tbk'}"
HEAL.JK,2026-09-11,0.51684,,2026-09-11T07:53:55.197694+00:00,"{'symbol': 'HEAL.JK', 'free_float': 0.51684, 'company_name': 'PT Medikaloka Hermina Tbk'}"
SBAT.JK,2026-09-11,0.51521,,2026-09-11T07:53:55.197694+00:00,"{'symbol': 'SBAT.JK', 'free_float': 0.51521, 'company_name': 'PT Sejahtera Bintang Abadi Textile Tbk'}"
SSIA.JK,2026-09-11,0.5151,,2026-09-11T07:53:55.197694+00:00,"{'symbol': 'SSIA.JK', 'free_float': 0.5151, 'company_name': 'PT Surya Semesta Internusa Tbk'}"
TRIM.JK,2026-09-11,0.514,,2026-09-11T07:53:55.197694+00:00,"{'symbol': 'TRIM.JK', 'free_float': 0.514, 'company_name': 'PT Trimegah Sekuritas Indonesia Tbk'}"
WOWS.JK,2026-09-11,0.5138,,2026-09-11T07:53:55.197694+00:00,"{'symbol': 'WOWS.JK', 'free_float': 0.5138, 'company_name': 'PT Ginting Jaya Energi Tbk'}"
PBRX.JK,2026-09-11,0.50752,,2026-09-11T07:53:55.197694+00:00,"{'symbol': 'PBRX.JK', 'free_float': 0.50752, 'company_name': 'Pan Brothers Tbk'}"
KBLI.JK,2026-09-11,0.5053,,2026-09-11T07:53:55.197694+00:00,"{'symbol': 'KBLI.JK', 'free_float': 0.5053, 'company_name': 'KMI Wire and Cable Tbk'}"
PIPA.JK,2026-09-11,0.5007,,2026-09-11T07:53:55.197694+00:00,"{'symbol': 'PIPA.JK', 'free_float': 0.5007, 'company_name': 'PT Multi Makmur Lemindo Tbk'}"
INDF.JK,2026-09-11,0.4991,,2026-09-11T07:53:55.197694+00:00,"{'symbol': 'INDF.JK', 'free_float': 0.4991, 'company_name': 'Indofood Sukses Makmur Tbk'}"
SMMA.JK,2026-09-11,0.49904,,2026-09-11T07:53:55.197694+00:00,"{'symbol': 'SMMA.JK', 'free_float': 0.49904, 'company_name': 'PT Sinar Mas Multiartha Tbk'}"
ARMY.JK,2026-09-11,0.49872,,2026-09-11T07:53:55.197694+00:00,"{'symbol': 'ARMY.JK', 'free_float': 0.49872, 'company_name': 'PT Armidian Karyatama Tbk'}"
BMBL.JK,2026-09-11,0.4981,,2026-09-11T07:53:55.197694+00:00,"{'symbol': 'BMBL.JK', 'free_float': 0.4981, 'company_name': 'PT Lavender Bina Cendikia Tbk'}"
BTEL.JK,2026-09-11,0.4965,,2026-09-11T07:53:55.197694+00:00,"{'symbol': 'BTEL.JK', 'free_float': 0.4965, 'company_name': 'Bakrie Telecom Tbk'}"
FLMC.JK,2026-09-11,0.4963,,2026-09-11T07:53:55.197694+00:00,"{'symbol': 'FLMC.JK', 'free_float': 0.4963, 'company_name': 'PT Falmaco Nonwoven Industri Tbk'}"
BBYB.JK,2026-09-11,0.495,,2026-09-11T07:53:55.197694+00:00,"{'symbol': 'BBYB.JK', 'free_float': 0.495, 'company_name': 'PT Bank Neo Commerce Tbk.'}"
PTPP.JK,2026-09-11,0.4931,,2026-09-11T07:53:55.197694+00:00,"{'symbol': 'PTPP.JK', 'free_float': 0.4931, 'company_name': 'PP (Persero) Tbk'}"
BANK.JK,2026-09-11,0.492,,2026-09-11T07:53:55.197694+00:00,"{'symbol': 'BANK.JK', 'free_float': 0.492, 'company_name': 'PT Bank Aladin Syariah Tbk'}"
SMGR.JK,2026-09-11,0.49061,,2026-09-11T07:53:55.197694+00:00,"{'symbol': 'SMGR.JK', 'free_float': 0.49061, 'company_name': 'Semen Indonesia (Persero) Tbk'}"
UDNG.JK,2026-09-11,0.4901,,2026-09-11T07:53:55.197694+00:00,"{'symbol': 'UDNG.JK', 'free_float': 0.4901, 'company_name': 'PT Agro Bahari Nusantara Tbk'}"
LAPD.JK,2026-09-11,0.49,,2026-09-11T07:53:55.197694+00:00,"{'symbol': 'LAPD.JK', 'free_float': 0.49, 'company_name': 'Leyand International Tbk'}"
ISAP.JK,2026-09-11,0.4898,,2026-09-11T07:53:55.197694+00:00,"{'symbol': 'ISAP.JK', 'free_float': 0.4898, 'company_name': 'PT Isra Presisi Indonesia Tbk'}"
ASPI.JK,2026-09-11,0.4882,,2026-09-11T07:53:55.197694+00:00,"{'symbol': 'ASPI.JK', 'free_float': 0.4882, 'company_name': 'PT Andalan Sakti Primaindo Tbk.'}"
WINR.JK,2026-09-11,0.488,,2026-09-11T07:53:55.197694+00:00,"{'symbol': 'WINR.JK', 'free_float': 0.488, 'company_name': 'PT Winner Nusantara Jaya Tbk'}"
BJTM.JK,2026-09-11,0.48772,,2026-09-11T07:53:55.197694+00:00,"{'symbol': 'BJTM.JK', 'free_float': 0.48772, 'company_name': 'Bank Pembangunan Daerah Jawa Timur Tbk'}"
INCI.JK,2026-09-11,0.48642,,2026-09-11T07:53:55.197694+00:00,"{'symbol': 'INCI.JK', 'free_float': 0.48642, 'company_name': 'Intanwijaya Internasional Tbk'}"
BAYU.JK,2026-09-11,0.486,,2026-09-11T07:53:55.197694+00:00,"{'symbol': 'BAYU.JK', 'free_float': 0.486, 'company_name': 'Bayu Buana Tbk'}"
BTEK.JK,2026-09-11,0.4856,,2026-09-11T07:53:55.197694+00:00,"{'symbol': 'BTEK.JK', 'free_float': 0.4856, 'company_name': 'Bumi Teknokultura Unggul Tbk'}"
IKAN.JK,2026-09-11,0.4848,,2026-09-11T07:53:55.197694+00:00,"{'symbol': 'IKAN.JK', 'free_float': 0.4848, 'company_name': 'PT Era Mandiri Cemerlang Tbk'}"
FIRE.JK,2026-09-11,0.48422,,2026-09-11T07:53:55.197694+00:00,"{'symbol': 'FIRE.JK', 'free_float': 0.48422, 'company_name': 'PT Alfa Energi Investama Tbk'}"
ASII.JK,2026-09-11,0.4842,,2026-09-11T07:53:55.197694+00:00,"{'symbol': 'ASII.JK', 'free_float': 0.4842, 'company_name': 'Astra International Tbk'}"
COCO.JK,2026-09-11,0.4784,,2026-09-11T07:53:55.197694+00:00,"{'symbol': 'COCO.JK', 'free_float': 0.4784, 'company_name': 'PT Wahana Interfood Nusantara Tbk'}"
TRAM.JK,2026-09-11,0.47807,,2026-09-11T07:53:55.197694+00:00,"{'symbol': 'TRAM.JK', 'free_float': 0.47807, 'company_name': 'Trada Alam Minera Tbk'}"
HDIT.JK,2026-09-11,0.4775,,2026-09-11T07:53:55.197694+00:00,"{'symbol': 'HDIT.JK', 'free_float': 0.4775, 'company_name': 'PT Hensel Davest Indonesia Tbk'}"
RBMS.JK,2026-09-11,0.4765,,2026-09-11T07:53:55.197694+00:00,"{'symbol': 'RBMS.JK', 'free_float': 0.4765, 'company_name': 'Ristia Bintang Mahkotasejati Tbk'}"
LPPF.JK,2026-09-11,0.4747,,2026-09-11T07:53:55.197694+00:00,"{'symbol': 'LPPF.JK', 'free_float': 0.4747, 'company_name': 'PT MDS Retailing Tbk'}"
CASA.JK,2026-09-11,0.4733,,2026-09-11T07:53:55.197694+00:00,"{'symbol': 'CASA.JK', 'free_float': 0.4733, 'company_name': 'PT Capital Financial Indonesia Tbk'}"
KUAS.JK,2026-09-11,0.47278,,2026-09-11T07:53:55.197694+00:00,"{'symbol': 'KUAS.JK', 'free_float': 0.47278, 'company_name': 'PT Ace Oldfields Tbk'}"
HADE.JK,2026-09-11,0.4717,,2026-09-11T07:53:55.197694+00:00,"{'symbol': 'HADE.JK', 'free_float': 0.4717, 'company_name': 'PT Himalaya Energi Perkasa Tbk'}"
LMSH.JK,2026-09-11,0.47135,,2026-09-11T07:53:55.197694+00:00,"{'symbol': 'LMSH.JK', 'free_float': 0.47135, 'company_name': 'Lionmesh Prima Tbk'}"
FUTR.JK,2026-09-11,0.47099,,2026-09-11T07:53:55.197694+00:00,"{'symbol': 'FUTR.JK', 'free_float': 0.47099, 'company_name': 'PT Futura Energi Global Tbk'}"
NANO.JK,2026-09-11,0.47059,,2026-09-11T07:53:55.197694+00:00,"{'symbol': 'NANO.JK', 'free_float': 0.47059, 'company_name': 'PT Nanotech Indonesia Global Tbk'}"
SLIS.JK,2026-09-11,0.4702,,2026-09-11T07:53:55.197694+00:00,"{'symbol': 'SLIS.JK', 'free_float': 0.4702, 'company_name': 'PT Gaya Abadi Sempurna Tbk'}"
TOPS.JK,2026-09-11,0.4681,,2026-09-11T07:53:55.197694+00:00,"{'symbol': 'TOPS.JK', 'free_float': 0.4681, 'company_name': 'PT Totalindo Eka Persada Tbk'}"
BBRI.JK,2026-09-11,0.4676,,2026-09-11T07:53:55.197694+00:00,"{'symbol': 'BBRI.JK', 'free_float': 0.4676, 'company_name': 'PT Bank Rakyat Indonesia (Persero) Tbk'}"
ASSA.JK,2026-09-11,0.466,,2026-09-11T07:53:55.197694+00:00,"{'symbol': 'ASSA.JK', 'free_float': 0.466, 'company_name': 'Adi Sarana Armada Tbk'}"
CTRA.JK,2026-09-11,0.46584,,2026-09-11T07:53:55.197694+00:00,"{'symbol': 'CTRA.JK', 'free_float': 0.46584, 'company_name': 'Ciputra Development Tbk'}"
BMTR.JK,2026-09-11,0.46508,,2026-09-11T07:53:55.197694+00:00,"{'symbol': 'BMTR.JK', 'free_float': 0.46508, 'company_name': 'PT Global Mediacom Tbk'}"
INDX.JK,2026-09-11,0.4615,,2026-09-11T07:53:55.197694+00:00,"{'symbol': 'INDX.JK', 'free_float': 0.4615, 'company_name': 'Tanah Laut Tbk'}"
DOID.JK,2026-09-11,0.4555,,2026-09-11T07:53:55.197694+00:00,"{'symbol': 'DOID.JK', 'free_float': 0.4555, 'company_name': 'PT BUMA Internasional Grup Tbk'}"
ARKA.JK,2026-09-11,0.4532,,2026-09-11T07:53:55.197694+00:00,"{'symbol': 'ARKA.JK', 'free_float': 0.4532, 'company_name': 'PT Arkha Jayanti Persada Tbk.'}"
AMRT.JK,2026-09-11,0.4469,,2026-09-11T07:53:55.197694+00:00,"{'symbol': 'AMRT.JK', 'free_float': 0.4469, 'company_name': 'PT Sumber Alfaria Trijaya Tbk.'}"
BOLA.JK,2026-09-11,0.4468,,2026-09-11T07:53:55.197694+00:00,"{'symbol': 'BOLA.JK', 'free_float': 0.4468, 'company_name': 'PT Bali Bintang Sejahtera Tbk.'}"
BBCA.JK,2026-09-11,0.44642,,2026-09-11T07:53:55.197694+00:00,"{'symbol': 'BBCA.JK', 'free_float': 0.44642, 'company_name': 'PT Bank Central Asia Tbk.'}"
ASRI.JK,2026-09-11,0.4458,,2026-09-11T07:53:55.197694+00:00,"{'symbol': 'ASRI.JK', 'free_float': 0.4458, 'company_name': 'Alam Sutera Realty Tbk'}"
MINA.JK,2026-09-11,0.4451,,2026-09-11T07:53:55.197694+00:00,"{'symbol': 'MINA.JK', 'free_float': 0.4451, 'company_name': 'PT Sanurhasta Mitra Tbk'}"
ASHA.JK,2026-09-11,0.445,,2026-09-11T07:53:55.197694+00:00,"{'symbol': 'ASHA.JK', 'free_float': 0.445, 'company_name': 'PT Cilacap Samudera Fishing Industry Tbk'}"
BFIN.JK,2026-09-11,0.4444,,2026-09-11T07:53:55.197694+00:00,"{'symbol': 'BFIN.JK', 'free_float': 0.4444, 'company_name': 'BFI Finance Indonesia Tbk'}"
IATA.JK,2026-09-11,0.4429,,2026-09-11T07:53:55.197694+00:00,"{'symbol': 'IATA.JK', 'free_float': 0.4429, 'company_name': 'PT MNC Energy Investments Tbk'}"
EURO.JK,2026-09-11,0.4417,,2026-09-11T07:53:55.197694+00:00,"{'symbol': 'EURO.JK', 'free_float': 0.4417, 'company_name': 'PT Estee Gold Feet Tbk'}"
CSMI.JK,2026-09-11,0.4385,,2026-09-11T07:53:55.197694+00:00,"{'symbol': 'CSMI.JK', 'free_float': 0.4385, 'company_name': 'PT Cipta Selera Murni Tbk.'}"
INCF.JK,2026-09-11,0.4366,,2026-09-11T07:53:55.197694+00:00,"{'symbol': 'INCF.JK', 'free_float': 0.4366, 'company_name': 'PT Indo Komoditi Korpora Tbk'}"
CTTH.JK,2026-09-11,0.4363,,2026-09-11T07:53:55.197694+00:00,"{'symbol': 'CTTH.JK', 'free_float': 0.4363, 'company_name': 'Citatah Tbk'}"
JPFA.JK,2026-09-11,0.4345,,2026-09-11T07:53:55.197694+00:00,"{'symbol': 'JPFA.JK', 'free_float': 0.4345, 'company_name': 'JAPFA Comfeed Indonesia Tbk'}"
TAYS.JK,2026-09-11,0.4335,,2026-09-11T07:53:55.197694+00:00,"{'symbol': 'TAYS.JK', 'free_float': 0.4335, 'company_name': 'PT Jaya Swarasa Agung Tbk'}"
MARI.JK,2026-09-11,0.4328,,2026-09-11T07:53:55.197694+00:00,"{'symbol': 'MARI.JK', 'free_float': 0.4328, 'company_name': 'PT Mahaka Radio Integra Tbk'}"
DSNG.JK,2026-09-11,0.4314,,2026-09-11T07:53:55.197694+00:00,"{'symbol': 'DSNG.JK', 'free_float': 0.4314, 'company_name': 'PT Dharma Satya Nusantara Tbk'}"
ELSA.JK,2026-09-11,0.43091,,2026-09-11T07:53:55.197694+00:00,"{'symbol': 'ELSA.JK', 'free_float': 0.43091, 'company_name': 'Elnusa Tbk'}"
MEDS.JK,2026-09-11,0.43066,,2026-09-11T07:53:55.197694+00:00,"{'symbol': 'MEDS.JK', 'free_float': 0.43066, 'company_name': 'PT Hetzer Medical Indonesia Tbk'}"
COIN.JK,2026-09-11,0.4306,,2026-09-11T07:53:55.197694+00:00,"{'symbol': 'COIN.JK', 'free_float': 0.4306, 'company_name': 'PT Indokripto Koin Semesta Tbk'}"
PGAS.JK,2026-09-11,0.43031,,2026-09-11T07:53:55.197694+00:00,"{'symbol': 'PGAS.JK', 'free_float': 0.43031, 'company_name': 'PT Perusahaan Gas Negara Tbk'}"
LPKR.JK,2026-09-11,0.4294,,2026-09-11T07:53:55.197694+00:00,"{'symbol': 'LPKR.JK', 'free_float': 0.4294, 'company_name': 'Lippo Karawaci Tbk'}"
JAST.JK,2026-09-11,0.4292,,2026-09-11T07:53:55.197694+00:00,"{'symbol': 'JAST.JK', 'free_float': 0.4292, 'company_name': 'PT Jasnita Telekomindo Tbk'}"
MDLN.JK,2026-09-11,0.4271,,2026-09-11T07:53:55.197694+00:00,"{'symbol': 'MDLN.JK', 'free_float': 0.4271, 'company_name': 'PT Modernland Realty Tbk'}"
BAPI.JK,2026-09-11,0.4252,,2026-09-11T07:53:55.197694+00:00,"{'symbol': 'BAPI.JK', 'free_float': 0.4252, 'company_name': 'PT Bhakti Agung Propertindo Tbk.'}"
MCAS.JK,2026-09-11,0.4247,,2026-09-11T07:53:55.197694+00:00,"{'symbol': 'MCAS.JK', 'free_float': 0.4247, 'company_name': 'PT M Cash Integrasi Tbk'}"
LEAD.JK,2026-09-11,0.4238,,2026-09-11T07:53:55.197694+00:00,"{'symbol': 'LEAD.JK', 'free_float': 0.4238, 'company_name': 'PT Logindo Samudramakmur Tbk'}"
NTBK.JK,2026-09-11,0.4213,,2026-09-11T07:53:55.197694+00:00,"{'symbol': 'NTBK.JK', 'free_float': 0.4213, 'company_name': 'PT Nusatama Berkah Tbk'}"
LION.JK,2026-09-11,0.42045,,2026-09-11T07:53:55.197694+00:00,"{'symbol': 'LION.JK', 'free_float': 0.42045, 'company_name': 'Lion Metal Works Tbk'}"
MEGA.JK,2026-09-11,0.4198,,2026-09-11T07:53:55.197694+00:00,"{'symbol': 'MEGA.JK', 'free_float': 0.4198, 'company_name': 'Bank Mega Tbk'}"
WIDI.JK,2026-09-11,0.4192,,2026-09-11T07:53:55.197694+00:00,"{'symbol': 'WIDI.JK', 'free_float': 0.4192, 'company_name': 'PT Widiant Jaya Krenindo Tbk'}"
BEST.JK,2026-09-11,0.4187,,2026-09-11T07:53:55.197694+00:00,"{'symbol': 'BEST.JK', 'free_float': 0.4187, 'company_name': 'Bekasi Fajar Industrial Estate Tbk'}"
ERAA.JK,2026-09-11,0.4179,,2026-09-11T07:53:55.197694+00:00,"{'symbol': 'ERAA.JK', 'free_float': 0.4179, 'company_name': 'Erajaya Swasembada Tbk'}"
GPRA.JK,2026-09-11,0.4176,,2026-09-11T07:53:55.197694+00:00,"{'symbol': 'GPRA.JK', 'free_float': 0.4176, 'company_name': 'Perdana Gapura Prima Tbk'}"
INKP.JK,2026-09-11,0.41686,,2026-09-11T07:53:55.197694+00:00,"{'symbol': 'INKP.JK', 'free_float': 0.41686, 'company_name': 'Indah Kiat Pulp & Paper Tbk'}"
TLKM.JK,2026-09-11,0.4165,,2026-09-11T07:53:55.197694+00:00,"{'symbol': 'TLKM.JK', 'free_float': 0.4165, 'company_name': 'PT Telkom Indonesia (Persero) Tbk'}"
MNCN.JK,2026-09-11,0.41592,,2026-09-11T07:53:55.197694+00:00,"{'symbol': 'MNCN.JK', 'free_float': 0.41592, 'company_name': 'Media Nusantara Citra Tbk'}"
KJEN.JK,2026-09-11,0.4158,,2026-09-11T07:53:55.197694+00:00,"{'symbol': 'KJEN.JK', 'free_float': 0.4158, 'company_name': 'PT Krida Jaringan Nusantara Tbk'}"
SINI.JK,2026-09-11,0.4155,,2026-09-11T07:53:55.197694+00:00,"{'symbol': 'SINI.JK', 'free_float': 0.4155, 'company_name': 'PT Singaraja Putra Tbk'}"
SMSM.JK,2026-09-11,0.41426,,2026-09-11T07:53:55.197694+00:00,"{'symbol': 'SMSM.JK', 'free_float': 0.41426, 'company_name': 'Selamat Sempurna Tbk'}"
GZCO.JK,2026-09-11,0.4137,,2026-09-11T07:53:55.197694+00:00,"{'symbol': 'GZCO.JK', 'free_float': 0.4137, 'company_name': 'Gozco Plantations Tbk'}"
IBOS.JK,2026-09-11,0.413,,2026-09-11T07:53:55.197694+00:00,"{'symbol': 'IBOS.JK', 'free_float': 0.413, 'company_name': 'PT Indo Boga Sukses Tbk'}"
ARII.JK,2026-09-11,0.41222,,2026-09-11T07:53:55.197694+00:00,"{'symbol': 'ARII.JK', 'free_float': 0.41222, 'company_name': 'Atlas Resources Tbk'}"
MLPL.JK,2026-09-11,0.4109,,2026-09-11T07:53:55.197694+00:00,"{'symbol': 'MLPL.JK', 'free_float': 0.4109, 'company_name': 'Multipolar Tbk'}"
ANDI.JK,2026-09-11,0.4101,,2026-09-11T07:53:55.197694+00:00,"{'symbol': 'ANDI.JK', 'free_float': 0.4101, 'company_name': 'PT Andira Agro Tbk'}"
INTP.JK,2026-09-11,0.4099,,2026-09-11T07:53:55.197694+00:00,"{'symbol': 'INTP.JK', 'free_float': 0.4099, 'company_name': 'Indocement Tunggal Prakarsa Tbk'}"
BMSR.JK,2026-09-11,0.4089,,2026-09-11T07:53:55.197694+00:00,"{'symbol': 'BMSR.JK', 'free_float': 0.4089, 'company_name': 'Bintang Mitra Semestaraya Tbk'}"
TRON.JK,2026-09-11,0.4082,,2026-09-11T07:53:55.197694+00:00,"{'symbol': 'TRON.JK', 'free_float': 0.4082, 'company_name': 'PT Teknologi Karya Digital Nusa Tbk'}"
RMKE.JK,2026-09-11,0.407,,2026-09-11T07:53:55.197694+00:00,"{'symbol': 'RMKE.JK', 'free_float': 0.407, 'company_name': 'PT RMK Energy Tbk'}"
CMNP.JK,2026-09-11,0.4065,,2026-09-11T07:53:55.197694+00:00,"{'symbol': 'CMNP.JK', 'free_float': 0.4065, 'company_name': 'Citra Marga Nusaphala Persada Tbk'}"
BBTN.JK,2026-09-11,0.406,,2026-09-11T07:53:55.197694+00:00,"{'symbol': 'BBTN.JK', 'free_float': 0.406, 'company_name': 'PT Bank Tabungan Negara (Persero) Tbk'}"
LSIP.JK,2026-09-11,0.405,,2026-09-11T07:53:55.197694+00:00,"{'symbol': 'LSIP.JK', 'free_float': 0.405, 'company_name': 'PP London Sumatra Indonesia Tbk'}"
BBNI.JK,2026-09-11,0.40467,,2026-09-11T07:53:55.197694+00:00,"{'symbol': 'BBNI.JK', 'free_float': 0.40467, 'company_name': 'PT Bank Negara Indonesia (Persero) Tbk'}"
MTDL.JK,2026-09-11,0.40464,,2026-09-11T07:53:55.197694+00:00,"{'symbol': 'MTDL.JK', 'free_float': 0.40464, 'company_name': 'Metrodata Electronics Tbk'}"
BMRI.JK,2026-09-11,0.4046,,2026-09-11T07:53:55.197694+00:00,"{'symbol': 'BMRI.JK', 'free_float': 0.4046, 'company_name': 'PT Bank Mandiri (Persero) Tbk'}"
ADRO.JK,2026-09-11,0.40382,,2026-09-11T07:53:55.197694+00:00,"{'symbol': 'ADRO.JK', 'free_float': 0.40382, 'company_name': 'Alamtri Resources Indonesia Tbk'}"
SNLK.JK,2026-09-11,0.4035,,2026-09-11T07:53:55.197694+00:00,"{'symbol': 'SNLK.JK', 'free_float': 0.4035, 'company_name': 'PT Sunter Lakeside Hotel Tbk'}"
TKIM.JK,2026-09-11,0.40327,,2026-09-11T07:53:55.197694+00:00,"{'symbol': 'TKIM.JK', 'free_float': 0.40327, 'company_name': 'Pabrik Kertas Tjiwi Kimia Tbk'}"
WIFI.JK,2026-09-11,0.403,,2026-09-11T07:53:55.197694+00:00,"{'symbol': 'WIFI.JK', 'free_float': 0.403, 'company_name': 'PT Solusi Sinergi Digital Tbk'}"
BALI.JK,2026-09-11,0.40298,,2026-09-11T07:53:55.197694+00:00,"{'symbol': 'BALI.JK', 'free_float': 0.40298, 'company_name': 'PT Bali Towerindo Sentra Tbk.'}"
CFIN.JK,2026-09-11,0.4028,,2026-09-11T07:53:55.197694+00:00,"{'symbol': 'CFIN.JK', 'free_float': 0.4028, 'company_name': 'Clipan Finance Indonesia Tbk'}"
TBLA.JK,2026-09-11,0.4024,,2026-09-11T07:53:55.197694+00:00,"{'symbol': 'TBLA.JK', 'free_float': 0.4024, 'company_name': 'Tunas Baru Lampung Tbk'}"
INET.JK,2026-09-11,0.40229,,2026-09-11T07:53:55.197694+00:00,"{'symbol': 'INET.JK', 'free_float': 0.40229, 'company_name': 'PT Sinergi Inti Andalan Prima Tbk'}"
GLVA.JK,2026-09-11,0.4021,,2026-09-11T07:53:55.197694+00:00,"{'symbol': 'GLVA.JK', 'free_float': 0.4021, 'company_name': 'PT Galva Technologies Tbk'}"
BUDI.JK,2026-09-11,0.40069,,2026-09-11T07:53:55.197694+00:00,"{'symbol': 'BUDI.JK', 'free_float': 0.40069, 'company_name': 'PT Budi Starch & Sweetener Tbk.'}"
BSIM.JK,2026-09-11,0.4001,,2026-09-11T07:53:55.197694+00:00,"{'symbol': 'BSIM.JK', 'free_float': 0.4001, 'company_name': 'Bank Sinarmas Tbk'}"
ACES.JK,2026-09-11,0.3999,,2026-09-11T07:53:55.197694+00:00,"{'symbol': 'ACES.JK', 'free_float': 0.3999, 'company_name': 'PT Aspirasi Hidup Indonesia Tbk'}"
SRIL.JK,2026-09-11,0.3989,,2026-09-11T07:53:55.197694+00:00,"{'symbol': 'SRIL.JK', 'free_float': 0.3989, 'company_name': 'PT Sri Rejeki Isman Tbk'}"
CHIP.JK,2026-09-11,0.3984,,2026-09-11T07:53:55.197694+00:00,"{'symbol': 'CHIP.JK', 'free_float': 0.3984, 'company_name': 'PT Pelita Teknologi Global Tbk'}"
WTON.JK,2026-09-11,0.39839,,2026-09-11T07:53:55.197694+00:00,"{'symbol': 'WTON.JK', 'free_float': 0.39839, 'company_name': 'Wijaya Karya Beton'}"
AEGS.JK,2026-09-11,0.3977,,2026-09-11T07:53:55.197694+00:00,"{'symbol': 'AEGS.JK', 'free_float': 0.3977, 'company_name': 'PT Anugerah Spareparts Sejahtera Tbk.'}"
PANS.JK,2026-09-11,0.3975,,2026-09-11T07:53:55.197694+00:00,"{'symbol': 'PANS.JK', 'free_float': 0.3975, 'company_name': 'Panin Sekuritas Tbk'}"
LUCY.JK,2026-09-11,0.3968,,2026-09-11T07:53:55.197694+00:00,"{'symbol': 'LUCY.JK', 'free_float': 0.3968, 'company_name': 'PT Lima Dua Lima Tiga Tbk'}"
ATLA.JK,2026-09-11,0.395,,2026-09-11T07:53:55.197694+00:00,"{'symbol': 'ATLA.JK', 'free_float': 0.395, 'company_name': 'PT Atlantis Subsea Indonesia Tbk'}"
APEX.JK,2026-09-11,0.3945,,2026-09-11T07:53:55.197694+00:00,"{'symbol': 'APEX.JK', 'free_float': 0.3945, 'company_name': 'Apexindo Pratama Duta Tbk'}"
BISI.JK,2026-09-11,0.3944,,2026-09-11T07:53:55.197694+00:00,"{'symbol': 'BISI.JK', 'free_float': 0.3944, 'company_name': 'BISI INTERNATIONAL Tbk'}"
TOYS.JK,2026-09-11,0.3943,,2026-09-11T07:53:55.197694+00:00,"{'symbol': 'TOYS.JK', 'free_float': 0.3943, 'company_name': 'PT Sunindo Adipersada Tbk'}"
SULI.JK,2026-09-11,0.3942,,2026-09-11T07:53:55.197694+00:00,"{'symbol': 'SULI.JK', 'free_float': 0.3942, 'company_name': 'PT SLJ Global Tbk'}"
RUIS.JK,2026-09-11,0.3934,,2026-09-11T07:53:55.197694+00:00,"{'symbol': 'RUIS.JK', 'free_float': 0.3934, 'company_name': 'Radiant Utama Interinsco Tbk'}"
ESIP.JK,2026-09-11,0.3932,,2026-09-11T07:53:55.197694+00:00,"{'symbol': 'ESIP.JK', 'free_float': 0.3932, 'company_name': 'PT Sinergi Inti Plastindo Tbk'}"
SKYB.JK,2026-09-11,0.3925,,2026-09-11T07:53:55.197694+00:00,"{'symbol': 'SKYB.JK', 'free_float': 0.3925, 'company_name': 'PT Northcliff Citranusa Indonesia Tbk'}"
INTA.JK,2026-09-11,0.3923,,2026-09-11T07:53:55.197694+00:00,"{'symbol': 'INTA.JK', 'free_float': 0.3923, 'company_name': 'Intraco Penta Tbk'}"
MUTU.JK,2026-09-11,0.3917,,2026-09-11T07:53:55.197694+00:00,"{'symbol': 'MUTU.JK', 'free_float': 0.3917, 'company_name': 'PT Mutuagung Lestari Tbk'}"
BUVA.JK,2026-09-11,0.3882,,2026-09-11T07:53:55.197694+00:00,"{'symbol': 'BUVA.JK', 'free_float': 0.3882, 'company_name': 'PT Bukit Uluwatu Villa Tbk'}"
JKON.JK,2026-09-11,0.3879,,2026-09-11T07:53:55.197694+00:00,"{'symbol': 'JKON.JK', 'free_float': 0.3879, 'company_name': 'Jaya Konstruksi Manggala Pratama Tbk'}"
ABBA.JK,2026-09-11,0.3857,,2026-09-11T07:53:55.197694+00:00,"{'symbol': 'ABBA.JK', 'free_float': 0.3857, 'company_name': 'Mahaka Media Tbk'}"
CPIN.JK,2026-09-11,0.3849,,2026-09-11T07:53:55.197694+00:00,"{'symbol': 'CPIN.JK', 'free_float': 0.3849, 'company_name': 'Charoen Pokphand Indonesia Tbk'}"
KLBF.JK,2026-09-11,0.38467,,2026-09-11T07:53:55.197694+00:00,"{'symbol': 'KLBF.JK', 'free_float': 0.38467, 'company_name': 'Kalbe Farma Tbk'}"
PACK.JK,2026-09-11,0.3819,,2026-09-11T07:53:55.197694+00:00,"{'symbol': 'PACK.JK', 'free_float': 0.3819, 'company_name': 'PT Abadi Nusantara Hijau Investama Tbk'}"
REAL.JK,2026-09-11,0.3742,,2026-09-11T07:53:55.197694+00:00,"{'symbol': 'REAL.JK', 'free_float': 0.3742, 'company_name': 'PT Repower Asia Indonesia Tbk'}"
KKES.JK,2026-09-11,0.3732,,2026-09-11T07:53:55.197694+00:00,"{'symbol': 'KKES.JK', 'free_float': 0.3732, 'company_name': 'PT Kusuma Kemindo Sentosa Tbk'}"
ASLI.JK,2026-09-11,0.3728,,2026-09-11T07:53:55.197694+00:00,"{'symbol': 'ASLI.JK', 'free_float': 0.3728, 'company_name': 'PT Asri Karya Lestari Tbk.'}"
ARNA.JK,2026-09-11,0.3726,,2026-09-11T07:53:55.197694+00:00,"{'symbol': 'ARNA.JK', 'free_float': 0.3726, 'company_name': 'Arwana Citramulia Tbk'}"
TRST.JK,2026-09-11,0.37,,2026-09-11T07:53:55.197694+00:00,"{'symbol': 'TRST.JK', 'free_float': 0.37, 'company_name': 'Trias Sentosa Tbk'}"
WINS.JK,2026-09-11,0.36985,,2026-09-11T07:53:55.197694+00:00,"{'symbol': 'WINS.JK', 'free_float': 0.36985, 'company_name': 'Wintermar Offshore Marine Tbk'}"
EPAC.JK,2026-09-11,0.3694,,2026-09-11T07:53:55.197694+00:00,"{'symbol': 'EPAC.JK', 'free_float': 0.3694, 'company_name': 'PT Megalestari Epack Sentosaraya Tbk'}"
MAIN.JK,2026-09-11,0.3692,,2026-09-11T07:53:55.197694+00:00,"{'symbol': 'MAIN.JK', 'free_float': 0.3692, 'company_name': 'Malindo Feedmill Tbk'}"
OILS.JK,2026-09-11,0.3687,,2026-09-11T07:53:55.197694+00:00,"{'symbol': 'OILS.JK', 'free_float': 0.3687, 'company_name': 'PT Indo Oil Perkasa Tbk'}"
IPTV.JK,2026-09-11,0.3673,,2026-09-11T07:53:55.197694+00:00,"{'symbol': 'IPTV.JK', 'free_float': 0.3673, 'company_name': 'PT MNC Vision Networks Tbk'}"
BGTG.JK,2026-09-11,0.3671,,2026-09-11T07:53:55.197694+00:00,"{'symbol': 'BGTG.JK', 'free_float': 0.3671, 'company_name': 'PT Bank Ganesha Tbk.'}"
DPNS.JK,2026-09-11,0.36302,,2026-09-11T07:53:55.197694+00:00,"{'symbol': 'DPNS.JK', 'free_float': 0.36302, 'company_name': 'Duta Pertiwi Nusantara Tbk'}"
ADHI.JK,2026-09-11,0.3629,,2026-09-11T07:53:55.197694+00:00,"{'symbol': 'ADHI.JK', 'free_float': 0.3629, 'company_name': 'PT Adhi Karya (Persero) Tbk.'}"
BNBR.JK,2026-09-11,0.3625,,2026-09-11T07:53:55.197694+00:00,"{'symbol': 'BNBR.JK', 'free_float': 0.3625, 'company_name': 'Bakrie & Brothers Tbk'}"
WIIM.JK,2026-09-11,0.3622,,2026-09-11T07:53:55.197694+00:00,"{'symbol': 'WIIM.JK', 'free_float': 0.3622, 'company_name': 'Wismilak Inti Makmur Tbk'}"
BMHS.JK,2026-09-11,0.3615,,2026-09-11T07:53:55.197694+00:00,"{'symbol': 'BMHS.JK', 'free_float': 0.3615, 'company_name': 'PT Bundamedik Tbk'}"
LTLS.JK,2026-09-11,0.3611,,2026-09-11T07:53:55.197694+00:00,"{'symbol': 'LTLS.JK', 'free_float': 0.3611, 'company_name': 'PT Lautan Luas Tbk'}"
IRSX.JK,2026-09-11,0.36053,,2026-09-11T07:53:55.197694+00:00,"{'symbol': 'IRSX.JK', 'free_float': 0.36053, 'company_name': 'PT Folago Global Nusantara Tbk'}"
TPMA.JK,2026-09-11,0.359,,2026-09-11T07:53:55.197694+00:00,"{'symbol': 'TPMA.JK', 'free_float': 0.359, 'company_name': 'Trans Power Marine Tbk'}"
UNIC.JK,2026-09-11,0.3588,,2026-09-11T07:53:55.197694+00:00,"{'symbol': 'UNIC.JK', 'free_float': 0.3588, 'company_name': 'Unggul Indah Cahaya Tbk'}"
JGLE.JK,2026-09-11,0.35597,,2026-09-11T07:53:55.197694+00:00,"{'symbol': 'JGLE.JK', 'free_float': 0.35597, 'company_name': 'PT Graha Andrasentra Propertindo Tbk'}"
MBMA.JK,2026-09-11,0.3542,,2026-09-11T07:53:55.197694+00:00,"{'symbol': 'MBMA.JK', 'free_float': 0.3542, 'company_name': 'PT Merdeka Battery Materials Tbk'}"
DEWI.JK,2026-09-11,0.3524,,2026-09-11T07:53:55.197694+00:00,"{'symbol': 'DEWI.JK', 'free_float': 0.3524, 'company_name': 'PT Dewi Shri Farmindo Tbk'}"
TINS.JK,2026-09-11,0.35,,2026-09-11T07:53:55.197694+00:00,"{'symbol': 'TINS.JK', 'free_float': 0.35, 'company_name': 'PT Timah Tbk'}"
GMTD.JK,2026-09-11,0.35,,2026-09-11T07:53:55.197694+00:00,"{'symbol': 'GMTD.JK', 'free_float': 0.35, 'company_name': 'Gowa Makassar Tourism Development Tbk'}"
ANTM.JK,2026-09-11,0.35,,2026-09-11T07:53:55.197694+00:00,"{'symbol': 'ANTM.JK', 'free_float': 0.35, 'company_name': 'Aneka Tambang Tbk.'}"
DPUM.JK,2026-09-11,0.3489,,2026-09-11T07:53:55.197694+00:00,"{'symbol': 'DPUM.JK', 'free_float': 0.3489, 'company_name': 'PT Dua Putra Utama Makmur Tbk'}"
SPTO.JK,2026-09-11,0.3489,,2026-09-11T07:53:55.197694+00:00,"{'symbol': 'SPTO.JK', 'free_float': 0.3489, 'company_name': 'PT Surya Pertiwi Tbk'}"
KBAG.JK,2026-09-11,0.3486,,2026-09-11T07:53:55.197694+00:00,"{'symbol': 'KBAG.JK', 'free_float': 0.3486, 'company_name': 'PT Karya Bersama Anugerah Tbk'}"
ZINC.JK,2026-09-11,0.346,,2026-09-11T07:53:55.197694+00:00,"{'symbol': 'ZINC.JK', 'free_float': 0.346, 'company_name': 'PT Kapuas Prima Coal Tbk'}"
SMLE.JK,2026-09-11,0.34573,,2026-09-11T07:53:55.197694+00:00,"{'symbol': 'SMLE.JK', 'free_float': 0.34573, 'company_name': 'PT Sinergi Multi Lestarindo Tbk'}"
ARKO.JK,2026-09-11,0.3434,,2026-09-11T07:53:55.197694+00:00,"{'symbol': 'ARKO.JK', 'free_float': 0.3434, 'company_name': 'PT Arkora Hydro Tbk.'}"
SRSN.JK,2026-09-11,0.3414,,2026-09-11T07:53:55.197694+00:00,"{'symbol': 'SRSN.JK', 'free_float': 0.3414, 'company_name': 'Indo Acidatama Tbk'}"
DOOH.JK,2026-09-11,0.33914,,2026-09-11T07:53:55.197694+00:00,"{'symbol': 'DOOH.JK', 'free_float': 0.33914, 'company_name': 'PT Era Media Sejahtera Tbk'}"
MIKA.JK,2026-09-11,0.3391,,2026-09-11T07:53:55.197694+00:00,"{'symbol': 'MIKA.JK', 'free_float': 0.3391, 'company_name': 'PT Mitra Keluarga Karyasehat Tbk'}"
BEKS.JK,2026-09-11,0.3389,,2026-09-11T07:53:55.197694+00:00,"{'symbol': 'BEKS.JK', 'free_float': 0.3389, 'company_name': 'PT Bank Pembangunan Daerah Banten Tbk.'}"
JMAS.JK,2026-09-11,0.3375,,2026-09-11T07:53:55.197694+00:00,"{'symbol': 'JMAS.JK', 'free_float': 0.3375, 'company_name': 'PT Asuransi Jiwa Syariah Jasa Mitra Abadi Tbk'}"
MPMX.JK,2026-09-11,0.33676,,2026-09-11T07:53:55.197694+00:00,"{'symbol': 'MPMX.JK', 'free_float': 0.33676, 'company_name': 'PT Mitra Pinasthika Mustika Tbk'}"
UNTR.JK,2026-09-11,0.3361,,2026-09-11T07:53:55.197694+00:00,"{'symbol': 'UNTR.JK', 'free_float': 0.3361, 'company_name': 'United Tractors Tbk'}"
BDKR.JK,2026-09-11,0.33494,,2026-09-11T07:53:55.197694+00:00,"{'symbol': 'BDKR.JK', 'free_float': 0.33494, 'company_name': 'PT Berdikari Pondasi Perkasa Tbk.'}"
DWGL.JK,2026-09-11,0.3348,,2026-09-11T07:53:55.197694+00:00,"{'symbol': 'DWGL.JK', 'free_float': 0.3348, 'company_name': 'PT Dwi Guna Laksana Tbk'}"
DKFT.JK,2026-09-11,0.3345,,2026-09-11T07:53:55.197694+00:00,"{'symbol': 'DKFT.JK', 'free_float': 0.3345, 'company_name': 'Central Omega Resources Tbk'}"
GJTL.JK,2026-09-11,0.33447,,2026-09-11T07:53:55.197694+00:00,"{'symbol': 'GJTL.JK', 'free_float': 0.33447, 'company_name': 'Gajah Tunggal Tbk'}"
IDEA.JK,2026-09-11,0.3343,,2026-09-11T07:53:55.197694+00:00,"{'symbol': 'IDEA.JK', 'free_float': 0.3343, 'company_name': 'PT Idea Indonesia Akademi Tbk'}"
ISSP.JK,2026-09-11,0.3343,,2026-09-11T07:53:55.197694+00:00,"{'symbol': 'ISSP.JK', 'free_float': 0.3343, 'company_name': 'PT Steel Pipe Industry of Indonesia Tbk'}"
KAYU.JK,2026-09-11,0.3334,,2026-09-11T07:53:55.197694+00:00,"{'symbol': 'KAYU.JK', 'free_float': 0.3334, 'company_name': 'PT Darmi Bersaudara Tbk'}"
EXCL.JK,2026-09-11,0.33186,,2026-09-11T07:53:55.197694+00:00,"{'symbol': 'EXCL.JK', 'free_float': 0.33186, 'company_name': 'PT XLSMART Telecom Sejahtera Tbk'}"
MBTO.JK,2026-09-11,0.3313,,2026-09-11T07:53:55.197694+00:00,"{'symbol': 'MBTO.JK', 'free_float': 0.3313, 'company_name': 'Martina Berto Tbk'}"
CARE.JK,2026-09-11,0.3311,,2026-09-11T07:53:55.197694+00:00,"{'symbol': 'CARE.JK', 'free_float': 0.3311, 'company_name': 'PT Metro Healthcare Indonesia Tbk'}"
AKRA.JK,2026-09-11,0.3301,,2026-09-11T07:53:55.197694+00:00,"{'symbol': 'AKRA.JK', 'free_float': 0.3301, 'company_name': 'PT AKR Corporindo Tbk.'}"
JIHD.JK,2026-09-11,0.3299,,2026-09-11T07:53:55.197694+00:00,"{'symbol': 'JIHD.JK', 'free_float': 0.3299, 'company_name': 'Jakarta International Hotels & Development Tbk'}"
LOPI.JK,2026-09-11,0.3287,,2026-09-11T07:53:55.197694+00:00,"{'symbol': 'LOPI.JK', 'free_float': 0.3287, 'company_name': 'PT Logisticsplus International Tbk'}"
MICE.JK,2026-09-11,0.3286,,2026-09-11T07:53:55.197694+00:00,"{'symbol': 'MICE.JK', 'free_float': 0.3286, 'company_name': 'Multi Indocitra Tbk'}"
KETR.JK,2026-09-11,0.3283,,2026-09-11T07:53:55.197694+00:00,"{'symbol': 'KETR.JK', 'free_float': 0.3283, 'company_name': 'PT Ketrosden Triasmitra Tbk'}"
BUKA.JK,2026-09-11,0.32755,,2026-09-11T07:53:55.197694+00:00,"{'symbol': 'BUKA.JK', 'free_float': 0.32755, 'company_name': 'PT Bukalapak.com Tbk'}"
MLIA.JK,2026-09-11,0.3275,,2026-09-11T07:53:55.197694+00:00,"{'symbol': 'MLIA.JK', 'free_float': 0.3275, 'company_name': 'Mulia Industrindo Tbk'}"
PEHA.JK,2026-09-11,0.32723,,2026-09-11T07:53:55.197694+00:00,"{'symbol': 'PEHA.JK', 'free_float': 0.32723, 'company_name': 'PT Phapros Tbk'}"
TRUE.JK,2026-09-11,0.3268,,2026-09-11T07:53:55.197694+00:00,"{'symbol': 'TRUE.JK', 'free_float': 0.3268, 'company_name': 'PT Triniti Dinamik Tbk'}"
LAJU.JK,2026-09-11,0.3254,,2026-09-11T07:53:55.197694+00:00,"{'symbol': 'LAJU.JK', 'free_float': 0.3254, 'company_name': 'PT Jasa Berdikari Logistics Tbk'}"
LPPS.JK,2026-09-11,0.3248,,2026-09-11T07:53:55.197694+00:00,"{'symbol': 'LPPS.JK', 'free_float': 0.3248, 'company_name': 'PT Lenox Pasifik Investama Tbk'}"
HOKI.JK,2026-09-11,0.32419,,2026-09-11T07:53:55.197694+00:00,"{'symbol': 'HOKI.JK', 'free_float': 0.32419, 'company_name': 'PT Buyung Poetra Sembada Tbk'}"
MAXI.JK,2026-09-11,0.323,,2026-09-11T07:53:55.197694+00:00,"{'symbol': 'MAXI.JK', 'free_float': 0.323, 'company_name': 'PT Maxindo Karya Anugerah Tbk'}"
PNLF.JK,2026-09-11,0.3214,,2026-09-11T07:53:55.197694+00:00,"{'symbol': 'PNLF.JK', 'free_float': 0.3214, 'company_name': 'Panin Financial Tbk'}"
OLIV.JK,2026-09-11,0.3209,,2026-09-11T07:53:55.197694+00:00,"{'symbol': 'OLIV.JK', 'free_float': 0.3209, 'company_name': 'PT Oscar Mitra Sukses Sejahtera Tbk'}"
IOTF.JK,2026-09-11,0.3195,,2026-09-11T07:53:55.197694+00:00,"{'symbol': 'IOTF.JK', 'free_float': 0.3195, 'company_name': 'PT Sumber Sinergi Makmur Tbk'}"
ITMG.JK,2026-09-11,0.31765,,2026-09-11T07:53:55.197694+00:00,"{'symbol': 'ITMG.JK', 'free_float': 0.31765, 'company_name': 'Indo Tambangraya Megah Tbk'}"
PAMG.JK,2026-09-11,0.3176,,2026-09-11T07:53:55.197694+00:00,"{'symbol': 'PAMG.JK', 'free_float': 0.3176, 'company_name': 'PT Bima Sakti Pertiwi Tbk'}"
LPLI.JK,2026-09-11,0.3166,,2026-09-11T07:53:55.197694+00:00,"{'symbol': 'LPLI.JK', 'free_float': 0.3166, 'company_name': 'Star Pacific Tbk'}"
WEHA.JK,2026-09-11,0.3163,,2026-09-11T07:53:55.197694+00:00,"{'symbol': 'WEHA.JK', 'free_float': 0.3163, 'company_name': 'PT WEHA Transportasi Indonesia Tbk'}"
INAI.JK,2026-09-11,0.3162,,2026-09-11T07:53:55.197694+00:00,"{'symbol': 'INAI.JK', 'free_float': 0.3162, 'company_name': 'Indal Aluminium Industry Tbk'}"
MPIX.JK,2026-09-11,0.31603,,2026-09-11T07:53:55.197694+00:00,"{'symbol': 'MPIX.JK', 'free_float': 0.31603, 'company_name': 'PT Mitra Pedagang Indonesia Tbk'}"
LCKM.JK,2026-09-11,0.3153,,2026-09-11T07:53:55.197694+00:00,"{'symbol': 'LCKM.JK', 'free_float': 0.3153, 'company_name': 'PT LCK Global Kedaton Tbk'}"
PTSP.JK,2026-09-11,0.3146,,2026-09-11T07:53:55.197694+00:00,"{'symbol': 'PTSP.JK', 'free_float': 0.3146, 'company_name': 'Pioneerindo Gourmet International Tbk'}"
BIRD.JK,2026-09-11,0.314,,2026-09-11T07:53:55.197694+00:00,"{'symbol': 'BIRD.JK', 'free_float': 0.314, 'company_name': 'PT Blue Bird Tbk'}"
ITMA.JK,2026-09-11,0.3134,,2026-09-11T07:53:55.197694+00:00,"{'symbol': 'ITMA.JK', 'free_float': 0.3134, 'company_name': 'Sumber Energi Andalan Tbk'}"
RATU.JK,2026-09-11,0.3132,,2026-09-11T07:53:55.197694+00:00,"{'symbol': 'RATU.JK', 'free_float': 0.3132, 'company_name': 'PT Raharja Energi Cepu Tbk'}"
PICO.JK,2026-09-11,0.31311,,2026-09-11T07:53:55.197694+00:00,"{'symbol': 'PICO.JK', 'free_float': 0.31311, 'company_name': 'Pelangi Indah Canindo Tbk'}"
PWON.JK,2026-09-11,0.31298,,2026-09-11T07:53:55.197694+00:00,"{'symbol': 'PWON.JK', 'free_float': 0.31298, 'company_name': 'Pakuwon Jati Tbk'}"
MYOH.JK,2026-09-11,0.3124,,2026-09-11T07:53:55.197694+00:00,"{'symbol': 'MYOH.JK', 'free_float': 0.3124, 'company_name': 'Samindo Resources Tbk'}"
PEGE.JK,2026-09-11,0.3104,,2026-09-11T07:53:55.197694+00:00,"{'symbol': 'PEGE.JK', 'free_float': 0.3104, 'company_name': 'PT Panca Global Kapital Tbk'}"
GOOD.JK,2026-09-11,0.3102,,2026-09-11T07:53:55.197694+00:00,"{'symbol': 'GOOD.JK', 'free_float': 0.3102, 'company_name': 'PT Garudafood Putra Putri Jaya Tbk'}"
ALTO.JK,2026-09-11,0.3076,,2026-09-11T07:53:55.197694+00:00,"{'symbol': 'ALTO.JK', 'free_float': 0.3076, 'company_name': 'Tri Banyan Tirta Tbk'}"
WEGE.JK,2026-09-11,0.30704,,2026-09-11T07:53:55.197694+00:00,"{'symbol': 'WEGE.JK', 'free_float': 0.30704, 'company_name': 'PT Wijaya Karya Bangunan Gedung Tbk'}"
MAPA.JK,2026-09-11,0.307,,2026-09-11T07:53:55.197694+00:00,"{'symbol': 'MAPA.JK', 'free_float': 0.307, 'company_name': 'PT MAP Aktif Adiperkasa Tbk'}"
CINT.JK,2026-09-11,0.3069,,2026-09-11T07:53:55.197694+00:00,"{'symbol': 'CINT.JK', 'free_float': 0.3069, 'company_name': 'PT Chitose Internasional Tbk'}"
ENZO.JK,2026-09-11,0.3069,,2026-09-11T07:53:55.197694+00:00,"{'symbol': 'ENZO.JK', 'free_float': 0.3069, 'company_name': 'PT Morenzo Abadi Perkasa Tbk'}"
HILL.JK,2026-09-11,0.3068,,2026-09-11T07:53:55.197694+00:00,"{'symbol': 'HILL.JK', 'free_float': 0.3068, 'company_name': 'PT Hillcon Tbk'}"
JSMR.JK,2026-09-11,0.30678,,2026-09-11T07:53:55.197694+00:00,"{'symbol': 'JSMR.JK', 'free_float': 0.30678, 'company_name': 'PT Jasa Marga Tbk'}"
DGIK.JK,2026-09-11,0.3061,,2026-09-11T07:53:55.197694+00:00,"{'symbol': 'DGIK.JK', 'free_float': 0.3061, 'company_name': 'Nusa Konstruksi Enjiniring  Tbk'}"
JECX.JK,2026-09-11,0.3061,,2026-09-11T07:53:55.197694+00:00,"{'symbol': 'JECX.JK', 'free_float': 0.3061, 'company_name': 'PT Nitrasanata Dharma Tbk'}"
TOTL.JK,2026-09-11,0.306,,2026-09-11T07:53:55.197694+00:00,"{'symbol': 'TOTL.JK', 'free_float': 0.306, 'company_name': 'Total Bangun Persada Tbk'}"
DIGI.JK,2026-09-11,0.3058,,2026-09-11T07:53:55.197694+00:00,"{'symbol': 'DIGI.JK', 'free_float': 0.3058, 'company_name': 'PT Arkadia Digital Media Tbk'}"
SGER.JK,2026-09-11,0.3045,,2026-09-11T07:53:55.197694+00:00,"{'symbol': 'SGER.JK', 'free_float': 0.3045, 'company_name': 'PT Sumber Global Energy Tbk'}"
DSFI.JK,2026-09-11,0.304,,2026-09-11T07:53:55.197694+00:00,"{'symbol': 'DSFI.JK', 'free_float': 0.304, 'company_name': 'Dharma Samudera Fishing Ind. Tbk'}"
TELE.JK,2026-09-11,0.3036,,2026-09-11T07:53:55.197694+00:00,"{'symbol': 'TELE.JK', 'free_float': 0.3036, 'company_name': 'PT Omni Inovasi Indonesia Tbk'}"
AYLS.JK,2026-09-11,0.3031,,2026-09-11T07:53:55.197694+00:00,"{'symbol': 'AYLS.JK', 'free_float': 0.3031, 'company_name': 'PT Agro Yasa Lestari Tbk'}"
PLAN.JK,2026-09-11,0.303,,2026-09-11T07:53:55.197694+00:00,"{'symbol': 'PLAN.JK', 'free_float': 0.303, 'company_name': 'PT Planet Properindo Jaya Tbk'}"
PMMP.JK,2026-09-11,0.3026,,2026-09-11T07:53:55.197694+00:00,"{'symbol': 'PMMP.JK', 'free_float': 0.3026, 'company_name': 'PT Panca Mitra Multiperdana Tbk'}"
NFCX.JK,2026-09-11,0.3022,,2026-09-11T07:53:55.197694+00:00,"{'symbol': 'NFCX.JK', 'free_float': 0.3022, 'company_name': 'PT NFC Indonesia Tbk'}"
TNCA.JK,2026-09-11,0.3014,,2026-09-11T07:53:55.197694+00:00,"{'symbol': 'TNCA.JK', 'free_float': 0.3014, 'company_name': 'PT Trimuda Nuansa Citra Tbk'}"
PTRO.JK,2026-09-11,0.30066,,2026-09-11T07:53:55.197694+00:00,"{'symbol': 'PTRO.JK', 'free_float': 0.30066, 'company_name': 'Petrosea Tbk'}"
SPRE.JK,2026-09-11,0.3,,2026-09-11T07:53:55.197694+00:00,"{'symbol': 'SPRE.JK', 'free_float': 0.3, 'company_name': 'PT Soraya Berjaya Indonesia Tbk'}"
PRDL.JK,2026-09-11,0.3,,2026-09-11T07:53:55.197694+00:00,"{'symbol': 'PRDL.JK', 'free_float': 0.3, 'company_name': 'PT Prodia Diagnostic Line Tbk'}"
BTPS.JK,2026-09-11,0.29993,,2026-09-11T07:53:55.197694+00:00,"{'symbol': 'BTPS.JK', 'free_float': 0.29993, 'company_name': 'PT Bank BTPN Syariah Tbk.'}"
BAUT.JK,2026-09-11,0.2999,,2026-09-11T07:53:55.197694+00:00,"{'symbol': 'BAUT.JK', 'free_float': 0.2999, 'company_name': 'PT Mitra Angkasa Sejahtera Tbk'}"
DGNS.JK,2026-09-11,0.2998,,2026-09-11T07:53:55.197694+00:00,"{'symbol': 'DGNS.JK', 'free_float': 0.2998, 'company_name': 'PT Diagnos Laboratorium Utama Tbk'}"
ICON.JK,2026-09-11,0.2995,,2026-09-11T07:53:55.197694+00:00,"{'symbol': 'ICON.JK', 'free_float': 0.2995, 'company_name': 'Island Concepts Indonesia Tbk'}"
ASPR.JK,2026-09-11,0.2994,,2026-09-11T07:53:55.197694+00:00,"{'symbol': 'ASPR.JK', 'free_float': 0.2994, 'company_name': 'PT Asia Pramulia Tbk'}"
NAYZ.JK,2026-09-11,0.2994,,2026-09-11T07:53:55.197694+00:00,"{'symbol': 'NAYZ.JK', 'free_float': 0.2994, 'company_name': 'PT Hassana Boga Sejahtera Tbk'}"
PYFA.JK,2026-09-11,0.29931,,2026-09-11T07:53:55.197694+00:00,"{'symbol': 'PYFA.JK', 'free_float': 0.29931, 'company_name': 'PT Pyridam Farma Tbk'}"
SOCI.JK,2026-09-11,0.299,,2026-09-11T07:53:55.197694+00:00,"{'symbol': 'SOCI.JK', 'free_float': 0.299, 'company_name': 'PT Soechi Lines Tbk'}"
BRNA.JK,2026-09-11,0.2989,,2026-09-11T07:53:55.197694+00:00,"{'symbol': 'BRNA.JK', 'free_float': 0.2989, 'company_name': 'Berlina Tbk'}"
TRUK.JK,2026-09-11,0.2983,,2026-09-11T07:53:55.197694+00:00,"{'symbol': 'TRUK.JK', 'free_float': 0.2983, 'company_name': 'PT Guna Timur Raya Tbk'}"
CGAS.JK,2026-09-11,0.2983,,2026-09-11T07:53:55.197694+00:00,"{'symbol': 'CGAS.JK', 'free_float': 0.2983, 'company_name': 'PT Citra Nusantara Gemilang Tbk.'}"
CBUT.JK,2026-09-11,0.29784,,2026-09-11T07:53:55.197694+00:00,"{'symbol': 'CBUT.JK', 'free_float': 0.29784, 'company_name': 'PT Citra Borneo Utama Tbk'}"
AIMS.JK,2026-09-11,0.2978,,2026-09-11T07:53:55.197694+00:00,"{'symbol': 'AIMS.JK', 'free_float': 0.2978, 'company_name': 'PT Artha Mahiya Investama Tbk'}"
GRPH.JK,2026-09-11,0.2976,,2026-09-11T07:53:55.197694+00:00,"{'symbol': 'GRPH.JK', 'free_float': 0.2976, 'company_name': 'PT Griptha Putra Persada Tbk'}"
TOBA.JK,2026-09-11,0.29759,,2026-09-11T07:53:55.197694+00:00,"{'symbol': 'TOBA.JK', 'free_float': 0.29759, 'company_name': 'PT TBS Energi Utama Tbk'}"
MDRN.JK,2026-09-11,0.2957,,2026-09-11T07:53:55.197694+00:00,"{'symbol': 'MDRN.JK', 'free_float': 0.2957, 'company_name': 'Modern Internasional Tbk'}"
POLY.JK,2026-09-11,0.2952,,2026-09-11T07:53:55.197694+00:00,"{'symbol': 'POLY.JK', 'free_float': 0.2952, 'company_name': 'Asia Pacific Fibers Tbk'}"
MMIX.JK,2026-09-11,0.2943,,2026-09-11T07:53:55.197694+00:00,"{'symbol': 'MMIX.JK', 'free_float': 0.2943, 'company_name': 'PT Multi Medika Internasional Tbk'}"
TPIA.JK,2026-09-11,0.29412,,2026-09-11T07:53:55.197694+00:00,"{'symbol': 'TPIA.JK', 'free_float': 0.29412, 'company_name': 'PT Chandra Asri Pacific Tbk'}"
CHEM.JK,2026-09-11,0.294,,2026-09-11T07:53:55.197694+00:00,"{'symbol': 'CHEM.JK', 'free_float': 0.294, 'company_name': 'PT Chemstar Indonesia Tbk'}"
GSMF.JK,2026-09-11,0.292,,2026-09-11T07:53:55.197694+00:00,"{'symbol': 'GSMF.JK', 'free_float': 0.292, 'company_name': 'Equity Development Investment Tbk'}"
SSMS.JK,2026-09-11,0.2916,,2026-09-11T07:53:55.197694+00:00,"{'symbol': 'SSMS.JK', 'free_float': 0.2916, 'company_name': 'PT Sawit Sumbermas Sarana Tbk'}"
SOFA.JK,2026-09-11,0.2903,,2026-09-11T07:53:55.197694+00:00,"{'symbol': 'SOFA.JK', 'free_float': 0.2903, 'company_name': 'PT Solusi Environment Asia Tbk'}"
BAPA.JK,2026-09-11,0.2901,,2026-09-11T07:53:55.197694+00:00,"{'symbol': 'BAPA.JK', 'free_float': 0.2901, 'company_name': 'Bekasi Asri Pemula Tbk'}"
MDKI.JK,2026-09-11,0.2896,,2026-09-11T07:53:55.197694+00:00,"{'symbol': 'MDKI.JK', 'free_float': 0.2896, 'company_name': 'PT Emdeki Utama Tbk'}"
MSIN.JK,2026-09-11,0.28939,,2026-09-11T07:53:55.197694+00:00,"{'symbol': 'MSIN.JK', 'free_float': 0.28939, 'company_name': 'PT MNC Digital Entertainment Tbk'}"
GRIA.JK,2026-09-11,0.2891,,2026-09-11T07:53:55.197694+00:00,"{'symbol': 'GRIA.JK', 'free_float': 0.2891, 'company_name': 'PT Ingria Pratama Capitalindo Tbk'}"
RANS.JK,2026-09-11,0.2885,,2026-09-11T07:53:55.197694+00:00,"{'symbol': 'RANS.JK', 'free_float': 0.2885, 'company_name': 'PT Rans Entertainmen Indonesia Tbk'}"
SFAN.JK,2026-09-11,0.2876,,2026-09-11T07:53:55.197694+00:00,"{'symbol': 'SFAN.JK', 'free_float': 0.2876, 'company_name': 'PT Surya Fajar Capital Tbk'}"
MRAT.JK,2026-09-11,0.28718,,2026-09-11T07:53:55.197694+00:00,"{'symbol': 'MRAT.JK', 'free_float': 0.28718, 'company_name': 'Mustika Ratu Tbk'}"
ELIT.JK,2026-09-11,0.2866,,2026-09-11T07:53:55.197694+00:00,"{'symbol': 'ELIT.JK', 'free_float': 0.2866, 'company_name': 'PT Data Sinergitama Jaya Tbk'}"
SMRU.JK,2026-09-11,0.28629,,2026-09-11T07:53:55.197694+00:00,"{'symbol': 'SMRU.JK', 'free_float': 0.28629, 'company_name': 'SMR Utama Tbk'}"
BRPT.JK,2026-09-11,0.2859,,2026-09-11T07:53:55.197694+00:00,"{'symbol': 'BRPT.JK', 'free_float': 0.2859, 'company_name': 'Barito Pacific Tbk'}"
PADA.JK,2026-09-11,0.2856,,2026-09-11T07:53:55.197694+00:00,"{'symbol': 'PADA.JK', 'free_float': 0.2856, 'company_name': 'PT Personel Alih Daya Tbk'}"
INDY.JK,2026-09-11,0.28554,,2026-09-11T07:53:55.197694+00:00,"{'symbol': 'INDY.JK', 'free_float': 0.28554, 'company_name': 'Indika Energy Tbk'}"
EMTK.JK,2026-09-11,0.285,,2026-09-11T07:53:55.197694+00:00,"{'symbol': 'EMTK.JK', 'free_float': 0.285, 'company_name': 'Elang Mahkota Teknologi Tbk'}"
MASB.JK,2026-09-11,0.2849,,2026-09-11T07:53:55.197694+00:00,"{'symbol': 'MASB.JK', 'free_float': 0.2849, 'company_name': 'PT Bank Multiarta Sentosa Tbk'}"
HAJJ.JK,2026-09-11,0.28489,,2026-09-11T07:53:55.197694+00:00,"{'symbol': 'HAJJ.JK', 'free_float': 0.28489, 'company_name': 'PT Arsy Buana Travelindo Tbk'}"
PART.JK,2026-09-11,0.2844,,2026-09-11T07:53:55.197694+00:00,"{'symbol': 'PART.JK', 'free_float': 0.2844, 'company_name': 'PT Cipta Perdana Lancar Tbk'}"
CPRI.JK,2026-09-11,0.2844,,2026-09-11T07:53:55.197694+00:00,"{'symbol': 'CPRI.JK', 'free_float': 0.2844, 'company_name': 'PT Capri Nusa Satu Properti Tbk.'}"
HRTA.JK,2026-09-11,0.284,,2026-09-11T07:53:55.197694+00:00,"{'symbol': 'HRTA.JK', 'free_float': 0.284, 'company_name': 'PT Hartadinata Abadi Tbk'}"
VICO.JK,2026-09-11,0.2832,,2026-09-11T07:53:55.197694+00:00,"{'symbol': 'VICO.JK', 'free_float': 0.2832, 'company_name': 'PT Victoria Investama Tbk'}"
CLPI.JK,2026-09-11,0.28255,,2026-09-11T07:53:55.197694+00:00,"{'symbol': 'CLPI.JK', 'free_float': 0.28255, 'company_name': 'Colorpak Indonesia Tbk'}"
KLAS.JK,2026-09-11,0.2824,,2026-09-11T07:53:55.197694+00:00,"{'symbol': 'KLAS.JK', 'free_float': 0.2824, 'company_name': 'PT Pelayaran Kurnia Lautan Semesta Tbk'}"
BUAH.JK,2026-09-11,0.2822,,2026-09-11T07:53:55.197694+00:00,"{'symbol': 'BUAH.JK', 'free_float': 0.2822, 'company_name': 'PT Segar Kumala Indonesia Tbk'}"
PNIN.JK,2026-09-11,0.2814,,2026-09-11T07:53:55.197694+00:00,"{'symbol': 'PNIN.JK', 'free_float': 0.2814, 'company_name': 'Paninvest Tbk'}"
STAA.JK,2026-09-11,0.281,,2026-09-11T07:53:55.197694+00:00,"{'symbol': 'STAA.JK', 'free_float': 0.281, 'company_name': 'PT Sumber Tani Agung Resources Tbk'}"
BKSL.JK,2026-09-11,0.2803,,2026-09-11T07:53:55.197694+00:00,"{'symbol': 'BKSL.JK', 'free_float': 0.2803, 'company_name': 'Sentul City Tbk'}"
TRIL.JK,2026-09-11,0.2803,,2026-09-11T07:53:55.197694+00:00,"{'symbol': 'TRIL.JK', 'free_float': 0.2803, 'company_name': 'Triwira Insanlestari Tbk'}"
JTPE.JK,2026-09-11,0.2797,,2026-09-11T07:53:55.197694+00:00,"{'symbol': 'JTPE.JK', 'free_float': 0.2797, 'company_name': 'Jasuindo Tiga Perkasa Tbk'}"
NICL.JK,2026-09-11,0.2795,,2026-09-11T07:53:55.197694+00:00,"{'symbol': 'NICL.JK', 'free_float': 0.2795, 'company_name': 'PT PAM Mineral Tbk'}"
BIKA.JK,2026-09-11,0.2782,,2026-09-11T07:53:55.197694+00:00,"{'symbol': 'BIKA.JK', 'free_float': 0.2782, 'company_name': 'PT Binakarya Jaya Abadi Tbk.'}"
ARTO.JK,2026-09-11,0.2777,,2026-09-11T07:53:55.197694+00:00,"{'symbol': 'ARTO.JK', 'free_float': 0.2777, 'company_name': 'PT Bank Jago Tbk.'}"
IBFN.JK,2026-09-11,0.277,,2026-09-11T07:53:55.197694+00:00,"{'symbol': 'IBFN.JK', 'free_float': 0.277, 'company_name': 'PT Intan Baru Prana Tbk'}"
LAND.JK,2026-09-11,0.2769,,2026-09-11T07:53:55.197694+00:00,"{'symbol': 'LAND.JK', 'free_float': 0.2769, 'company_name': 'PT Trimitra Propertindo Tbk'}"
MPOW.JK,2026-09-11,0.2764,,2026-09-11T07:53:55.197694+00:00,"{'symbol': 'MPOW.JK', 'free_float': 0.2764, 'company_name': 'PT Megapower Makmur Tbk'}"
LABS.JK,2026-09-11,0.2761,,2026-09-11T07:53:55.197694+00:00,"{'symbol': 'LABS.JK', 'free_float': 0.2761, 'company_name': 'PT UBC Medical Indonesia Tbk'}"
TAMA.JK,2026-09-11,0.2761,,2026-09-11T07:53:55.197694+00:00,"{'symbol': 'TAMA.JK', 'free_float': 0.2761, 'company_name': 'PT Lancartama Sejati Tbk'}"
MAGP.JK,2026-09-11,0.2754,,2026-09-11T07:53:55.197694+00:00,"{'symbol': 'MAGP.JK', 'free_float': 0.2754, 'company_name': 'Multi Agro Gemilang Plantation Tbk'}"
OKAS.JK,2026-09-11,0.27497,,2026-09-11T07:53:55.197694+00:00,"{'symbol': 'OKAS.JK', 'free_float': 0.27497, 'company_name': 'Ancora Indonesia Resources Tbk'}"
TDPM.JK,2026-09-11,0.2749,,2026-09-11T07:53:55.197694+00:00,"{'symbol': 'TDPM.JK', 'free_float': 0.2749, 'company_name': 'PT Tianrong Chemicals Industry Tbk'}"
NAIK.JK,2026-09-11,0.2746,,2026-09-11T07:53:55.197694+00:00,"{'symbol': 'NAIK.JK', 'free_float': 0.2746, 'company_name': 'PT Adiwarna Anugerah Abadi Tbk'}"
ATIC.JK,2026-09-11,0.27416,,2026-09-11T07:53:55.197694+00:00,"{'symbol': 'ATIC.JK', 'free_float': 0.27416, 'company_name': 'PT Anabatic Technologies Tbk'}"
PJHB.JK,2026-09-11,0.2728,,2026-09-11T07:53:55.197694+00:00,"{'symbol': 'PJHB.JK', 'free_float': 0.2728, 'company_name': 'PT Pelayaran Jaya Hidup Baru Tbk'}"
TOWR.JK,2026-09-11,0.27232,,2026-09-11T07:53:55.197694+00:00,"{'symbol': 'TOWR.JK', 'free_float': 0.27232, 'company_name': 'Sarana Menara Nusantara Tbk'}"
MPXL.JK,2026-09-11,0.2698,,2026-09-11T07:53:55.197694+00:00,"{'symbol': 'MPXL.JK', 'free_float': 0.2698, 'company_name': 'PT MPX Logistics International Tbk'}"
TOSK.JK,2026-09-11,0.2695,,2026-09-11T07:53:55.197694+00:00,"{'symbol': 'TOSK.JK', 'free_float': 0.2695, 'company_name': 'PT Topindo Solusi Komunika Tbk'}"
CYBR.JK,2026-09-11,0.2695,,2026-09-11T07:53:55.197694+00:00,"{'symbol': 'CYBR.JK', 'free_float': 0.2695, 'company_name': 'PT ITSEC Asia Tbk.'}"
RMKO.JK,2026-09-11,0.2692,,2026-09-11T07:53:55.197694+00:00,"{'symbol': 'RMKO.JK', 'free_float': 0.2692, 'company_name': 'PT Royaltama Mulia Kontraktorindo Tbk'}"
BBLD.JK,2026-09-11,0.2691,,2026-09-11T07:53:55.197694+00:00,"{'symbol': 'BBLD.JK', 'free_float': 0.2691, 'company_name': 'Buana Finance Tbk'}"
SOUL.JK,2026-09-11,0.2679,,2026-09-11T07:53:55.197694+00:00,"{'symbol': 'SOUL.JK', 'free_float': 0.2679, 'company_name': 'PT Mitra Tirta Buwana Tbk'}"
SICO.JK,2026-09-11,0.2676,,2026-09-11T07:53:55.197694+00:00,"{'symbol': 'SICO.JK', 'free_float': 0.2676, 'company_name': 'PT Sigma Energy Compressindo Tbk'}"
KEEN.JK,2026-09-11,0.2669,,2026-09-11T07:53:55.197694+00:00,"{'symbol': 'KEEN.JK', 'free_float': 0.2669, 'company_name': 'PT Kencana Energi Lestari Tbk'}"
LUCK.JK,2026-09-11,0.2667,,2026-09-11T07:53:55.197694+00:00,"{'symbol': 'LUCK.JK', 'free_float': 0.2667, 'company_name': 'PT Sentral Mitra Informatika Tbk'}"
PTDU.JK,2026-09-11,0.2666,,2026-09-11T07:53:55.197694+00:00,"{'symbol': 'PTDU.JK', 'free_float': 0.2666, 'company_name': 'PT Djasa Ubersakti Tbk'}"
GULA.JK,2026-09-11,0.2661,,2026-09-11T07:53:55.197694+00:00,"{'symbol': 'GULA.JK', 'free_float': 0.2661, 'company_name': 'PT Aman Agrindo Tbk'}"
WMPP.JK,2026-09-11,0.26544,,2026-09-11T07:53:55.197694+00:00,"{'symbol': 'WMPP.JK', 'free_float': 0.26544, 'company_name': 'PT Widodo Makmur Perkasa Tbk'}"
PANR.JK,2026-09-11,0.2621,,2026-09-11T07:53:55.197694+00:00,"{'symbol': 'PANR.JK', 'free_float': 0.2621, 'company_name': 'Panorama Sentrawisata Tbk'}"
FOLK.JK,2026-09-11,0.2617,,2026-09-11T07:53:55.197694+00:00,"{'symbol': 'FOLK.JK', 'free_float': 0.2617, 'company_name': 'PT Multi Garam Utama Tbk'}"
RUNS.JK,2026-09-11,0.26118,,2026-09-11T07:53:55.197694+00:00,"{'symbol': 'RUNS.JK', 'free_float': 0.26118, 'company_name': 'PT Global Sukses Solusi Tbk'}"
DYAN.JK,2026-09-11,0.26,,2026-09-11T07:53:55.197694+00:00,"{'symbol': 'DYAN.JK', 'free_float': 0.26, 'company_name': 'PT Dyandra Media International Tbk'}"
PRDA.JK,2026-09-11,0.26,,2026-09-11T07:53:55.197694+00:00,"{'symbol': 'PRDA.JK', 'free_float': 0.26, 'company_name': 'PT Prodia Widyahusada Tbk'}"
ZATA.JK,2026-09-11,0.2599,,2026-09-11T07:53:55.197694+00:00,"{'symbol': 'ZATA.JK', 'free_float': 0.2599, 'company_name': 'PT Bersama Zatta Jaya Tbk'}"
AISA.JK,2026-09-11,0.25851,,2026-09-11T07:53:55.197694+00:00,"{'symbol': 'AISA.JK', 'free_float': 0.25851, 'company_name': 'PT FKS Food Sejahtera Tbk'}"
JAYA.JK,2026-09-11,0.257,,2026-09-11T07:53:55.197694+00:00,"{'symbol': 'JAYA.JK', 'free_float': 0.257, 'company_name': 'PT Armada Berjaya Trans Tbk'}"
TRIN.JK,2026-09-11,0.2563,,2026-09-11T07:53:55.197694+00:00,"{'symbol': 'TRIN.JK', 'free_float': 0.2563, 'company_name': 'PT Perintis Triniti Properti Tbk'}"
SEMA.JK,2026-09-11,0.2545,,2026-09-11T07:53:55.197694+00:00,"{'symbol': 'SEMA.JK', 'free_float': 0.2545, 'company_name': 'PT Semacom Integrated Tbk'}"
WSKT.JK,2026-09-11,0.25405,,2026-09-11T07:53:55.197694+00:00,"{'symbol': 'WSKT.JK', 'free_float': 0.25405, 'company_name': 'PT Waskita Karya (Persero) Tbk'}"
BACA.JK,2026-09-11,0.25302,,2026-09-11T07:53:55.197694+00:00,"{'symbol': 'BACA.JK', 'free_float': 0.25302, 'company_name': 'PT Bank Capital Indonesia Tbk'}"
AHAP.JK,2026-09-11,0.2528,,2026-09-11T07:53:55.197694+00:00,"{'symbol': 'AHAP.JK', 'free_float': 0.2528, 'company_name': 'Asuransi Harta Aman Pratama Tbk'}"
AMMN.JK,2026-09-11,0.25257,,2026-09-11T07:53:55.197694+00:00,"{'symbol': 'AMMN.JK', 'free_float': 0.25257, 'company_name': 'PT Amman Mineral Internasional Tbk.'}"
ALDO.JK,2026-09-11,0.25237,,2026-09-11T07:53:55.197694+00:00,"{'symbol': 'ALDO.JK', 'free_float': 0.25237, 'company_name': 'Alkindo Naratama Tbk'}"
EMAS.JK,2026-09-11,0.2523,,2026-09-11T07:53:55.197694+00:00,"{'symbol': 'EMAS.JK', 'free_float': 0.2523, 'company_name': 'PT Merdeka Gold Resources Tbk'}"
SMDR.JK,2026-09-11,0.2516,,2026-09-11T07:53:55.197694+00:00,"{'symbol': 'SMDR.JK', 'free_float': 0.2516, 'company_name': 'Samudera Indonesia Tbk'}"
SOTS.JK,2026-09-11,0.2511,,2026-09-11T07:53:55.197694+00:00,"{'symbol': 'SOTS.JK', 'free_float': 0.2511, 'company_name': 'PT Satria Mega Kencana Tbk'}"
WOOD.JK,2026-09-11,0.25089,,2026-09-11T07:53:55.197694+00:00,"{'symbol': 'WOOD.JK', 'free_float': 0.25089, 'company_name': 'PT Integra Indocabinet Tbk'}"
NASI.JK,2026-09-11,0.2506,,2026-09-11T07:53:55.197694+00:00,"{'symbol': 'NASI.JK', 'free_float': 0.2506, 'company_name': 'PT Wahana Inti Makmur Tbk'}"
MTPS.JK,2026-09-11,0.2505,,2026-09-11T07:53:55.197694+00:00,"{'symbol': 'MTPS.JK', 'free_float': 0.2505, 'company_name': 'PT Meta Epsi Tbk'}"
TMPO.JK,2026-09-11,0.2503,,2026-09-11T07:53:55.197694+00:00,"{'symbol': 'TMPO.JK', 'free_float': 0.2503, 'company_name': 'Tempo Inti Media Tbk'}"
AGAR.JK,2026-09-11,0.2501,,2026-09-11T07:53:55.197694+00:00,"{'symbol': 'AGAR.JK', 'free_float': 0.2501, 'company_name': 'PT Asia Sejahtera Mina Tbk'}"
BBSI.JK,2026-09-11,0.25,,2026-09-11T07:53:55.197694+00:00,"{'symbol': 'BBSI.JK', 'free_float': 0.25, 'company_name': 'PT Krom Bank Indonesia Tbk'}"
KBRI.JK,2026-09-11,0.25,,2026-09-11T07:53:55.197694+00:00,"{'symbol': 'KBRI.JK', 'free_float': 0.25, 'company_name': 'Kertas Basuki Rachmat Indonesia Tbk'}"
UNTD.JK,2026-09-11,0.25,,2026-09-11T07:53:55.197694+00:00,"{'symbol': 'UNTD.JK', 'free_float': 0.25, 'company_name': 'PT Terang Dunia Internusa Tbk'}"
AMMS.JK,2026-09-11,0.249,,2026-09-11T07:53:55.197694+00:00,"{'symbol': 'AMMS.JK', 'free_float': 0.249, 'company_name': 'PT Agung Menjangan Mas Tbk'}"
MCOR.JK,2026-09-11,0.2484,,2026-09-11T07:53:55.197694+00:00,"{'symbol': 'MCOR.JK', 'free_float': 0.2484, 'company_name': 'PT Bank China Construction Bank Indonesia Tbk'}"
ZYRX.JK,2026-09-11,0.2484,,2026-09-11T07:53:55.197694+00:00,"{'symbol': 'ZYRX.JK', 'free_float': 0.2484, 'company_name': 'PT Zyrexindo Mandiri Buana Tbk'}"
OBMD.JK,2026-09-11,0.2476,,2026-09-11T07:53:55.197694+00:00,"{'symbol': 'OBMD.JK', 'free_float': 0.2476, 'company_name': 'PT OBM Drilchem Tbk'}"
KICI.JK,2026-09-11,0.2475,,2026-09-11T07:53:55.197694+00:00,"{'symbol': 'KICI.JK', 'free_float': 0.2475, 'company_name': 'Kedaung Indah Can Tbk'}"
NIRO.JK,2026-09-11,0.2475,,2026-09-11T07:53:55.197694+00:00,"{'symbol': 'NIRO.JK', 'free_float': 0.2475, 'company_name': 'City Retail Developments Tbk'}"
BIPP.JK,2026-09-11,0.2475,,2026-09-11T07:53:55.197694+00:00,"{'symbol': 'BIPP.JK', 'free_float': 0.2475, 'company_name': 'Bhuwanatala Indah Permai Tbk'}"
BAJA.JK,2026-09-11,0.2473,,2026-09-11T07:53:55.197694+00:00,"{'symbol': 'BAJA.JK', 'free_float': 0.2473, 'company_name': 'Saranacentral Bajatama Tbk'}"
SKBM.JK,2026-09-11,0.2469,,2026-09-11T07:53:55.197694+00:00,"{'symbol': 'SKBM.JK', 'free_float': 0.2469, 'company_name': 'Sekar Bumi Tbk'}"
MEDC.JK,2026-09-11,0.2466,,2026-09-11T07:53:55.197694+00:00,"{'symbol': 'MEDC.JK', 'free_float': 0.2466, 'company_name': 'PT Medco Energi Internasional Tbk'}"
MSIE.JK,2026-09-11,0.2456,,2026-09-11T07:53:55.197694+00:00,"{'symbol': 'MSIE.JK', 'free_float': 0.2456, 'company_name': 'PT Multisarana Intan Eduka Tbk'}"
LMAX.JK,2026-09-11,0.2454,,2026-09-11T07:53:55.197694+00:00,"{'symbol': 'LMAX.JK', 'free_float': 0.2454, 'company_name': 'PT Lupromax Pelumas Indonesia Tbk'}"
SQMI.JK,2026-09-11,0.24521,,2026-09-11T07:53:55.197694+00:00,"{'symbol': 'SQMI.JK', 'free_float': 0.24521, 'company_name': 'Wilton Makmur Indonesia Tbk'}"
MGNA.JK,2026-09-11,0.2452,,2026-09-11T07:53:55.197694+00:00,"{'symbol': 'MGNA.JK', 'free_float': 0.2452, 'company_name': 'PT Magna Investama Mandiri Tbk'}"
ITIC.JK,2026-09-11,0.2449,,2026-09-11T07:53:55.197694+00:00,"{'symbol': 'ITIC.JK', 'free_float': 0.2449, 'company_name': 'PT Indonesian Tobacco Tbk'}"
BJBR.JK,2026-09-11,0.24444,,2026-09-11T07:53:55.197694+00:00,"{'symbol': 'BJBR.JK', 'free_float': 0.24444, 'company_name': 'Bank Pembangunan Daerah Jawa Barat dan Banten Tbk'}"
BSDE.JK,2026-09-11,0.2441,,2026-09-11T07:53:55.197694+00:00,"{'symbol': 'BSDE.JK', 'free_float': 0.2441, 'company_name': 'PT Bumi Serpong Damai Tbk'}"
PUDP.JK,2026-09-11,0.2441,,2026-09-11T07:53:55.197694+00:00,"{'symbol': 'PUDP.JK', 'free_float': 0.2441, 'company_name': 'Pudjiadi Prestige Tbk'}"
FILM.JK,2026-09-11,0.2433,,2026-09-11T07:53:55.197694+00:00,"{'symbol': 'FILM.JK', 'free_float': 0.2433, 'company_name': 'PT MD Entertainment Tbk'}"
WGSH.JK,2026-09-11,0.2428,,2026-09-11T07:53:55.197694+00:00,"{'symbol': 'WGSH.JK', 'free_float': 0.2428, 'company_name': 'PT Wira Global Solusi Tbk'}"
MGLV.JK,2026-09-11,0.2422,,2026-09-11T07:53:55.197694+00:00,"{'symbol': 'MGLV.JK', 'free_float': 0.2422, 'company_name': 'PT Panca Anugrah Wisesa Tbk'}"
PKPK.JK,2026-09-11,0.2415,,2026-09-11T07:53:55.197694+00:00,"{'symbol': 'PKPK.JK', 'free_float': 0.2415, 'company_name': 'Perdana Karya Perkasa Tbk'}"
SCCO.JK,2026-09-11,0.2413,,2026-09-11T07:53:55.197694+00:00,"{'symbol': 'SCCO.JK', 'free_float': 0.2413, 'company_name': 'PT Supreme Cable Manufacturing & Commerce Tbk'}"
PPGL.JK,2026-09-11,0.2408,,2026-09-11T07:53:55.197694+00:00,"{'symbol': 'PPGL.JK', 'free_float': 0.2408, 'company_name': 'PT Prima Globalindo Logistik Tbk'}"
HOMI.JK,2026-09-11,0.24,,2026-09-11T07:53:55.197694+00:00,"{'symbol': 'HOMI.JK', 'free_float': 0.24, 'company_name': 'PT Grand House Mulia Tbk'}"
CBMF.JK,2026-09-11,0.24,,2026-09-11T07:53:55.197694+00:00,"{'symbol': 'CBMF.JK', 'free_float': 0.24, 'company_name': 'PT Cahaya Bintang Medan Tbk'}"
PPRI.JK,2026-09-11,0.24,,2026-09-11T07:53:55.197694+00:00,"{'symbol': 'PPRI.JK', 'free_float': 0.24, 'company_name': 'PT Paperocks Indonesia Tbk'}"
BWPT.JK,2026-09-11,0.2398,,2026-09-11T07:53:55.197694+00:00,"{'symbol': 'BWPT.JK', 'free_float': 0.2398, 'company_name': 'Eagle High Plantations Tbk'}"
OPMS.JK,2026-09-11,0.2392,,2026-09-11T07:53:55.197694+00:00,"{'symbol': 'OPMS.JK', 'free_float': 0.2392, 'company_name': 'PT Optima Prima Metal Sinergi Tbk'}"
BEER.JK,2026-09-11,0.2381,,2026-09-11T07:53:55.197694+00:00,"{'symbol': 'BEER.JK', 'free_float': 0.2381, 'company_name': 'PT Jobubu Jarum Minahasa Tbk'}"
BELI.JK,2026-09-11,0.23806,,2026-09-11T07:53:55.197694+00:00,"{'symbol': 'BELI.JK', 'free_float': 0.23806, 'company_name': 'PT Global Digital Niaga Tbk'}"
GGRM.JK,2026-09-11,0.2378,,2026-09-11T07:53:55.197694+00:00,"{'symbol': 'GGRM.JK', 'free_float': 0.2378, 'company_name': 'Gudang Garam Tbk'}"
PGLI.JK,2026-09-11,0.2369,,2026-09-11T07:53:55.197694+00:00,"{'symbol': 'PGLI.JK', 'free_float': 0.2369, 'company_name': 'Pembangunan Graha Lestari Indah Tbk'}"
GOLL.JK,2026-09-11,0.2358,,2026-09-11T07:53:55.197694+00:00,"{'symbol': 'GOLL.JK', 'free_float': 0.2358, 'company_name': 'PT Golden Plantation Tbk'}"
HUMI.JK,2026-09-11,0.23572,,2026-09-11T07:53:55.197694+00:00,"{'symbol': 'HUMI.JK', 'free_float': 0.23572, 'company_name': 'PT Humpuss Maritim Internasional Tbk'}"
AXIO.JK,2026-09-11,0.23535,,2026-09-11T07:53:55.197694+00:00,"{'symbol': 'AXIO.JK', 'free_float': 0.23535, 'company_name': 'PT Tera Data Indonusa Tbk'}"
PTMP.JK,2026-09-11,0.2349,,2026-09-11T07:53:55.197694+00:00,"{'symbol': 'PTMP.JK', 'free_float': 0.2349, 'company_name': 'PT Mitra Pack Tbk'}"
MKTR.JK,2026-09-11,0.23434,,2026-09-11T07:53:55.197694+00:00,"{'symbol': 'MKTR.JK', 'free_float': 0.23434, 'company_name': 'PT Menthobi Karyatama Raya Tbk'}"
WAPO.JK,2026-09-11,0.2343,,2026-09-11T07:53:55.197694+00:00,"{'symbol': 'WAPO.JK', 'free_float': 0.2343, 'company_name': 'Wahana Pronatural Tbk'}"
TIRA.JK,2026-09-11,0.2339,,2026-09-11T07:53:55.197694+00:00,"{'symbol': 'TIRA.JK', 'free_float': 0.2339, 'company_name': 'Tira Austenite Tbk'}"
BSML.JK,2026-09-11,0.2338,,2026-09-11T07:53:55.197694+00:00,"{'symbol': 'BSML.JK', 'free_float': 0.2338, 'company_name': 'PT Bintang Samudera Mandiri Lines Tbk'}"
RALS.JK,2026-09-11,0.232,,2026-09-11T07:53:55.197694+00:00,"{'symbol': 'RALS.JK', 'free_float': 0.232, 'company_name': 'Ramayana Lestari Sentosa Tbk'}"
IPCC.JK,2026-09-11,0.23155,,2026-09-11T07:53:55.197694+00:00,"{'symbol': 'IPCC.JK', 'free_float': 0.23155, 'company_name': 'PT Indonesia Kendaraan Terminal Tbk'}"
ASGR.JK,2026-09-11,0.2313,,2026-09-11T07:53:55.197694+00:00,"{'symbol': 'ASGR.JK', 'free_float': 0.2313, 'company_name': 'Astra Graphia Tbk'}"
HBAT.JK,2026-09-11,0.2313,,2026-09-11T07:53:55.197694+00:00,"{'symbol': 'HBAT.JK', 'free_float': 0.2313, 'company_name': 'PT Minahasa Membangun Hebat Tbk'}"
DFAM.JK,2026-09-11,0.231,,2026-09-11T07:53:55.197694+00:00,"{'symbol': 'DFAM.JK', 'free_float': 0.231, 'company_name': 'PT Dafam Property Indonesia Tbk'}"
RELF.JK,2026-09-11,0.231,,2026-09-11T07:53:55.197694+00:00,"{'symbol': 'RELF.JK', 'free_float': 0.231, 'company_name': 'PT Graha Mitra Asia Tbk'}"
FOOD.JK,2026-09-11,0.2308,,2026-09-11T07:53:55.197694+00:00,"{'symbol': 'FOOD.JK', 'free_float': 0.2308, 'company_name': 'PT Sentra Food Indonesia Tbk'}"
TEBE.JK,2026-09-11,0.2308,,2026-09-11T07:53:55.197694+00:00,"{'symbol': 'TEBE.JK', 'free_float': 0.2308, 'company_name': 'PT Dana Brata Luhur Tbk'}"
YOII.JK,2026-09-11,0.2307,,2026-09-11T07:53:55.197694+00:00,"{'symbol': 'YOII.JK', 'free_float': 0.2307, 'company_name': 'PT Asuransi Digital Bersama Tbk'}"
PPRE.JK,2026-09-11,0.23005,,2026-09-11T07:53:55.197694+00:00,"{'symbol': 'PPRE.JK', 'free_float': 0.23005, 'company_name': 'PT PP Presisi Tbk'}"
KARW.JK,2026-09-11,0.2297,,2026-09-11T07:53:55.197694+00:00,"{'symbol': 'KARW.JK', 'free_float': 0.2297, 'company_name': 'Meratus Jasa Prima Tbk'}"
RGAS.JK,2026-09-11,0.229,,2026-09-11T07:53:55.197694+00:00,"{'symbol': 'RGAS.JK', 'free_float': 0.229, 'company_name': 'PT Kian Santang Muliatama Tbk'}"
BVIC.JK,2026-09-11,0.22886,,2026-09-11T07:53:55.197694+00:00,"{'symbol': 'BVIC.JK', 'free_float': 0.22886, 'company_name': 'Bank Victoria International Tbk'}"
PTMR.JK,2026-09-11,0.2281,,2026-09-11T07:53:55.197694+00:00,"{'symbol': 'PTMR.JK', 'free_float': 0.2281, 'company_name': 'PT Master Print Tbk'}"
DRMA.JK,2026-09-11,0.228,,2026-09-11T07:53:55.197694+00:00,"{'symbol': 'DRMA.JK', 'free_float': 0.228, 'company_name': 'PT Dharma Polimetal Tbk'}"
SDMU.JK,2026-09-11,0.2277,,2026-09-11T07:53:55.197694+00:00,"{'symbol': 'SDMU.JK', 'free_float': 0.2277, 'company_name': 'Sidomulyo Selaras Tbk'}"
MERI.JK,2026-09-11,0.2272,,2026-09-11T07:53:55.197694+00:00,"{'symbol': 'MERI.JK', 'free_float': 0.2272, 'company_name': 'PT Merry Riana Edukasi Tbk'}"
ASJT.JK,2026-09-11,0.22607,,2026-09-11T07:53:55.197694+00:00,"{'symbol': 'ASJT.JK', 'free_float': 0.22607, 'company_name': 'Asuransi Jasa Tania Tbk'}"
ZBRA.JK,2026-09-11,0.2257,,2026-09-11T07:53:55.197694+00:00,"{'symbol': 'ZBRA.JK', 'free_float': 0.2257, 'company_name': 'PT Dosni Roha Indonesia Tbk'}"
MTMH.JK,2026-09-11,0.225,,2026-09-11T07:53:56.036406+00:00,"{'symbol': 'MTMH.JK', 'free_float': 0.225, 'company_name': 'PT Murni Sadar Tbk'}"
CBRE.JK,2026-09-11,0.225,,2026-09-11T07:53:56.036406+00:00,"{'symbol': 'CBRE.JK', 'free_float': 0.225, 'company_name': 'PT Cakra Buana Resources Energi Tbk'}"
APII.JK,2026-09-11,0.2245,,2026-09-11T07:53:56.036406+00:00,"{'symbol': 'APII.JK', 'free_float': 0.2245, 'company_name': 'PT Arita Prima Indonesia Tbk.'}"
DCII.JK,2026-09-11,0.2236,,2026-09-11T07:53:56.036406+00:00,"{'symbol': 'DCII.JK', 'free_float': 0.2236, 'company_name': 'PT DCI Indonesia Tbk'}"
LRNA.JK,2026-09-11,0.2235,,2026-09-11T07:53:56.036406+00:00,"{'symbol': 'LRNA.JK', 'free_float': 0.2235, 'company_name': 'PT Eka Sari Lorena Transport Tbk'}"
STRK.JK,2026-09-11,0.2226,,2026-09-11T07:53:56.036406+00:00,"{'symbol': 'STRK.JK', 'free_float': 0.2226, 'company_name': 'PT Lovina Beach Brewery Tbk'}"
MIDI.JK,2026-09-11,0.2224,,2026-09-11T07:53:56.036406+00:00,"{'symbol': 'MIDI.JK', 'free_float': 0.2224, 'company_name': 'Midi Utama Indonesia Tbk'}"
OBAT.JK,2026-09-11,0.2223,,2026-09-11T07:53:56.036406+00:00,"{'symbol': 'OBAT.JK', 'free_float': 0.2223, 'company_name': 'PT Brigit Biofarmaka Teknologi Tbk'}"
IMPC.JK,2026-09-11,0.2223,,2026-09-11T07:53:56.036406+00:00,"{'symbol': 'IMPC.JK', 'free_float': 0.2223, 'company_name': 'PT Impack Pratama Industri Tbk'}"
RAAM.JK,2026-09-11,0.22099,,2026-09-11T07:53:56.036406+00:00,"{'symbol': 'RAAM.JK', 'free_float': 0.22099, 'company_name': 'PT Tripar Multivision Plus Tbk'}"
FUJI.JK,2026-09-11,0.2207,,2026-09-11T07:53:56.036406+00:00,"{'symbol': 'FUJI.JK', 'free_float': 0.2207, 'company_name': 'PT Fuji Finance Indonesia Tbk'}"
VTNY.JK,2026-09-11,0.2203,,2026-09-11T07:53:56.036406+00:00,"{'symbol': 'VTNY.JK', 'free_float': 0.2203, 'company_name': 'PT Venteny Fortuna International Tbk'}"
KMDS.JK,2026-09-11,0.2202,,2026-09-11T07:53:56.036406+00:00,"{'symbol': 'KMDS.JK', 'free_float': 0.2202, 'company_name': 'PT Kurniamitra Duta Sentosa Tbk'}"
WIRG.JK,2026-09-16,0.99994,,2026-09-16T12:16:05.288521+00:00,"{'symbol': 'WIRG.JK', 'free_float': 0.99994, 'company_name': 'PT Wir Asia Tbk'}"
PADI.JK,2026-09-16,0.9989,,2026-09-16T12:16:05.288521+00:00,"{'symbol': 'PADI.JK', 'free_float': 0.9989, 'company_name': 'Minna Padi Investama Sekuritas Tbk'}"
SBMA.JK,2026-09-11,0.2199,,2026-09-11T07:53:56.036406+00:00,"{'symbol': 'SBMA.JK', 'free_float': 0.2199, 'company_name': 'PT Surya Biru Murni Acetylene Tbk'}"
SWAT.JK,2026-09-11,0.2198,,2026-09-11T07:53:56.036406+00:00,"{'symbol': 'SWAT.JK', 'free_float': 0.2198, 'company_name': 'PT Sriwahana Adityakarta Tbk'}"
MTRA.JK,2026-09-11,0.21879,,2026-09-11T07:53:56.036406+00:00,"{'symbol': 'MTRA.JK', 'free_float': 0.21879, 'company_name': 'PT Mitra Pemuda Tbk'}"
MKPI.JK,2026-09-11,0.2179,,2026-09-11T07:53:56.036406+00:00,"{'symbol': 'MKPI.JK', 'free_float': 0.2179, 'company_name': 'Metropolitan Kentjana Tbk'}"
BATR.JK,2026-09-11,0.2179,,2026-09-11T07:53:56.036406+00:00,"{'symbol': 'BATR.JK', 'free_float': 0.2179, 'company_name': 'PT Benteng Api Technic Tbk'}"
AYAM.JK,2026-09-11,0.2177,,2026-09-11T07:53:56.036406+00:00,"{'symbol': 'AYAM.JK', 'free_float': 0.2177, 'company_name': 'PT Janu Putra Sejahtera Tbk.'}"
TAXI.JK,2026-09-16,0.9426,,2026-09-16T12:16:05.288521+00:00,"{'symbol': 'TAXI.JK', 'free_float': 0.9426, 'company_name': 'Express Transindo Utama Tbk'}"
SIMA.JK,2026-09-16,0.94168,,2026-09-16T12:16:05.288521+00:00,"{'symbol': 'SIMA.JK', 'free_float': 0.94168, 'company_name': 'Siwani Makmur Tbk'}"
CARS.JK,2026-09-16,0.9224,,2026-09-16T12:16:05.288521+00:00,"{'symbol': 'CARS.JK', 'free_float': 0.9224, 'company_name': 'PT Industri dan Perdagangan Bintraco Dharma Tbk'}"
ELTY.JK,2026-09-16,0.8953,,2026-09-16T12:16:05.288521+00:00,"{'symbol': 'ELTY.JK', 'free_float': 0.8953, 'company_name': 'Bakrieland Development Tbk'}"
LCGP.JK,2026-09-16,0.87377,,2026-09-16T12:16:05.288521+00:00,"{'symbol': 'LCGP.JK', 'free_float': 0.87377, 'company_name': 'PT Eureka Prima Jakarta Tbk'}"
DUCK.JK,2026-09-16,0.86999,,2026-09-16T12:16:05.288521+00:00,"{'symbol': 'DUCK.JK', 'free_float': 0.86999, 'company_name': 'PT Jaya Bersama Indo Tbk'}"
ENVY.JK,2026-09-16,0.86675,,2026-09-16T12:16:05.288521+00:00,"{'symbol': 'ENVY.JK', 'free_float': 0.86675, 'company_name': 'PT Envy Technologies Indonesia Tbk'}"
PLAS.JK,2026-09-16,0.8444,,2026-09-16T12:16:05.288521+00:00,"{'symbol': 'PLAS.JK', 'free_float': 0.8444, 'company_name': 'Polaris Investama Tbk'}"
MIRA.JK,2026-09-16,0.8256,,2026-09-16T12:16:05.288521+00:00,"{'symbol': 'MIRA.JK', 'free_float': 0.8256, 'company_name': 'Mitra International Resources Tbk'}"
GOTO.JK,2026-09-16,0.8082,,2026-09-16T12:16:05.288521+00:00,"{'symbol': 'GOTO.JK', 'free_float': 0.8082, 'company_name': 'PT GoTo Gojek Tokopedia Tbk'}"
IKAI.JK,2026-09-16,0.80663,,2026-09-16T12:16:05.288521+00:00,"{'symbol': 'IKAI.JK', 'free_float': 0.80663, 'company_name': 'Intikeramik Alamasri Industri Tbk'}"
DEAL.JK,2026-09-16,0.8045,,2026-09-16T12:16:05.288521+00:00,"{'symbol': 'DEAL.JK', 'free_float': 0.8045, 'company_name': 'PT Dewata Freightinternational Tbk'}"
COAL.JK,2026-09-16,0.7932,,2026-09-16T12:16:05.288521+00:00,"{'symbol': 'COAL.JK', 'free_float': 0.7932, 'company_name': 'PT Black Diamond Resources Tbk'}"
TGRA.JK,2026-09-16,0.7889,,2026-09-16T12:16:05.288521+00:00,"{'symbol': 'TGRA.JK', 'free_float': 0.7889, 'company_name': 'PT Terregra Asia Energy'}"
LMAS.JK,2026-09-16,0.7878,,2026-09-16T12:16:05.288521+00:00,"{'symbol': 'LMAS.JK', 'free_float': 0.7878, 'company_name': 'Limas Indonesia Makmur Tbk'}"
NUSA.JK,2026-09-16,0.78356,,2026-09-16T12:16:05.288521+00:00,"{'symbol': 'NUSA.JK', 'free_float': 0.78356, 'company_name': 'PT Sinergi Megah Internusa Tbk'}"
DADA.JK,2026-09-16,0.78,,2026-09-16T12:16:05.288521+00:00,"{'symbol': 'DADA.JK', 'free_float': 0.78, 'company_name': 'PT Diamond Citra Propertindo Tbk.'}"
SMKM.JK,2026-09-16,0.75,,2026-09-16T12:16:05.288521+00:00,"{'symbol': 'SMKM.JK', 'free_float': 0.75, 'company_name': 'PT Sumber Mas Konstruksi Tbk'}"
RIMO.JK,2026-09-16,0.74101,,2026-09-16T12:16:05.288521+00:00,"{'symbol': 'RIMO.JK', 'free_float': 0.74101, 'company_name': 'PT Rimo International Lestari Tbk'}"
CHEK.JK,2026-09-11,0.2175,,2026-09-11T07:53:56.036406+00:00,"{'symbol': 'CHEK.JK', 'free_float': 0.2175, 'company_name': 'PT Diastika Biotekindo Tbk'}"
PPRO.JK,2026-09-11,0.2173,,2026-09-11T07:53:56.036406+00:00,"{'symbol': 'PPRO.JK', 'free_float': 0.2173, 'company_name': 'PT PP Properti Tbk'}"
TECH.JK,2026-09-11,0.21523,,2026-09-11T07:53:56.036406+00:00,"{'symbol': 'TECH.JK', 'free_float': 0.21523, 'company_name': 'PT Indosterling Technomedia Tbk'}"
EMDE.JK,2026-09-11,0.2151,,2026-09-11T07:53:56.036406+00:00,"{'symbol': 'EMDE.JK', 'free_float': 0.2151, 'company_name': 'Megapolitan Developments Tbk'}"
KOKA.JK,2026-09-11,0.215,,2026-09-11T07:53:56.036406+00:00,"{'symbol': 'KOKA.JK', 'free_float': 0.215, 'company_name': 'PT Koka Indonesia Tbk'}"
TFAS.JK,2026-09-11,0.2144,,2026-09-11T07:53:56.036406+00:00,"{'symbol': 'TFAS.JK', 'free_float': 0.2144, 'company_name': 'PT Telefast Indonesia Tbk'}"
KONI.JK,2026-09-11,0.2139,,2026-09-11T07:53:56.036406+00:00,"{'symbol': 'KONI.JK', 'free_float': 0.2139, 'company_name': 'Perdana Bangun Pusaka Tbk'}"
GRPM.JK,2026-09-11,0.2136,,2026-09-11T07:53:56.036406+00:00,"{'symbol': 'GRPM.JK', 'free_float': 0.2136, 'company_name': 'PT Graha Prima Mentari Tbk'}"
HEXA.JK,2026-09-11,0.2129,,2026-09-11T07:53:56.036406+00:00,"{'symbol': 'HEXA.JK', 'free_float': 0.2129, 'company_name': 'Hexindo Adiperkasa Tbk'}"
BYAN.JK,2026-09-11,0.21287,,2026-09-11T07:53:56.036406+00:00,"{'symbol': 'BYAN.JK', 'free_float': 0.21287, 'company_name': 'Bayan Resources Tbk'}"
CLEO.JK,2026-09-11,0.21248,,2026-09-11T07:53:56.036406+00:00,"{'symbol': 'CLEO.JK', 'free_float': 0.21248, 'company_name': 'PT Sariguna Primatirta Tbk'}"
FAST.JK,2026-09-11,0.2124,,2026-09-11T07:53:56.036406+00:00,"{'symbol': 'FAST.JK', 'free_float': 0.2124, 'company_name': 'PT Fast Food Indonesia Tbk'}"
MAHA.JK,2026-09-11,0.2123,,2026-09-11T07:53:56.036406+00:00,"{'symbol': 'MAHA.JK', 'free_float': 0.2123, 'company_name': 'PT Mandiri Herindo Adiperkasa Tbk'}"
NRCA.JK,2026-09-11,0.2121,,2026-09-11T07:53:56.036406+00:00,"{'symbol': 'NRCA.JK', 'free_float': 0.2121, 'company_name': 'PT Nusa Raya Cipta Tbk'}"
BEEF.JK,2026-09-11,0.21203,,2026-09-11T07:53:56.036406+00:00,"{'symbol': 'BEEF.JK', 'free_float': 0.21203, 'company_name': 'PT Estika Tata Tiara Tbk.'}"
RDTX.JK,2026-09-11,0.2117,,2026-09-11T07:53:56.036406+00:00,"{'symbol': 'RDTX.JK', 'free_float': 0.2117, 'company_name': 'Roda Vivatex Tbk'}"
PTPS.JK,2026-09-11,0.2111,,2026-09-11T07:53:56.036406+00:00,"{'symbol': 'PTPS.JK', 'free_float': 0.2111, 'company_name': 'PT Pulau Subur Tbk'}"
KOCI.JK,2026-09-11,0.2107,,2026-09-11T07:53:56.036406+00:00,"{'symbol': 'KOCI.JK', 'free_float': 0.2107, 'company_name': 'PT Kokoh Exa Nusantara'}"
JELI.JK,2026-09-11,0.2101,,2026-09-11T07:53:56.036406+00:00,"{'symbol': 'JELI.JK', 'free_float': 0.2101, 'company_name': 'PT Niramas Utama Tbk'}"
NZIA.JK,2026-09-11,0.21,,2026-09-11T07:53:56.036406+00:00,"{'symbol': 'NZIA.JK', 'free_float': 0.21, 'company_name': 'PT Nusantara Almazia, Tbk'}"
KRAS.JK,2026-09-11,0.21,,2026-09-11T07:53:56.036406+00:00,"{'symbol': 'KRAS.JK', 'free_float': 0.21, 'company_name': 'Krakatau Steel (Persero) Tbk'}"
WBSA.JK,2026-09-11,0.2099,,2026-09-11T07:53:56.036406+00:00,"{'symbol': 'WBSA.JK', 'free_float': 0.2099, 'company_name': 'PT BSA Logistics Indonesia Tbk'}"
MAYA.JK,2026-09-11,0.2097,,2026-09-11T07:53:56.036406+00:00,"{'symbol': 'MAYA.JK', 'free_float': 0.2097, 'company_name': 'PT Bank Mayapada Internasional Tbk'}"
LIVE.JK,2026-09-11,0.20862,,2026-09-11T07:53:56.036406+00:00,"{'symbol': 'LIVE.JK', 'free_float': 0.20862, 'company_name': 'PT Homeco Victoria Makmur Tbk'}"
ISEA.JK,2026-09-11,0.2086,,2026-09-11T07:53:56.036406+00:00,"{'symbol': 'ISEA.JK', 'free_float': 0.2086, 'company_name': 'PT Indo American Seafoods Tbk'}"
NSSS.JK,2026-09-11,0.20859,,2026-09-11T07:53:56.036406+00:00,"{'symbol': 'NSSS.JK', 'free_float': 0.20859, 'company_name': 'PT Nusantara Sawit Sejahtera Tbk'}"
FITT.JK,2026-09-11,0.20821,,2026-09-11T07:53:56.036406+00:00,"{'symbol': 'FITT.JK', 'free_float': 0.20821, 'company_name': 'PT Hotel Fitra International Tbk'}"
DKHH.JK,2026-09-11,0.2079,,2026-09-11T07:53:56.036406+00:00,"{'symbol': 'DKHH.JK', 'free_float': 0.2079, 'company_name': 'PT Cipta Sarana Medika Tbk'}"
ETWA.JK,2026-09-11,0.2074,,2026-09-11T07:53:56.036406+00:00,"{'symbol': 'ETWA.JK', 'free_float': 0.2074, 'company_name': 'Eterindo Wahanatama Tbk'}"
TCID.JK,2026-09-11,0.2073,,2026-09-11T07:53:56.036406+00:00,"{'symbol': 'TCID.JK', 'free_float': 0.2073, 'company_name': 'Mandom Indonesia Tbk'}"
TRUS.JK,2026-09-11,0.2072,,2026-09-11T07:53:56.036406+00:00,"{'symbol': 'TRUS.JK', 'free_float': 0.2072, 'company_name': 'Trust Finance Indonesia Tbk'}"
TGUK.JK,2026-09-11,0.2068,,2026-09-11T07:53:56.036406+00:00,"{'symbol': 'TGUK.JK', 'free_float': 0.2068, 'company_name': 'PT Platinum Wahab Nusantara Tbk'}"
BINA.JK,2026-09-11,0.2064,,2026-09-11T07:53:56.036406+00:00,"{'symbol': 'BINA.JK', 'free_float': 0.2064, 'company_name': 'PT Bank Ina Perdana Tbk.'}"
INCO.JK,2026-09-11,0.20635,,2026-09-11T07:53:56.036406+00:00,"{'symbol': 'INCO.JK', 'free_float': 0.20635, 'company_name': 'Vale Indonesia Tbk'}"
TIRT.JK,2026-09-11,0.2062,,2026-09-11T07:53:56.036406+00:00,"{'symbol': 'TIRT.JK', 'free_float': 0.2062, 'company_name': 'Tirta Mahakam Resources Tbk'}"
EMMI.JK,2026-09-11,0.206,,2026-09-11T07:53:56.036406+00:00,"{'symbol': 'EMMI.JK', 'free_float': 0.206, 'company_name': 'PT Esa Medika Mandiri Tbk'}"
CLAY.JK,2026-09-11,0.2059,,2026-09-11T07:53:56.036406+00:00,"{'symbol': 'CLAY.JK', 'free_float': 0.2059, 'company_name': 'PT Citra Putra Realty Tbk'}"
DIVA.JK,2026-09-11,0.2059,,2026-09-11T07:53:56.036406+00:00,"{'symbol': 'DIVA.JK', 'free_float': 0.2059, 'company_name': 'PT Distribusi Voucher Nusantara Tbk'}"
MTLA.JK,2026-09-11,0.2053,,2026-09-11T07:53:56.036406+00:00,"{'symbol': 'MTLA.JK', 'free_float': 0.2053, 'company_name': 'Metropolitan Land Tbk'}"
SWID.JK,2026-09-11,0.2051,,2026-09-11T07:53:56.036406+00:00,"{'symbol': 'SWID.JK', 'free_float': 0.2051, 'company_name': 'PT Saraswanti Indoland Development Tbk'}"
GWSA.JK,2026-09-11,0.20504,,2026-09-11T07:53:56.036406+00:00,"{'symbol': 'GWSA.JK', 'free_float': 0.20504, 'company_name': 'PT Greenwood Sejahtera Tbk'}"
CRSN.JK,2026-09-11,0.2048,,2026-09-11T07:53:56.036406+00:00,"{'symbol': 'CRSN.JK', 'free_float': 0.2048, 'company_name': 'PT Carsurin Tbk'}"
SIDO.JK,2026-09-11,0.2046,,2026-09-11T07:53:56.036406+00:00,"{'symbol': 'SIDO.JK', 'free_float': 0.2046, 'company_name': 'PT Industri Jamu Dan Farmasi Sido Muncul Tbk'}"
BCAP.JK,2026-09-11,0.2041,,2026-09-11T07:53:56.036406+00:00,"{'symbol': 'BCAP.JK', 'free_float': 0.2041, 'company_name': 'MNC Kapital Indonesia Tbk'}"
DSSA.JK,2026-09-11,0.204,,2026-09-11T07:53:56.036406+00:00,"{'symbol': 'DSSA.JK', 'free_float': 0.204, 'company_name': 'Dian Swastatika Sentosa Tbk'}"
POSA.JK,2026-09-11,0.20353,,2026-09-11T07:53:56.036406+00:00,"{'symbol': 'POSA.JK', 'free_float': 0.20353, 'company_name': 'PT Bliss Properti Indonesia Tbk'}"
TUGU.JK,2026-09-11,0.20327,,2026-09-11T07:53:56.036406+00:00,"{'symbol': 'TUGU.JK', 'free_float': 0.20327, 'company_name': 'PT Asuransi Tugu Pratama Indonesia Tbk'}"
GEMA.JK,2026-09-11,0.20321,,2026-09-11T07:53:56.036406+00:00,"{'symbol': 'GEMA.JK', 'free_float': 0.20321, 'company_name': 'Gema Grahasarana Tbk'}"
AALI.JK,2026-09-11,0.2032,,2026-09-11T07:53:56.036406+00:00,"{'symbol': 'AALI.JK', 'free_float': 0.2032, 'company_name': 'Astra Agro Lestari Tbk'}"
IKPM.JK,2026-09-11,0.2019,,2026-09-11T07:53:56.036406+00:00,"{'symbol': 'IKPM.JK', 'free_float': 0.2019, 'company_name': 'PT Ikapharmindo Putramas Tbk'}"
SUNI.JK,2026-09-11,0.2018,,2026-09-11T07:53:56.036406+00:00,"{'symbol': 'SUNI.JK', 'free_float': 0.2018, 'company_name': 'PT Sunindo Pratama Tbk'}"
BAIK.JK,2026-09-11,0.2018,,2026-09-11T07:53:56.036406+00:00,"{'symbol': 'BAIK.JK', 'free_float': 0.2018, 'company_name': 'PT Bersama Mencapai Puncak Tbk.'}"
VOKS.JK,2026-09-11,0.2015,,2026-09-11T07:53:56.036406+00:00,"{'symbol': 'VOKS.JK', 'free_float': 0.2015, 'company_name': 'Voksel Electric Tbk'}"
AREA.JK,2026-09-11,0.2007,,2026-09-11T07:53:56.036406+00:00,"{'symbol': 'AREA.JK', 'free_float': 0.2007, 'company_name': 'PT Dunia Virtual Online Tbk'}"
POLI.JK,2026-09-11,0.2005,,2026-09-11T07:53:56.036406+00:00,"{'symbol': 'POLI.JK', 'free_float': 0.2005, 'company_name': 'PT Pollux Hotels Group Tbk'}"
SAGE.JK,2026-09-11,0.2004,,2026-09-11T07:53:56.036406+00:00,"{'symbol': 'SAGE.JK', 'free_float': 0.2004, 'company_name': 'PT Saptausaha Gemilangindah Tbk'}"
AUTO.JK,2026-09-11,0.20026,,2026-09-11T07:53:56.036406+00:00,"{'symbol': 'AUTO.JK', 'free_float': 0.20026, 'company_name': 'Astra Otoparts Tbk'}"
GUNA.JK,2026-09-11,0.2,,2026-09-11T07:53:56.036406+00:00,"{'symbol': 'GUNA.JK', 'free_float': 0.2, 'company_name': 'PT Gunanusa Eramandiri Tbk'}"
GTRA.JK,2026-09-11,0.2,,2026-09-11T07:53:56.036406+00:00,"{'symbol': 'GTRA.JK', 'free_float': 0.2, 'company_name': 'PT Grahaprima Suksesmandiri Tbk'}"
TOOL.JK,2026-09-11,0.2,,2026-09-11T07:53:56.036406+00:00,"{'symbol': 'TOOL.JK', 'free_float': 0.2, 'company_name': 'PT Rohartindo Nusantara Luas Tbk'}"
ROCK.JK,2026-09-11,0.2,,2026-09-11T07:53:56.036406+00:00,"{'symbol': 'ROCK.JK', 'free_float': 0.2, 'company_name': 'PT Rockfields Properti Indonesia Tbk'}"
PMUI.JK,2026-09-11,0.2,,2026-09-11T07:53:56.036406+00:00,"{'symbol': 'PMUI.JK', 'free_float': 0.2, 'company_name': 'PT Prima Multi Usaha Indonesia Tbk'}"
SMGA.JK,2026-09-11,0.2,,2026-09-11T07:53:56.036406+00:00,"{'symbol': 'SMGA.JK', 'free_float': 0.2, 'company_name': 'PT Sumber Mineral Global Abadi Tbk'}"
RSCH.JK,2026-09-11,0.2,,2026-09-11T07:53:56.036406+00:00,"{'symbol': 'RSCH.JK', 'free_float': 0.2, 'company_name': 'PT Charlie Hospital Semarang Tbk'}"
RCCC.JK,2026-09-11,0.2,,2026-09-11T07:53:56.036406+00:00,"{'symbol': 'RCCC.JK', 'free_float': 0.2, 'company_name': 'PT Utama Radar Cahaya Tbk'}"
ATAP.JK,2026-09-11,0.2,,2026-09-11T07:53:56.036406+00:00,"{'symbol': 'ATAP.JK', 'free_float': 0.2, 'company_name': 'PT Trimitra Prawara Goldland Tbk'}"
VISI.JK,2026-09-11,0.2,,2026-09-11T07:53:56.036406+00:00,"{'symbol': 'VISI.JK', 'free_float': 0.2, 'company_name': 'PT Satu Visi Putra Tbk'}"
BLOG.JK,2026-09-11,0.2,,2026-09-11T07:53:56.036406+00:00,"{'symbol': 'BLOG.JK', 'free_float': 0.2, 'company_name': 'PT Trimitra Trans Persada Tbk'}"
MANG.JK,2026-09-11,0.2,,2026-09-11T07:53:56.036406+00:00,"{'symbol': 'MANG.JK', 'free_float': 0.2, 'company_name': 'PT Manggung Polahraya Tbk'}"
PSKT.JK,2026-09-11,0.2,,2026-09-11T07:53:56.036406+00:00,"{'symbol': 'PSKT.JK', 'free_float': 0.2, 'company_name': 'PT Red Planet Indonesia Tbk'}"
TCPI.JK,2026-09-11,0.2,,2026-09-11T07:53:56.036406+00:00,"{'symbol': 'TCPI.JK', 'free_float': 0.2, 'company_name': 'PT Transcoal Pacific Tbk'}"
CBPE.JK,2026-09-11,0.2,,2026-09-11T07:53:56.036406+00:00,"{'symbol': 'CBPE.JK', 'free_float': 0.2, 'company_name': 'PT Citra Buana Prasida Tbk'}"
MHKI.JK,2026-09-11,0.2,,2026-09-11T07:53:56.036406+00:00,"{'symbol': 'MHKI.JK', 'free_float': 0.2, 'company_name': 'PT Multi Hanna Kreasindo Tbk'}"
TAMU.JK,2026-09-11,0.2,,2026-09-11T07:53:56.036406+00:00,"{'symbol': 'TAMU.JK', 'free_float': 0.2, 'company_name': 'PT Pelayaran Tamarin Samudra Tbk'}"
UCID.JK,2026-09-11,0.2,,2026-09-11T07:53:56.036406+00:00,"{'symbol': 'UCID.JK', 'free_float': 0.2, 'company_name': 'PT Uni-Charm Indonesia Tbk'}"
MKAP.JK,2026-09-11,0.2,,2026-09-11T07:53:56.036406+00:00,"{'symbol': 'MKAP.JK', 'free_float': 0.2, 'company_name': 'PT Multikarya Asia Pasifik Raya Tbk'}"
JATI.JK,2026-09-11,0.1999,,2026-09-11T07:53:56.036406+00:00,"{'symbol': 'JATI.JK', 'free_float': 0.1999, 'company_name': 'PT Informasi Teknologi Indonesia Tbk'}"
HAIS.JK,2026-09-11,0.1998,,2026-09-11T07:53:56.036406+00:00,"{'symbol': 'HAIS.JK', 'free_float': 0.1998, 'company_name': 'PT Hasnur Internasional Shipping Tbk'}"
ERAL.JK,2026-09-11,0.19963,,2026-09-11T07:53:56.036406+00:00,"{'symbol': 'ERAL.JK', 'free_float': 0.19963, 'company_name': 'PT Sinar Eka Selaras Tbk'}"
UNIQ.JK,2026-09-11,0.1996,,2026-09-11T07:53:56.036406+00:00,"{'symbol': 'UNIQ.JK', 'free_float': 0.1996, 'company_name': 'PT Ulima Nitra Tbk'}"
DMMX.JK,2026-09-11,0.1992,,2026-09-11T07:53:56.036406+00:00,"{'symbol': 'DMMX.JK', 'free_float': 0.1992, 'company_name': 'PT Digital Mediatama Maxima Tbk'}"
NPGF.JK,2026-09-11,0.1991,,2026-09-11T07:53:56.036406+00:00,"{'symbol': 'NPGF.JK', 'free_float': 0.1991, 'company_name': 'PT Nusa Palapa Gemilang Tbk'}"
DATA.JK,2026-09-11,0.199,,2026-09-11T07:53:56.036406+00:00,"{'symbol': 'DATA.JK', 'free_float': 0.199, 'company_name': 'PT Remala Abadi Tbk'}"
DOSS.JK,2026-09-11,0.1981,,2026-09-11T07:53:56.036406+00:00,"{'symbol': 'DOSS.JK', 'free_float': 0.1981, 'company_name': 'PT Global Sukses Digital Tbk'}"
STTP.JK,2026-09-11,0.19797,,2026-09-11T07:53:56.036406+00:00,"{'symbol': 'STTP.JK', 'free_float': 0.19797, 'company_name': 'PT Siantar Top Tbk'}"
MARK.JK,2026-09-11,0.1973,,2026-09-11T07:53:56.036406+00:00,"{'symbol': 'MARK.JK', 'free_float': 0.1973, 'company_name': 'PT Mark Dynamics Indonesia Tbk'}"
RISE.JK,2026-09-11,0.197,,2026-09-11T07:53:56.036406+00:00,"{'symbol': 'RISE.JK', 'free_float': 0.197, 'company_name': 'PT Jaya Sukses Makmur Sentosa Tbk'}"
ARGO.JK,2026-09-11,0.1969,,2026-09-11T07:53:56.036406+00:00,"{'symbol': 'ARGO.JK', 'free_float': 0.1969, 'company_name': 'Argo Pantes Tbk'}"
CUAN.JK,2026-09-11,0.19585,,2026-09-11T07:53:56.036406+00:00,"{'symbol': 'CUAN.JK', 'free_float': 0.19585, 'company_name': 'PT Petrindo Jaya Kreasi Tbk'}"
ICBP.JK,2026-09-11,0.1947,,2026-09-11T07:53:56.036406+00:00,"{'symbol': 'ICBP.JK', 'free_float': 0.1947, 'company_name': 'Indofood CBP Sukses Makmur Tbk'}"
RIGS.JK,2026-09-11,0.1946,,2026-09-11T07:53:56.036406+00:00,"{'symbol': 'RIGS.JK', 'free_float': 0.1946, 'company_name': 'Rig Tenders Tbk'}"
PORT.JK,2026-09-11,0.194,,2026-09-11T07:53:56.036406+00:00,"{'symbol': 'PORT.JK', 'free_float': 0.194, 'company_name': 'PT Nusantara Pelabuhan Handal Tbk'}"
MPRO.JK,2026-09-11,0.19361,,2026-09-11T07:53:56.036406+00:00,"{'symbol': 'MPRO.JK', 'free_float': 0.19361, 'company_name': 'PT Maha Properti Indonesia Tbk'}"
CSRA.JK,2026-09-11,0.1936,,2026-09-11T07:53:56.036406+00:00,"{'symbol': 'CSRA.JK', 'free_float': 0.1936, 'company_name': 'PT Cisadane Sawit Raya Tbk.'}"
CMRY.JK,2026-09-11,0.1928,,2026-09-11T07:53:56.036406+00:00,"{'symbol': 'CMRY.JK', 'free_float': 0.1928, 'company_name': 'PT Cisarua Mountain Dairy Tbk'}"
BOBA.JK,2026-09-11,0.1926,,2026-09-11T07:53:56.036406+00:00,"{'symbol': 'BOBA.JK', 'free_float': 0.1926, 'company_name': 'PT Formosa Ingredient Factory Tbk'}"
BIKE.JK,2026-09-11,0.1923,,2026-09-11T07:53:56.036406+00:00,"{'symbol': 'BIKE.JK', 'free_float': 0.1923, 'company_name': 'PT Sepeda Bersama Indonesia Tbk'}"
ASLC.JK,2026-09-11,0.192,,2026-09-11T07:53:56.036406+00:00,"{'symbol': 'ASLC.JK', 'free_float': 0.192, 'company_name': 'PT Autopedia Sukses Lestari Tbk'}"
HOTL.JK,2026-09-11,0.1908,,2026-09-11T07:53:56.036406+00:00,"{'symbol': 'HOTL.JK', 'free_float': 0.1908, 'company_name': 'Saraswati Griya Lestari Tbk'}"
MTSM.JK,2026-09-11,0.19057,,2026-09-11T07:53:56.036406+00:00,"{'symbol': 'MTSM.JK', 'free_float': 0.19057, 'company_name': 'Metro Realty Tbk'}"
SCNP.JK,2026-09-11,0.18973,,2026-09-11T07:53:56.036406+00:00,"{'symbol': 'SCNP.JK', 'free_float': 0.18973, 'company_name': 'PT Selaras Citra Nusantara Perkasa Tbk'}"
MORA.JK,2026-09-11,0.18882,,2026-09-11T07:53:56.036406+00:00,"{'symbol': 'MORA.JK', 'free_float': 0.18882, 'company_name': 'PT Ekamas Mora Republik Tbk'}"
TRGU.JK,2026-09-11,0.18851,,2026-09-11T07:53:56.036406+00:00,"{'symbol': 'TRGU.JK', 'free_float': 0.18851, 'company_name': 'PT Cerestar Indonesia Tbk'}"
SOLA.JK,2026-09-11,0.18809,,2026-09-11T07:53:56.036406+00:00,"{'symbol': 'SOLA.JK', 'free_float': 0.18809, 'company_name': 'PT Xolare RCR Energy Tbk'}"
KSIX.JK,2026-09-11,0.1871,,2026-09-11T07:53:56.036406+00:00,"{'symbol': 'KSIX.JK', 'free_float': 0.1871, 'company_name': 'PT Kentanix Supra International Tbk'}"
KKGI.JK,2026-09-11,0.18413,,2026-09-11T07:53:56.036406+00:00,"{'symbol': 'KKGI.JK', 'free_float': 0.18413, 'company_name': 'Resource Alam Indonesia Tbk'}"
TYRE.JK,2026-09-11,0.1841,,2026-09-11T07:53:56.036406+00:00,"{'symbol': 'TYRE.JK', 'free_float': 0.1841, 'company_name': 'PT King Tire Indonesia Tbk'}"
VERN.JK,2026-09-11,0.184,,2026-09-11T07:53:56.036406+00:00,"{'symbol': 'VERN.JK', 'free_float': 0.184, 'company_name': 'PT Verona Indah Pictures Tbk'}"
MITI.JK,2026-09-11,0.1839,,2026-09-11T07:53:56.036406+00:00,"{'symbol': 'MITI.JK', 'free_float': 0.1839, 'company_name': 'Mitra Investindo Tbk'}"
AADI.JK,2026-09-11,0.18383,,2026-09-11T07:53:56.036406+00:00,"{'symbol': 'AADI.JK', 'free_float': 0.18383, 'company_name': 'PT Adaro Andalan Indonesia Tbk'}"
SHIP.JK,2026-09-11,0.1831,,2026-09-11T07:53:56.036406+00:00,"{'symbol': 'SHIP.JK', 'free_float': 0.1831, 'company_name': 'PT Sillo Maritime Perdana Tbk'}"
LPIN.JK,2026-09-11,0.1829,,2026-09-11T07:53:56.036406+00:00,"{'symbol': 'LPIN.JK', 'free_float': 0.1829, 'company_name': 'Multi Prima Sejahtera Tbk'}"
AMIN.JK,2026-09-11,0.1829,,2026-09-11T07:53:56.036406+00:00,"{'symbol': 'AMIN.JK', 'free_float': 0.1829, 'company_name': 'PT Ateliers Mecaniques D Indonesie Tbk.'}"
MDIY.JK,2026-09-11,0.1819,,2026-09-11T07:53:56.036406+00:00,"{'symbol': 'MDIY.JK', 'free_float': 0.1819, 'company_name': 'PT Daya Intiguna Yasa Tbk'}"
BTON.JK,2026-09-11,0.1818,,2026-09-11T07:53:56.036406+00:00,"{'symbol': 'BTON.JK', 'free_float': 0.1818, 'company_name': 'Betonjaya Manunggal Tbk'}"
AKPI.JK,2026-09-11,0.1815,,2026-09-11T07:53:56.036406+00:00,"{'symbol': 'AKPI.JK', 'free_float': 0.1815, 'company_name': 'Argha Karya Prima Ind. Tbk'}"
MGRO.JK,2026-09-11,0.1813,,2026-09-11T07:53:56.036406+00:00,"{'symbol': 'MGRO.JK', 'free_float': 0.1813, 'company_name': 'PT Mahkota Group Tbk'}"
PEVE.JK,2026-09-11,0.1811,,2026-09-11T07:53:56.036406+00:00,"{'symbol': 'PEVE.JK', 'free_float': 0.1811, 'company_name': 'PT Penta Valent Tbk'}"
FWCT.JK,2026-09-11,0.1803,,2026-09-11T07:53:56.036406+00:00,"{'symbol': 'FWCT.JK', 'free_float': 0.1803, 'company_name': 'PT Wijaya Cahaya Timber Tbk'}"
IFII.JK,2026-09-11,0.1802,,2026-09-11T07:53:56.036406+00:00,"{'symbol': 'IFII.JK', 'free_float': 0.1802, 'company_name': 'PT Indonesia Fibreboard Industry Tbk'}"
BOAT.JK,2026-09-11,0.1801,,2026-09-11T07:53:56.036406+00:00,"{'symbol': 'BOAT.JK', 'free_float': 0.1801, 'company_name': 'PT Newport Marine Services Tbk'}"
ULTJ.JK,2026-09-11,0.1792,,2026-09-11T07:53:56.036406+00:00,"{'symbol': 'ULTJ.JK', 'free_float': 0.1792, 'company_name': 'PT Ultrajaya Milk Industry & Trading Company Tbk'}"
ARTA.JK,2026-09-11,0.1787,,2026-09-11T07:53:56.036406+00:00,"{'symbol': 'ARTA.JK', 'free_float': 0.1787, 'company_name': 'Arthavest Tbk'}"
PZZA.JK,2026-09-11,0.178,,2026-09-11T07:53:56.036406+00:00,"{'symbol': 'PZZA.JK', 'free_float': 0.178, 'company_name': 'PT Sarimelati Kencana Tbk'}"
EKAD.JK,2026-09-11,0.1774,,2026-09-11T07:53:56.036406+00:00,"{'symbol': 'EKAD.JK', 'free_float': 0.1774, 'company_name': 'Ekadharma International Tbk'}"
DMAS.JK,2026-09-11,0.1772,,2026-09-11T07:53:56.036406+00:00,"{'symbol': 'DMAS.JK', 'free_float': 0.1772, 'company_name': 'PT Puradelta Lestari Tbk'}"
BACH.JK,2026-09-11,0.1771,,2026-09-11T07:53:56.036406+00:00,"{'symbol': 'BACH.JK', 'free_float': 0.1771, 'company_name': 'PT Bach Multi Global Tbk'}"
PGJO.JK,2026-09-11,0.177,,2026-09-11T07:53:56.036406+00:00,"{'symbol': 'PGJO.JK', 'free_float': 0.177, 'company_name': 'PT Bahtera Bumi Raya Tbk'}"
WINE.JK,2026-09-11,0.1768,,2026-09-11T07:53:56.036406+00:00,"{'symbol': 'WINE.JK', 'free_float': 0.1768, 'company_name': 'PT Hatten Bali Tbk'}"
SRTG.JK,2026-09-11,0.17546,,2026-09-11T07:53:56.036406+00:00,"{'symbol': 'SRTG.JK', 'free_float': 0.17546, 'company_name': 'PT Saratoga Investama Sedaya Tbk'}"
AVIA.JK,2026-09-11,0.1752,,2026-09-11T07:53:56.036406+00:00,"{'symbol': 'AVIA.JK', 'free_float': 0.1752, 'company_name': 'PT Avia Avian Tbk'}"
MDLA.JK,2026-09-11,0.1751,,2026-09-11T07:53:56.036406+00:00,"{'symbol': 'MDLA.JK', 'free_float': 0.1751, 'company_name': 'PT Medela Potentia Tbk'}"
MBSS.JK,2026-09-11,0.175,,2026-09-11T07:53:56.036406+00:00,"{'symbol': 'MBSS.JK', 'free_float': 0.175, 'company_name': 'Mitrabahtera Segara Sejati Tbk'}"
SATU.JK,2026-09-11,0.1737,,2026-09-11T07:53:56.036406+00:00,"{'symbol': 'SATU.JK', 'free_float': 0.1737, 'company_name': 'PT Kota Satu Properti Tbk'}"
HRUM.JK,2026-09-11,0.17273,,2026-09-11T07:53:56.036406+00:00,"{'symbol': 'HRUM.JK', 'free_float': 0.17273, 'company_name': 'Harum Energy Tbk'}"
KBLM.JK,2026-09-11,0.1727,,2026-09-11T07:53:56.036406+00:00,"{'symbol': 'KBLM.JK', 'free_float': 0.1727, 'company_name': 'Kabelindo Murni Tbk'}"
APLN.JK,2026-09-11,0.17254,,2026-09-11T07:53:56.036406+00:00,"{'symbol': 'APLN.JK', 'free_float': 0.17254, 'company_name': 'PT Agung Podomoro Land Tbk.'}"
SRAJ.JK,2026-09-11,0.17232,,2026-09-11T07:53:56.036406+00:00,"{'symbol': 'SRAJ.JK', 'free_float': 0.17232, 'company_name': 'Sejahteraraya Anugrahjaya Tbk'}"
ASRM.JK,2026-09-11,0.1711,,2026-09-11T07:53:56.036406+00:00,"{'symbol': 'ASRM.JK', 'free_float': 0.1711, 'company_name': 'Asuransi Ramayana Tbk'}"
PDES.JK,2026-09-11,0.1709,,2026-09-11T07:53:56.036406+00:00,"{'symbol': 'PDES.JK', 'free_float': 0.1709, 'company_name': 'Destinasi Tirta Nusantara Tbk'}"
PTIS.JK,2026-09-11,0.1701,,2026-09-11T07:53:56.036406+00:00,"{'symbol': 'PTIS.JK', 'free_float': 0.1701, 'company_name': 'Indo Straits Tbk'}"
ELPI.JK,2026-09-11,0.1698,,2026-09-11T07:53:56.036406+00:00,"{'symbol': 'ELPI.JK', 'free_float': 0.1698, 'company_name': 'PT Pelayaran Nasional Ekalya Purnamasari Tbk'}"
TAPG.JK,2026-09-11,0.16936,,2026-09-11T07:53:56.036406+00:00,"{'symbol': 'TAPG.JK', 'free_float': 0.16936, 'company_name': 'PT Triputra Agro Persada Tbk'}"
CANI.JK,2026-09-11,0.169,,2026-09-11T07:53:56.036406+00:00,"{'symbol': 'CANI.JK', 'free_float': 0.169, 'company_name': 'PT Capitol Nusantara Indonesia Tbk.'}"
SDPC.JK,2026-09-11,0.1685,,2026-09-11T07:53:56.036406+00:00,"{'symbol': 'SDPC.JK', 'free_float': 0.1685, 'company_name': 'Millennium Pharmacon International Tbk'}"
SKLT.JK,2026-09-11,0.168,,2026-09-11T07:53:56.036406+00:00,"{'symbol': 'SKLT.JK', 'free_float': 0.168, 'company_name': 'Sekar Laut Tbk'}"
SAMF.JK,2026-09-11,0.1672,,2026-09-11T07:53:56.036406+00:00,"{'symbol': 'SAMF.JK', 'free_float': 0.1672, 'company_name': 'PT Saraswanti Anugerah Makmur Tbk'}"
SMBR.JK,2026-09-11,0.16596,,2026-09-11T07:53:56.036406+00:00,"{'symbol': 'SMBR.JK', 'free_float': 0.16596, 'company_name': 'PT Semen Baturaja Tbk'}"
HGII.JK,2026-09-11,0.1635,,2026-09-11T07:53:56.036406+00:00,"{'symbol': 'HGII.JK', 'free_float': 0.1635, 'company_name': 'PT Hero Global Investment Tbk'}"
ISAT.JK,2026-09-11,0.16343,,2026-09-11T07:53:56.036406+00:00,"{'symbol': 'ISAT.JK', 'free_float': 0.16343, 'company_name': 'PT Indosat Tbk'}"
PANI.JK,2026-09-11,0.1625,,2026-09-11T07:53:56.036406+00:00,"{'symbol': 'PANI.JK', 'free_float': 0.1625, 'company_name': 'PT Pantai Indah Kapuk Dua Tbk.'}"
BRAM.JK,2026-09-11,0.1623,,2026-09-11T07:53:56.036406+00:00,"{'symbol': 'BRAM.JK', 'free_float': 0.1623, 'company_name': 'Indo Kordsa Tbk'}"
ALKA.JK,2026-09-11,0.16206,,2026-09-11T07:53:56.036406+00:00,"{'symbol': 'ALKA.JK', 'free_float': 0.16206, 'company_name': 'Alakasa Industrindo Tbk'}"
PSSI.JK,2026-09-11,0.16144,,2026-09-11T07:53:56.036406+00:00,"{'symbol': 'PSSI.JK', 'free_float': 0.16144, 'company_name': 'PT IMC Pelita Logistik Tbk'}"
KDTN.JK,2026-09-11,0.1607,,2026-09-11T07:53:56.036406+00:00,"{'symbol': 'KDTN.JK', 'free_float': 0.1607, 'company_name': 'PT Puri Sentul Permai Tbk'}"
MPPA.JK,2026-09-11,0.16053,,2026-09-11T07:53:56.036406+00:00,"{'symbol': 'MPPA.JK', 'free_float': 0.16053, 'company_name': 'Matahari Putra Prima Tbk'}"
BBKP.JK,2026-09-11,0.16021,,2026-09-11T07:53:56.036406+00:00,"{'symbol': 'BBKP.JK', 'free_float': 0.16021, 'company_name': 'PT Bank KB Indonesia Tbk'}"
DAAZ.JK,2026-09-11,0.16,,2026-09-11T07:53:56.036406+00:00,"{'symbol': 'DAAZ.JK', 'free_float': 0.16, 'company_name': 'PT Daaz Bara Lestari Tbk'}"
POLA.JK,2026-09-11,0.1599,,2026-09-11T07:53:56.036406+00:00,"{'symbol': 'POLA.JK', 'free_float': 0.1599, 'company_name': 'PT Pool Advista Finance Tbk'}"
ARCI.JK,2026-09-11,0.1588,,2026-09-11T07:53:56.036406+00:00,"{'symbol': 'ARCI.JK', 'free_float': 0.1588, 'company_name': 'PT Archi Indonesia Tbk'}"
PBSA.JK,2026-09-11,0.1578,,2026-09-11T07:53:56.036406+00:00,"{'symbol': 'PBSA.JK', 'free_float': 0.1578, 'company_name': 'PT Paramita Bangun Sarana Tbk'}"
LFLO.JK,2026-09-11,0.1557,,2026-09-11T07:53:56.036406+00:00,"{'symbol': 'LFLO.JK', 'free_float': 0.1557, 'company_name': 'PT Imago Mulia Persada Tbk'}"
BESS.JK,2026-09-11,0.1557,,2026-09-11T07:53:56.036406+00:00,"{'symbol': 'BESS.JK', 'free_float': 0.1557, 'company_name': 'PT Batulicin Nusantara Maritim Tbk.'}"
TMAS.JK,2026-09-11,0.1556,,2026-09-11T07:53:56.036406+00:00,"{'symbol': 'TMAS.JK', 'free_float': 0.1556, 'company_name': 'PT Temas Tbk'}"
RONY.JK,2026-09-11,0.1555,,2026-09-11T07:53:56.036406+00:00,"{'symbol': 'RONY.JK', 'free_float': 0.1555, 'company_name': 'PT Aracord Nusantara Group Tbk'}"
KDSI.JK,2026-09-11,0.15525,,2026-09-11T07:53:56.036406+00:00,"{'symbol': 'KDSI.JK', 'free_float': 0.15525, 'company_name': 'Kedawung Setia Industrial Tbk'}"
FORE.JK,2026-09-11,0.15463,,2026-09-11T07:53:56.036406+00:00,"{'symbol': 'FORE.JK', 'free_float': 0.15463, 'company_name': 'PT Fore Kopi Indonesia Tbk'}"
IRRA.JK,2026-09-11,0.1545,,2026-09-11T07:53:56.036406+00:00,"{'symbol': 'IRRA.JK', 'free_float': 0.1545, 'company_name': 'PT Itama Ranoraya Tbk'}"
DLTA.JK,2026-09-11,0.1542,,2026-09-11T07:53:56.036406+00:00,"{'symbol': 'DLTA.JK', 'free_float': 0.1542, 'company_name': 'Delta Djakarta Tbk'}"
ASDM.JK,2026-09-11,0.154,,2026-09-11T07:53:56.036406+00:00,"{'symbol': 'ASDM.JK', 'free_float': 0.154, 'company_name': 'Asuransi Dayin Mitra Tbk'}"
SSTM.JK,2026-09-11,0.15398,,2026-09-11T07:53:56.036406+00:00,"{'symbol': 'SSTM.JK', 'free_float': 0.15398, 'company_name': 'Sunson Textile Manufacturer Tbk'}"
SMIL.JK,2026-09-11,0.1539,,2026-09-11T07:53:56.036406+00:00,"{'symbol': 'SMIL.JK', 'free_float': 0.1539, 'company_name': 'PT Sarana Mitra Luas Tbk'}"
CSIS.JK,2026-09-11,0.1536,,2026-09-11T07:53:56.036406+00:00,"{'symbol': 'CSIS.JK', 'free_float': 0.1536, 'company_name': 'PT Cahayasakti Investindo Sukses Tbk'}"
ASBI.JK,2026-09-11,0.1533,,2026-09-11T07:53:56.036406+00:00,"{'symbol': 'ASBI.JK', 'free_float': 0.1533, 'company_name': 'Asuransi Bintang Tbk'}"
SILO.JK,2026-09-11,0.1524,,2026-09-11T07:53:56.036406+00:00,"{'symbol': 'SILO.JK', 'free_float': 0.1524, 'company_name': 'PT Siloam International Hospitals Tbk'}"
ZONE.JK,2026-09-11,0.1523,,2026-09-11T07:53:56.036406+00:00,"{'symbol': 'ZONE.JK', 'free_float': 0.1523, 'company_name': 'PT Mega Perintis Tbk'}"
DNET.JK,2026-09-11,0.1522,,2026-09-11T07:53:56.036406+00:00,"{'symbol': 'DNET.JK', 'free_float': 0.1522, 'company_name': 'PT Indoritel Makmur Internasional Tbk'}"
ALII.JK,2026-09-11,0.1521,,2026-09-11T07:53:56.036406+00:00,"{'symbol': 'ALII.JK', 'free_float': 0.1521, 'company_name': 'PT Ancara Logistics Indonesia Tbk'}"
CRAB.JK,2026-09-11,0.152,,2026-09-11T07:53:56.036406+00:00,"{'symbol': 'CRAB.JK', 'free_float': 0.152, 'company_name': 'PT Toba Surimi Industries Tbk'}"
GTSI.JK,2026-09-11,0.152,,2026-09-11T07:53:56.036406+00:00,"{'symbol': 'GTSI.JK', 'free_float': 0.152, 'company_name': 'PT GTS Internasional Tbk'}"
SAME.JK,2026-09-11,0.1517,,2026-09-11T07:53:56.036406+00:00,"{'symbol': 'SAME.JK', 'free_float': 0.1517, 'company_name': 'Sarana Meditama Metropolitan Tbk'}"
PNBN.JK,2026-09-11,0.1508,,2026-09-11T07:53:56.036406+00:00,"{'symbol': 'PNBN.JK', 'free_float': 0.1508, 'company_name': 'Bank Pan Indonesia Tbk'}"
VINS.JK,2026-09-11,0.1507,,2026-09-11T07:53:56.036406+00:00,"{'symbol': 'VINS.JK', 'free_float': 0.1507, 'company_name': 'PT Victoria Insurance Tbk'}"
MLPT.JK,2026-09-11,0.1505,,2026-09-11T07:53:56.036406+00:00,"{'symbol': 'MLPT.JK', 'free_float': 0.1505, 'company_name': 'PT Multipolar Technology Tbk'}"
BSBK.JK,2026-09-11,0.1505,,2026-09-11T07:53:56.036406+00:00,"{'symbol': 'BSBK.JK', 'free_float': 0.1505, 'company_name': 'PT Wulandari Bangun Laksana Tbk'}"
ABMM.JK,2026-09-11,0.15,,2026-09-11T07:53:56.036406+00:00,"{'symbol': 'ABMM.JK', 'free_float': 0.15, 'company_name': 'ABM Investama Tbk'}"
GDYR.JK,2026-09-11,0.15,,2026-09-11T07:53:56.036406+00:00,"{'symbol': 'GDYR.JK', 'free_float': 0.15, 'company_name': 'Goodyear Indonesia Tbk'}"
POLL.JK,2026-09-11,0.15,,2026-09-11T07:53:56.036406+00:00,"{'symbol': 'POLL.JK', 'free_float': 0.15, 'company_name': 'PT Pollux Properties Indonesia Tbk'}"
PDPP.JK,2026-09-11,0.15,,2026-09-11T07:53:56.036406+00:00,"{'symbol': 'PDPP.JK', 'free_float': 0.15, 'company_name': 'PT Primadaya Plastisindo Tbk'}"
PSAT.JK,2026-09-11,0.15,,2026-09-11T07:53:56.036406+00:00,"{'symbol': 'PSAT.JK', 'free_float': 0.15, 'company_name': 'PT Pancaran Samudera Transport Tbk'}"
MSTI.JK,2026-09-11,0.14997,,2026-09-11T07:53:56.036406+00:00,"{'symbol': 'MSTI.JK', 'free_float': 0.14997, 'company_name': 'PT Mastersystem Infotama Tbk'}"
TRIS.JK,2026-09-11,0.1498,,2026-09-11T07:53:56.036406+00:00,"{'symbol': 'TRIS.JK', 'free_float': 0.1498, 'company_name': 'Trisula International Tbk'}"
SHID.JK,2026-09-11,0.14925,,2026-09-11T07:53:56.036406+00:00,"{'symbol': 'SHID.JK', 'free_float': 0.14925, 'company_name': 'Hotel Sahid Jaya Tbk'}"
JRPT.JK,2026-09-11,0.1491,,2026-09-11T07:53:56.036406+00:00,"{'symbol': 'JRPT.JK', 'free_float': 0.1491, 'company_name': 'Jaya Real Property Tbk'}"
DGWG.JK,2026-09-11,0.1491,,2026-09-11T07:53:56.036406+00:00,"{'symbol': 'DGWG.JK', 'free_float': 0.1491, 'company_name': 'PT Delta Giri Wacana Tbk'}"
BCIC.JK,2026-09-11,0.149,,2026-09-11T07:53:56.036406+00:00,"{'symbol': 'BCIC.JK', 'free_float': 0.149, 'company_name': 'PT Bank JTrust Indonesia Tbk.'}"
NISP.JK,2026-09-11,0.14898,,2026-09-11T07:53:56.036406+00:00,"{'symbol': 'NISP.JK', 'free_float': 0.14898, 'company_name': 'PT Bank OCBC NISP Tbk'}"
HELI.JK,2026-09-11,0.1473,,2026-09-11T07:53:56.036406+00:00,"{'symbol': 'HELI.JK', 'free_float': 0.1473, 'company_name': 'PT Jaya Trishindo Tbk'}"
PURI.JK,2026-09-11,0.1473,,2026-09-11T07:53:56.036406+00:00,"{'symbol': 'PURI.JK', 'free_float': 0.1473, 'company_name': 'PT Puri Global Sukses Tbk'}"
SPMA.JK,2026-09-11,0.1469,,2026-09-11T07:53:56.036406+00:00,"{'symbol': 'SPMA.JK', 'free_float': 0.1469, 'company_name': 'Suparma Tbk'}"
OMED.JK,2026-09-11,0.1466,,2026-09-11T07:53:56.036406+00:00,"{'symbol': 'OMED.JK', 'free_float': 0.1466, 'company_name': 'PT Jayamas Medica Industri Tbk'}"
POWR.JK,2026-09-11,0.1465,,2026-09-11T07:53:56.036406+00:00,"{'symbol': 'POWR.JK', 'free_float': 0.1465, 'company_name': 'PT Cikarang Listrindo Tbk'}"
VICI.JK,2026-09-11,0.1465,,2026-09-11T07:53:56.036406+00:00,"{'symbol': 'VICI.JK', 'free_float': 0.1465, 'company_name': 'PT Victoria Care Indonesia Tbk'}"
HRME.JK,2026-09-11,0.14605,,2026-09-11T07:53:56.036406+00:00,"{'symbol': 'HRME.JK', 'free_float': 0.14605, 'company_name': 'PT Menteng Heritage Realty Tbk'}"
UFOE.JK,2026-09-11,0.146,,2026-09-11T07:53:56.036406+00:00,"{'symbol': 'UFOE.JK', 'free_float': 0.146, 'company_name': 'PT Damai Sejahtera Abadi Tbk'}"
NIKL.JK,2026-09-11,0.146,,2026-09-11T07:53:56.036406+00:00,"{'symbol': 'NIKL.JK', 'free_float': 0.146, 'company_name': 'Pelat Timah Nusantara Tbk'}"
SIMP.JK,2026-09-11,0.1459,,2026-09-11T07:53:56.036406+00:00,"{'symbol': 'SIMP.JK', 'free_float': 0.1459, 'company_name': 'Salim Ivomas Pratama Tbk'}"
BKDP.JK,2026-09-11,0.1459,,2026-09-11T07:53:56.036406+00:00,"{'symbol': 'BKDP.JK', 'free_float': 0.1459, 'company_name': 'Bukit Darmo Property Tbk'}"
UNVR.JK,2026-09-11,0.1457,,2026-09-11T07:53:56.036406+00:00,"{'symbol': 'UNVR.JK', 'free_float': 0.1457, 'company_name': 'Unilever Indonesia Tbk'}"
ADMR.JK,2026-09-11,0.14552,,2026-09-11T07:53:56.036406+00:00,"{'symbol': 'ADMR.JK', 'free_float': 0.14552, 'company_name': 'PT Alamtri Minerals Indonesia Tbk'}"
NEST.JK,2026-09-11,0.1449,,2026-09-11T07:53:56.036406+00:00,"{'symbol': 'NEST.JK', 'free_float': 0.1449, 'company_name': 'PT Esta Indonesia Tbk'}"
RLCO.JK,2026-09-11,0.1428,,2026-09-11T07:53:56.036406+00:00,"{'symbol': 'RLCO.JK', 'free_float': 0.1428, 'company_name': 'PT Abadi Lestari Indonesia Tbk'}"
SURI.JK,2026-09-11,0.1424,,2026-09-11T07:53:56.036406+00:00,"{'symbol': 'SURI.JK', 'free_float': 0.1424, 'company_name': 'PT Maja Agung Latexindo Tbk'}"
RODA.JK,2026-09-11,0.14197,,2026-09-11T07:53:56.036406+00:00,"{'symbol': 'RODA.JK', 'free_float': 0.14197, 'company_name': 'Pikko Land Development Tbk'}"
MYOR.JK,2026-09-11,0.1419,,2026-09-11T07:53:56.036406+00:00,"{'symbol': 'MYOR.JK', 'free_float': 0.1419, 'company_name': 'Mayora Indah Tbk'}"
TFCO.JK,2026-09-11,0.1418,,2026-09-11T07:53:56.036406+00:00,"{'symbol': 'TFCO.JK', 'free_float': 0.1418, 'company_name': 'Tifico Fiber Indonesia Tbk'}"
CASH.JK,2026-09-11,0.14139,,2026-09-11T07:53:56.036406+00:00,"{'symbol': 'CASH.JK', 'free_float': 0.14139, 'company_name': 'PT Cashlez Worldwide Indonesia Tbk.'}"
NOBU.JK,2026-09-11,0.141,,2026-09-11T07:53:56.036406+00:00,"{'symbol': 'NOBU.JK', 'free_float': 0.141, 'company_name': 'PT Bank Nationalnobu Tbk'}"
BBHI.JK,2026-09-11,0.1402,,2026-09-11T07:53:56.036406+00:00,"{'symbol': 'BBHI.JK', 'free_float': 0.1402, 'company_name': 'PT Allo Bank Indonesia Tbk'}"
CEKA.JK,2026-09-11,0.14,,2026-09-11T07:53:56.036406+00:00,"{'symbol': 'CEKA.JK', 'free_float': 0.14, 'company_name': 'PT Wilmar Cahaya Indonesia Tbk.'}"
ADMG.JK,2026-09-11,0.14,,2026-09-11T07:53:56.036406+00:00,"{'symbol': 'ADMG.JK', 'free_float': 0.14, 'company_name': 'Polychem Indonesia Tbk'}"
BMAS.JK,2026-09-11,0.1397,,2026-09-11T07:53:56.036406+00:00,"{'symbol': 'BMAS.JK', 'free_float': 0.1397, 'company_name': 'PT Bank Maspion Indonesia Tbk.'}"
UANG.JK,2026-09-11,0.1393,,2026-09-11T07:53:56.036406+00:00,"{'symbol': 'UANG.JK', 'free_float': 0.1393, 'company_name': 'PT Pakuan Tbk'}"
PBID.JK,2026-09-11,0.1387,,2026-09-11T07:53:56.036406+00:00,"{'symbol': 'PBID.JK', 'free_float': 0.1387, 'company_name': 'PT Panca Budi Idaman Tbk'}"
AMFG.JK,2026-09-11,0.1384,,2026-09-11T07:53:56.036406+00:00,"{'symbol': 'AMFG.JK', 'free_float': 0.1384, 'company_name': 'Asahimas Flat Glass Tbk'}"
RELI.JK,2026-09-11,0.13798,,2026-09-11T07:53:56.036406+00:00,"{'symbol': 'RELI.JK', 'free_float': 0.13798, 'company_name': 'Reliance Sekuritas Indonesia Tbk'}"
BOLT.JK,2026-09-11,0.1377,,2026-09-11T07:53:56.036406+00:00,"{'symbol': 'BOLT.JK', 'free_float': 0.1377, 'company_name': 'PT Garuda Metalindo Tbk.'}"
NCKL.JK,2026-09-11,0.1375,,2026-09-11T07:53:56.036406+00:00,"{'symbol': 'NCKL.JK', 'free_float': 0.1375, 'company_name': 'PT Trimegah Bangun Persada Tbk'}"
TBMS.JK,2026-09-11,0.1372,,2026-09-11T07:53:56.036406+00:00,"{'symbol': 'TBMS.JK', 'free_float': 0.1372, 'company_name': 'Tembaga Mulia Semanan Tbk'}"
GGRP.JK,2026-09-11,0.13493,,2026-09-11T07:53:56.036406+00:00,"{'symbol': 'GGRP.JK', 'free_float': 0.13493, 'company_name': 'PT Gunung Raja Paksi Tbk'}"
IPOL.JK,2026-09-11,0.1346,,2026-09-11T07:53:56.036406+00:00,"{'symbol': 'IPOL.JK', 'free_float': 0.1346, 'company_name': 'Indopoly Swakarsa Industry Tbk'}"
KINO.JK,2026-09-11,0.1343,,2026-09-11T07:53:56.036406+00:00,"{'symbol': 'KINO.JK', 'free_float': 0.1343, 'company_name': 'PT Kino Indonesia Tbk'}"
HATM.JK,2026-09-11,0.1339,,2026-09-11T07:53:56.036406+00:00,"{'symbol': 'HATM.JK', 'free_float': 0.1339, 'company_name': 'PT Habco Trans Maritima Tbk'}"
JARR.JK,2026-09-11,0.1336,,2026-09-11T07:53:56.036406+00:00,"{'symbol': 'JARR.JK', 'free_float': 0.1336, 'company_name': 'PT Jhonlin Agro Raya Tbk'}"
MERK.JK,2026-09-11,0.1335,,2026-09-11T07:53:56.036406+00:00,"{'symbol': 'MERK.JK', 'free_float': 0.1335, 'company_name': 'Merck Tbk'}"
BELL.JK,2026-09-11,0.1328,,2026-09-11T07:53:56.036406+00:00,"{'symbol': 'BELL.JK', 'free_float': 0.1328, 'company_name': 'PT Trisula Textile Industries Tbk'}"
GHON.JK,2026-09-11,0.13268,,2026-09-11T07:53:56.036406+00:00,"{'symbol': 'GHON.JK', 'free_float': 0.13268, 'company_name': 'PT Gihon Telekomunikasi Indonesia Tbk'}"
ABDA.JK,2026-09-11,0.1325,,2026-09-11T07:53:56.036406+00:00,"{'symbol': 'ABDA.JK', 'free_float': 0.1325, 'company_name': 'Asuransi Bina Dana Arta Tbk'}"
MTEL.JK,2026-09-11,0.13121,,2026-09-11T07:53:56.036406+00:00,"{'symbol': 'MTEL.JK', 'free_float': 0.13121, 'company_name': 'PT Dayamitra Telekomunikasi Tbk'}"
PSGO.JK,2026-09-11,0.1312,,2026-09-11T07:53:56.036406+00:00,"{'symbol': 'PSGO.JK', 'free_float': 0.1312, 'company_name': 'PT Palma Serasih Tbk'}"
URBN.JK,2026-09-11,0.1306,,2026-09-11T07:53:56.036406+00:00,"{'symbol': 'URBN.JK', 'free_float': 0.1306, 'company_name': 'PT Urban Jakarta Propertindo Tbk'}"
MINE.JK,2026-09-11,0.1298,,2026-09-11T07:53:56.036406+00:00,"{'symbol': 'MINE.JK', 'free_float': 0.1298, 'company_name': 'PT Sinar Terang Mandiri Tbk'}"
LMPI.JK,2026-09-11,0.12864,,2026-09-11T07:53:56.036406+00:00,"{'symbol': 'LMPI.JK', 'free_float': 0.12864, 'company_name': 'Langgeng Makmur Industri Tbk'}"
HYGN.JK,2026-09-11,0.1286,,2026-09-11T07:53:56.036406+00:00,"{'symbol': 'HYGN.JK', 'free_float': 0.1286, 'company_name': 'PT Ecocare Indo Pasifik Tbk'}"
AGRO.JK,2026-09-11,0.12846,,2026-09-11T07:53:56.036406+00:00,"{'symbol': 'AGRO.JK', 'free_float': 0.12846, 'company_name': 'PT Bank Raya Indonesia Tbk'}"
SMKL.JK,2026-09-11,0.1278,,2026-09-11T07:53:56.036406+00:00,"{'symbol': 'SMKL.JK', 'free_float': 0.1278, 'company_name': 'PT Satyamitra Kemas Lestari Tbk'}"
MAPI.JK,2026-09-11,0.1276,,2026-09-11T07:53:56.036406+00:00,"{'symbol': 'MAPI.JK', 'free_float': 0.1276, 'company_name': 'Mitra Adiperkasa Tbk'}"
INTD.JK,2026-09-11,0.1275,,2026-09-11T07:53:56.036406+00:00,"{'symbol': 'INTD.JK', 'free_float': 0.1275, 'company_name': 'Inter-Delta Tbk'}"
APLI.JK,2026-09-11,0.127,,2026-09-11T07:53:56.036406+00:00,"{'symbol': 'APLI.JK', 'free_float': 0.127, 'company_name': 'Asiaplast Industries Tbk'}"
BREN.JK,2026-09-11,0.12693,,2026-09-11T07:53:56.036406+00:00,"{'symbol': 'BREN.JK', 'free_float': 0.12693, 'company_name': 'PT Barito Renewables Energy Tbk.'}"
BABP.JK,2026-09-11,0.1267,,2026-09-11T07:53:56.036406+00:00,"{'symbol': 'BABP.JK', 'free_float': 0.1267, 'company_name': 'PT Bank MNC Internasional Tbk.'}"
ECII.JK,2026-09-11,0.1266,,2026-09-11T07:53:56.036406+00:00,"{'symbol': 'ECII.JK', 'free_float': 0.1266, 'company_name': 'PT Electronic City Indonesia Tbk'}"
CMNT.JK,2026-09-11,0.1263,,2026-09-11T07:53:56.036406+00:00,"{'symbol': 'CMNT.JK', 'free_float': 0.1263, 'company_name': 'PT Cemindo Gemilang Tbk'}"
SUPA.JK,2026-09-11,0.12583,,2026-09-11T07:53:56.036406+00:00,"{'symbol': 'SUPA.JK', 'free_float': 0.12583, 'company_name': 'PT Super Bank Indonesia Tbk'}"
MDIA.JK,2026-09-11,0.12543,,2026-09-11T07:53:56.036406+00:00,"{'symbol': 'MDIA.JK', 'free_float': 0.12543, 'company_name': 'PT Intermedia Capital Tbk'}"
INPS.JK,2026-09-11,0.1252,,2026-09-11T07:53:56.036406+00:00,"{'symbol': 'INPS.JK', 'free_float': 0.1252, 'company_name': 'PT Indah Prakasa Sentosa Tbk'}"
BATA.JK,2026-09-11,0.12466,,2026-09-11T07:53:56.036406+00:00,"{'symbol': 'BATA.JK', 'free_float': 0.12466, 'company_name': 'Sepatu Bata Tbk'}"
HALO.JK,2026-09-11,0.1238,,2026-09-11T07:53:56.036406+00:00,"{'symbol': 'HALO.JK', 'free_float': 0.1238, 'company_name': 'PT Haloni Jane Tbk'}"
INDO.JK,2026-09-11,0.1235,,2026-09-11T07:53:56.036406+00:00,"{'symbol': 'INDO.JK', 'free_float': 0.1235, 'company_name': 'PT Royalindo Investa Wijaya Tbk'}"
IPCM.JK,2026-09-11,0.123,,2026-09-11T07:53:56.036406+00:00,"{'symbol': 'IPCM.JK', 'free_float': 0.123, 'company_name': 'PT Jasa Armada Indonesia Tbk'}"
BNII.JK,2026-09-11,0.1229,,2026-09-11T07:53:56.036406+00:00,"{'symbol': 'BNII.JK', 'free_float': 0.1229, 'company_name': 'PT Bank Maybank Indonesia Tbk'}"
CBDK.JK,2026-09-11,0.122,,2026-09-11T07:53:56.036406+00:00,"{'symbol': 'CBDK.JK', 'free_float': 0.122, 'company_name': 'PT Bangun Kosambi Sukses Tbk'}"
PSDN.JK,2026-09-11,0.12179,,2026-09-11T07:53:56.036406+00:00,"{'symbol': 'PSDN.JK', 'free_float': 0.12179, 'company_name': 'Prasidha Aneka Niaga Tbk'}"
FMII.JK,2026-09-11,0.1213,,2026-09-11T07:53:56.036406+00:00,"{'symbol': 'FMII.JK', 'free_float': 0.1213, 'company_name': 'Fortune Mate Indonesia Tbk'}"
IMAS.JK,2026-09-11,0.1209,,2026-09-11T07:53:56.036406+00:00,"{'symbol': 'IMAS.JK', 'free_float': 0.1209, 'company_name': 'Indomobil Sukses Internasional Tbk'}"
GEMS.JK,2026-09-11,0.1201,,2026-09-11T07:53:56.036406+00:00,"{'symbol': 'GEMS.JK', 'free_float': 0.1201, 'company_name': 'Golden Energy Mines Tbk'}"
BLUE.JK,2026-09-11,0.1197,,2026-09-11T07:53:56.036406+00:00,"{'symbol': 'BLUE.JK', 'free_float': 0.1197, 'company_name': 'PT Berkah Prima Perkasa Tbk'}"
NETV.JK,2026-09-11,0.1195,,2026-09-11T07:53:56.036406+00:00,"{'symbol': 'NETV.JK', 'free_float': 0.1195, 'company_name': 'PT MDTV Media Technologies Tbk'}"
RANC.JK,2026-09-11,0.1177,,2026-09-11T07:53:56.036406+00:00,"{'symbol': 'RANC.JK', 'free_float': 0.1177, 'company_name': 'Supra Boga Lestari Tbk'}"
AWAN.JK,2026-09-11,0.11731,,2026-09-11T07:53:56.036406+00:00,"{'symbol': 'AWAN.JK', 'free_float': 0.11731, 'company_name': 'PT Era Digital Media Tbk'}"
FORU.JK,2026-09-11,0.1164,,2026-09-11T07:53:56.036406+00:00,"{'symbol': 'FORU.JK', 'free_float': 0.1164, 'company_name': 'Fortune Indonesia Tbk'}"
CASS.JK,2026-09-11,0.11635,,2026-09-11T07:53:56.036406+00:00,"{'symbol': 'CASS.JK', 'free_float': 0.11635, 'company_name': 'Cahaya Aero Services Tbk'}"
OCAP.JK,2026-09-11,0.11615,,2026-09-11T07:53:56.036406+00:00,"{'symbol': 'OCAP.JK', 'free_float': 0.11615, 'company_name': 'Onix Capital Tbk'}"
SMMT.JK,2026-09-11,0.1161,,2026-09-11T07:53:56.036406+00:00,"{'symbol': 'SMMT.JK', 'free_float': 0.1161, 'company_name': 'Golden Eagle Energy Tbk'}"
GOLF.JK,2026-09-11,0.1151,,2026-09-11T07:53:56.036406+00:00,"{'symbol': 'GOLF.JK', 'free_float': 0.1151, 'company_name': 'PT Intra GolfLink Resorts Tbk'}"
INDS.JK,2026-09-11,0.1148,,2026-09-11T07:53:56.036406+00:00,"{'symbol': 'INDS.JK', 'free_float': 0.1148, 'company_name': 'Indospring Tbk'}"
POLU.JK,2026-09-11,0.11458,,2026-09-11T07:53:56.036406+00:00,"{'symbol': 'POLU.JK', 'free_float': 0.11458, 'company_name': 'PT Golden Flower Tbk'}"
CAKK.JK,2026-09-11,0.11357,,2026-09-11T07:53:56.036406+00:00,"{'symbol': 'CAKK.JK', 'free_float': 0.11357, 'company_name': 'PT Cahayaputra Asa Keramik Tbk.'}"
CTBN.JK,2026-09-11,0.1132,,2026-09-11T07:53:56.036406+00:00,"{'symbol': 'CTBN.JK', 'free_float': 0.1132, 'company_name': 'Citra Tubindo Tbk'}"
KOPI.JK,2026-09-11,0.1115,,2026-09-11T07:53:56.036406+00:00,"{'symbol': 'KOPI.JK', 'free_float': 0.1115, 'company_name': 'PT Mitra Energi Persada Tbk'}"
AMAG.JK,2026-09-11,0.11121,,2026-09-11T07:53:56.036406+00:00,"{'symbol': 'AMAG.JK', 'free_float': 0.11121, 'company_name': 'Asuransi Multi Artha Guna Tbk'}"
IGAR.JK,2026-09-11,0.1112,,2026-09-11T07:53:56.036406+00:00,"{'symbol': 'IGAR.JK', 'free_float': 0.1112, 'company_name': 'Champion Pacific Indonesia Tbk'}"
PGEO.JK,2026-09-11,0.11073,,2026-09-11T07:53:56.036406+00:00,"{'symbol': 'PGEO.JK', 'free_float': 0.11073, 'company_name': 'PT Pertamina Geothermal Energy Tbk'}"
LPCK.JK,2026-09-11,0.11,,2026-09-11T07:53:56.036406+00:00,"{'symbol': 'LPCK.JK', 'free_float': 0.11, 'company_name': 'Lippo Cikarang Tbk'}"
AMAN.JK,2026-09-11,0.1097,,2026-09-11T07:53:56.036406+00:00,"{'symbol': 'AMAN.JK', 'free_float': 0.1097, 'company_name': 'PT Makmur Berkah Amanda Tbk.'}"
IDPR.JK,2026-09-11,0.10961,,2026-09-11T07:53:56.036406+00:00,"{'symbol': 'IDPR.JK', 'free_float': 0.10961, 'company_name': 'PT Indonesia Pondasi Raya Tbk'}"
BNLI.JK,2026-09-11,0.1088,,2026-09-11T07:53:56.036406+00:00,"{'symbol': 'BNLI.JK', 'free_float': 0.1088, 'company_name': 'Bank Permata Tbk'}"
TRJA.JK,2026-09-11,0.1087,,2026-09-11T07:53:56.036406+00:00,"{'symbol': 'TRJA.JK', 'free_float': 0.1087, 'company_name': 'PT Transkon Jaya Tbk'}"
MLBI.JK,2026-09-11,0.1068,,2026-09-11T07:53:56.036406+00:00,"{'symbol': 'MLBI.JK', 'free_float': 0.1068, 'company_name': 'Multi Bintang Indonesia Tbk'}"
KEJU.JK,2026-09-11,0.1067,,2026-09-11T07:53:56.036406+00:00,"{'symbol': 'KEJU.JK', 'free_float': 0.1067, 'company_name': 'PT Mulia Boga Raya Tbk'}"
CSAP.JK,2026-09-11,0.10655,,2026-09-11T07:53:56.036406+00:00,"{'symbol': 'CSAP.JK', 'free_float': 0.10655, 'company_name': 'Catur Sentosa Adiprana Tbk'}"
SCMA.JK,2026-09-11,0.1058,,2026-09-11T07:53:56.036406+00:00,"{'symbol': 'SCMA.JK', 'free_float': 0.1058, 'company_name': 'Surya Citra Media Tbk'}"
KOBX.JK,2026-09-11,0.1055,,2026-09-11T07:53:56.036406+00:00,"{'symbol': 'KOBX.JK', 'free_float': 0.1055, 'company_name': 'Kobexindo Tractors Tbk'}"
FISH.JK,2026-09-11,0.1054,,2026-09-11T07:53:56.036406+00:00,"{'symbol': 'FISH.JK', 'free_float': 0.1054, 'company_name': 'FKS Multi Agro Tbk'}"
BBSS.JK,2026-09-11,0.10481,,2026-09-11T07:53:56.036406+00:00,"{'symbol': 'BBSS.JK', 'free_float': 0.10481, 'company_name': 'PT Bumi Benowo Sukses Sejahtera Tbk'}"
GOLD.JK,2026-09-11,0.10473,,2026-09-11T07:53:56.036406+00:00,"{'symbol': 'GOLD.JK', 'free_float': 0.10473, 'company_name': 'PT Visi Telekomunikasi Infrastruktur Tbk'}"
NICE.JK,2026-09-11,0.1038,,2026-09-11T07:53:56.036406+00:00,"{'symbol': 'NICE.JK', 'free_float': 0.1038, 'company_name': 'PT Adhi Kartiko Pratama Tbk'}"
GLOB.JK,2026-09-11,0.1031,,2026-09-11T07:53:56.036406+00:00,"{'symbol': 'GLOB.JK', 'free_float': 0.1031, 'company_name': 'PT Globe Kita Terang Tbk'}"
BPFI.JK,2026-09-11,0.1019,,2026-09-11T07:53:56.036406+00:00,"{'symbol': 'BPFI.JK', 'free_float': 0.1019, 'company_name': 'PT Woori Finance Indonesia Tbk'}"
YPAS.JK,2026-09-11,0.1018,,2026-09-11T07:53:56.036406+00:00,"{'symbol': 'YPAS.JK', 'free_float': 0.1018, 'company_name': 'Yanaprima Hastapersada Tbk'}"
KAEF.JK,2026-09-11,0.1018,,2026-09-11T07:53:56.036406+00:00,"{'symbol': 'KAEF.JK', 'free_float': 0.1018, 'company_name': 'Kimia Farma Tbk'}"
BPTR.JK,2026-09-11,0.1015,,2026-09-11T07:53:56.036406+00:00,"{'symbol': 'BPTR.JK', 'free_float': 0.1015, 'company_name': 'PT Batavia Prosperindo Trans Tbk.'}"
IFSH.JK,2026-09-11,0.1015,,2026-09-11T07:53:56.036406+00:00,"{'symbol': 'IFSH.JK', 'free_float': 0.1015, 'company_name': 'PT Ifishdeco Tbk'}"
BPII.JK,2026-09-11,0.1012,,2026-09-11T07:53:56.036406+00:00,"{'symbol': 'BPII.JK', 'free_float': 0.1012, 'company_name': 'PT Batavia Prosperindo Internasional Tbk.'}"
BUKK.JK,2026-09-11,0.10081,,2026-09-11T07:53:56.036406+00:00,"{'symbol': 'BUKK.JK', 'free_float': 0.10081, 'company_name': 'Bukaka Teknik Utama Tbk'}"
PTSN.JK,2026-09-11,0.1,,2026-09-11T07:53:56.036406+00:00,"{'symbol': 'PTSN.JK', 'free_float': 0.1, 'company_name': 'Sat Nusapersada Tbk'}"
ADCP.JK,2026-09-11,0.1,,2026-09-11T07:53:56.036406+00:00,"{'symbol': 'ADCP.JK', 'free_float': 0.1, 'company_name': 'PT Adhi Commuter Properti Tbk'}"
YUPI.JK,2026-09-11,0.1,,2026-09-11T07:53:56.036406+00:00,"{'symbol': 'YUPI.JK', 'free_float': 0.1, 'company_name': 'PT Yupi Indo Jelly Gum Tbk'}"
PJAA.JK,2026-09-11,0.0999,,2026-09-11T07:53:56.036406+00:00,"{'symbol': 'PJAA.JK', 'free_float': 0.0999, 'company_name': 'Pembangunan Jaya Ancol Tbk'}"
BRIS.JK,2026-09-11,0.0991,,2026-09-11T07:53:56.036406+00:00,"{'symbol': 'BRIS.JK', 'free_float': 0.0991, 'company_name': 'PT Bank Syariah Indonesia Tbk'}"
CDIA.JK,2026-09-11,0.09901,,2026-09-11T07:53:56.036406+00:00,"{'symbol': 'CDIA.JK', 'free_float': 0.09901, 'company_name': 'PT Chandra Daya Investasi Tbk'}"
WIKA.JK,2026-09-11,0.09884,,2026-09-11T07:53:56.036406+00:00,"{'symbol': 'WIKA.JK', 'free_float': 0.09884, 'company_name': 'PT Wijaya Karya (Persero) Tbk'}"
FAPA.JK,2026-09-11,0.0987,,2026-09-11T07:53:56.036406+00:00,"{'symbol': 'FAPA.JK', 'free_float': 0.0987, 'company_name': 'PT FAP Agri Tbk'}"
JECC.JK,2026-09-11,0.09853,,2026-09-11T07:53:56.036406+00:00,"{'symbol': 'JECC.JK', 'free_float': 0.09853, 'company_name': 'Jembo Cable Company Tbk'}"
HERO.JK,2026-09-11,0.0971,,2026-09-11T07:53:56.036406+00:00,"{'symbol': 'HERO.JK', 'free_float': 0.0971, 'company_name': 'Hero Supermarket Tbk'}"
MBAP.JK,2026-09-11,0.09702,,2026-09-11T07:53:56.036406+00:00,"{'symbol': 'MBAP.JK', 'free_float': 0.09702, 'company_name': 'PT Mitrabara Adiperdana Tbk'}"
ENAK.JK,2026-09-11,0.09694,,2026-09-11T07:53:56.036406+00:00,"{'symbol': 'ENAK.JK', 'free_float': 0.09694, 'company_name': 'PT Champ Resto Indonesia Tbk'}"
MCOL.JK,2026-09-11,0.0966,,2026-09-11T07:53:56.036406+00:00,"{'symbol': 'MCOL.JK', 'free_float': 0.0966, 'company_name': 'PT Prima Andalan Mandiri Tbk'}"
CCSI.JK,2026-09-11,0.0964,,2026-09-11T07:53:56.036406+00:00,"{'symbol': 'CCSI.JK', 'free_float': 0.0964, 'company_name': 'PT Communication Cable Systems Indonesia Tbk.'}"
PTPW.JK,2026-09-11,0.0958,,2026-09-11T07:53:56.036406+00:00,"{'symbol': 'PTPW.JK', 'free_float': 0.0958, 'company_name': 'PT Pratama Widya Tbk'}"
RSGK.JK,2026-09-11,0.0956,,2026-09-11T07:53:56.036406+00:00,"{'symbol': 'RSGK.JK', 'free_float': 0.0956, 'company_name': 'PT Kedoya Adyaraya Tbk'}"
DNAR.JK,2026-09-11,0.0949,,2026-09-11T07:53:56.036406+00:00,"{'symbol': 'DNAR.JK', 'free_float': 0.0949, 'company_name': 'PT Bank Oke Indonesia Tbk'}"
CAMP.JK,2026-09-11,0.0948,,2026-09-11T07:53:56.036406+00:00,"{'symbol': 'CAMP.JK', 'free_float': 0.0948, 'company_name': 'PT Campina Ice Cream Industry Tbk.'}"
IPAC.JK,2026-09-11,0.09402,,2026-09-11T07:53:56.036406+00:00,"{'symbol': 'IPAC.JK', 'free_float': 0.09402, 'company_name': 'PT Era Graharealty Tbk'}"
KOIN.JK,2026-09-11,0.0938,,2026-09-11T07:53:56.036406+00:00,"{'symbol': 'KOIN.JK', 'free_float': 0.0938, 'company_name': 'Kokoh Inti Arebama Tbk'}"
TALF.JK,2026-09-11,0.09344,,2026-09-11T07:53:56.036406+00:00,"{'symbol': 'TALF.JK', 'free_float': 0.09344, 'company_name': 'PT Tunas Alfin Tbk'}"
MOLI.JK,2026-09-11,0.0927,,2026-09-11T07:53:56.036406+00:00,"{'symbol': 'MOLI.JK', 'free_float': 0.0927, 'company_name': 'PT Madusari Murni Indah Tbk'}"
BSSR.JK,2026-09-11,0.09259,,2026-09-11T07:53:56.036406+00:00,"{'symbol': 'BSSR.JK', 'free_float': 0.09259, 'company_name': 'Baramulti Suksessarana Tbk'}"
KLIN.JK,2026-09-11,0.0925,,2026-09-11T07:53:56.036406+00:00,"{'symbol': 'KLIN.JK', 'free_float': 0.0925, 'company_name': 'PT Klinko Karya Imaji Tbk'}"
SOHO.JK,2026-09-11,0.09242,,2026-09-11T07:53:56.036406+00:00,"{'symbol': 'SOHO.JK', 'free_float': 0.09242, 'company_name': 'PT Soho Global Health Tbk'}"
ESTA.JK,2026-09-11,0.0924,,2026-09-11T07:53:56.036406+00:00,"{'symbol': 'ESTA.JK', 'free_float': 0.0924, 'company_name': 'PT Esta Multi Usaha Tbk'}"
JSPT.JK,2026-09-11,0.0923,,2026-09-11T07:53:56.036406+00:00,"{'symbol': 'JSPT.JK', 'free_float': 0.0923, 'company_name': 'Jakarta Setiabudi Internasional Tbk'}"
SDRA.JK,2026-09-11,0.0923,,2026-09-11T07:53:56.036406+00:00,"{'symbol': 'SDRA.JK', 'free_float': 0.0923, 'company_name': 'PT Bank Woori Saudara Indonesia 1906 Tbk'}"
SIPD.JK,2026-09-11,0.0922,,2026-09-11T07:53:56.036406+00:00,"{'symbol': 'SIPD.JK', 'free_float': 0.0922, 'company_name': 'PT Sreeya Sewu Indonesia Tbk'}"
BSWD.JK,2026-09-11,0.0904,,2026-09-11T07:53:56.036406+00:00,"{'symbol': 'BSWD.JK', 'free_float': 0.0904, 'company_name': 'Bank of India Indonesia Tbk'}"
SKRN.JK,2026-09-11,0.0904,,2026-09-11T07:53:56.036406+00:00,"{'symbol': 'SKRN.JK', 'free_float': 0.0904, 'company_name': 'PT Superkrane Mitra Utama Tbk'}"
BBMD.JK,2026-09-11,0.09025,,2026-09-11T07:53:56.036406+00:00,"{'symbol': 'BBMD.JK', 'free_float': 0.09025, 'company_name': 'PT Bank Mestika Dharma Tbk.'}"
BLTZ.JK,2026-09-11,0.09,,2026-09-11T07:53:56.036406+00:00,"{'symbol': 'BLTZ.JK', 'free_float': 0.09, 'company_name': 'PT Graha Layar Prima Tbk.'}"
INPP.JK,2026-09-11,0.0897,,2026-09-11T07:53:56.036406+00:00,"{'symbol': 'INPP.JK', 'free_float': 0.0897, 'company_name': 'Indonesian Paradise Property Tbk'}"
PMJS.JK,2026-09-11,0.0896,,2026-09-11T07:53:56.036406+00:00,"{'symbol': 'PMJS.JK', 'free_float': 0.0896, 'company_name': 'PT Putra Mandiri Jembar Tbk'}"
BTPN.JK,2026-09-11,0.08947,,2026-09-11T07:53:56.036406+00:00,"{'symbol': 'BTPN.JK', 'free_float': 0.08947, 'company_name': 'PT Bank SMBC Indonesia Tbk'}"
BBRM.JK,2026-09-11,0.08943,,2026-09-11T07:53:56.036406+00:00,"{'symbol': 'BBRM.JK', 'free_float': 0.08943, 'company_name': 'Pelayaran Nasional Bina Buana Raya Tbk'}"
SAPX.JK,2026-09-11,0.0894,,2026-09-11T07:53:56.036406+00:00,"{'symbol': 'SAPX.JK', 'free_float': 0.0894, 'company_name': 'PT Satria Antaran Prima Tbk'}"
TSPC.JK,2026-09-11,0.0892,,2026-09-11T07:53:56.036406+00:00,"{'symbol': 'TSPC.JK', 'free_float': 0.0892, 'company_name': 'Tempo Scan Pacific Tbk'}"
GIAA.JK,2026-09-11,0.08888,,2026-09-11T07:53:56.036406+00:00,"{'symbol': 'GIAA.JK', 'free_float': 0.08888, 'company_name': 'Garuda Indonesia (Persero) Tbk'}"
ALMI.JK,2026-09-11,0.0887,,2026-09-11T07:53:56.036406+00:00,"{'symbol': 'ALMI.JK', 'free_float': 0.0887, 'company_name': 'Alumindo Light Metal Industry Tbk'}"
ACST.JK,2026-09-11,0.0883,,2026-09-11T07:53:56.036406+00:00,"{'symbol': 'ACST.JK', 'free_float': 0.0883, 'company_name': 'PT Acset Indonusa Tbk.'}"
TGKA.JK,2026-09-11,0.0881,,2026-09-11T07:53:56.036406+00:00,"{'symbol': 'TGKA.JK', 'free_float': 0.0881, 'company_name': 'Tigaraksa Satria Tbk'}"
KING.JK,2026-09-11,0.088,,2026-09-11T07:53:56.036406+00:00,"{'symbol': 'KING.JK', 'free_float': 0.088, 'company_name': 'PT Hoffmen Cleanindo Tbk'}"
ESTI.JK,2026-09-11,0.0879,,2026-09-11T07:53:56.036406+00:00,"{'symbol': 'ESTI.JK', 'free_float': 0.0879, 'company_name': 'Ever Shine Textile Industry Tbk'}"
DAYA.JK,2026-09-11,0.08697,,2026-09-11T07:53:56.036406+00:00,"{'symbol': 'DAYA.JK', 'free_float': 0.08697, 'company_name': 'PT Duta Intidaya Tbk.'}"
AMAR.JK,2026-09-11,0.08594,,2026-09-11T07:53:56.036406+00:00,"{'symbol': 'AMAR.JK', 'free_float': 0.08594, 'company_name': 'PT Bank Amar Indonesia Tbk.'}"
MMLP.JK,2026-09-11,0.08563,,2026-09-11T07:53:56.036406+00:00,"{'symbol': 'MMLP.JK', 'free_float': 0.08563, 'company_name': 'PT Mega Manunggal Property Tbk'}"
PALM.JK,2026-09-11,0.08552,,2026-09-11T07:53:56.036406+00:00,"{'symbol': 'PALM.JK', 'free_float': 0.08552, 'company_name': 'PT Provident Investasi Bersama Tbk'}"
BNGA.JK,2026-09-11,0.08516,,2026-09-11T07:53:56.036406+00:00,"{'symbol': 'BNGA.JK', 'free_float': 0.08516, 'company_name': 'PT Bank CIMB Niaga Tbk'}"
AGRS.JK,2026-09-11,0.0851,,2026-09-11T07:53:56.036406+00:00,"{'symbol': 'AGRS.JK', 'free_float': 0.0851, 'company_name': 'PT Bank IBK Indonesia Tbk.'}"
BKSW.JK,2026-09-11,0.0843,,2026-09-11T07:53:56.036406+00:00,"{'symbol': 'BKSW.JK', 'free_float': 0.0843, 'company_name': 'PT Bank QNB Indonesia Tbk'}"
DART.JK,2026-09-11,0.0841,,2026-09-11T07:53:56.036406+00:00,"{'symbol': 'DART.JK', 'free_float': 0.0841, 'company_name': 'Duta Anggada Realty Tbk'}"
MYTX.JK,2026-09-11,0.0833,,2026-09-11T07:53:56.036406+00:00,"{'symbol': 'MYTX.JK', 'free_float': 0.0833, 'company_name': 'PT Asia Pacific Investama Tbk'}"
BNBA.JK,2026-09-11,0.0832,,2026-09-11T07:53:56.036406+00:00,"{'symbol': 'BNBA.JK', 'free_float': 0.0832, 'company_name': 'Bank Bumi Arta Tbk'}"
PNSE.JK,2026-09-11,0.0828,,2026-09-11T07:53:56.036406+00:00,"{'symbol': 'PNSE.JK', 'free_float': 0.0828, 'company_name': 'Pudjiadi & Sons Tbk'}"
ADES.JK,2026-09-11,0.08228,,2026-09-11T07:53:56.036406+00:00,"{'symbol': 'ADES.JK', 'free_float': 0.08228, 'company_name': 'Akasha Wira International Tbk'}"
TBIG.JK,2026-09-11,0.08198,,2026-09-11T07:53:56.036406+00:00,"{'symbol': 'TBIG.JK', 'free_float': 0.08198, 'company_name': 'PT Tower Bersama Infrastructure Tbk'}"
AMOR.JK,2026-09-11,0.0818,,2026-09-11T07:53:56.036406+00:00,"{'symbol': 'AMOR.JK', 'free_float': 0.0818, 'company_name': 'PT Ashmore Asset Management Indonesia Tbk.'}"
PRAY.JK,2026-09-11,0.0818,,2026-09-11T07:53:56.036406+00:00,"{'symbol': 'PRAY.JK', 'free_float': 0.0818, 'company_name': 'PT Famon Awal Bros Sedaya Tbk'}"
MSJA.JK,2026-09-11,0.08171,,2026-09-11T07:53:56.036406+00:00,"{'symbol': 'MSJA.JK', 'free_float': 0.08171, 'company_name': 'PT Multi Spunindo Jaya Tbk'}"
NELY.JK,2026-09-11,0.08125,,2026-09-11T07:53:56.036406+00:00,"{'symbol': 'NELY.JK', 'free_float': 0.08125, 'company_name': 'Pelayaran Nelly Dwi Putri Tbk'}"
CNMA.JK,2026-09-11,0.08121,,2026-09-11T07:53:56.036406+00:00,"{'symbol': 'CNMA.JK', 'free_float': 0.08121, 'company_name': 'PT Nusantara Sejahtera Raya Tbk'}"
MSKY.JK,2026-09-11,0.081,,2026-09-11T07:53:56.036406+00:00,"{'symbol': 'MSKY.JK', 'free_float': 0.081, 'company_name': 'MNC Sky Vision Tbk'}"
SAFE.JK,2026-09-11,0.0807,,2026-09-11T07:53:56.036406+00:00,"{'symbol': 'SAFE.JK', 'free_float': 0.0807, 'company_name': 'Steady Safe Tbk'}"
IMJS.JK,2026-09-11,0.0803,,2026-09-11T07:53:56.036406+00:00,"{'symbol': 'IMJS.JK', 'free_float': 0.0803, 'company_name': 'PT Indomobil Multi Jasa Tbk'}"
DMND.JK,2026-09-11,0.08,,2026-09-11T07:53:56.036406+00:00,"{'symbol': 'DMND.JK', 'free_float': 0.08, 'company_name': 'PT Diamond Food Indonesia Tbk'}"
IKBI.JK,2026-09-11,0.07999,,2026-09-11T07:53:56.036406+00:00,"{'symbol': 'IKBI.JK', 'free_float': 0.07999, 'company_name': 'Sumi Indo Kabel Tbk'}"
KIAS.JK,2026-09-11,0.0796,,2026-09-11T07:53:56.036406+00:00,"{'symbol': 'KIAS.JK', 'free_float': 0.0796, 'company_name': 'Keramika Indonesia Assosiasi Tbk'}"
CITA.JK,2026-09-11,0.07932,,2026-09-11T07:53:56.036406+00:00,"{'symbol': 'CITA.JK', 'free_float': 0.07932, 'company_name': 'Cita Mineral Investindo Tbk'}"
EDGE.JK,2026-09-11,0.079,,2026-09-11T07:53:56.036406+00:00,"{'symbol': 'EDGE.JK', 'free_float': 0.079, 'company_name': 'PT Indointernet Tbk'}"
MAPB.JK,2026-09-11,0.0788,,2026-09-11T07:53:56.036406+00:00,"{'symbol': 'MAPB.JK', 'free_float': 0.0788, 'company_name': 'PT MAP Boga Adiperkasa Tbk'}"
DVLA.JK,2026-09-11,0.0788,,2026-09-11T07:53:56.036406+00:00,"{'symbol': 'DVLA.JK', 'free_float': 0.0788, 'company_name': 'Darya-Varia Laboratoria Tbk'}"
CENT.JK,2026-09-11,0.07831,,2026-09-11T07:53:56.036406+00:00,"{'symbol': 'CENT.JK', 'free_float': 0.07831, 'company_name': 'PT Centratama Telekomunikasi Indonesia Tbk.'}"
ERTX.JK,2026-09-11,0.0781,,2026-09-11T07:53:56.036406+00:00,"{'symbol': 'ERTX.JK', 'free_float': 0.0781, 'company_name': 'Eratex Djaja Tbk'}"
TOTO.JK,2026-09-11,0.0776,,2026-09-11T07:53:56.036406+00:00,"{'symbol': 'TOTO.JK', 'free_float': 0.0776, 'company_name': 'Surya Toto Indonesia Tbk'}"
SURE.JK,2026-09-11,0.0773,,2026-09-11T07:53:56.036406+00:00,"{'symbol': 'SURE.JK', 'free_float': 0.0773, 'company_name': 'PT Super Energy Tbk'}"
MTWI.JK,2026-09-11,0.0773,,2026-09-11T07:53:56.036406+00:00,"{'symbol': 'MTWI.JK', 'free_float': 0.0773, 'company_name': 'PT Malacca Trust Wuwungan Insurance Tbk'}"
INDR.JK,2026-09-11,0.0772,,2026-09-11T07:53:56.036406+00:00,"{'symbol': 'INDR.JK', 'free_float': 0.0772, 'company_name': 'PT Indo-Rama Synthetics Tbk'}"
BLES.JK,2026-09-11,0.07705,,2026-09-11T07:53:56.036406+00:00,"{'symbol': 'BLES.JK', 'free_float': 0.07705, 'company_name': 'PT Superior Prima Sukses Tbk'}"
TLDN.JK,2026-09-11,0.07673,,2026-09-11T07:53:56.036406+00:00,"{'symbol': 'TLDN.JK', 'free_float': 0.07673, 'company_name': 'PT Teladan Prima Agro Tbk'}"
SONA.JK,2026-09-11,0.0763,,2026-09-11T07:53:56.036406+00:00,"{'symbol': 'SONA.JK', 'free_float': 0.0763, 'company_name': 'Sona Topas Tourism Industry Tbk'}"
PGUN.JK,2026-09-11,0.0762,,2026-09-11T07:53:56.036406+00:00,"{'symbol': 'PGUN.JK', 'free_float': 0.0762, 'company_name': 'PT Pradiksi Gunatama Tbk'}"
GTBO.JK,2026-09-11,0.0762,,2026-09-11T07:53:56.036406+00:00,"{'symbol': 'GTBO.JK', 'free_float': 0.0762, 'company_name': 'Garda Tujuh Buana Tbk'}"
HDFA.JK,2026-09-11,0.0762,,2026-09-11T07:53:56.036406+00:00,"{'symbol': 'HDFA.JK', 'free_float': 0.0762, 'company_name': 'Radana Bhaskara Finance Tbk'}"
PNBS.JK,2026-09-11,0.076,,2026-09-11T07:53:56.036406+00:00,"{'symbol': 'PNBS.JK', 'free_float': 0.076, 'company_name': 'PT Bank Panin Dubai Syariah Tbk'}"
EPMT.JK,2026-09-11,0.076,,2026-09-11T07:53:56.036406+00:00,"{'symbol': 'EPMT.JK', 'free_float': 0.076, 'company_name': 'Enseval Putera Megatrading Tbk'}"
SMAR.JK,2026-09-11,0.076,,2026-09-11T07:53:56.036406+00:00,"{'symbol': 'SMAR.JK', 'free_float': 0.076, 'company_name': 'PT Sinar Mas Agro Resources and Technology Tbk'}"
ROTI.JK,2026-09-11,0.076,,2026-09-11T07:53:56.036406+00:00,"{'symbol': 'ROTI.JK', 'free_float': 0.076, 'company_name': 'PT Nippon Indosari Corpindo Tbk'}"
CMPP.JK,2026-09-11,0.0759,,2026-09-11T07:53:56.036406+00:00,"{'symbol': 'CMPP.JK', 'free_float': 0.0759, 'company_name': 'PT AirAsia Indonesia Tbk'}"
YULE.JK,2026-09-16,0.7389,,2026-09-16T12:16:05.288521+00:00,"{'symbol': 'YULE.JK', 'free_float': 0.7389, 'company_name': 'Yulie Sekuritas Indonesia Tbk'}"
HKMU.JK,2026-09-11,1.0,,2026-09-11T07:53:55.197694+00:00,"{'symbol': 'HKMU.JK', 'free_float': 1.0, 'company_name': 'PT HK Metals Utama Tbk'}"
WIRG.JK,2026-09-11,0.99994,,2026-09-11T07:53:55.197694+00:00,"{'symbol': 'WIRG.JK', 'free_float': 0.99994, 'company_name': 'PT Wir Asia Tbk'}"
PADI.JK,2026-09-11,0.9989,,2026-09-11T07:53:55.197694+00:00,"{'symbol': 'PADI.JK', 'free_float': 0.9989, 'company_name': 'Minna Padi Investama Sekuritas Tbk'}"
TAXI.JK,2026-09-11,0.9426,,2026-09-11T07:53:55.197694+00:00,"{'symbol': 'TAXI.JK', 'free_float': 0.9426, 'company_name': 'Express Transindo Utama Tbk'}"
SIMA.JK,2026-09-11,0.94168,,2026-09-11T07:53:55.197694+00:00,"{'symbol': 'SIMA.JK', 'free_float': 0.94168, 'company_name': 'Siwani Makmur Tbk'}"
CARS.JK,2026-09-11,0.9224,,2026-09-11T07:53:55.197694+00:00,"{'symbol': 'CARS.JK', 'free_float': 0.9224, 'company_name': 'PT Industri dan Perdagangan Bintraco Dharma Tbk'}"
ELTY.JK,2026-09-11,0.8953,,2026-09-11T07:53:55.197694+00:00,"{'symbol': 'ELTY.JK', 'free_float': 0.8953, 'company_name': 'Bakrieland Development Tbk'}"
LCGP.JK,2026-09-11,0.87377,,2026-09-11T07:53:55.197694+00:00,"{'symbol': 'LCGP.JK', 'free_float': 0.87377, 'company_name': 'PT Eureka Prima Jakarta Tbk'}"
DUCK.JK,2026-09-11,0.86999,,2026-09-11T07:53:55.197694+00:00,"{'symbol': 'DUCK.JK', 'free_float': 0.86999, 'company_name': 'PT Jaya Bersama Indo Tbk'}"
ENVY.JK,2026-09-11,0.86675,,2026-09-11T07:53:55.197694+00:00,"{'symbol': 'ENVY.JK', 'free_float': 0.86675, 'company_name': 'PT Envy Technologies Indonesia Tbk'}"
PLAS.JK,2026-09-11,0.8444,,2026-09-11T07:53:55.197694+00:00,"{'symbol': 'PLAS.JK', 'free_float': 0.8444, 'company_name': 'Polaris Investama Tbk'}"
MIRA.JK,2026-09-11,0.8256,,2026-09-11T07:53:55.197694+00:00,"{'symbol': 'MIRA.JK', 'free_float': 0.8256, 'company_name': 'Mitra International Resources Tbk'}"
BABY.JK,2026-09-11,0.07569,,2026-09-11T07:53:56.036406+00:00,"{'symbol': 'BABY.JK', 'free_float': 0.07569, 'company_name': 'PT Multitrend Indo Tbk.'}"
HMSP.JK,2026-09-11,0.0756,,2026-09-11T07:53:56.036406+00:00,"{'symbol': 'HMSP.JK', 'free_float': 0.0756, 'company_name': 'HM Sampoerna Tbk'}"
AGII.JK,2026-09-11,0.0755,,2026-09-11T07:53:56.036406+00:00,"{'symbol': 'AGII.JK', 'free_float': 0.0755, 'company_name': 'PT Samator Indo Gas Tbk'}"
LPGI.JK,2026-09-11,0.0754,,2026-09-11T07:53:56.036406+00:00,"{'symbol': 'LPGI.JK', 'free_float': 0.0754, 'company_name': 'Lippo General Insurance Tbk'}"
HITS.JK,2026-09-11,0.0619,,2026-09-11T07:53:56.036406+00:00,"{'symbol': 'HITS.JK', 'free_float': 0.0619, 'company_name': 'Humpuss Intermoda Transportasi Tbk'}"
ADMF.JK,2026-09-11,0.05789,,2026-09-11T07:53:56.036406+00:00,"{'symbol': 'ADMF.JK', 'free_float': 0.05789, 'company_name': 'Adira Dinamika Multi Finance Tbk'}"
INAF.JK,2026-09-11,0.05594,,2026-09-11T07:53:56.036406+00:00,"{'symbol': 'INAF.JK', 'free_float': 0.05594, 'company_name': 'Indofarma Tbk'}"
WICO.JK,2026-09-11,0.04496,,2026-09-11T07:53:56.036406+00:00,"{'symbol': 'WICO.JK', 'free_float': 0.04496, 'company_name': 'Wicaksana Overseas International Tbk'}"
ANJT.JK,2026-09-11,0.04083,,2026-09-11T07:53:56.036406+00:00,"{'symbol': 'ANJT.JK', 'free_float': 0.04083, 'company_name': 'PT Austindo Nusantara Jaya Tbk.'}"
PLIN.JK,2026-09-11,0.0299,,2026-09-11T07:53:56.036406+00:00,"{'symbol': 'PLIN.JK', 'free_float': 0.0299, 'company_name': 'Plaza Indonesia Realty Tbk'}"
SUPR.JK,2026-09-11,0.0267,,2026-09-11T07:53:56.036406+00:00,"{'symbol': 'SUPR.JK', 'free_float': 0.0267, 'company_name': 'Solusi Tunas Pratama Tbk'}"
PNGO.JK,2026-09-11,0.0174,,2026-09-11T07:53:56.036406+00:00,"{'symbol': 'PNGO.JK', 'free_float': 0.0174, 'company_name': 'PT Pinago Utama Tbk'}"
SMCB.JK,2026-09-11,0.01317,,2026-09-11T07:53:56.036406+00:00,"{'symbol': 'SMCB.JK', 'free_float': 0.01317, 'company_name': 'PT Solusi Bangun Indonesia Tbk'}"
SGRO.JK,2026-09-11,0.01301,,2026-09-11T07:53:56.036406+00:00,"{'symbol': 'SGRO.JK', 'free_float': 0.01301, 'company_name': 'PT Prime Agri Resources Tbk'}"
SCPI.JK,2026-09-11,0.01213,,2026-09-11T07:53:56.036406+00:00,"{'symbol': 'SCPI.JK', 'free_float': 0.01213, 'company_name': 'PT Organon Pharma Indonesia Tbk'}"
SOSS.JK,2026-09-11,0.0114,,2026-09-11T07:53:56.036406+00:00,"{'symbol': 'SOSS.JK', 'free_float': 0.0114, 'company_name': 'PT Shield On Service Tbk'}"
SMDM.JK,2026-09-11,0.01027,,2026-09-11T07:53:56.036406+00:00,"{'symbol': 'SMDM.JK', 'free_float': 0.01027, 'company_name': 'Suryamas Dutamakmur Tbk'}"
META.JK,2026-09-11,0.0068,,2026-09-11T07:53:56.036406+00:00,"{'symbol': 'META.JK', 'free_float': 0.0068, 'company_name': 'Nusantara Infrastructure Tbk'}"
MFMI.JK,2026-09-11,0.0065,,2026-09-11T07:53:56.036406+00:00,"{'symbol': 'MFMI.JK', 'free_float': 0.0065, 'company_name': 'Multifiling Mitra Indonesia Tbk'}"
DUTI.JK,2026-09-11,0.0059,,2026-09-11T07:53:56.036406+00:00,"{'symbol': 'DUTI.JK', 'free_float': 0.0059, 'company_name': 'Duta Pertiwi Tbk'}"
FASW.JK,2026-09-11,0.0022,,2026-09-11T07:53:56.036406+00:00,"{'symbol': 'FASW.JK', 'free_float': 0.0022, 'company_name': 'Fajar Surya Wisesa Tbk'}"
IBST.JK,2026-09-11,0.0005,,2026-09-11T07:53:56.036406+00:00,"{'symbol': 'IBST.JK', 'free_float': 0.0005, 'company_name': 'Inti Bangun Sejahtera Tbk'}"
BLTA.JK,2026-09-16,0.7307,,2026-09-16T12:16:05.288521+00:00,"{'symbol': 'BLTA.JK', 'free_float': 0.7307, 'company_name': 'Berlian Laju Tanker Tbk'}"
BULL.JK,2026-09-16,0.72933,,2026-09-16T12:16:05.288521+00:00,"{'symbol': 'BULL.JK', 'free_float': 0.72933, 'company_name': 'PT Buana Lintas Lautan Tbk.'}"
MABA.JK,2026-09-16,0.7192,,2026-09-16T12:16:05.288521+00:00,"{'symbol': 'MABA.JK', 'free_float': 0.7192, 'company_name': 'PT Marga Abhinaya Abadi Tbk'}"
KREN.JK,2026-09-16,0.7164,,2026-09-16T12:16:05.288521+00:00,"{'symbol': 'KREN.JK', 'free_float': 0.7164, 'company_name': 'PT Quantum Clovera Investama Tbk'}"
BOSS.JK,2026-09-16,0.7114,,2026-09-16T12:16:05.288521+00:00,"{'symbol': 'BOSS.JK', 'free_float': 0.7114, 'company_name': 'PT Borneo Olah Sarana Sukses Tbk.'}"
UNIT.JK,2026-09-16,0.706,,2026-09-16T12:16:05.288521+00:00,"{'symbol': 'UNIT.JK', 'free_float': 0.706, 'company_name': 'Nusantara Inti Corpora Tbk'}"
BOGA.JK,2026-09-16,0.705,,2026-09-16T12:16:05.288521+00:00,"{'symbol': 'BOGA.JK', 'free_float': 0.705, 'company_name': 'PT Apollo Global Interactive Tbk'}"
ASMI.JK,2026-09-16,0.7004,,2026-09-16T12:16:05.288521+00:00,"{'symbol': 'ASMI.JK', 'free_float': 0.7004, 'company_name': 'PT Asuransi Maximus Graha Persada Tbk.'}"
GAMA.JK,2026-09-16,0.69,,2026-09-16T12:16:05.288521+00:00,"{'symbol': 'GAMA.JK', 'free_float': 0.69, 'company_name': 'Aksara Global Development Tbk'}"
BHAT.JK,2026-09-16,0.689,,2026-09-16T12:16:05.288521+00:00,"{'symbol': 'BHAT.JK', 'free_float': 0.689, 'company_name': 'PT Bhakti Multi Artha Tbk.'}"
TARA.JK,2026-09-16,0.68588,,2026-09-16T12:16:05.288521+00:00,"{'symbol': 'TARA.JK', 'free_float': 0.68588, 'company_name': 'PT Agung Semesta Sejahtera Tbk'}"
KRYA.JK,2026-09-16,0.6821,,2026-09-16T12:16:05.288521+00:00,"{'symbol': 'KRYA.JK', 'free_float': 0.6821, 'company_name': 'PT Bangun Karya Perkasa Jaya Tbk'}"
DEWA.JK,2026-09-16,0.6783,,2026-09-16T12:16:05.288521+00:00,"{'symbol': 'DEWA.JK', 'free_float': 0.6783, 'company_name': 'Darma Henwa Tbk'}"
STAR.JK,2026-09-16,0.6781,,2026-09-16T12:16:05.288521+00:00,"{'symbol': 'STAR.JK', 'free_float': 0.6781, 'company_name': 'PT Calculus Global Ventures Tbk'}"
KIJA.JK,2026-09-16,0.67387,,2026-09-16T12:16:05.288521+00:00,"{'symbol': 'KIJA.JK', 'free_float': 0.67387, 'company_name': 'Kawasan Industri Jababeka Tbk'}"
SUGI.JK,2026-09-16,0.6623,,2026-09-16T12:16:05.288521+00:00,"{'symbol': 'SUGI.JK', 'free_float': 0.6623, 'company_name': 'Sugih Energy Tbk'}"
MKNT.JK,2026-09-16,0.66106,,2026-09-16T12:16:05.288521+00:00,"{'symbol': 'MKNT.JK', 'free_float': 0.66106, 'company_name': 'PT Mitra Komunikasi Nusantara Tbk'}"
POOL.JK,2026-09-16,0.6579,,2026-09-16T12:16:05.288521+00:00,"{'symbol': 'POOL.JK', 'free_float': 0.6579, 'company_name': 'Pool Advista Indonesia Tbk'}"
BHIT.JK,2026-09-16,0.6578,,2026-09-16T12:16:05.288521+00:00,"{'symbol': 'BHIT.JK', 'free_float': 0.6578, 'company_name': 'PT MNC Asia Holding Tbk'}"
HOME.JK,2026-09-16,0.6576,,2026-09-16T12:16:05.288521+00:00,"{'symbol': 'HOME.JK', 'free_float': 0.6576, 'company_name': 'Hotel Mandarine Regency Tbk'}"
NATO.JK,2026-09-16,0.65584,,2026-09-16T12:16:05.288521+00:00,"{'symbol': 'NATO.JK', 'free_float': 0.65584, 'company_name': 'PT Olympus Strategic Indonesia Tbk'}"
JSKY.JK,2026-09-16,0.6498,,2026-09-16T12:16:05.288521+00:00,"{'symbol': 'JSKY.JK', 'free_float': 0.6498, 'company_name': 'PT Sky Energy Indonesia Tbk'}"
DEFI.JK,2026-09-16,0.6401,,2026-09-16T12:16:05.288521+00:00,"{'symbol': 'DEFI.JK', 'free_float': 0.6401, 'company_name': 'Danasupra Erapacific Tbk'}"
PCAR.JK,2026-09-16,0.63806,,2026-09-16T12:16:05.288521+00:00,"{'symbol': 'PCAR.JK', 'free_float': 0.63806, 'company_name': 'PT Prima Cakrawala Abadi Tbk'}"
YELO.JK,2026-09-16,0.63467,,2026-09-16T12:16:05.288521+00:00,"{'symbol': 'YELO.JK', 'free_float': 0.63467, 'company_name': 'PT Yelooo Integra Datanet Tbk'}"
BEBS.JK,2026-09-16,0.6289,,2026-09-16T12:16:05.288521+00:00,"{'symbol': 'BEBS.JK', 'free_float': 0.6289, 'company_name': 'PT Berkah Beton Sadaya Tbk'}"
APIC.JK,2026-09-16,0.6277,,2026-09-16T12:16:05.288521+00:00,"{'symbol': 'APIC.JK', 'free_float': 0.6277, 'company_name': 'Pacific Strategic Financial Tbk'}"
PURE.JK,2026-09-16,0.6269,,2026-09-16T12:16:05.288521+00:00,"{'symbol': 'PURE.JK', 'free_float': 0.6269, 'company_name': 'PT Trinitan Metals and Minerals Tbk'}"
LABA.JK,2026-09-16,0.6266,,2026-09-16T12:16:05.288521+00:00,"{'symbol': 'LABA.JK', 'free_float': 0.6266, 'company_name': 'PT Green Power Group Tbk'}"
BCIP.JK,2026-09-16,0.6236,,2026-09-16T12:16:05.288521+00:00,"{'symbol': 'BCIP.JK', 'free_float': 0.6236, 'company_name': 'Bumi Citra Permai Tbk'}"
UVCR.JK,2026-09-16,0.6234,,2026-09-16T12:16:05.288521+00:00,"{'symbol': 'UVCR.JK', 'free_float': 0.6234, 'company_name': 'PT Trimegah Karya Pratama Tbk'}"
WSBP.JK,2026-09-16,0.6176,,2026-09-16T12:16:05.288521+00:00,"{'symbol': 'WSBP.JK', 'free_float': 0.6176, 'company_name': 'PT Waskita Beton Precast Tbk'}"
VKTR.JK,2026-09-16,0.6123,,2026-09-16T12:16:05.288521+00:00,"{'symbol': 'VKTR.JK', 'free_float': 0.6123, 'company_name': 'PT VKTR Teknologi Mobilitas Tbk'}"
AKKU.JK,2026-09-16,0.6108,,2026-09-16T12:16:05.288521+00:00,"{'symbol': 'AKKU.JK', 'free_float': 0.6108, 'company_name': 'PT Anugerah Kagum Karya Utama Tbk'}"
BIPI.JK,2026-09-16,0.6081,,2026-09-16T12:16:05.288521+00:00,"{'symbol': 'BIPI.JK', 'free_float': 0.6081, 'company_name': 'PT Astrindo Nusantara Infrastruktur Tbk.'}"
RAFI.JK,2026-09-16,0.6058,,2026-09-16T12:16:05.288521+00:00,"{'symbol': 'RAFI.JK', 'free_float': 0.6058, 'company_name': 'PT Sari Kreasi Boga Tbk'}"
MEJA.JK,2026-09-16,0.6038,,2026-09-16T12:16:05.288521+00:00,"{'symbol': 'MEJA.JK', 'free_float': 0.6038, 'company_name': 'PT Harta Djaya Karya Tbk'}"
BRMS.JK,2026-09-16,0.5985,,2026-09-16T12:16:05.288521+00:00,"{'symbol': 'BRMS.JK', 'free_float': 0.5985, 'company_name': 'Bumi Resources Minerals Tbk'}"
KIOS.JK,2026-09-16,0.597,,2026-09-16T12:16:05.288521+00:00,"{'symbol': 'KIOS.JK', 'free_float': 0.597, 'company_name': 'PT Kioson Komersial Indonesia Tbk'}"
INPC.JK,2026-09-16,0.591,,2026-09-16T12:16:05.288521+00:00,"{'symbol': 'INPC.JK', 'free_float': 0.591, 'company_name': 'Bank Artha Graha Internasional Tbk'}"
WMUU.JK,2026-09-16,0.5905,,2026-09-16T12:16:05.288521+00:00,"{'symbol': 'WMUU.JK', 'free_float': 0.5905, 'company_name': 'PT Widodo Makmur Unggas Tbk'}"
NINE.JK,2026-09-16,0.5898,,2026-09-16T12:16:05.288521+00:00,"{'symbol': 'NINE.JK', 'free_float': 0.5898, 'company_name': 'PT Techno9 Indonesia Tbk'}"
FIMP.JK,2026-09-16,0.5898,,2026-09-16T12:16:05.288521+00:00,"{'symbol': 'FIMP.JK', 'free_float': 0.5898, 'company_name': 'PT Fimperkasa Utama Tbk'}"
MREI.JK,2026-09-16,0.581,,2026-09-16T12:16:05.288521+00:00,"{'symbol': 'MREI.JK', 'free_float': 0.581, 'company_name': 'Maskapai Reasuransi Indonesia Tbk'}"
GPSO.JK,2026-09-16,0.576,,2026-09-16T12:16:05.288521+00:00,"{'symbol': 'GPSO.JK', 'free_float': 0.576, 'company_name': 'PT Geoprima Solusi Tbk'}"
MENN.JK,2026-09-16,0.5749,,2026-09-16T12:16:05.288521+00:00,"{'symbol': 'MENN.JK', 'free_float': 0.5749, 'company_name': 'PT Menn Teknologi Indonesia Tbk'}"
SMRA.JK,2026-09-16,0.5735,,2026-09-16T12:16:05.288521+00:00,"{'symbol': 'SMRA.JK', 'free_float': 0.5735, 'company_name': 'PT Summarecon Agung Tbk'}"
NASA.JK,2026-09-16,0.5729,,2026-09-16T12:16:05.288521+00:00,"{'symbol': 'NASA.JK', 'free_float': 0.5729, 'company_name': 'PT Andalan Perkasa Abadi Tbk'}"
KBLV.JK,2026-09-16,0.5704,,2026-09-16T12:16:05.288521+00:00,"{'symbol': 'KBLV.JK', 'free_float': 0.5704, 'company_name': 'First Media Tbk'}"
HOPE.JK,2026-09-16,0.5648,,2026-09-16T12:16:05.288521+00:00,"{'symbol': 'HOPE.JK', 'free_float': 0.5648, 'company_name': 'PT Harapan Duta Pertiwi Tbk'}"
OASA.JK,2026-09-16,0.5631,,2026-09-16T12:16:05.288521+00:00,"{'symbol': 'OASA.JK', 'free_float': 0.5631, 'company_name': 'PT Maharaksa Biru Energi Tbk'}"
UNSP.JK,2026-09-16,0.5589,,2026-09-16T12:16:05.288521+00:00,"{'symbol': 'UNSP.JK', 'free_float': 0.5589, 'company_name': 'Bakrie Sumatera Plantations Tbk'}"
ARTI.JK,2026-09-16,0.5574,,2026-09-16T12:16:05.288521+00:00,"{'symbol': 'ARTI.JK', 'free_float': 0.5574, 'company_name': 'Ratu Prabu Energi Tbk'}"
DILD.JK,2026-09-16,0.5567,,2026-09-16T12:16:05.288521+00:00,"{'symbol': 'DILD.JK', 'free_float': 0.5567, 'company_name': 'Intiland Development Tbk'}"
EAST.JK,2026-09-16,0.5535,,2026-09-16T12:16:05.288521+00:00,"{'symbol': 'EAST.JK', 'free_float': 0.5535, 'company_name': 'PT Eastparc Hotel Tbk'}"
MTFN.JK,2026-09-16,0.55199,,2026-09-16T12:16:05.288521+00:00,"{'symbol': 'MTFN.JK', 'free_float': 0.55199, 'company_name': 'Capitalinc Investment Tbk'}"
VIVA.JK,2026-09-16,0.5513,,2026-09-16T12:16:05.288521+00:00,"{'symbol': 'VIVA.JK', 'free_float': 0.5513, 'company_name': 'PT Visi Media Asia Tbk'}"
CPRO.JK,2026-09-16,0.5483,,2026-09-16T12:16:05.288521+00:00,"{'symbol': 'CPRO.JK', 'free_float': 0.5483, 'company_name': 'Central Proteina Prima Tbk'}"
MDKA.JK,2026-09-16,0.54566,,2026-09-16T12:16:05.288521+00:00,"{'symbol': 'MDKA.JK', 'free_float': 0.54566, 'company_name': 'PT Merdeka Copper Gold Tbk'}"
CNKO.JK,2026-09-16,0.544,,2026-09-16T12:16:05.288521+00:00,"{'symbol': 'CNKO.JK', 'free_float': 0.544, 'company_name': 'Exploitasi Energi Indonesia Tbk'}"
ENRG.JK,2026-09-16,0.54299,,2026-09-16T12:16:05.288521+00:00,"{'symbol': 'ENRG.JK', 'free_float': 0.54299, 'company_name': 'Energi Mega Persada Tbk'}"
BUMI.JK,2026-09-16,0.5421,,2026-09-16T12:16:05.288521+00:00,"{'symbol': 'BUMI.JK', 'free_float': 0.5421, 'company_name': 'Bumi Resources Tbk'}"
CITY.JK,2026-09-16,0.5415,,2026-09-16T12:16:05.288521+00:00,"{'symbol': 'CITY.JK', 'free_float': 0.5415, 'company_name': 'PT Natura City Developments Tbk.'}"
IPPE.JK,2026-09-16,0.5337,,2026-09-16T12:16:05.288521+00:00,"{'symbol': 'IPPE.JK', 'free_float': 0.5337, 'company_name': 'PT Indo Pureco Pratama Tbk'}"
PURA.JK,2026-09-16,0.5324,,2026-09-16T12:16:05.288521+00:00,"{'symbol': 'PURA.JK', 'free_float': 0.5324, 'company_name': 'PT Putra Rajawali Kencana Tbk'}"
KPIG.JK,2026-09-16,0.532,,2026-09-16T12:16:05.288521+00:00,"{'symbol': 'KPIG.JK', 'free_float': 0.532, 'company_name': 'MNC Tourism Indonesia Tbk'}"
BRRC.JK,2026-09-16,0.5231,,2026-09-16T12:16:05.288521+00:00,"{'symbol': 'BRRC.JK', 'free_float': 0.5231, 'company_name': 'PT Raja Roti Cemerlang Tbk'}"
KOTA.JK,2026-09-16,0.519,,2026-09-16T12:16:05.288521+00:00,"{'symbol': 'KOTA.JK', 'free_float': 0.519, 'company_name': 'PT DMS Propertindo Tbk'}"
RICY.JK,2026-09-16,0.5171,,2026-09-16T12:16:05.288521+00:00,"{'symbol': 'RICY.JK', 'free_float': 0.5171, 'company_name': 'Ricky Putra Globalindo Tbk'}"
HEAL.JK,2026-09-16,0.51664,,2026-09-16T12:16:05.288521+00:00,"{'symbol': 'HEAL.JK', 'free_float': 0.51664, 'company_name': 'PT Medikaloka Hermina Tbk'}"
ESSA.JK,2026-09-16,0.5162,,2026-09-16T12:16:05.288521+00:00,"{'symbol': 'ESSA.JK', 'free_float': 0.5162, 'company_name': 'ESSA Industries Indonesia Tbk'}"
SBAT.JK,2026-09-16,0.51521,,2026-09-16T12:16:05.288521+00:00,"{'symbol': 'SBAT.JK', 'free_float': 0.51521, 'company_name': 'PT Sejahtera Bintang Abadi Textile Tbk'}"
SSIA.JK,2026-09-16,0.5151,,2026-09-16T12:16:05.288521+00:00,"{'symbol': 'SSIA.JK', 'free_float': 0.5151, 'company_name': 'PT Surya Semesta Internusa Tbk'}"
TRIM.JK,2026-09-16,0.514,,2026-09-16T12:16:05.288521+00:00,"{'symbol': 'TRIM.JK', 'free_float': 0.514, 'company_name': 'PT Trimegah Sekuritas Indonesia Tbk'}"
WOWS.JK,2026-09-16,0.5138,,2026-09-16T12:16:05.288521+00:00,"{'symbol': 'WOWS.JK', 'free_float': 0.5138, 'company_name': 'PT Ginting Jaya Energi Tbk'}"
IIKP.JK,2026-09-16,0.51214,,2026-09-16T12:16:05.288521+00:00,"{'symbol': 'IIKP.JK', 'free_float': 0.51214, 'company_name': 'Inti Agri Resources Tbk'}"
PBRX.JK,2026-09-16,0.50752,,2026-09-16T12:16:05.288521+00:00,"{'symbol': 'PBRX.JK', 'free_float': 0.50752, 'company_name': 'Pan Brothers Tbk'}"
KBLI.JK,2026-09-16,0.5053,,2026-09-16T12:16:05.288521+00:00,"{'symbol': 'KBLI.JK', 'free_float': 0.5053, 'company_name': 'KMI Wire and Cable Tbk'}"
PIPA.JK,2026-09-16,0.5007,,2026-09-16T12:16:05.288521+00:00,"{'symbol': 'PIPA.JK', 'free_float': 0.5007, 'company_name': 'PT Multi Makmur Lemindo Tbk'}"
INDF.JK,2026-09-16,0.4991,,2026-09-16T12:16:05.288521+00:00,"{'symbol': 'INDF.JK', 'free_float': 0.4991, 'company_name': 'Indofood Sukses Makmur Tbk'}"
SMMA.JK,2026-09-16,0.49904,,2026-09-16T12:16:05.288521+00:00,"{'symbol': 'SMMA.JK', 'free_float': 0.49904, 'company_name': 'PT Sinar Mas Multiartha Tbk'}"
ARMY.JK,2026-09-16,0.49872,,2026-09-16T12:16:05.288521+00:00,"{'symbol': 'ARMY.JK', 'free_float': 0.49872, 'company_name': 'PT Armidian Karyatama Tbk'}"
BMBL.JK,2026-09-16,0.4981,,2026-09-16T12:16:05.288521+00:00,"{'symbol': 'BMBL.JK', 'free_float': 0.4981, 'company_name': 'PT Lavender Bina Cendikia Tbk'}"
BTEL.JK,2026-09-16,0.4965,,2026-09-16T12:16:05.288521+00:00,"{'symbol': 'BTEL.JK', 'free_float': 0.4965, 'company_name': 'Bakrie Telecom Tbk'}"
FLMC.JK,2026-09-16,0.4963,,2026-09-16T12:16:05.288521+00:00,"{'symbol': 'FLMC.JK', 'free_float': 0.4963, 'company_name': 'PT Falmaco Nonwoven Industri Tbk'}"
BBYB.JK,2026-09-16,0.495,,2026-09-16T12:16:05.288521+00:00,"{'symbol': 'BBYB.JK', 'free_float': 0.495, 'company_name': 'PT Bank Neo Commerce Tbk.'}"
PTPP.JK,2026-09-16,0.4931,,2026-09-16T12:16:05.288521+00:00,"{'symbol': 'PTPP.JK', 'free_float': 0.4931, 'company_name': 'PP (Persero) Tbk'}"
JAST.JK,2026-09-16,0.49293,,2026-09-16T12:16:05.288521+00:00,"{'symbol': 'JAST.JK', 'free_float': 0.49293, 'company_name': 'PT Jasnita Telekomindo Tbk'}"
BANK.JK,2026-09-16,0.492,,2026-09-16T12:16:05.288521+00:00,"{'symbol': 'BANK.JK', 'free_float': 0.492, 'company_name': 'PT Bank Aladin Syariah Tbk'}"
SMGR.JK,2026-09-16,0.49061,,2026-09-16T12:16:05.288521+00:00,"{'symbol': 'SMGR.JK', 'free_float': 0.49061, 'company_name': 'Semen Indonesia (Persero) Tbk'}"
UDNG.JK,2026-09-16,0.4901,,2026-09-16T12:16:05.288521+00:00,"{'symbol': 'UDNG.JK', 'free_float': 0.4901, 'company_name': 'PT Agro Bahari Nusantara Tbk'}"
LAPD.JK,2026-09-16,0.49,,2026-09-16T12:16:05.288521+00:00,"{'symbol': 'LAPD.JK', 'free_float': 0.49, 'company_name': 'Leyand International Tbk'}"
ISAP.JK,2026-09-16,0.4898,,2026-09-16T12:16:05.288521+00:00,"{'symbol': 'ISAP.JK', 'free_float': 0.4898, 'company_name': 'PT Isra Presisi Indonesia Tbk'}"
ASPI.JK,2026-09-16,0.4882,,2026-09-16T12:16:05.288521+00:00,"{'symbol': 'ASPI.JK', 'free_float': 0.4882, 'company_name': 'PT Andalan Sakti Primaindo Tbk.'}"
WINR.JK,2026-09-16,0.488,,2026-09-16T12:16:05.288521+00:00,"{'symbol': 'WINR.JK', 'free_float': 0.488, 'company_name': 'PT Winner Nusantara Jaya Tbk'}"
BJTM.JK,2026-09-16,0.48772,,2026-09-16T12:16:05.288521+00:00,"{'symbol': 'BJTM.JK', 'free_float': 0.48772, 'company_name': 'Bank Pembangunan Daerah Jawa Timur Tbk'}"
INCI.JK,2026-09-16,0.48642,,2026-09-16T12:16:05.288521+00:00,"{'symbol': 'INCI.JK', 'free_float': 0.48642, 'company_name': 'Intanwijaya Internasional Tbk'}"
BAYU.JK,2026-09-16,0.486,,2026-09-16T12:16:05.288521+00:00,"{'symbol': 'BAYU.JK', 'free_float': 0.486, 'company_name': 'Bayu Buana Tbk'}"
BTEK.JK,2026-09-16,0.4856,,2026-09-16T12:16:05.288521+00:00,"{'symbol': 'BTEK.JK', 'free_float': 0.4856, 'company_name': 'Bumi Teknokultura Unggul Tbk'}"
IKAN.JK,2026-09-16,0.4848,,2026-09-16T12:16:05.288521+00:00,"{'symbol': 'IKAN.JK', 'free_float': 0.4848, 'company_name': 'PT Era Mandiri Cemerlang Tbk'}"
FIRE.JK,2026-09-16,0.48422,,2026-09-16T12:16:05.288521+00:00,"{'symbol': 'FIRE.JK', 'free_float': 0.48422, 'company_name': 'PT Alfa Energi Investama Tbk'}"
ASII.JK,2026-09-16,0.4842,,2026-09-16T12:16:05.288521+00:00,"{'symbol': 'ASII.JK', 'free_float': 0.4842, 'company_name': 'Astra International Tbk'}"
COCO.JK,2026-09-16,0.4784,,2026-09-16T12:16:05.288521+00:00,"{'symbol': 'COCO.JK', 'free_float': 0.4784, 'company_name': 'PT Wahana Interfood Nusantara Tbk'}"
TRAM.JK,2026-09-16,0.47807,,2026-09-16T12:16:05.288521+00:00,"{'symbol': 'TRAM.JK', 'free_float': 0.47807, 'company_name': 'Trada Alam Minera Tbk'}"
HDIT.JK,2026-09-16,0.4775,,2026-09-16T12:16:05.288521+00:00,"{'symbol': 'HDIT.JK', 'free_float': 0.4775, 'company_name': 'PT Hensel Davest Indonesia Tbk'}"
RBMS.JK,2026-09-16,0.4765,,2026-09-16T12:16:05.288521+00:00,"{'symbol': 'RBMS.JK', 'free_float': 0.4765, 'company_name': 'Ristia Bintang Mahkotasejati Tbk'}"
LPPF.JK,2026-09-16,0.4747,,2026-09-16T12:16:05.288521+00:00,"{'symbol': 'LPPF.JK', 'free_float': 0.4747, 'company_name': 'PT MDS Retailing Tbk'}"
CASA.JK,2026-09-16,0.4733,,2026-09-16T12:16:05.288521+00:00,"{'symbol': 'CASA.JK', 'free_float': 0.4733, 'company_name': 'PT Capital Financial Indonesia Tbk'}"
KUAS.JK,2026-09-16,0.47278,,2026-09-16T12:16:05.288521+00:00,"{'symbol': 'KUAS.JK', 'free_float': 0.47278, 'company_name': 'PT Ace Oldfields Tbk'}"
HADE.JK,2026-09-16,0.4717,,2026-09-16T12:16:05.288521+00:00,"{'symbol': 'HADE.JK', 'free_float': 0.4717, 'company_name': 'PT Himalaya Energi Perkasa Tbk'}"
LMSH.JK,2026-09-16,0.47135,,2026-09-16T12:16:05.288521+00:00,"{'symbol': 'LMSH.JK', 'free_float': 0.47135, 'company_name': 'Lionmesh Prima Tbk'}"
FUTR.JK,2026-09-16,0.47099,,2026-09-16T12:16:05.288521+00:00,"{'symbol': 'FUTR.JK', 'free_float': 0.47099, 'company_name': 'PT Futura Energi Global Tbk'}"
NANO.JK,2026-09-16,0.47059,,2026-09-16T12:16:05.288521+00:00,"{'symbol': 'NANO.JK', 'free_float': 0.47059, 'company_name': 'PT Nanotech Indonesia Global Tbk'}"
SLIS.JK,2026-09-16,0.4702,,2026-09-16T12:16:05.288521+00:00,"{'symbol': 'SLIS.JK', 'free_float': 0.4702, 'company_name': 'PT Gaya Abadi Sempurna Tbk'}"
TOPS.JK,2026-09-16,0.4681,,2026-09-16T12:16:05.288521+00:00,"{'symbol': 'TOPS.JK', 'free_float': 0.4681, 'company_name': 'PT Totalindo Eka Persada Tbk'}"
BBRI.JK,2026-09-16,0.4676,,2026-09-16T12:16:05.288521+00:00,"{'symbol': 'BBRI.JK', 'free_float': 0.4676, 'company_name': 'PT Bank Rakyat Indonesia (Persero) Tbk'}"
ASSA.JK,2026-09-16,0.466,,2026-09-16T12:16:05.288521+00:00,"{'symbol': 'ASSA.JK', 'free_float': 0.466, 'company_name': 'Adi Sarana Armada Tbk'}"
CTRA.JK,2026-09-16,0.46584,,2026-09-16T12:16:05.288521+00:00,"{'symbol': 'CTRA.JK', 'free_float': 0.46584, 'company_name': 'Ciputra Development Tbk'}"
BMTR.JK,2026-09-16,0.46508,,2026-09-16T12:16:05.288521+00:00,"{'symbol': 'BMTR.JK', 'free_float': 0.46508, 'company_name': 'PT Global Mediacom Tbk'}"
INDX.JK,2026-09-16,0.4615,,2026-09-16T12:16:05.288521+00:00,"{'symbol': 'INDX.JK', 'free_float': 0.4615, 'company_name': 'Tanah Laut Tbk'}"
DOID.JK,2026-09-16,0.4555,,2026-09-16T12:16:05.288521+00:00,"{'symbol': 'DOID.JK', 'free_float': 0.4555, 'company_name': 'PT BUMA Internasional Grup Tbk'}"
ARKA.JK,2026-09-16,0.4532,,2026-09-16T12:16:05.288521+00:00,"{'symbol': 'ARKA.JK', 'free_float': 0.4532, 'company_name': 'PT Arkha Jayanti Persada Tbk.'}"
AMRT.JK,2026-09-16,0.4469,,2026-09-16T12:16:05.288521+00:00,"{'symbol': 'AMRT.JK', 'free_float': 0.4469, 'company_name': 'PT Sumber Alfaria Trijaya Tbk.'}"
BOLA.JK,2026-09-16,0.4468,,2026-09-16T12:16:05.288521+00:00,"{'symbol': 'BOLA.JK', 'free_float': 0.4468, 'company_name': 'PT Bali Bintang Sejahtera Tbk.'}"
BBCA.JK,2026-09-16,0.44642,,2026-09-16T12:16:05.288521+00:00,"{'symbol': 'BBCA.JK', 'free_float': 0.44642, 'company_name': 'PT Bank Central Asia Tbk.'}"
ASRI.JK,2026-09-16,0.4458,,2026-09-16T12:16:05.288521+00:00,"{'symbol': 'ASRI.JK', 'free_float': 0.4458, 'company_name': 'Alam Sutera Realty Tbk'}"
MINA.JK,2026-09-16,0.4451,,2026-09-16T12:16:05.288521+00:00,"{'symbol': 'MINA.JK', 'free_float': 0.4451, 'company_name': 'PT Sanurhasta Mitra Tbk'}"
ASHA.JK,2026-09-16,0.445,,2026-09-16T12:16:05.288521+00:00,"{'symbol': 'ASHA.JK', 'free_float': 0.445, 'company_name': 'PT Cilacap Samudera Fishing Industry Tbk'}"
BFIN.JK,2026-09-16,0.4444,,2026-09-16T12:16:05.288521+00:00,"{'symbol': 'BFIN.JK', 'free_float': 0.4444, 'company_name': 'BFI Finance Indonesia Tbk'}"
CSMI.JK,2026-09-16,0.4385,,2026-09-16T12:16:05.288521+00:00,"{'symbol': 'CSMI.JK', 'free_float': 0.4385, 'company_name': 'PT Cipta Selera Murni Tbk.'}"
EURO.JK,2026-09-16,0.4378,,2026-09-16T12:16:05.288521+00:00,"{'symbol': 'EURO.JK', 'free_float': 0.4378, 'company_name': 'PT Estee Gold Feet Tbk'}"
INCF.JK,2026-09-16,0.4366,,2026-09-16T12:16:05.288521+00:00,"{'symbol': 'INCF.JK', 'free_float': 0.4366, 'company_name': 'PT Indo Komoditi Korpora Tbk'}"
CTTH.JK,2026-09-16,0.4363,,2026-09-16T12:16:05.288521+00:00,"{'symbol': 'CTTH.JK', 'free_float': 0.4363, 'company_name': 'Citatah Tbk'}"
JPFA.JK,2026-09-16,0.4345,,2026-09-16T12:16:05.288521+00:00,"{'symbol': 'JPFA.JK', 'free_float': 0.4345, 'company_name': 'JAPFA Comfeed Indonesia Tbk'}"
TAYS.JK,2026-09-16,0.4335,,2026-09-16T12:16:05.288521+00:00,"{'symbol': 'TAYS.JK', 'free_float': 0.4335, 'company_name': 'PT Jaya Swarasa Agung Tbk'}"
MARI.JK,2026-09-16,0.4328,,2026-09-16T12:16:05.288521+00:00,"{'symbol': 'MARI.JK', 'free_float': 0.4328, 'company_name': 'PT Mahaka Radio Integra Tbk'}"
DSNG.JK,2026-09-16,0.4314,,2026-09-16T12:16:05.288521+00:00,"{'symbol': 'DSNG.JK', 'free_float': 0.4314, 'company_name': 'PT Dharma Satya Nusantara Tbk'}"
ELSA.JK,2026-09-16,0.43082,,2026-09-16T12:16:05.288521+00:00,"{'symbol': 'ELSA.JK', 'free_float': 0.43082, 'company_name': 'Elnusa Tbk'}"
MEDS.JK,2026-09-16,0.43066,,2026-09-16T12:16:05.288521+00:00,"{'symbol': 'MEDS.JK', 'free_float': 0.43066, 'company_name': 'PT Hetzer Medical Indonesia Tbk'}"
COIN.JK,2026-09-16,0.4306,,2026-09-16T12:16:05.288521+00:00,"{'symbol': 'COIN.JK', 'free_float': 0.4306, 'company_name': 'PT Indokripto Koin Semesta Tbk'}"
PGAS.JK,2026-09-16,0.43031,,2026-09-16T12:16:05.288521+00:00,"{'symbol': 'PGAS.JK', 'free_float': 0.43031, 'company_name': 'PT Perusahaan Gas Negara Tbk'}"
LPKR.JK,2026-09-16,0.4294,,2026-09-16T12:16:05.288521+00:00,"{'symbol': 'LPKR.JK', 'free_float': 0.4294, 'company_name': 'Lippo Karawaci Tbk'}"
MDLN.JK,2026-09-16,0.4271,,2026-09-16T12:16:05.288521+00:00,"{'symbol': 'MDLN.JK', 'free_float': 0.4271, 'company_name': 'PT Modernland Realty Tbk'}"
BAPI.JK,2026-09-16,0.4252,,2026-09-16T12:16:05.288521+00:00,"{'symbol': 'BAPI.JK', 'free_float': 0.4252, 'company_name': 'PT Bhakti Agung Propertindo Tbk.'}"
MCAS.JK,2026-09-16,0.4247,,2026-09-16T12:16:05.288521+00:00,"{'symbol': 'MCAS.JK', 'free_float': 0.4247, 'company_name': 'PT M Cash Integrasi Tbk'}"
LEAD.JK,2026-09-16,0.4238,,2026-09-16T12:16:05.288521+00:00,"{'symbol': 'LEAD.JK', 'free_float': 0.4238, 'company_name': 'PT Logindo Samudramakmur Tbk'}"
NTBK.JK,2026-09-16,0.4213,,2026-09-16T12:16:05.288521+00:00,"{'symbol': 'NTBK.JK', 'free_float': 0.4213, 'company_name': 'PT Nusatama Berkah Tbk'}"
LION.JK,2026-09-16,0.42045,,2026-09-16T12:16:05.288521+00:00,"{'symbol': 'LION.JK', 'free_float': 0.42045, 'company_name': 'Lion Metal Works Tbk'}"
MEGA.JK,2026-09-16,0.4198,,2026-09-16T12:16:05.288521+00:00,"{'symbol': 'MEGA.JK', 'free_float': 0.4198, 'company_name': 'Bank Mega Tbk'}"
WIDI.JK,2026-09-16,0.4192,,2026-09-16T12:16:05.288521+00:00,"{'symbol': 'WIDI.JK', 'free_float': 0.4192, 'company_name': 'PT Widiant Jaya Krenindo Tbk'}"
BEST.JK,2026-09-16,0.4187,,2026-09-16T12:16:05.288521+00:00,"{'symbol': 'BEST.JK', 'free_float': 0.4187, 'company_name': 'Bekasi Fajar Industrial Estate Tbk'}"
GPRA.JK,2026-09-16,0.4183,,2026-09-16T12:16:05.288521+00:00,"{'symbol': 'GPRA.JK', 'free_float': 0.4183, 'company_name': 'Perdana Gapura Prima Tbk'}"
INKP.JK,2026-09-16,0.41686,,2026-09-16T12:16:05.288521+00:00,"{'symbol': 'INKP.JK', 'free_float': 0.41686, 'company_name': 'Indah Kiat Pulp & Paper Tbk'}"
TLKM.JK,2026-09-16,0.4165,,2026-09-16T12:16:05.288521+00:00,"{'symbol': 'TLKM.JK', 'free_float': 0.4165, 'company_name': 'PT Telkom Indonesia (Persero) Tbk'}"
MNCN.JK,2026-09-16,0.41592,,2026-09-16T12:16:05.288521+00:00,"{'symbol': 'MNCN.JK', 'free_float': 0.41592, 'company_name': 'Media Nusantara Citra Tbk'}"
KJEN.JK,2026-09-16,0.4158,,2026-09-16T12:16:05.288521+00:00,"{'symbol': 'KJEN.JK', 'free_float': 0.4158, 'company_name': 'PT Krida Jaringan Nusantara Tbk'}"
SINI.JK,2026-09-16,0.4155,,2026-09-16T12:16:05.288521+00:00,"{'symbol': 'SINI.JK', 'free_float': 0.4155, 'company_name': 'PT Singaraja Putra Tbk'}"
SMSM.JK,2026-09-16,0.41426,,2026-09-16T12:16:05.288521+00:00,"{'symbol': 'SMSM.JK', 'free_float': 0.41426, 'company_name': 'Selamat Sempurna Tbk'}"
GZCO.JK,2026-09-16,0.4137,,2026-09-16T12:16:05.288521+00:00,"{'symbol': 'GZCO.JK', 'free_float': 0.4137, 'company_name': 'Gozco Plantations Tbk'}"
ARII.JK,2026-09-16,0.41222,,2026-09-16T12:16:05.288521+00:00,"{'symbol': 'ARII.JK', 'free_float': 0.41222, 'company_name': 'Atlas Resources Tbk'}"
MLPL.JK,2026-09-16,0.4109,,2026-09-16T12:16:05.288521+00:00,"{'symbol': 'MLPL.JK', 'free_float': 0.4109, 'company_name': 'Multipolar Tbk'}"
ANDI.JK,2026-09-16,0.4101,,2026-09-16T12:16:05.288521+00:00,"{'symbol': 'ANDI.JK', 'free_float': 0.4101, 'company_name': 'PT Andira Agro Tbk'}"
INTP.JK,2026-09-16,0.4098,,2026-09-16T12:16:05.288521+00:00,"{'symbol': 'INTP.JK', 'free_float': 0.4098, 'company_name': 'Indocement Tunggal Prakarsa Tbk'}"
BMSR.JK,2026-09-16,0.4089,,2026-09-16T12:16:05.288521+00:00,"{'symbol': 'BMSR.JK', 'free_float': 0.4089, 'company_name': 'Bintang Mitra Semestaraya Tbk'}"
TRON.JK,2026-09-16,0.4082,,2026-09-16T12:16:05.288521+00:00,"{'symbol': 'TRON.JK', 'free_float': 0.4082, 'company_name': 'PT Teknologi Karya Digital Nusa Tbk'}"
ERAA.JK,2026-09-16,0.4072,,2026-09-16T12:16:05.288521+00:00,"{'symbol': 'ERAA.JK', 'free_float': 0.4072, 'company_name': 'Erajaya Swasembada Tbk'}"
RMKE.JK,2026-09-16,0.407,,2026-09-16T12:16:05.288521+00:00,"{'symbol': 'RMKE.JK', 'free_float': 0.407, 'company_name': 'PT RMK Energy Tbk'}"
CMNP.JK,2026-09-16,0.4065,,2026-09-16T12:16:05.288521+00:00,"{'symbol': 'CMNP.JK', 'free_float': 0.4065, 'company_name': 'Citra Marga Nusaphala Persada Tbk'}"
BBTN.JK,2026-09-16,0.406,,2026-09-16T12:16:05.288521+00:00,"{'symbol': 'BBTN.JK', 'free_float': 0.406, 'company_name': 'PT Bank Tabungan Negara (Persero) Tbk'}"
LSIP.JK,2026-09-16,0.405,,2026-09-16T12:16:05.288521+00:00,"{'symbol': 'LSIP.JK', 'free_float': 0.405, 'company_name': 'PP London Sumatra Indonesia Tbk'}"
BBNI.JK,2026-09-16,0.40467,,2026-09-16T12:16:05.288521+00:00,"{'symbol': 'BBNI.JK', 'free_float': 0.40467, 'company_name': 'PT Bank Negara Indonesia (Persero) Tbk'}"
MTDL.JK,2026-09-16,0.40464,,2026-09-16T12:16:05.288521+00:00,"{'symbol': 'MTDL.JK', 'free_float': 0.40464, 'company_name': 'Metrodata Electronics Tbk'}"
BMRI.JK,2026-09-16,0.4046,,2026-09-16T12:16:05.288521+00:00,"{'symbol': 'BMRI.JK', 'free_float': 0.4046, 'company_name': 'PT Bank Mandiri (Persero) Tbk'}"
ADRO.JK,2026-09-16,0.40382,,2026-09-16T12:16:05.288521+00:00,"{'symbol': 'ADRO.JK', 'free_float': 0.40382, 'company_name': 'Alamtri Resources Indonesia Tbk'}"
SNLK.JK,2026-09-16,0.4035,,2026-09-16T12:16:05.288521+00:00,"{'symbol': 'SNLK.JK', 'free_float': 0.4035, 'company_name': 'PT Sunter Lakeside Hotel Tbk'}"
TKIM.JK,2026-09-16,0.40327,,2026-09-16T12:16:05.288521+00:00,"{'symbol': 'TKIM.JK', 'free_float': 0.40327, 'company_name': 'Pabrik Kertas Tjiwi Kimia Tbk'}"
WIFI.JK,2026-09-16,0.403,,2026-09-16T12:16:05.288521+00:00,"{'symbol': 'WIFI.JK', 'free_float': 0.403, 'company_name': 'PT Solusi Sinergi Digital Tbk'}"
BALI.JK,2026-09-16,0.40298,,2026-09-16T12:16:05.288521+00:00,"{'symbol': 'BALI.JK', 'free_float': 0.40298, 'company_name': 'PT Bali Towerindo Sentra Tbk.'}"
CFIN.JK,2026-09-16,0.4028,,2026-09-16T12:16:05.288521+00:00,"{'symbol': 'CFIN.JK', 'free_float': 0.4028, 'company_name': 'Clipan Finance Indonesia Tbk'}"
TBLA.JK,2026-09-16,0.4024,,2026-09-16T12:16:05.288521+00:00,"{'symbol': 'TBLA.JK', 'free_float': 0.4024, 'company_name': 'Tunas Baru Lampung Tbk'}"
INET.JK,2026-09-16,0.40232,,2026-09-16T12:16:05.288521+00:00,"{'symbol': 'INET.JK', 'free_float': 0.40232, 'company_name': 'PT Sinergi Inti Andalan Prima Tbk'}"
GLVA.JK,2026-09-16,0.4021,,2026-09-16T12:16:05.288521+00:00,"{'symbol': 'GLVA.JK', 'free_float': 0.4021, 'company_name': 'PT Galva Technologies Tbk'}"
BUDI.JK,2026-09-16,0.40069,,2026-09-16T12:16:05.288521+00:00,"{'symbol': 'BUDI.JK', 'free_float': 0.40069, 'company_name': 'PT Budi Starch & Sweetener Tbk.'}"
BSIM.JK,2026-09-16,0.4001,,2026-09-16T12:16:05.288521+00:00,"{'symbol': 'BSIM.JK', 'free_float': 0.4001, 'company_name': 'Bank Sinarmas Tbk'}"
ACES.JK,2026-09-16,0.3999,,2026-09-16T12:16:05.288521+00:00,"{'symbol': 'ACES.JK', 'free_float': 0.3999, 'company_name': 'PT Aspirasi Hidup Indonesia Tbk'}"
SRIL.JK,2026-09-16,0.3989,,2026-09-16T12:16:05.288521+00:00,"{'symbol': 'SRIL.JK', 'free_float': 0.3989, 'company_name': 'PT Sri Rejeki Isman Tbk'}"
CHIP.JK,2026-09-16,0.3984,,2026-09-16T12:16:05.288521+00:00,"{'symbol': 'CHIP.JK', 'free_float': 0.3984, 'company_name': 'PT Pelita Teknologi Global Tbk'}"
WTON.JK,2026-09-16,0.39839,,2026-09-16T12:16:05.288521+00:00,"{'symbol': 'WTON.JK', 'free_float': 0.39839, 'company_name': 'Wijaya Karya Beton'}"
AEGS.JK,2026-09-16,0.3977,,2026-09-16T12:16:05.288521+00:00,"{'symbol': 'AEGS.JK', 'free_float': 0.3977, 'company_name': 'PT Anugerah Spareparts Sejahtera Tbk.'}"
PANS.JK,2026-09-16,0.3975,,2026-09-16T12:16:05.288521+00:00,"{'symbol': 'PANS.JK', 'free_float': 0.3975, 'company_name': 'Panin Sekuritas Tbk'}"
LUCY.JK,2026-09-16,0.3968,,2026-09-16T12:16:05.288521+00:00,"{'symbol': 'LUCY.JK', 'free_float': 0.3968, 'company_name': 'PT Lima Dua Lima Tiga Tbk'}"
ATLA.JK,2026-09-16,0.395,,2026-09-16T12:16:05.288521+00:00,"{'symbol': 'ATLA.JK', 'free_float': 0.395, 'company_name': 'PT Atlantis Subsea Indonesia Tbk'}"
APEX.JK,2026-09-16,0.3945,,2026-09-16T12:16:05.288521+00:00,"{'symbol': 'APEX.JK', 'free_float': 0.3945, 'company_name': 'Apexindo Pratama Duta Tbk'}"
BISI.JK,2026-09-16,0.3944,,2026-09-16T12:16:05.288521+00:00,"{'symbol': 'BISI.JK', 'free_float': 0.3944, 'company_name': 'BISI INTERNATIONAL Tbk'}"
IATA.JK,2026-09-16,0.3944,,2026-09-16T12:16:05.288521+00:00,"{'symbol': 'IATA.JK', 'free_float': 0.3944, 'company_name': 'PT MNC Energy Investments Tbk'}"
TOYS.JK,2026-09-16,0.3943,,2026-09-16T12:16:05.288521+00:00,"{'symbol': 'TOYS.JK', 'free_float': 0.3943, 'company_name': 'PT Sunindo Adipersada Tbk'}"
SULI.JK,2026-09-16,0.3942,,2026-09-16T12:16:05.288521+00:00,"{'symbol': 'SULI.JK', 'free_float': 0.3942, 'company_name': 'PT SLJ Global Tbk'}"
RUIS.JK,2026-09-16,0.3934,,2026-09-16T12:16:05.288521+00:00,"{'symbol': 'RUIS.JK', 'free_float': 0.3934, 'company_name': 'Radiant Utama Interinsco Tbk'}"
ESIP.JK,2026-09-16,0.3932,,2026-09-16T12:16:05.288521+00:00,"{'symbol': 'ESIP.JK', 'free_float': 0.3932, 'company_name': 'PT Sinergi Inti Plastindo Tbk'}"
SKYB.JK,2026-09-16,0.3925,,2026-09-16T12:16:05.288521+00:00,"{'symbol': 'SKYB.JK', 'free_float': 0.3925, 'company_name': 'PT Northcliff Citranusa Indonesia Tbk'}"
INTA.JK,2026-09-16,0.3923,,2026-09-16T12:16:05.288521+00:00,"{'symbol': 'INTA.JK', 'free_float': 0.3923, 'company_name': 'Intraco Penta Tbk'}"
MUTU.JK,2026-09-16,0.3917,,2026-09-16T12:16:05.288521+00:00,"{'symbol': 'MUTU.JK', 'free_float': 0.3917, 'company_name': 'PT Mutuagung Lestari Tbk'}"
BUVA.JK,2026-09-16,0.3882,,2026-09-16T12:16:05.288521+00:00,"{'symbol': 'BUVA.JK', 'free_float': 0.3882, 'company_name': 'PT Bukit Uluwatu Villa Tbk'}"
JKON.JK,2026-09-16,0.3879,,2026-09-16T12:16:05.288521+00:00,"{'symbol': 'JKON.JK', 'free_float': 0.3879, 'company_name': 'Jaya Konstruksi Manggala Pratama Tbk'}"
ABBA.JK,2026-09-16,0.3857,,2026-09-16T12:16:05.288521+00:00,"{'symbol': 'ABBA.JK', 'free_float': 0.3857, 'company_name': 'Mahaka Media Tbk'}"
CPIN.JK,2026-09-16,0.3849,,2026-09-16T12:16:05.288521+00:00,"{'symbol': 'CPIN.JK', 'free_float': 0.3849, 'company_name': 'Charoen Pokphand Indonesia Tbk'}"
KLBF.JK,2026-09-16,0.38467,,2026-09-16T12:16:05.288521+00:00,"{'symbol': 'KLBF.JK', 'free_float': 0.38467, 'company_name': 'Kalbe Farma Tbk'}"
PACK.JK,2026-09-16,0.3819,,2026-09-16T12:16:05.288521+00:00,"{'symbol': 'PACK.JK', 'free_float': 0.3819, 'company_name': 'PT Abadi Nusantara Hijau Investama Tbk'}"
REAL.JK,2026-09-16,0.3742,,2026-09-16T12:16:05.288521+00:00,"{'symbol': 'REAL.JK', 'free_float': 0.3742, 'company_name': 'PT Repower Asia Indonesia Tbk'}"
KKES.JK,2026-09-16,0.3732,,2026-09-16T12:16:05.288521+00:00,"{'symbol': 'KKES.JK', 'free_float': 0.3732, 'company_name': 'PT Kusuma Kemindo Sentosa Tbk'}"
ASLI.JK,2026-09-16,0.3728,,2026-09-16T12:16:05.288521+00:00,"{'symbol': 'ASLI.JK', 'free_float': 0.3728, 'company_name': 'PT Asri Karya Lestari Tbk.'}"
ARNA.JK,2026-09-16,0.3726,,2026-09-16T12:16:05.288521+00:00,"{'symbol': 'ARNA.JK', 'free_float': 0.3726, 'company_name': 'Arwana Citramulia Tbk'}"
TRST.JK,2026-09-16,0.37,,2026-09-16T12:16:05.288521+00:00,"{'symbol': 'TRST.JK', 'free_float': 0.37, 'company_name': 'Trias Sentosa Tbk'}"
WINS.JK,2026-09-16,0.36985,,2026-09-16T12:16:05.288521+00:00,"{'symbol': 'WINS.JK', 'free_float': 0.36985, 'company_name': 'Wintermar Offshore Marine Tbk'}"
EPAC.JK,2026-09-16,0.3694,,2026-09-16T12:16:05.288521+00:00,"{'symbol': 'EPAC.JK', 'free_float': 0.3694, 'company_name': 'PT Megalestari Epack Sentosaraya Tbk'}"
MAIN.JK,2026-09-16,0.3692,,2026-09-16T12:16:05.288521+00:00,"{'symbol': 'MAIN.JK', 'free_float': 0.3692, 'company_name': 'Malindo Feedmill Tbk'}"
OILS.JK,2026-09-16,0.3687,,2026-09-16T12:16:05.288521+00:00,"{'symbol': 'OILS.JK', 'free_float': 0.3687, 'company_name': 'PT Indo Oil Perkasa Tbk'}"
IPTV.JK,2026-09-16,0.3673,,2026-09-16T12:16:05.288521+00:00,"{'symbol': 'IPTV.JK', 'free_float': 0.3673, 'company_name': 'PT MNC Vision Networks Tbk'}"
BGTG.JK,2026-09-16,0.3671,,2026-09-16T12:16:05.288521+00:00,"{'symbol': 'BGTG.JK', 'free_float': 0.3671, 'company_name': 'PT Bank Ganesha Tbk.'}"
IBOS.JK,2026-09-16,0.3634,,2026-09-16T12:16:05.288521+00:00,"{'symbol': 'IBOS.JK', 'free_float': 0.3634, 'company_name': 'PT Indo Boga Sukses Tbk'}"
DPNS.JK,2026-09-16,0.36302,,2026-09-16T12:16:05.288521+00:00,"{'symbol': 'DPNS.JK', 'free_float': 0.36302, 'company_name': 'Duta Pertiwi Nusantara Tbk'}"
ADHI.JK,2026-09-16,0.3629,,2026-09-16T12:16:05.288521+00:00,"{'symbol': 'ADHI.JK', 'free_float': 0.3629, 'company_name': 'PT Adhi Karya (Persero) Tbk.'}"
BNBR.JK,2026-09-16,0.3625,,2026-09-16T12:16:05.288521+00:00,"{'symbol': 'BNBR.JK', 'free_float': 0.3625, 'company_name': 'Bakrie & Brothers Tbk'}"
WIIM.JK,2026-09-16,0.3622,,2026-09-16T12:16:05.288521+00:00,"{'symbol': 'WIIM.JK', 'free_float': 0.3622, 'company_name': 'Wismilak Inti Makmur Tbk'}"
BMHS.JK,2026-09-16,0.3615,,2026-09-16T12:16:05.288521+00:00,"{'symbol': 'BMHS.JK', 'free_float': 0.3615, 'company_name': 'PT Bundamedik Tbk'}"
LTLS.JK,2026-09-16,0.3611,,2026-09-16T12:16:05.288521+00:00,"{'symbol': 'LTLS.JK', 'free_float': 0.3611, 'company_name': 'PT Lautan Luas Tbk'}"
IRSX.JK,2026-09-16,0.36053,,2026-09-16T12:16:05.288521+00:00,"{'symbol': 'IRSX.JK', 'free_float': 0.36053, 'company_name': 'PT Folago Global Nusantara Tbk'}"
TPMA.JK,2026-09-16,0.359,,2026-09-16T12:16:05.288521+00:00,"{'symbol': 'TPMA.JK', 'free_float': 0.359, 'company_name': 'Trans Power Marine Tbk'}"
UNIC.JK,2026-09-16,0.3588,,2026-09-16T12:16:05.288521+00:00,"{'symbol': 'UNIC.JK', 'free_float': 0.3588, 'company_name': 'Unggul Indah Cahaya Tbk'}"
JGLE.JK,2026-09-16,0.35597,,2026-09-16T12:16:05.288521+00:00,"{'symbol': 'JGLE.JK', 'free_float': 0.35597, 'company_name': 'PT Graha Andrasentra Propertindo Tbk'}"
MBMA.JK,2026-09-16,0.3542,,2026-09-16T12:16:05.288521+00:00,"{'symbol': 'MBMA.JK', 'free_float': 0.3542, 'company_name': 'PT Merdeka Battery Materials Tbk'}"
ANTM.JK,2026-09-16,0.35,,2026-09-16T12:16:05.288521+00:00,"{'symbol': 'ANTM.JK', 'free_float': 0.35, 'company_name': 'Aneka Tambang Tbk.'}"
GMTD.JK,2026-09-16,0.35,,2026-09-16T12:16:05.288521+00:00,"{'symbol': 'GMTD.JK', 'free_float': 0.35, 'company_name': 'Gowa Makassar Tourism Development Tbk'}"
TINS.JK,2026-09-16,0.35,,2026-09-16T12:16:05.288521+00:00,"{'symbol': 'TINS.JK', 'free_float': 0.35, 'company_name': 'PT Timah Tbk'}"
SPTO.JK,2026-09-16,0.3489,,2026-09-16T12:16:05.288521+00:00,"{'symbol': 'SPTO.JK', 'free_float': 0.3489, 'company_name': 'PT Surya Pertiwi Tbk'}"
DPUM.JK,2026-09-16,0.3489,,2026-09-16T12:16:05.288521+00:00,"{'symbol': 'DPUM.JK', 'free_float': 0.3489, 'company_name': 'PT Dua Putra Utama Makmur Tbk'}"
DEWI.JK,2026-09-16,0.3488,,2026-09-16T12:16:05.288521+00:00,"{'symbol': 'DEWI.JK', 'free_float': 0.3488, 'company_name': 'PT Dewi Shri Farmindo Tbk'}"
ZINC.JK,2026-09-16,0.346,,2026-09-16T12:16:05.288521+00:00,"{'symbol': 'ZINC.JK', 'free_float': 0.346, 'company_name': 'PT Kapuas Prima Coal Tbk'}"
SMLE.JK,2026-09-16,0.34573,,2026-09-16T12:16:05.288521+00:00,"{'symbol': 'SMLE.JK', 'free_float': 0.34573, 'company_name': 'PT Sinergi Multi Lestarindo Tbk'}"
ARKO.JK,2026-09-16,0.3434,,2026-09-16T12:16:05.288521+00:00,"{'symbol': 'ARKO.JK', 'free_float': 0.3434, 'company_name': 'PT Arkora Hydro Tbk.'}"
KBAG.JK,2026-09-16,0.3422,,2026-09-16T12:16:05.288521+00:00,"{'symbol': 'KBAG.JK', 'free_float': 0.3422, 'company_name': 'PT Karya Bersama Anugerah Tbk'}"
SRSN.JK,2026-09-16,0.3414,,2026-09-16T12:16:05.288521+00:00,"{'symbol': 'SRSN.JK', 'free_float': 0.3414, 'company_name': 'Indo Acidatama Tbk'}"
PTBA.JK,2026-09-16,0.3402,,2026-09-16T12:16:05.288521+00:00,"{'symbol': 'PTBA.JK', 'free_float': 0.3402, 'company_name': 'Bukit Asam Tbk'}"
DOOH.JK,2026-09-16,0.33914,,2026-09-16T12:16:05.288521+00:00,"{'symbol': 'DOOH.JK', 'free_float': 0.33914, 'company_name': 'PT Era Media Sejahtera Tbk'}"
MIKA.JK,2026-09-16,0.3391,,2026-09-16T12:16:05.288521+00:00,"{'symbol': 'MIKA.JK', 'free_float': 0.3391, 'company_name': 'PT Mitra Keluarga Karyasehat Tbk'}"
BEKS.JK,2026-09-16,0.3389,,2026-09-16T12:16:05.288521+00:00,"{'symbol': 'BEKS.JK', 'free_float': 0.3389, 'company_name': 'PT Bank Pembangunan Daerah Banten Tbk.'}"
JMAS.JK,2026-09-16,0.3375,,2026-09-16T12:16:05.288521+00:00,"{'symbol': 'JMAS.JK', 'free_float': 0.3375, 'company_name': 'PT Asuransi Jiwa Syariah Jasa Mitra Abadi Tbk'}"
MPMX.JK,2026-09-16,0.33676,,2026-09-16T12:16:05.288521+00:00,"{'symbol': 'MPMX.JK', 'free_float': 0.33676, 'company_name': 'PT Mitra Pinasthika Mustika Tbk'}"
UNTR.JK,2026-09-16,0.3361,,2026-09-16T12:16:05.288521+00:00,"{'symbol': 'UNTR.JK', 'free_float': 0.3361, 'company_name': 'United Tractors Tbk'}"
BDKR.JK,2026-09-16,0.33494,,2026-09-16T12:16:05.288521+00:00,"{'symbol': 'BDKR.JK', 'free_float': 0.33494, 'company_name': 'PT Berdikari Pondasi Perkasa Tbk.'}"
DWGL.JK,2026-09-16,0.3348,,2026-09-16T12:16:05.288521+00:00,"{'symbol': 'DWGL.JK', 'free_float': 0.3348, 'company_name': 'PT Dwi Guna Laksana Tbk'}"
DKFT.JK,2026-09-16,0.3345,,2026-09-16T12:16:05.288521+00:00,"{'symbol': 'DKFT.JK', 'free_float': 0.3345, 'company_name': 'Central Omega Resources Tbk'}"
GJTL.JK,2026-09-16,0.33447,,2026-09-16T12:16:05.288521+00:00,"{'symbol': 'GJTL.JK', 'free_float': 0.33447, 'company_name': 'Gajah Tunggal Tbk'}"
IDEA.JK,2026-09-16,0.3343,,2026-09-16T12:16:05.288521+00:00,"{'symbol': 'IDEA.JK', 'free_float': 0.3343, 'company_name': 'PT Idea Indonesia Akademi Tbk'}"
ISSP.JK,2026-09-16,0.3339,,2026-09-16T12:16:05.288521+00:00,"{'symbol': 'ISSP.JK', 'free_float': 0.3339, 'company_name': 'PT Steel Pipe Industry of Indonesia Tbk'}"
KAYU.JK,2026-09-16,0.3334,,2026-09-16T12:16:05.288521+00:00,"{'symbol': 'KAYU.JK', 'free_float': 0.3334, 'company_name': 'PT Darmi Bersaudara Tbk'}"
EXCL.JK,2026-09-16,0.33186,,2026-09-16T12:16:05.288521+00:00,"{'symbol': 'EXCL.JK', 'free_float': 0.33186, 'company_name': 'PT XLSMART Telecom Sejahtera Tbk'}"
MBTO.JK,2026-09-16,0.3313,,2026-09-16T12:16:05.288521+00:00,"{'symbol': 'MBTO.JK', 'free_float': 0.3313, 'company_name': 'Martina Berto Tbk'}"
CARE.JK,2026-09-16,0.3311,,2026-09-16T12:16:05.288521+00:00,"{'symbol': 'CARE.JK', 'free_float': 0.3311, 'company_name': 'PT Metro Healthcare Indonesia Tbk'}"
AKRA.JK,2026-09-16,0.3301,,2026-09-16T12:16:05.288521+00:00,"{'symbol': 'AKRA.JK', 'free_float': 0.3301, 'company_name': 'PT AKR Corporindo Tbk.'}"
JIHD.JK,2026-09-16,0.3299,,2026-09-16T12:16:05.288521+00:00,"{'symbol': 'JIHD.JK', 'free_float': 0.3299, 'company_name': 'Jakarta International Hotels & Development Tbk'}"
LOPI.JK,2026-09-16,0.3287,,2026-09-16T12:16:05.288521+00:00,"{'symbol': 'LOPI.JK', 'free_float': 0.3287, 'company_name': 'PT Logisticsplus International Tbk'}"
MICE.JK,2026-09-16,0.3286,,2026-09-16T12:16:05.288521+00:00,"{'symbol': 'MICE.JK', 'free_float': 0.3286, 'company_name': 'Multi Indocitra Tbk'}"
KETR.JK,2026-09-16,0.3283,,2026-09-16T12:16:05.288521+00:00,"{'symbol': 'KETR.JK', 'free_float': 0.3283, 'company_name': 'PT Ketrosden Triasmitra Tbk'}"
BUKA.JK,2026-09-16,0.32755,,2026-09-16T12:16:05.288521+00:00,"{'symbol': 'BUKA.JK', 'free_float': 0.32755, 'company_name': 'PT Bukalapak.com Tbk'}"
MLIA.JK,2026-09-16,0.3275,,2026-09-16T12:16:05.288521+00:00,"{'symbol': 'MLIA.JK', 'free_float': 0.3275, 'company_name': 'Mulia Industrindo Tbk'}"
PEHA.JK,2026-09-16,0.32723,,2026-09-16T12:16:05.288521+00:00,"{'symbol': 'PEHA.JK', 'free_float': 0.32723, 'company_name': 'PT Phapros Tbk'}"
TRUE.JK,2026-09-16,0.3268,,2026-09-16T12:16:05.288521+00:00,"{'symbol': 'TRUE.JK', 'free_float': 0.3268, 'company_name': 'PT Triniti Dinamik Tbk'}"
LAJU.JK,2026-09-16,0.3254,,2026-09-16T12:16:05.288521+00:00,"{'symbol': 'LAJU.JK', 'free_float': 0.3254, 'company_name': 'PT Jasa Berdikari Logistics Tbk'}"
LPPS.JK,2026-09-16,0.3248,,2026-09-16T12:16:05.288521+00:00,"{'symbol': 'LPPS.JK', 'free_float': 0.3248, 'company_name': 'PT Lenox Pasifik Investama Tbk'}"
HOKI.JK,2026-09-16,0.32409,,2026-09-16T12:16:05.288521+00:00,"{'symbol': 'HOKI.JK', 'free_float': 0.32409, 'company_name': 'PT Buyung Poetra Sembada Tbk'}"
MAXI.JK,2026-09-16,0.323,,2026-09-16T12:16:05.288521+00:00,"{'symbol': 'MAXI.JK', 'free_float': 0.323, 'company_name': 'PT Maxindo Karya Anugerah Tbk'}"
PNLF.JK,2026-09-16,0.3214,,2026-09-16T12:16:05.288521+00:00,"{'symbol': 'PNLF.JK', 'free_float': 0.3214, 'company_name': 'Panin Financial Tbk'}"
OLIV.JK,2026-09-16,0.3209,,2026-09-16T12:16:05.288521+00:00,"{'symbol': 'OLIV.JK', 'free_float': 0.3209, 'company_name': 'PT Oscar Mitra Sukses Sejahtera Tbk'}"
IOTF.JK,2026-09-16,0.3195,,2026-09-16T12:16:05.288521+00:00,"{'symbol': 'IOTF.JK', 'free_float': 0.3195, 'company_name': 'PT Sumber Sinergi Makmur Tbk'}"
PAMG.JK,2026-09-16,0.3176,,2026-09-16T12:16:05.288521+00:00,"{'symbol': 'PAMG.JK', 'free_float': 0.3176, 'company_name': 'PT Bima Sakti Pertiwi Tbk'}"
LPLI.JK,2026-09-16,0.3166,,2026-09-16T12:16:05.288521+00:00,"{'symbol': 'LPLI.JK', 'free_float': 0.3166, 'company_name': 'Star Pacific Tbk'}"
WEHA.JK,2026-09-16,0.3163,,2026-09-16T12:16:05.288521+00:00,"{'symbol': 'WEHA.JK', 'free_float': 0.3163, 'company_name': 'PT WEHA Transportasi Indonesia Tbk'}"
INAI.JK,2026-09-16,0.3162,,2026-09-16T12:16:05.288521+00:00,"{'symbol': 'INAI.JK', 'free_float': 0.3162, 'company_name': 'Indal Aluminium Industry Tbk'}"
MPIX.JK,2026-09-16,0.31603,,2026-09-16T12:16:05.288521+00:00,"{'symbol': 'MPIX.JK', 'free_float': 0.31603, 'company_name': 'PT Mitra Pedagang Indonesia Tbk'}"
LCKM.JK,2026-09-16,0.3153,,2026-09-16T12:16:05.288521+00:00,"{'symbol': 'LCKM.JK', 'free_float': 0.3153, 'company_name': 'PT LCK Global Kedaton Tbk'}"
PTSP.JK,2026-09-16,0.3146,,2026-09-16T12:16:05.288521+00:00,"{'symbol': 'PTSP.JK', 'free_float': 0.3146, 'company_name': 'Pioneerindo Gourmet International Tbk'}"
BIRD.JK,2026-09-16,0.314,,2026-09-16T12:16:05.288521+00:00,"{'symbol': 'BIRD.JK', 'free_float': 0.314, 'company_name': 'PT Blue Bird Tbk'}"
ITMA.JK,2026-09-16,0.3134,,2026-09-16T12:16:05.288521+00:00,"{'symbol': 'ITMA.JK', 'free_float': 0.3134, 'company_name': 'Sumber Energi Andalan Tbk'}"
RATU.JK,2026-09-16,0.3132,,2026-09-16T12:16:05.288521+00:00,"{'symbol': 'RATU.JK', 'free_float': 0.3132, 'company_name': 'PT Raharja Energi Cepu Tbk'}"
PICO.JK,2026-09-16,0.31311,,2026-09-16T12:16:05.288521+00:00,"{'symbol': 'PICO.JK', 'free_float': 0.31311, 'company_name': 'Pelangi Indah Canindo Tbk'}"
PWON.JK,2026-09-16,0.31298,,2026-09-16T12:16:05.288521+00:00,"{'symbol': 'PWON.JK', 'free_float': 0.31298, 'company_name': 'Pakuwon Jati Tbk'}"
MYOH.JK,2026-09-16,0.3124,,2026-09-16T12:16:05.288521+00:00,"{'symbol': 'MYOH.JK', 'free_float': 0.3124, 'company_name': 'Samindo Resources Tbk'}"
PEGE.JK,2026-09-16,0.3104,,2026-09-16T12:16:05.288521+00:00,"{'symbol': 'PEGE.JK', 'free_float': 0.3104, 'company_name': 'PT Panca Global Kapital Tbk'}"
GOOD.JK,2026-09-16,0.30973,,2026-09-16T12:16:05.288521+00:00,"{'symbol': 'GOOD.JK', 'free_float': 0.30973, 'company_name': 'PT Garudafood Putra Putri Jaya Tbk'}"
ENZO.JK,2026-09-16,0.3085,,2026-09-16T12:16:05.288521+00:00,"{'symbol': 'ENZO.JK', 'free_float': 0.3085, 'company_name': 'PT Morenzo Abadi Perkasa Tbk'}"
ALTO.JK,2026-09-16,0.3076,,2026-09-16T12:16:05.288521+00:00,"{'symbol': 'ALTO.JK', 'free_float': 0.3076, 'company_name': 'Tri Banyan Tirta Tbk'}"
WEGE.JK,2026-09-16,0.30704,,2026-09-16T12:16:05.288521+00:00,"{'symbol': 'WEGE.JK', 'free_float': 0.30704, 'company_name': 'PT Wijaya Karya Bangunan Gedung Tbk'}"
MAPA.JK,2026-09-16,0.307,,2026-09-16T12:16:05.288521+00:00,"{'symbol': 'MAPA.JK', 'free_float': 0.307, 'company_name': 'PT MAP Aktif Adiperkasa Tbk'}"
CINT.JK,2026-09-16,0.3069,,2026-09-16T12:16:05.288521+00:00,"{'symbol': 'CINT.JK', 'free_float': 0.3069, 'company_name': 'PT Chitose Internasional Tbk'}"
HILL.JK,2026-09-16,0.3068,,2026-09-16T12:16:05.288521+00:00,"{'symbol': 'HILL.JK', 'free_float': 0.3068, 'company_name': 'PT Hillcon Tbk'}"
JSMR.JK,2026-09-16,0.30678,,2026-09-16T12:16:05.288521+00:00,"{'symbol': 'JSMR.JK', 'free_float': 0.30678, 'company_name': 'PT Jasa Marga Tbk'}"
DGIK.JK,2026-09-16,0.3061,,2026-09-16T12:16:05.288521+00:00,"{'symbol': 'DGIK.JK', 'free_float': 0.3061, 'company_name': 'Nusa Konstruksi Enjiniring  Tbk'}"
TOTL.JK,2026-09-16,0.306,,2026-09-16T12:16:05.288521+00:00,"{'symbol': 'TOTL.JK', 'free_float': 0.306, 'company_name': 'Total Bangun Persada Tbk'}"
DIGI.JK,2026-09-16,0.3058,,2026-09-16T12:16:05.288521+00:00,"{'symbol': 'DIGI.JK', 'free_float': 0.3058, 'company_name': 'PT Arkadia Digital Media Tbk'}"
SGER.JK,2026-09-16,0.3045,,2026-09-16T12:16:05.288521+00:00,"{'symbol': 'SGER.JK', 'free_float': 0.3045, 'company_name': 'PT Sumber Global Energy Tbk'}"
DSFI.JK,2026-09-16,0.304,,2026-09-16T12:16:05.288521+00:00,"{'symbol': 'DSFI.JK', 'free_float': 0.304, 'company_name': 'Dharma Samudera Fishing Ind. Tbk'}"
TELE.JK,2026-09-16,0.3036,,2026-09-16T12:16:05.288521+00:00,"{'symbol': 'TELE.JK', 'free_float': 0.3036, 'company_name': 'PT Omni Inovasi Indonesia Tbk'}"
ITMG.JK,2026-09-16,0.30346,,2026-09-16T12:16:05.288521+00:00,"{'symbol': 'ITMG.JK', 'free_float': 0.30346, 'company_name': 'Indo Tambangraya Megah Tbk'}"
AYLS.JK,2026-09-16,0.3031,,2026-09-16T12:16:05.288521+00:00,"{'symbol': 'AYLS.JK', 'free_float': 0.3031, 'company_name': 'PT Agro Yasa Lestari Tbk'}"
PLAN.JK,2026-09-16,0.303,,2026-09-16T12:16:05.288521+00:00,"{'symbol': 'PLAN.JK', 'free_float': 0.303, 'company_name': 'PT Planet Properindo Jaya Tbk'}"
PMMP.JK,2026-09-16,0.3026,,2026-09-16T12:16:05.288521+00:00,"{'symbol': 'PMMP.JK', 'free_float': 0.3026, 'company_name': 'PT Panca Mitra Multiperdana Tbk'}"
NFCX.JK,2026-09-16,0.3022,,2026-09-16T12:16:05.288521+00:00,"{'symbol': 'NFCX.JK', 'free_float': 0.3022, 'company_name': 'PT NFC Indonesia Tbk'}"
TNCA.JK,2026-09-16,0.3014,,2026-09-16T12:16:05.288521+00:00,"{'symbol': 'TNCA.JK', 'free_float': 0.3014, 'company_name': 'PT Trimuda Nuansa Citra Tbk'}"
PTRO.JK,2026-09-16,0.30066,,2026-09-16T12:16:05.288521+00:00,"{'symbol': 'PTRO.JK', 'free_float': 0.30066, 'company_name': 'Petrosea Tbk'}"
PTBA.JK,2026-09-11,0.3402,,2026-09-11T07:53:55.197694+00:00,"{'symbol': 'PTBA.JK', 'free_float': 0.3402, 'company_name': 'Bukit Asam Tbk'}"
SPRE.JK,2026-09-16,0.3,,2026-09-16T12:16:05.288521+00:00,"{'symbol': 'SPRE.JK', 'free_float': 0.3, 'company_name': 'PT Soraya Berjaya Indonesia Tbk'}"
PRDL.JK,2026-09-16,0.3,,2026-09-16T12:16:05.288521+00:00,"{'symbol': 'PRDL.JK', 'free_float': 0.3, 'company_name': 'PT Prodia Diagnostic Line Tbk'}"
BTPS.JK,2026-09-16,0.29993,,2026-09-16T12:16:05.288521+00:00,"{'symbol': 'BTPS.JK', 'free_float': 0.29993, 'company_name': 'PT Bank BTPN Syariah Tbk.'}"
BAUT.JK,2026-09-16,0.2999,,2026-09-16T12:16:05.288521+00:00,"{'symbol': 'BAUT.JK', 'free_float': 0.2999, 'company_name': 'PT Mitra Angkasa Sejahtera Tbk'}"
DGNS.JK,2026-09-16,0.2998,,2026-09-16T12:16:05.288521+00:00,"{'symbol': 'DGNS.JK', 'free_float': 0.2998, 'company_name': 'PT Diagnos Laboratorium Utama Tbk'}"
ICON.JK,2026-09-16,0.2995,,2026-09-16T12:16:05.288521+00:00,"{'symbol': 'ICON.JK', 'free_float': 0.2995, 'company_name': 'Island Concepts Indonesia Tbk'}"
NAYZ.JK,2026-09-16,0.2994,,2026-09-16T12:16:05.288521+00:00,"{'symbol': 'NAYZ.JK', 'free_float': 0.2994, 'company_name': 'PT Hassana Boga Sejahtera Tbk'}"
ASPR.JK,2026-09-16,0.2994,,2026-09-16T12:16:05.288521+00:00,"{'symbol': 'ASPR.JK', 'free_float': 0.2994, 'company_name': 'PT Asia Pramulia Tbk'}"
PYFA.JK,2026-09-16,0.29931,,2026-09-16T12:16:05.288521+00:00,"{'symbol': 'PYFA.JK', 'free_float': 0.29931, 'company_name': 'PT Pyridam Farma Tbk'}"
SOCI.JK,2026-09-16,0.299,,2026-09-16T12:16:05.288521+00:00,"{'symbol': 'SOCI.JK', 'free_float': 0.299, 'company_name': 'PT Soechi Lines Tbk'}"
BRNA.JK,2026-09-16,0.2989,,2026-09-16T12:16:05.288521+00:00,"{'symbol': 'BRNA.JK', 'free_float': 0.2989, 'company_name': 'Berlina Tbk'}"
TRUK.JK,2026-09-16,0.2983,,2026-09-16T12:16:05.288521+00:00,"{'symbol': 'TRUK.JK', 'free_float': 0.2983, 'company_name': 'PT Guna Timur Raya Tbk'}"
CGAS.JK,2026-09-16,0.2983,,2026-09-16T12:16:05.288521+00:00,"{'symbol': 'CGAS.JK', 'free_float': 0.2983, 'company_name': 'PT Citra Nusantara Gemilang Tbk.'}"
CBUT.JK,2026-09-16,0.29784,,2026-09-16T12:16:05.288521+00:00,"{'symbol': 'CBUT.JK', 'free_float': 0.29784, 'company_name': 'PT Citra Borneo Utama Tbk'}"
AIMS.JK,2026-09-16,0.2978,,2026-09-16T12:16:05.288521+00:00,"{'symbol': 'AIMS.JK', 'free_float': 0.2978, 'company_name': 'PT Artha Mahiya Investama Tbk'}"
TOBA.JK,2026-09-16,0.29759,,2026-09-16T12:16:05.288521+00:00,"{'symbol': 'TOBA.JK', 'free_float': 0.29759, 'company_name': 'PT TBS Energi Utama Tbk'}"
MDRN.JK,2026-09-16,0.2957,,2026-09-16T12:16:05.288521+00:00,"{'symbol': 'MDRN.JK', 'free_float': 0.2957, 'company_name': 'Modern Internasional Tbk'}"
POLY.JK,2026-09-16,0.2952,,2026-09-16T12:16:05.288521+00:00,"{'symbol': 'POLY.JK', 'free_float': 0.2952, 'company_name': 'Asia Pacific Fibers Tbk'}"
MMIX.JK,2026-09-16,0.2943,,2026-09-16T12:16:05.288521+00:00,"{'symbol': 'MMIX.JK', 'free_float': 0.2943, 'company_name': 'PT Multi Medika Internasional Tbk'}"
TPIA.JK,2026-09-16,0.29412,,2026-09-16T12:16:05.288521+00:00,"{'symbol': 'TPIA.JK', 'free_float': 0.29412, 'company_name': 'PT Chandra Asri Pacific Tbk'}"
CHEM.JK,2026-09-16,0.294,,2026-09-16T12:16:05.288521+00:00,"{'symbol': 'CHEM.JK', 'free_float': 0.294, 'company_name': 'PT Chemstar Indonesia Tbk'}"
GSMF.JK,2026-09-16,0.292,,2026-09-16T12:16:05.288521+00:00,"{'symbol': 'GSMF.JK', 'free_float': 0.292, 'company_name': 'Equity Development Investment Tbk'}"
SSMS.JK,2026-09-16,0.2916,,2026-09-16T12:16:05.288521+00:00,"{'symbol': 'SSMS.JK', 'free_float': 0.2916, 'company_name': 'PT Sawit Sumbermas Sarana Tbk'}"
SOFA.JK,2026-09-16,0.2903,,2026-09-16T12:16:05.288521+00:00,"{'symbol': 'SOFA.JK', 'free_float': 0.2903, 'company_name': 'PT Solusi Environment Asia Tbk'}"
BAPA.JK,2026-09-16,0.2901,,2026-09-16T12:16:05.288521+00:00,"{'symbol': 'BAPA.JK', 'free_float': 0.2901, 'company_name': 'Bekasi Asri Pemula Tbk'}"
MDKI.JK,2026-09-16,0.2896,,2026-09-16T12:16:05.288521+00:00,"{'symbol': 'MDKI.JK', 'free_float': 0.2896, 'company_name': 'PT Emdeki Utama Tbk'}"
MSIN.JK,2026-09-16,0.28939,,2026-09-16T12:16:05.288521+00:00,"{'symbol': 'MSIN.JK', 'free_float': 0.28939, 'company_name': 'PT MNC Digital Entertainment Tbk'}"
GRIA.JK,2026-09-16,0.2891,,2026-09-16T12:16:05.288521+00:00,"{'symbol': 'GRIA.JK', 'free_float': 0.2891, 'company_name': 'PT Ingria Pratama Capitalindo Tbk'}"
RANS.JK,2026-09-16,0.2885,,2026-09-16T12:16:05.288521+00:00,"{'symbol': 'RANS.JK', 'free_float': 0.2885, 'company_name': 'PT Rans Entertainmen Indonesia Tbk'}"
SFAN.JK,2026-09-16,0.2876,,2026-09-16T12:16:05.288521+00:00,"{'symbol': 'SFAN.JK', 'free_float': 0.2876, 'company_name': 'PT Surya Fajar Capital Tbk'}"
MRAT.JK,2026-09-16,0.28718,,2026-09-16T12:16:05.288521+00:00,"{'symbol': 'MRAT.JK', 'free_float': 0.28718, 'company_name': 'Mustika Ratu Tbk'}"
ELIT.JK,2026-09-16,0.2866,,2026-09-16T12:16:05.288521+00:00,"{'symbol': 'ELIT.JK', 'free_float': 0.2866, 'company_name': 'PT Data Sinergitama Jaya Tbk'}"
SMRU.JK,2026-09-16,0.28629,,2026-09-16T12:16:05.288521+00:00,"{'symbol': 'SMRU.JK', 'free_float': 0.28629, 'company_name': 'SMR Utama Tbk'}"
BRPT.JK,2026-09-16,0.2859,,2026-09-16T12:16:05.288521+00:00,"{'symbol': 'BRPT.JK', 'free_float': 0.2859, 'company_name': 'Barito Pacific Tbk'}"
PADA.JK,2026-09-16,0.2856,,2026-09-16T12:16:05.288521+00:00,"{'symbol': 'PADA.JK', 'free_float': 0.2856, 'company_name': 'PT Personel Alih Daya Tbk'}"
INDY.JK,2026-09-16,0.28554,,2026-09-16T12:16:05.288521+00:00,"{'symbol': 'INDY.JK', 'free_float': 0.28554, 'company_name': 'Indika Energy Tbk'}"
EMTK.JK,2026-09-16,0.2852,,2026-09-16T12:16:05.288521+00:00,"{'symbol': 'EMTK.JK', 'free_float': 0.2852, 'company_name': 'Elang Mahkota Teknologi Tbk'}"
MASB.JK,2026-09-16,0.2849,,2026-09-16T12:16:05.288521+00:00,"{'symbol': 'MASB.JK', 'free_float': 0.2849, 'company_name': 'PT Bank Multiarta Sentosa Tbk'}"
HAJJ.JK,2026-09-16,0.28489,,2026-09-16T12:16:05.288521+00:00,"{'symbol': 'HAJJ.JK', 'free_float': 0.28489, 'company_name': 'PT Arsy Buana Travelindo Tbk'}"
CPRI.JK,2026-09-16,0.2844,,2026-09-16T12:16:05.288521+00:00,"{'symbol': 'CPRI.JK', 'free_float': 0.2844, 'company_name': 'PT Capri Nusa Satu Properti Tbk.'}"
PART.JK,2026-09-16,0.2844,,2026-09-16T12:16:05.288521+00:00,"{'symbol': 'PART.JK', 'free_float': 0.2844, 'company_name': 'PT Cipta Perdana Lancar Tbk'}"
HRTA.JK,2026-09-16,0.284,,2026-09-16T12:16:05.288521+00:00,"{'symbol': 'HRTA.JK', 'free_float': 0.284, 'company_name': 'PT Hartadinata Abadi Tbk'}"
VICO.JK,2026-09-16,0.2832,,2026-09-16T12:16:05.288521+00:00,"{'symbol': 'VICO.JK', 'free_float': 0.2832, 'company_name': 'PT Victoria Investama Tbk'}"
CLPI.JK,2026-09-16,0.28255,,2026-09-16T12:16:05.288521+00:00,"{'symbol': 'CLPI.JK', 'free_float': 0.28255, 'company_name': 'Colorpak Indonesia Tbk'}"
KLAS.JK,2026-09-16,0.2824,,2026-09-16T12:16:05.288521+00:00,"{'symbol': 'KLAS.JK', 'free_float': 0.2824, 'company_name': 'PT Pelayaran Kurnia Lautan Semesta Tbk'}"
BUAH.JK,2026-09-16,0.2822,,2026-09-16T12:16:05.288521+00:00,"{'symbol': 'BUAH.JK', 'free_float': 0.2822, 'company_name': 'PT Segar Kumala Indonesia Tbk'}"
PNIN.JK,2026-09-16,0.2814,,2026-09-16T12:16:05.288521+00:00,"{'symbol': 'PNIN.JK', 'free_float': 0.2814, 'company_name': 'Paninvest Tbk'}"
STAA.JK,2026-09-16,0.281,,2026-09-16T12:16:05.288521+00:00,"{'symbol': 'STAA.JK', 'free_float': 0.281, 'company_name': 'PT Sumber Tani Agung Resources Tbk'}"
TRIL.JK,2026-09-16,0.2803,,2026-09-16T12:16:05.288521+00:00,"{'symbol': 'TRIL.JK', 'free_float': 0.2803, 'company_name': 'Triwira Insanlestari Tbk'}"
BKSL.JK,2026-09-16,0.2803,,2026-09-16T12:16:05.288521+00:00,"{'symbol': 'BKSL.JK', 'free_float': 0.2803, 'company_name': 'Sentul City Tbk'}"
JTPE.JK,2026-09-16,0.2797,,2026-09-16T12:16:05.288521+00:00,"{'symbol': 'JTPE.JK', 'free_float': 0.2797, 'company_name': 'Jasuindo Tiga Perkasa Tbk'}"
NICL.JK,2026-09-16,0.2795,,2026-09-16T12:16:05.288521+00:00,"{'symbol': 'NICL.JK', 'free_float': 0.2795, 'company_name': 'PT PAM Mineral Tbk'}"
JECX.JK,2026-09-16,0.279,,2026-09-16T12:16:05.288521+00:00,"{'symbol': 'JECX.JK', 'free_float': 0.279, 'company_name': 'PT Nitrasanata Dharma Tbk'}"
BIKA.JK,2026-09-16,0.2782,,2026-09-16T12:16:05.288521+00:00,"{'symbol': 'BIKA.JK', 'free_float': 0.2782, 'company_name': 'PT Binakarya Jaya Abadi Tbk.'}"
ARTO.JK,2026-09-16,0.2777,,2026-09-16T12:16:05.288521+00:00,"{'symbol': 'ARTO.JK', 'free_float': 0.2777, 'company_name': 'PT Bank Jago Tbk.'}"
IBFN.JK,2026-09-16,0.277,,2026-09-16T12:16:05.288521+00:00,"{'symbol': 'IBFN.JK', 'free_float': 0.277, 'company_name': 'PT Intan Baru Prana Tbk'}"
LAND.JK,2026-09-16,0.2769,,2026-09-16T12:16:05.288521+00:00,"{'symbol': 'LAND.JK', 'free_float': 0.2769, 'company_name': 'PT Trimitra Propertindo Tbk'}"
MPOW.JK,2026-09-16,0.2764,,2026-09-16T12:16:05.288521+00:00,"{'symbol': 'MPOW.JK', 'free_float': 0.2764, 'company_name': 'PT Megapower Makmur Tbk'}"
TAMA.JK,2026-09-16,0.2761,,2026-09-16T12:16:05.288521+00:00,"{'symbol': 'TAMA.JK', 'free_float': 0.2761, 'company_name': 'PT Lancartama Sejati Tbk'}"
LABS.JK,2026-09-16,0.2761,,2026-09-16T12:16:05.288521+00:00,"{'symbol': 'LABS.JK', 'free_float': 0.2761, 'company_name': 'PT UBC Medical Indonesia Tbk'}"
MAGP.JK,2026-09-16,0.2754,,2026-09-16T12:16:05.288521+00:00,"{'symbol': 'MAGP.JK', 'free_float': 0.2754, 'company_name': 'Multi Agro Gemilang Plantation Tbk'}"
OKAS.JK,2026-09-16,0.27497,,2026-09-16T12:16:05.288521+00:00,"{'symbol': 'OKAS.JK', 'free_float': 0.27497, 'company_name': 'Ancora Indonesia Resources Tbk'}"
TDPM.JK,2026-09-16,0.2749,,2026-09-16T12:16:05.288521+00:00,"{'symbol': 'TDPM.JK', 'free_float': 0.2749, 'company_name': 'PT Tianrong Chemicals Industry Tbk'}"
NAIK.JK,2026-09-16,0.2746,,2026-09-16T12:16:05.288521+00:00,"{'symbol': 'NAIK.JK', 'free_float': 0.2746, 'company_name': 'PT Adiwarna Anugerah Abadi Tbk'}"
ATIC.JK,2026-09-16,0.27416,,2026-09-16T12:16:05.288521+00:00,"{'symbol': 'ATIC.JK', 'free_float': 0.27416, 'company_name': 'PT Anabatic Technologies Tbk'}"
PJHB.JK,2026-09-16,0.2728,,2026-09-16T12:16:05.288521+00:00,"{'symbol': 'PJHB.JK', 'free_float': 0.2728, 'company_name': 'PT Pelayaran Jaya Hidup Baru Tbk'}"
TOWR.JK,2026-09-16,0.27232,,2026-09-16T12:16:05.288521+00:00,"{'symbol': 'TOWR.JK', 'free_float': 0.27232, 'company_name': 'Sarana Menara Nusantara Tbk'}"
MPXL.JK,2026-09-16,0.2698,,2026-09-16T12:16:05.288521+00:00,"{'symbol': 'MPXL.JK', 'free_float': 0.2698, 'company_name': 'PT MPX Logistics International Tbk'}"
TOSK.JK,2026-09-16,0.2695,,2026-09-16T12:16:05.288521+00:00,"{'symbol': 'TOSK.JK', 'free_float': 0.2695, 'company_name': 'PT Topindo Solusi Komunika Tbk'}"
RMKO.JK,2026-09-16,0.2692,,2026-09-16T12:16:05.288521+00:00,"{'symbol': 'RMKO.JK', 'free_float': 0.2692, 'company_name': 'PT Royaltama Mulia Kontraktorindo Tbk'}"
BBLD.JK,2026-09-16,0.2691,,2026-09-16T12:16:05.288521+00:00,"{'symbol': 'BBLD.JK', 'free_float': 0.2691, 'company_name': 'Buana Finance Tbk'}"
CYBR.JK,2026-09-16,0.2686,,2026-09-16T12:16:05.288521+00:00,"{'symbol': 'CYBR.JK', 'free_float': 0.2686, 'company_name': 'PT ITSEC Asia Tbk.'}"
SOUL.JK,2026-09-16,0.2679,,2026-09-16T12:16:05.288521+00:00,"{'symbol': 'SOUL.JK', 'free_float': 0.2679, 'company_name': 'PT Mitra Tirta Buwana Tbk'}"
SICO.JK,2026-09-16,0.2676,,2026-09-16T12:16:05.288521+00:00,"{'symbol': 'SICO.JK', 'free_float': 0.2676, 'company_name': 'PT Sigma Energy Compressindo Tbk'}"
KEEN.JK,2026-09-16,0.2669,,2026-09-16T12:16:05.288521+00:00,"{'symbol': 'KEEN.JK', 'free_float': 0.2669, 'company_name': 'PT Kencana Energi Lestari Tbk'}"
LUCK.JK,2026-09-16,0.2667,,2026-09-16T12:16:05.288521+00:00,"{'symbol': 'LUCK.JK', 'free_float': 0.2667, 'company_name': 'PT Sentral Mitra Informatika Tbk'}"
PTDU.JK,2026-09-16,0.2666,,2026-09-16T12:16:05.288521+00:00,"{'symbol': 'PTDU.JK', 'free_float': 0.2666, 'company_name': 'PT Djasa Ubersakti Tbk'}"
GULA.JK,2026-09-16,0.2661,,2026-09-16T12:16:05.288521+00:00,"{'symbol': 'GULA.JK', 'free_float': 0.2661, 'company_name': 'PT Aman Agrindo Tbk'}"
FILM.JK,2026-09-16,0.2655,,2026-09-16T12:16:05.288521+00:00,"{'symbol': 'FILM.JK', 'free_float': 0.2655, 'company_name': 'PT MD Entertainment Tbk'}"
WMPP.JK,2026-09-16,0.26544,,2026-09-16T12:16:05.288521+00:00,"{'symbol': 'WMPP.JK', 'free_float': 0.26544, 'company_name': 'PT Widodo Makmur Perkasa Tbk'}"
PANR.JK,2026-09-16,0.2621,,2026-09-16T12:16:05.288521+00:00,"{'symbol': 'PANR.JK', 'free_float': 0.2621, 'company_name': 'Panorama Sentrawisata Tbk'}"
FOLK.JK,2026-09-16,0.2617,,2026-09-16T12:16:05.288521+00:00,"{'symbol': 'FOLK.JK', 'free_float': 0.2617, 'company_name': 'PT Multi Garam Utama Tbk'}"
RUNS.JK,2026-09-16,0.26118,,2026-09-16T12:16:05.288521+00:00,"{'symbol': 'RUNS.JK', 'free_float': 0.26118, 'company_name': 'PT Global Sukses Solusi Tbk'}"
DYAN.JK,2026-09-16,0.26,,2026-09-16T12:16:05.288521+00:00,"{'symbol': 'DYAN.JK', 'free_float': 0.26, 'company_name': 'PT Dyandra Media International Tbk'}"
PRDA.JK,2026-09-16,0.26,,2026-09-16T12:16:05.288521+00:00,"{'symbol': 'PRDA.JK', 'free_float': 0.26, 'company_name': 'PT Prodia Widyahusada Tbk'}"
ZATA.JK,2026-09-16,0.2599,,2026-09-16T12:16:05.288521+00:00,"{'symbol': 'ZATA.JK', 'free_float': 0.2599, 'company_name': 'PT Bersama Zatta Jaya Tbk'}"
AISA.JK,2026-09-16,0.25851,,2026-09-16T12:16:05.288521+00:00,"{'symbol': 'AISA.JK', 'free_float': 0.25851, 'company_name': 'PT FKS Food Sejahtera Tbk'}"
JAYA.JK,2026-09-16,0.257,,2026-09-16T12:16:05.288521+00:00,"{'symbol': 'JAYA.JK', 'free_float': 0.257, 'company_name': 'PT Armada Berjaya Trans Tbk'}"
TRIN.JK,2026-09-16,0.2563,,2026-09-16T12:16:05.288521+00:00,"{'symbol': 'TRIN.JK', 'free_float': 0.2563, 'company_name': 'PT Perintis Triniti Properti Tbk'}"
SEMA.JK,2026-09-16,0.2545,,2026-09-16T12:16:05.288521+00:00,"{'symbol': 'SEMA.JK', 'free_float': 0.2545, 'company_name': 'PT Semacom Integrated Tbk'}"
WSKT.JK,2026-09-16,0.25405,,2026-09-16T12:16:05.288521+00:00,"{'symbol': 'WSKT.JK', 'free_float': 0.25405, 'company_name': 'PT Waskita Karya (Persero) Tbk'}"
BACA.JK,2026-09-16,0.25302,,2026-09-16T12:16:05.288521+00:00,"{'symbol': 'BACA.JK', 'free_float': 0.25302, 'company_name': 'PT Bank Capital Indonesia Tbk'}"
AHAP.JK,2026-09-16,0.2528,,2026-09-16T12:16:05.288521+00:00,"{'symbol': 'AHAP.JK', 'free_float': 0.2528, 'company_name': 'Asuransi Harta Aman Pratama Tbk'}"
AMMN.JK,2026-09-16,0.25257,,2026-09-16T12:16:05.288521+00:00,"{'symbol': 'AMMN.JK', 'free_float': 0.25257, 'company_name': 'PT Amman Mineral Internasional Tbk.'}"
ALDO.JK,2026-09-16,0.25237,,2026-09-16T12:16:05.288521+00:00,"{'symbol': 'ALDO.JK', 'free_float': 0.25237, 'company_name': 'Alkindo Naratama Tbk'}"
SMDR.JK,2026-09-16,0.2516,,2026-09-16T12:16:05.288521+00:00,"{'symbol': 'SMDR.JK', 'free_float': 0.2516, 'company_name': 'Samudera Indonesia Tbk'}"
SOTS.JK,2026-09-16,0.2511,,2026-09-16T12:16:05.288521+00:00,"{'symbol': 'SOTS.JK', 'free_float': 0.2511, 'company_name': 'PT Satria Mega Kencana Tbk'}"
WOOD.JK,2026-09-16,0.25089,,2026-09-16T12:16:05.288521+00:00,"{'symbol': 'WOOD.JK', 'free_float': 0.25089, 'company_name': 'PT Integra Indocabinet Tbk'}"
NASI.JK,2026-09-16,0.2506,,2026-09-16T12:16:05.288521+00:00,"{'symbol': 'NASI.JK', 'free_float': 0.2506, 'company_name': 'PT Wahana Inti Makmur Tbk'}"
MTPS.JK,2026-09-16,0.2505,,2026-09-16T12:16:05.288521+00:00,"{'symbol': 'MTPS.JK', 'free_float': 0.2505, 'company_name': 'PT Meta Epsi Tbk'}"
TMPO.JK,2026-09-16,0.2503,,2026-09-16T12:16:05.288521+00:00,"{'symbol': 'TMPO.JK', 'free_float': 0.2503, 'company_name': 'Tempo Inti Media Tbk'}"
AGAR.JK,2026-09-16,0.2501,,2026-09-16T12:16:05.288521+00:00,"{'symbol': 'AGAR.JK', 'free_float': 0.2501, 'company_name': 'PT Asia Sejahtera Mina Tbk'}"
KBRI.JK,2026-09-16,0.25,,2026-09-16T12:16:05.288521+00:00,"{'symbol': 'KBRI.JK', 'free_float': 0.25, 'company_name': 'Kertas Basuki Rachmat Indonesia Tbk'}"
BBSI.JK,2026-09-16,0.25,,2026-09-16T12:16:05.288521+00:00,"{'symbol': 'BBSI.JK', 'free_float': 0.25, 'company_name': 'PT Krom Bank Indonesia Tbk'}"
UNTD.JK,2026-09-16,0.25,,2026-09-16T12:16:05.288521+00:00,"{'symbol': 'UNTD.JK', 'free_float': 0.25, 'company_name': 'PT Terang Dunia Internusa Tbk'}"
AMMS.JK,2026-09-16,0.249,,2026-09-16T12:16:05.288521+00:00,"{'symbol': 'AMMS.JK', 'free_float': 0.249, 'company_name': 'PT Agung Menjangan Mas Tbk'}"
MCOR.JK,2026-09-16,0.2484,,2026-09-16T12:16:05.288521+00:00,"{'symbol': 'MCOR.JK', 'free_float': 0.2484, 'company_name': 'PT Bank China Construction Bank Indonesia Tbk'}"
ZYRX.JK,2026-09-16,0.2484,,2026-09-16T12:16:05.288521+00:00,"{'symbol': 'ZYRX.JK', 'free_float': 0.2484, 'company_name': 'PT Zyrexindo Mandiri Buana Tbk'}"
OBMD.JK,2026-09-16,0.2476,,2026-09-16T12:16:05.288521+00:00,"{'symbol': 'OBMD.JK', 'free_float': 0.2476, 'company_name': 'PT OBM Drilchem Tbk'}"
BIPP.JK,2026-09-16,0.2475,,2026-09-16T12:16:05.288521+00:00,"{'symbol': 'BIPP.JK', 'free_float': 0.2475, 'company_name': 'Bhuwanatala Indah Permai Tbk'}"
KICI.JK,2026-09-16,0.2475,,2026-09-16T12:16:05.288521+00:00,"{'symbol': 'KICI.JK', 'free_float': 0.2475, 'company_name': 'Kedaung Indah Can Tbk'}"
NIRO.JK,2026-09-16,0.2475,,2026-09-16T12:16:05.288521+00:00,"{'symbol': 'NIRO.JK', 'free_float': 0.2475, 'company_name': 'City Retail Developments Tbk'}"
BAJA.JK,2026-09-16,0.2473,,2026-09-16T12:16:05.288521+00:00,"{'symbol': 'BAJA.JK', 'free_float': 0.2473, 'company_name': 'Saranacentral Bajatama Tbk'}"
SKBM.JK,2026-09-16,0.2469,,2026-09-16T12:16:05.288521+00:00,"{'symbol': 'SKBM.JK', 'free_float': 0.2469, 'company_name': 'Sekar Bumi Tbk'}"
MEDC.JK,2026-09-16,0.2466,,2026-09-16T12:16:05.288521+00:00,"{'symbol': 'MEDC.JK', 'free_float': 0.2466, 'company_name': 'PT Medco Energi Internasional Tbk'}"
MSIE.JK,2026-09-16,0.2456,,2026-09-16T12:16:05.288521+00:00,"{'symbol': 'MSIE.JK', 'free_float': 0.2456, 'company_name': 'PT Multisarana Intan Eduka Tbk'}"
LMAX.JK,2026-09-16,0.2454,,2026-09-16T12:16:05.288521+00:00,"{'symbol': 'LMAX.JK', 'free_float': 0.2454, 'company_name': 'PT Lupromax Pelumas Indonesia Tbk'}"
SQMI.JK,2026-09-16,0.24521,,2026-09-16T12:16:05.288521+00:00,"{'symbol': 'SQMI.JK', 'free_float': 0.24521, 'company_name': 'Wilton Makmur Indonesia Tbk'}"
MGNA.JK,2026-09-16,0.2452,,2026-09-16T12:16:05.288521+00:00,"{'symbol': 'MGNA.JK', 'free_float': 0.2452, 'company_name': 'PT Magna Investama Mandiri Tbk'}"
ITIC.JK,2026-09-16,0.245,,2026-09-16T12:16:05.288521+00:00,"{'symbol': 'ITIC.JK', 'free_float': 0.245, 'company_name': 'PT Indonesian Tobacco Tbk'}"
BJBR.JK,2026-09-16,0.24444,,2026-09-16T12:16:05.288521+00:00,"{'symbol': 'BJBR.JK', 'free_float': 0.24444, 'company_name': 'Bank Pembangunan Daerah Jawa Barat dan Banten Tbk'}"
BSDE.JK,2026-09-16,0.2441,,2026-09-16T12:16:05.288521+00:00,"{'symbol': 'BSDE.JK', 'free_float': 0.2441, 'company_name': 'PT Bumi Serpong Damai Tbk'}"
PUDP.JK,2026-09-16,0.2441,,2026-09-16T12:16:05.288521+00:00,"{'symbol': 'PUDP.JK', 'free_float': 0.2441, 'company_name': 'Pudjiadi Prestige Tbk'}"
EMAS.JK,2026-09-16,0.24379,,2026-09-16T12:16:05.288521+00:00,"{'symbol': 'EMAS.JK', 'free_float': 0.24379, 'company_name': 'PT Merdeka Gold Resources Tbk'}"
WGSH.JK,2026-09-16,0.2428,,2026-09-16T12:16:05.288521+00:00,"{'symbol': 'WGSH.JK', 'free_float': 0.2428, 'company_name': 'PT Wira Global Solusi Tbk'}"
MGLV.JK,2026-09-16,0.2422,,2026-09-16T12:16:05.288521+00:00,"{'symbol': 'MGLV.JK', 'free_float': 0.2422, 'company_name': 'PT Panca Anugrah Wisesa Tbk'}"
PKPK.JK,2026-09-16,0.2415,,2026-09-16T12:16:05.288521+00:00,"{'symbol': 'PKPK.JK', 'free_float': 0.2415, 'company_name': 'Perdana Karya Perkasa Tbk'}"
SCCO.JK,2026-09-16,0.2413,,2026-09-16T12:16:05.288521+00:00,"{'symbol': 'SCCO.JK', 'free_float': 0.2413, 'company_name': 'PT Supreme Cable Manufacturing & Commerce Tbk'}"
PPGL.JK,2026-09-16,0.2408,,2026-09-16T12:16:05.288521+00:00,"{'symbol': 'PPGL.JK', 'free_float': 0.2408, 'company_name': 'PT Prima Globalindo Logistik Tbk'}"
CBMF.JK,2026-09-16,0.24,,2026-09-16T12:16:05.288521+00:00,"{'symbol': 'CBMF.JK', 'free_float': 0.24, 'company_name': 'PT Cahaya Bintang Medan Tbk'}"
PPRI.JK,2026-09-16,0.24,,2026-09-16T12:16:05.288521+00:00,"{'symbol': 'PPRI.JK', 'free_float': 0.24, 'company_name': 'PT Paperocks Indonesia Tbk'}"
HOMI.JK,2026-09-16,0.24,,2026-09-16T12:16:05.288521+00:00,"{'symbol': 'HOMI.JK', 'free_float': 0.24, 'company_name': 'PT Grand House Mulia Tbk'}"
BWPT.JK,2026-09-16,0.2398,,2026-09-16T12:16:05.288521+00:00,"{'symbol': 'BWPT.JK', 'free_float': 0.2398, 'company_name': 'Eagle High Plantations Tbk'}"
OPMS.JK,2026-09-16,0.2392,,2026-09-16T12:16:05.288521+00:00,"{'symbol': 'OPMS.JK', 'free_float': 0.2392, 'company_name': 'PT Optima Prima Metal Sinergi Tbk'}"
RAJA.JK,2026-09-16,0.2382,,2026-09-16T12:16:05.288521+00:00,"{'symbol': 'RAJA.JK', 'free_float': 0.2382, 'company_name': 'Rukun Raharja Tbk'}"
GRPH.JK,2026-09-16,0.2381,,2026-09-16T12:16:05.288521+00:00,"{'symbol': 'GRPH.JK', 'free_float': 0.2381, 'company_name': 'PT Griptha Putra Persada Tbk'}"
BEER.JK,2026-09-16,0.2381,,2026-09-16T12:16:05.288521+00:00,"{'symbol': 'BEER.JK', 'free_float': 0.2381, 'company_name': 'PT Jobubu Jarum Minahasa Tbk'}"
BELI.JK,2026-09-16,0.23806,,2026-09-16T12:16:05.288521+00:00,"{'symbol': 'BELI.JK', 'free_float': 0.23806, 'company_name': 'PT Global Digital Niaga Tbk'}"
GGRM.JK,2026-09-16,0.2378,,2026-09-16T12:16:05.288521+00:00,"{'symbol': 'GGRM.JK', 'free_float': 0.2378, 'company_name': 'Gudang Garam Tbk'}"
PGLI.JK,2026-09-16,0.2369,,2026-09-16T12:16:05.288521+00:00,"{'symbol': 'PGLI.JK', 'free_float': 0.2369, 'company_name': 'Pembangunan Graha Lestari Indah Tbk'}"
GOLL.JK,2026-09-16,0.2358,,2026-09-16T12:16:05.288521+00:00,"{'symbol': 'GOLL.JK', 'free_float': 0.2358, 'company_name': 'PT Golden Plantation Tbk'}"
HUMI.JK,2026-09-16,0.23572,,2026-09-16T12:16:05.288521+00:00,"{'symbol': 'HUMI.JK', 'free_float': 0.23572, 'company_name': 'PT Humpuss Maritim Internasional Tbk'}"
AXIO.JK,2026-09-16,0.23535,,2026-09-16T12:16:05.288521+00:00,"{'symbol': 'AXIO.JK', 'free_float': 0.23535, 'company_name': 'PT Tera Data Indonusa Tbk'}"
PTMP.JK,2026-09-16,0.2349,,2026-09-16T12:16:05.288521+00:00,"{'symbol': 'PTMP.JK', 'free_float': 0.2349, 'company_name': 'PT Mitra Pack Tbk'}"
MKTR.JK,2026-09-16,0.23434,,2026-09-16T12:16:05.288521+00:00,"{'symbol': 'MKTR.JK', 'free_float': 0.23434, 'company_name': 'PT Menthobi Karyatama Raya Tbk'}"
WAPO.JK,2026-09-16,0.2343,,2026-09-16T12:16:05.288521+00:00,"{'symbol': 'WAPO.JK', 'free_float': 0.2343, 'company_name': 'Wahana Pronatural Tbk'}"
TIRA.JK,2026-09-16,0.2339,,2026-09-16T12:16:05.288521+00:00,"{'symbol': 'TIRA.JK', 'free_float': 0.2339, 'company_name': 'Tira Austenite Tbk'}"
BSML.JK,2026-09-16,0.2338,,2026-09-16T12:16:05.288521+00:00,"{'symbol': 'BSML.JK', 'free_float': 0.2338, 'company_name': 'PT Bintang Samudera Mandiri Lines Tbk'}"
RALS.JK,2026-09-16,0.232,,2026-09-16T12:16:05.288521+00:00,"{'symbol': 'RALS.JK', 'free_float': 0.232, 'company_name': 'Ramayana Lestari Sentosa Tbk'}"
IPCC.JK,2026-09-16,0.23155,,2026-09-16T12:16:05.288521+00:00,"{'symbol': 'IPCC.JK', 'free_float': 0.23155, 'company_name': 'PT Indonesia Kendaraan Terminal Tbk'}"
HBAT.JK,2026-09-16,0.2313,,2026-09-16T12:16:05.288521+00:00,"{'symbol': 'HBAT.JK', 'free_float': 0.2313, 'company_name': 'PT Minahasa Membangun Hebat Tbk'}"
ASGR.JK,2026-09-16,0.2313,,2026-09-16T12:16:05.288521+00:00,"{'symbol': 'ASGR.JK', 'free_float': 0.2313, 'company_name': 'Astra Graphia Tbk'}"
RELF.JK,2026-09-16,0.231,,2026-09-16T12:16:05.288521+00:00,"{'symbol': 'RELF.JK', 'free_float': 0.231, 'company_name': 'PT Graha Mitra Asia Tbk'}"
DFAM.JK,2026-09-16,0.231,,2026-09-16T12:16:05.288521+00:00,"{'symbol': 'DFAM.JK', 'free_float': 0.231, 'company_name': 'PT Dafam Property Indonesia Tbk'}"
TEBE.JK,2026-09-16,0.2308,,2026-09-16T12:16:05.288521+00:00,"{'symbol': 'TEBE.JK', 'free_float': 0.2308, 'company_name': 'PT Dana Brata Luhur Tbk'}"
FOOD.JK,2026-09-16,0.2308,,2026-09-16T12:16:05.288521+00:00,"{'symbol': 'FOOD.JK', 'free_float': 0.2308, 'company_name': 'PT Sentra Food Indonesia Tbk'}"
YOII.JK,2026-09-16,0.2307,,2026-09-16T12:16:05.288521+00:00,"{'symbol': 'YOII.JK', 'free_float': 0.2307, 'company_name': 'PT Asuransi Digital Bersama Tbk'}"
PPRE.JK,2026-09-16,0.23005,,2026-09-16T12:16:05.288521+00:00,"{'symbol': 'PPRE.JK', 'free_float': 0.23005, 'company_name': 'PT PP Presisi Tbk'}"
KARW.JK,2026-09-16,0.2297,,2026-09-16T12:16:05.288521+00:00,"{'symbol': 'KARW.JK', 'free_float': 0.2297, 'company_name': 'Meratus Jasa Prima Tbk'}"
RGAS.JK,2026-09-16,0.229,,2026-09-16T12:16:05.288521+00:00,"{'symbol': 'RGAS.JK', 'free_float': 0.229, 'company_name': 'PT Kian Santang Muliatama Tbk'}"
BVIC.JK,2026-09-16,0.22886,,2026-09-16T12:16:05.288521+00:00,"{'symbol': 'BVIC.JK', 'free_float': 0.22886, 'company_name': 'Bank Victoria International Tbk'}"
FUJI.JK,2026-09-16,0.2282,,2026-09-16T12:16:05.288521+00:00,"{'symbol': 'FUJI.JK', 'free_float': 0.2282, 'company_name': 'PT Fuji Finance Indonesia Tbk'}"
PTMR.JK,2026-09-16,0.2281,,2026-09-16T12:16:05.288521+00:00,"{'symbol': 'PTMR.JK', 'free_float': 0.2281, 'company_name': 'PT Master Print Tbk'}"
DRMA.JK,2026-09-16,0.2281,,2026-09-16T12:16:05.288521+00:00,"{'symbol': 'DRMA.JK', 'free_float': 0.2281, 'company_name': 'PT Dharma Polimetal Tbk'}"
SDMU.JK,2026-09-16,0.2277,,2026-09-16T12:16:05.288521+00:00,"{'symbol': 'SDMU.JK', 'free_float': 0.2277, 'company_name': 'Sidomulyo Selaras Tbk'}"
MERI.JK,2026-09-16,0.2272,,2026-09-16T12:16:05.288521+00:00,"{'symbol': 'MERI.JK', 'free_float': 0.2272, 'company_name': 'PT Merry Riana Edukasi Tbk'}"
ASJT.JK,2026-09-16,0.22607,,2026-09-16T12:16:05.288521+00:00,"{'symbol': 'ASJT.JK', 'free_float': 0.22607, 'company_name': 'Asuransi Jasa Tania Tbk'}"
ZBRA.JK,2026-09-16,0.2257,,2026-09-16T12:16:05.822121+00:00,"{'symbol': 'ZBRA.JK', 'free_float': 0.2257, 'company_name': 'PT Dosni Roha Indonesia Tbk'}"
CBRE.JK,2026-09-16,0.225,,2026-09-16T12:16:05.822121+00:00,"{'symbol': 'CBRE.JK', 'free_float': 0.225, 'company_name': 'PT Cakra Buana Resources Energi Tbk'}"
MTMH.JK,2026-09-16,0.225,,2026-09-16T12:16:05.822121+00:00,"{'symbol': 'MTMH.JK', 'free_float': 0.225, 'company_name': 'PT Murni Sadar Tbk'}"
DSSA.JK,2026-09-16,0.225,,2026-09-16T12:16:05.822121+00:00,"{'symbol': 'DSSA.JK', 'free_float': 0.225, 'company_name': 'Dian Swastatika Sentosa Tbk'}"
APII.JK,2026-09-16,0.2245,,2026-09-16T12:16:05.822121+00:00,"{'symbol': 'APII.JK', 'free_float': 0.2245, 'company_name': 'PT Arita Prima Indonesia Tbk.'}"
DCII.JK,2026-09-16,0.2236,,2026-09-16T12:16:05.822121+00:00,"{'symbol': 'DCII.JK', 'free_float': 0.2236, 'company_name': 'PT DCI Indonesia Tbk'}"
LRNA.JK,2026-09-16,0.2235,,2026-09-16T12:16:05.822121+00:00,"{'symbol': 'LRNA.JK', 'free_float': 0.2235, 'company_name': 'PT Eka Sari Lorena Transport Tbk'}"
STRK.JK,2026-09-16,0.2226,,2026-09-16T12:16:05.822121+00:00,"{'symbol': 'STRK.JK', 'free_float': 0.2226, 'company_name': 'PT Lovina Beach Brewery Tbk'}"
MIDI.JK,2026-09-16,0.2224,,2026-09-16T12:16:05.822121+00:00,"{'symbol': 'MIDI.JK', 'free_float': 0.2224, 'company_name': 'Midi Utama Indonesia Tbk'}"
OBAT.JK,2026-09-16,0.2223,,2026-09-16T12:16:05.822121+00:00,"{'symbol': 'OBAT.JK', 'free_float': 0.2223, 'company_name': 'PT Brigit Biofarmaka Teknologi Tbk'}"
RAAM.JK,2026-09-16,0.22099,,2026-09-16T12:16:05.822121+00:00,"{'symbol': 'RAAM.JK', 'free_float': 0.22099, 'company_name': 'PT Tripar Multivision Plus Tbk'}"
VTNY.JK,2026-09-16,0.2203,,2026-09-16T12:16:05.822121+00:00,"{'symbol': 'VTNY.JK', 'free_float': 0.2203, 'company_name': 'PT Venteny Fortuna International Tbk'}"
KMDS.JK,2026-09-16,0.2202,,2026-09-16T12:16:05.822121+00:00,"{'symbol': 'KMDS.JK', 'free_float': 0.2202, 'company_name': 'PT Kurniamitra Duta Sentosa Tbk'}"
SBMA.JK,2026-09-16,0.2199,,2026-09-16T12:16:05.822121+00:00,"{'symbol': 'SBMA.JK', 'free_float': 0.2199, 'company_name': 'PT Surya Biru Murni Acetylene Tbk'}"
SWAT.JK,2026-09-16,0.2198,,2026-09-16T12:16:05.822121+00:00,"{'symbol': 'SWAT.JK', 'free_float': 0.2198, 'company_name': 'PT Sriwahana Adityakarta Tbk'}"
MTRA.JK,2026-09-16,0.21879,,2026-09-16T12:16:05.822121+00:00,"{'symbol': 'MTRA.JK', 'free_float': 0.21879, 'company_name': 'PT Mitra Pemuda Tbk'}"
BATR.JK,2026-09-16,0.2179,,2026-09-16T12:16:05.822121+00:00,"{'symbol': 'BATR.JK', 'free_float': 0.2179, 'company_name': 'PT Benteng Api Technic Tbk'}"
MKPI.JK,2026-09-16,0.2179,,2026-09-16T12:16:05.822121+00:00,"{'symbol': 'MKPI.JK', 'free_float': 0.2179, 'company_name': 'Metropolitan Kentjana Tbk'}"
AYAM.JK,2026-09-16,0.2177,,2026-09-16T12:16:05.822121+00:00,"{'symbol': 'AYAM.JK', 'free_float': 0.2177, 'company_name': 'PT Janu Putra Sejahtera Tbk.'}"
CHEK.JK,2026-09-16,0.2175,,2026-09-16T12:16:05.822121+00:00,"{'symbol': 'CHEK.JK', 'free_float': 0.2175, 'company_name': 'PT Diastika Biotekindo Tbk'}"
PPRO.JK,2026-09-16,0.2173,,2026-09-16T12:16:05.822121+00:00,"{'symbol': 'PPRO.JK', 'free_float': 0.2173, 'company_name': 'PT PP Properti Tbk'}"
KAQI.JK,2026-09-16,0.2168,,2026-09-16T12:16:05.822121+00:00,"{'symbol': 'KAQI.JK', 'free_float': 0.2168, 'company_name': 'PT Jantra Grupo Indonesia Tbk'}"
RAJA.JK,2026-09-11,0.2382,,2026-09-11T07:53:55.197694+00:00,"{'symbol': 'RAJA.JK', 'free_float': 0.2382, 'company_name': 'Rukun Raharja Tbk'}"
KAQI.JK,2026-09-11,0.2168,,2026-09-11T07:53:56.036406+00:00,"{'symbol': 'KAQI.JK', 'free_float': 0.2168, 'company_name': 'PT Jantra Grupo Indonesia Tbk'}"
INOV.JK,2026-09-11,0.2162,,2026-09-11T07:53:56.036406+00:00,"{'symbol': 'INOV.JK', 'free_float': 0.2162, 'company_name': 'PT Inocycle Technology Group Tbk'}"
NICK.JK,2026-09-11,0.2162,,2026-09-11T07:53:56.036406+00:00,"{'symbol': 'NICK.JK', 'free_float': 0.2162, 'company_name': 'PT Charnic Capital Tbk'}"
GDST.JK,2026-09-11,0.2161,,2026-09-11T07:53:56.036406+00:00,"{'symbol': 'GDST.JK', 'free_float': 0.2161, 'company_name': 'Gunawan Dianjaya Steel Tbk'}"
ACRO.JK,2026-09-11,0.216,,2026-09-11T07:53:56.036406+00:00,"{'symbol': 'ACRO.JK', 'free_float': 0.216, 'company_name': 'PT Samcro Hyosung Adilestari Tbk.'}"
OMRE.JK,2026-09-11,0.21582,,2026-09-11T07:53:56.036406+00:00,"{'symbol': 'OMRE.JK', 'free_float': 0.21582, 'company_name': 'Indonesia Prima Property Tbk'}"
VAST.JK,2026-09-11,0.2155,,2026-09-11T07:53:56.036406+00:00,"{'symbol': 'VAST.JK', 'free_float': 0.2155, 'company_name': 'PT Vastland Indonesia Tbk'}"
PRIM.JK,2026-09-11,0.2154,,2026-09-11T07:53:56.036406+00:00,"{'symbol': 'PRIM.JK', 'free_float': 0.2154, 'company_name': 'PT Royal Prima Tbk'}"
INOV.JK,2026-09-16,0.2162,,2026-09-16T12:16:05.822121+00:00,"{'symbol': 'INOV.JK', 'free_float': 0.2162, 'company_name': 'PT Inocycle Technology Group Tbk'}"
NICK.JK,2026-09-16,0.2162,,2026-09-16T12:16:05.822121+00:00,"{'symbol': 'NICK.JK', 'free_float': 0.2162, 'company_name': 'PT Charnic Capital Tbk'}"
GDST.JK,2026-09-16,0.2161,,2026-09-16T12:16:05.822121+00:00,"{'symbol': 'GDST.JK', 'free_float': 0.2161, 'company_name': 'Gunawan Dianjaya Steel Tbk'}"
ACRO.JK,2026-09-16,0.216,,2026-09-16T12:16:05.822121+00:00,"{'symbol': 'ACRO.JK', 'free_float': 0.216, 'company_name': 'PT Samcro Hyosung Adilestari Tbk.'}"
OMRE.JK,2026-09-16,0.21582,,2026-09-16T12:16:05.822121+00:00,"{'symbol': 'OMRE.JK', 'free_float': 0.21582, 'company_name': 'Indonesia Prima Property Tbk'}"
VAST.JK,2026-09-16,0.2155,,2026-09-16T12:16:05.822121+00:00,"{'symbol': 'VAST.JK', 'free_float': 0.2155, 'company_name': 'PT Vastland Indonesia Tbk'}"
PRIM.JK,2026-09-16,0.2154,,2026-09-16T12:16:05.822121+00:00,"{'symbol': 'PRIM.JK', 'free_float': 0.2154, 'company_name': 'PT Royal Prima Tbk'}"
TECH.JK,2026-09-16,0.21523,,2026-09-16T12:16:05.822121+00:00,"{'symbol': 'TECH.JK', 'free_float': 0.21523, 'company_name': 'PT Indosterling Technomedia Tbk'}"
EMDE.JK,2026-09-16,0.2151,,2026-09-16T12:16:05.822121+00:00,"{'symbol': 'EMDE.JK', 'free_float': 0.2151, 'company_name': 'Megapolitan Developments Tbk'}"
KOKA.JK,2026-09-16,0.215,,2026-09-16T12:16:05.822121+00:00,"{'symbol': 'KOKA.JK', 'free_float': 0.215, 'company_name': 'PT Koka Indonesia Tbk'}"
TFAS.JK,2026-09-16,0.2144,,2026-09-16T12:16:05.822121+00:00,"{'symbol': 'TFAS.JK', 'free_float': 0.2144, 'company_name': 'PT Telefast Indonesia Tbk'}"
KONI.JK,2026-09-16,0.2139,,2026-09-16T12:16:05.822121+00:00,"{'symbol': 'KONI.JK', 'free_float': 0.2139, 'company_name': 'Perdana Bangun Pusaka Tbk'}"
GRPM.JK,2026-09-16,0.2136,,2026-09-16T12:16:05.822121+00:00,"{'symbol': 'GRPM.JK', 'free_float': 0.2136, 'company_name': 'PT Graha Prima Mentari Tbk'}"
HEXA.JK,2026-09-16,0.2129,,2026-09-16T12:16:05.822121+00:00,"{'symbol': 'HEXA.JK', 'free_float': 0.2129, 'company_name': 'Hexindo Adiperkasa Tbk'}"
BYAN.JK,2026-09-16,0.21287,,2026-09-16T12:16:05.822121+00:00,"{'symbol': 'BYAN.JK', 'free_float': 0.21287, 'company_name': 'Bayan Resources Tbk'}"
CLEO.JK,2026-09-16,0.21248,,2026-09-16T12:16:05.822121+00:00,"{'symbol': 'CLEO.JK', 'free_float': 0.21248, 'company_name': 'PT Sariguna Primatirta Tbk'}"
FAST.JK,2026-09-16,0.2124,,2026-09-16T12:16:05.822121+00:00,"{'symbol': 'FAST.JK', 'free_float': 0.2124, 'company_name': 'PT Fast Food Indonesia Tbk'}"
MAHA.JK,2026-09-16,0.2123,,2026-09-16T12:16:05.822121+00:00,"{'symbol': 'MAHA.JK', 'free_float': 0.2123, 'company_name': 'PT Mandiri Herindo Adiperkasa Tbk'}"
NRCA.JK,2026-09-16,0.2121,,2026-09-16T12:16:05.822121+00:00,"{'symbol': 'NRCA.JK', 'free_float': 0.2121, 'company_name': 'PT Nusa Raya Cipta Tbk'}"
BEEF.JK,2026-09-16,0.21203,,2026-09-16T12:16:05.822121+00:00,"{'symbol': 'BEEF.JK', 'free_float': 0.21203, 'company_name': 'PT Estika Tata Tiara Tbk.'}"
RDTX.JK,2026-09-16,0.2117,,2026-09-16T12:16:05.822121+00:00,"{'symbol': 'RDTX.JK', 'free_float': 0.2117, 'company_name': 'Roda Vivatex Tbk'}"
PTPS.JK,2026-09-16,0.2111,,2026-09-16T12:16:05.822121+00:00,"{'symbol': 'PTPS.JK', 'free_float': 0.2111, 'company_name': 'PT Pulau Subur Tbk'}"
KOCI.JK,2026-09-16,0.2107,,2026-09-16T12:16:05.822121+00:00,"{'symbol': 'KOCI.JK', 'free_float': 0.2107, 'company_name': 'PT Kokoh Exa Nusantara'}"
JELI.JK,2026-09-16,0.2101,,2026-09-16T12:16:05.822121+00:00,"{'symbol': 'JELI.JK', 'free_float': 0.2101, 'company_name': 'PT Niramas Utama Tbk'}"
KRAS.JK,2026-09-16,0.21,,2026-09-16T12:16:05.822121+00:00,"{'symbol': 'KRAS.JK', 'free_float': 0.21, 'company_name': 'Krakatau Steel (Persero) Tbk'}"
NZIA.JK,2026-09-16,0.21,,2026-09-16T12:16:05.822121+00:00,"{'symbol': 'NZIA.JK', 'free_float': 0.21, 'company_name': 'PT Nusantara Almazia, Tbk'}"
WBSA.JK,2026-09-16,0.2099,,2026-09-16T12:16:05.822121+00:00,"{'symbol': 'WBSA.JK', 'free_float': 0.2099, 'company_name': 'PT BSA Logistics Indonesia Tbk'}"
INPS.JK,2026-09-16,0.2098,,2026-09-16T12:16:05.822121+00:00,"{'symbol': 'INPS.JK', 'free_float': 0.2098, 'company_name': 'PT Indah Prakasa Sentosa Tbk'}"
MAYA.JK,2026-09-16,0.2097,,2026-09-16T12:16:05.822121+00:00,"{'symbol': 'MAYA.JK', 'free_float': 0.2097, 'company_name': 'PT Bank Mayapada Internasional Tbk'}"
IMPC.JK,2026-09-16,0.2095,,2026-09-16T12:16:05.822121+00:00,"{'symbol': 'IMPC.JK', 'free_float': 0.2095, 'company_name': 'PT Impack Pratama Industri Tbk'}"
LIVE.JK,2026-09-16,0.20862,,2026-09-16T12:16:05.822121+00:00,"{'symbol': 'LIVE.JK', 'free_float': 0.20862, 'company_name': 'PT Homeco Victoria Makmur Tbk'}"
ISEA.JK,2026-09-16,0.2086,,2026-09-16T12:16:05.822121+00:00,"{'symbol': 'ISEA.JK', 'free_float': 0.2086, 'company_name': 'PT Indo American Seafoods Tbk'}"
NSSS.JK,2026-09-16,0.20859,,2026-09-16T12:16:05.822121+00:00,"{'symbol': 'NSSS.JK', 'free_float': 0.20859, 'company_name': 'PT Nusantara Sawit Sejahtera Tbk'}"
FITT.JK,2026-09-16,0.20821,,2026-09-16T12:16:05.822121+00:00,"{'symbol': 'FITT.JK', 'free_float': 0.20821, 'company_name': 'PT Hotel Fitra International Tbk'}"
DKHH.JK,2026-09-16,0.2079,,2026-09-16T12:16:05.822121+00:00,"{'symbol': 'DKHH.JK', 'free_float': 0.2079, 'company_name': 'PT Cipta Sarana Medika Tbk'}"
ETWA.JK,2026-09-16,0.2074,,2026-09-16T12:16:05.822121+00:00,"{'symbol': 'ETWA.JK', 'free_float': 0.2074, 'company_name': 'Eterindo Wahanatama Tbk'}"
TCID.JK,2026-09-16,0.2073,,2026-09-16T12:16:05.822121+00:00,"{'symbol': 'TCID.JK', 'free_float': 0.2073, 'company_name': 'Mandom Indonesia Tbk'}"
TRUS.JK,2026-09-16,0.2072,,2026-09-16T12:16:05.822121+00:00,"{'symbol': 'TRUS.JK', 'free_float': 0.2072, 'company_name': 'Trust Finance Indonesia Tbk'}"
TGUK.JK,2026-09-16,0.2068,,2026-09-16T12:16:05.822121+00:00,"{'symbol': 'TGUK.JK', 'free_float': 0.2068, 'company_name': 'PT Platinum Wahab Nusantara Tbk'}"
BINA.JK,2026-09-16,0.2064,,2026-09-16T12:16:05.822121+00:00,"{'symbol': 'BINA.JK', 'free_float': 0.2064, 'company_name': 'PT Bank Ina Perdana Tbk.'}"
INCO.JK,2026-09-16,0.20635,,2026-09-16T12:16:05.822121+00:00,"{'symbol': 'INCO.JK', 'free_float': 0.20635, 'company_name': 'Vale Indonesia Tbk'}"
TIRT.JK,2026-09-16,0.2062,,2026-09-16T12:16:05.822121+00:00,"{'symbol': 'TIRT.JK', 'free_float': 0.2062, 'company_name': 'Tirta Mahakam Resources Tbk'}"
DIVA.JK,2026-09-16,0.206,,2026-09-16T12:16:05.822121+00:00,"{'symbol': 'DIVA.JK', 'free_float': 0.206, 'company_name': 'PT Distribusi Voucher Nusantara Tbk'}"
CLAY.JK,2026-09-16,0.2059,,2026-09-16T12:16:05.822121+00:00,"{'symbol': 'CLAY.JK', 'free_float': 0.2059, 'company_name': 'PT Citra Putra Realty Tbk'}"
MTLA.JK,2026-09-16,0.2053,,2026-09-16T12:16:05.822121+00:00,"{'symbol': 'MTLA.JK', 'free_float': 0.2053, 'company_name': 'Metropolitan Land Tbk'}"
SWID.JK,2026-09-16,0.2051,,2026-09-16T12:16:05.822121+00:00,"{'symbol': 'SWID.JK', 'free_float': 0.2051, 'company_name': 'PT Saraswanti Indoland Development Tbk'}"
GWSA.JK,2026-09-16,0.20504,,2026-09-16T12:16:05.822121+00:00,"{'symbol': 'GWSA.JK', 'free_float': 0.20504, 'company_name': 'PT Greenwood Sejahtera Tbk'}"
CRSN.JK,2026-09-16,0.2048,,2026-09-16T12:16:05.822121+00:00,"{'symbol': 'CRSN.JK', 'free_float': 0.2048, 'company_name': 'PT Carsurin Tbk'}"
SIDO.JK,2026-09-16,0.2046,,2026-09-16T12:16:05.822121+00:00,"{'symbol': 'SIDO.JK', 'free_float': 0.2046, 'company_name': 'PT Industri Jamu Dan Farmasi Sido Muncul Tbk'}"
BCAP.JK,2026-09-16,0.2041,,2026-09-16T12:16:05.822121+00:00,"{'symbol': 'BCAP.JK', 'free_float': 0.2041, 'company_name': 'MNC Kapital Indonesia Tbk'}"
POSA.JK,2026-09-16,0.20353,,2026-09-16T12:16:05.822121+00:00,"{'symbol': 'POSA.JK', 'free_float': 0.20353, 'company_name': 'PT Bliss Properti Indonesia Tbk'}"
TUGU.JK,2026-09-16,0.20327,,2026-09-16T12:16:05.822121+00:00,"{'symbol': 'TUGU.JK', 'free_float': 0.20327, 'company_name': 'PT Asuransi Tugu Pratama Indonesia Tbk'}"
GEMA.JK,2026-09-16,0.20321,,2026-09-16T12:16:05.822121+00:00,"{'symbol': 'GEMA.JK', 'free_float': 0.20321, 'company_name': 'Gema Grahasarana Tbk'}"
AALI.JK,2026-09-16,0.2032,,2026-09-16T12:16:05.822121+00:00,"{'symbol': 'AALI.JK', 'free_float': 0.2032, 'company_name': 'Astra Agro Lestari Tbk'}"
EMMI.JK,2026-09-16,0.202,,2026-09-16T12:16:05.822121+00:00,"{'symbol': 'EMMI.JK', 'free_float': 0.202, 'company_name': 'PT Esa Medika Mandiri Tbk'}"
IKPM.JK,2026-09-16,0.2019,,2026-09-16T12:16:05.822121+00:00,"{'symbol': 'IKPM.JK', 'free_float': 0.2019, 'company_name': 'PT Ikapharmindo Putramas Tbk'}"
SUNI.JK,2026-09-16,0.2018,,2026-09-16T12:16:05.822121+00:00,"{'symbol': 'SUNI.JK', 'free_float': 0.2018, 'company_name': 'PT Sunindo Pratama Tbk'}"
BAIK.JK,2026-09-16,0.2018,,2026-09-16T12:16:05.822121+00:00,"{'symbol': 'BAIK.JK', 'free_float': 0.2018, 'company_name': 'PT Bersama Mencapai Puncak Tbk.'}"
VOKS.JK,2026-09-16,0.2015,,2026-09-16T12:16:05.822121+00:00,"{'symbol': 'VOKS.JK', 'free_float': 0.2015, 'company_name': 'Voksel Electric Tbk'}"
AREA.JK,2026-09-16,0.2007,,2026-09-16T12:16:05.822121+00:00,"{'symbol': 'AREA.JK', 'free_float': 0.2007, 'company_name': 'PT Dunia Virtual Online Tbk'}"
POLI.JK,2026-09-16,0.2005,,2026-09-16T12:16:05.822121+00:00,"{'symbol': 'POLI.JK', 'free_float': 0.2005, 'company_name': 'PT Pollux Hotels Group Tbk'}"
SAGE.JK,2026-09-16,0.2004,,2026-09-16T12:16:05.822121+00:00,"{'symbol': 'SAGE.JK', 'free_float': 0.2004, 'company_name': 'PT Saptausaha Gemilangindah Tbk'}"
AUTO.JK,2026-09-16,0.20026,,2026-09-16T12:16:05.822121+00:00,"{'symbol': 'AUTO.JK', 'free_float': 0.20026, 'company_name': 'Astra Otoparts Tbk'}"
SMGA.JK,2026-09-16,0.2,,2026-09-16T12:16:05.822121+00:00,"{'symbol': 'SMGA.JK', 'free_float': 0.2, 'company_name': 'PT Sumber Mineral Global Abadi Tbk'}"
RSCH.JK,2026-09-16,0.2,,2026-09-16T12:16:05.822121+00:00,"{'symbol': 'RSCH.JK', 'free_float': 0.2, 'company_name': 'PT Charlie Hospital Semarang Tbk'}"
RCCC.JK,2026-09-16,0.2,,2026-09-16T12:16:05.822121+00:00,"{'symbol': 'RCCC.JK', 'free_float': 0.2, 'company_name': 'PT Utama Radar Cahaya Tbk'}"
VISI.JK,2026-09-16,0.2,,2026-09-16T12:16:05.822121+00:00,"{'symbol': 'VISI.JK', 'free_float': 0.2, 'company_name': 'PT Satu Visi Putra Tbk'}"
UCID.JK,2026-09-16,0.2,,2026-09-16T12:16:05.822121+00:00,"{'symbol': 'UCID.JK', 'free_float': 0.2, 'company_name': 'PT Uni-Charm Indonesia Tbk'}"
MKAP.JK,2026-09-16,0.2,,2026-09-16T12:16:05.822121+00:00,"{'symbol': 'MKAP.JK', 'free_float': 0.2, 'company_name': 'PT Multikarya Asia Pasifik Raya Tbk'}"
TAMU.JK,2026-09-16,0.2,,2026-09-16T12:16:05.822121+00:00,"{'symbol': 'TAMU.JK', 'free_float': 0.2, 'company_name': 'PT Pelayaran Tamarin Samudra Tbk'}"
MHKI.JK,2026-09-16,0.2,,2026-09-16T12:16:05.822121+00:00,"{'symbol': 'MHKI.JK', 'free_float': 0.2, 'company_name': 'PT Multi Hanna Kreasindo Tbk'}"
ROCK.JK,2026-09-16,0.2,,2026-09-16T12:16:05.822121+00:00,"{'symbol': 'ROCK.JK', 'free_float': 0.2, 'company_name': 'PT Rockfields Properti Indonesia Tbk'}"
BLOG.JK,2026-09-16,0.2,,2026-09-16T12:16:05.822121+00:00,"{'symbol': 'BLOG.JK', 'free_float': 0.2, 'company_name': 'PT Trimitra Trans Persada Tbk'}"
GUNA.JK,2026-09-16,0.2,,2026-09-16T12:16:05.822121+00:00,"{'symbol': 'GUNA.JK', 'free_float': 0.2, 'company_name': 'PT Gunanusa Eramandiri Tbk'}"
TOOL.JK,2026-09-16,0.2,,2026-09-16T12:16:05.822121+00:00,"{'symbol': 'TOOL.JK', 'free_float': 0.2, 'company_name': 'PT Rohartindo Nusantara Luas Tbk'}"
PSKT.JK,2026-09-16,0.2,,2026-09-16T12:16:05.822121+00:00,"{'symbol': 'PSKT.JK', 'free_float': 0.2, 'company_name': 'PT Red Planet Indonesia Tbk'}"
CBPE.JK,2026-09-16,0.2,,2026-09-16T12:16:05.822121+00:00,"{'symbol': 'CBPE.JK', 'free_float': 0.2, 'company_name': 'PT Citra Buana Prasida Tbk'}"
MANG.JK,2026-09-16,0.2,,2026-09-16T12:16:05.822121+00:00,"{'symbol': 'MANG.JK', 'free_float': 0.2, 'company_name': 'PT Manggung Polahraya Tbk'}"
GTRA.JK,2026-09-16,0.2,,2026-09-16T12:16:05.822121+00:00,"{'symbol': 'GTRA.JK', 'free_float': 0.2, 'company_name': 'PT Grahaprima Suksesmandiri Tbk'}"
ATAP.JK,2026-09-16,0.2,,2026-09-16T12:16:05.822121+00:00,"{'symbol': 'ATAP.JK', 'free_float': 0.2, 'company_name': 'PT Trimitra Prawara Goldland Tbk'}"
PMUI.JK,2026-09-16,0.2,,2026-09-16T12:16:05.822121+00:00,"{'symbol': 'PMUI.JK', 'free_float': 0.2, 'company_name': 'PT Prima Multi Usaha Indonesia Tbk'}"
TCPI.JK,2026-09-16,0.2,,2026-09-16T12:16:05.822121+00:00,"{'symbol': 'TCPI.JK', 'free_float': 0.2, 'company_name': 'PT Transcoal Pacific Tbk'}"
JATI.JK,2026-09-16,0.1999,,2026-09-16T12:16:05.822121+00:00,"{'symbol': 'JATI.JK', 'free_float': 0.1999, 'company_name': 'PT Informasi Teknologi Indonesia Tbk'}"
HAIS.JK,2026-09-16,0.1998,,2026-09-16T12:16:05.822121+00:00,"{'symbol': 'HAIS.JK', 'free_float': 0.1998, 'company_name': 'PT Hasnur Internasional Shipping Tbk'}"
ERAL.JK,2026-09-16,0.19963,,2026-09-16T12:16:05.822121+00:00,"{'symbol': 'ERAL.JK', 'free_float': 0.19963, 'company_name': 'PT Sinar Eka Selaras Tbk'}"
UNIQ.JK,2026-09-16,0.1996,,2026-09-16T12:16:05.822121+00:00,"{'symbol': 'UNIQ.JK', 'free_float': 0.1996, 'company_name': 'PT Ulima Nitra Tbk'}"
DMMX.JK,2026-09-16,0.1992,,2026-09-16T12:16:05.822121+00:00,"{'symbol': 'DMMX.JK', 'free_float': 0.1992, 'company_name': 'PT Digital Mediatama Maxima Tbk'}"
NPGF.JK,2026-09-16,0.1991,,2026-09-16T12:16:05.822121+00:00,"{'symbol': 'NPGF.JK', 'free_float': 0.1991, 'company_name': 'PT Nusa Palapa Gemilang Tbk'}"
DATA.JK,2026-09-16,0.199,,2026-09-16T12:16:05.822121+00:00,"{'symbol': 'DATA.JK', 'free_float': 0.199, 'company_name': 'PT Remala Abadi Tbk'}"
DOSS.JK,2026-09-16,0.1981,,2026-09-16T12:16:05.822121+00:00,"{'symbol': 'DOSS.JK', 'free_float': 0.1981, 'company_name': 'PT Global Sukses Digital Tbk'}"
STTP.JK,2026-09-16,0.19797,,2026-09-16T12:16:05.822121+00:00,"{'symbol': 'STTP.JK', 'free_float': 0.19797, 'company_name': 'PT Siantar Top Tbk'}"
MARK.JK,2026-09-16,0.1973,,2026-09-16T12:16:05.822121+00:00,"{'symbol': 'MARK.JK', 'free_float': 0.1973, 'company_name': 'PT Mark Dynamics Indonesia Tbk'}"
RISE.JK,2026-09-16,0.197,,2026-09-16T12:16:05.822121+00:00,"{'symbol': 'RISE.JK', 'free_float': 0.197, 'company_name': 'PT Jaya Sukses Makmur Sentosa Tbk'}"
ARGO.JK,2026-09-16,0.1969,,2026-09-16T12:16:05.822121+00:00,"{'symbol': 'ARGO.JK', 'free_float': 0.1969, 'company_name': 'Argo Pantes Tbk'}"
CUAN.JK,2026-09-16,0.19539,,2026-09-16T12:16:05.822121+00:00,"{'symbol': 'CUAN.JK', 'free_float': 0.19539, 'company_name': 'PT Petrindo Jaya Kreasi Tbk'}"
ICBP.JK,2026-09-16,0.1947,,2026-09-16T12:16:05.822121+00:00,"{'symbol': 'ICBP.JK', 'free_float': 0.1947, 'company_name': 'Indofood CBP Sukses Makmur Tbk'}"
RIGS.JK,2026-09-16,0.1946,,2026-09-16T12:16:05.822121+00:00,"{'symbol': 'RIGS.JK', 'free_float': 0.1946, 'company_name': 'Rig Tenders Tbk'}"
PORT.JK,2026-09-16,0.194,,2026-09-16T12:16:05.822121+00:00,"{'symbol': 'PORT.JK', 'free_float': 0.194, 'company_name': 'PT Nusantara Pelabuhan Handal Tbk'}"
MPRO.JK,2026-09-16,0.19361,,2026-09-16T12:16:05.822121+00:00,"{'symbol': 'MPRO.JK', 'free_float': 0.19361, 'company_name': 'PT Maha Properti Indonesia Tbk'}"
CSRA.JK,2026-09-16,0.1936,,2026-09-16T12:16:05.822121+00:00,"{'symbol': 'CSRA.JK', 'free_float': 0.1936, 'company_name': 'PT Cisadane Sawit Raya Tbk.'}"
CMRY.JK,2026-09-16,0.1928,,2026-09-16T12:16:05.822121+00:00,"{'symbol': 'CMRY.JK', 'free_float': 0.1928, 'company_name': 'PT Cisarua Mountain Dairy Tbk'}"
BOBA.JK,2026-09-16,0.1926,,2026-09-16T12:16:05.822121+00:00,"{'symbol': 'BOBA.JK', 'free_float': 0.1926, 'company_name': 'PT Formosa Ingredient Factory Tbk'}"
BIKE.JK,2026-09-16,0.1923,,2026-09-16T12:16:05.822121+00:00,"{'symbol': 'BIKE.JK', 'free_float': 0.1923, 'company_name': 'PT Sepeda Bersama Indonesia Tbk'}"
ASLC.JK,2026-09-16,0.192,,2026-09-16T12:16:05.822121+00:00,"{'symbol': 'ASLC.JK', 'free_float': 0.192, 'company_name': 'PT Autopedia Sukses Lestari Tbk'}"
HOTL.JK,2026-09-16,0.1908,,2026-09-16T12:16:05.822121+00:00,"{'symbol': 'HOTL.JK', 'free_float': 0.1908, 'company_name': 'Saraswati Griya Lestari Tbk'}"
MTSM.JK,2026-09-16,0.19057,,2026-09-16T12:16:05.822121+00:00,"{'symbol': 'MTSM.JK', 'free_float': 0.19057, 'company_name': 'Metro Realty Tbk'}"
SCNP.JK,2026-09-16,0.18973,,2026-09-16T12:16:05.822121+00:00,"{'symbol': 'SCNP.JK', 'free_float': 0.18973, 'company_name': 'PT Selaras Citra Nusantara Perkasa Tbk'}"
MORA.JK,2026-09-16,0.18882,,2026-09-16T12:16:05.822121+00:00,"{'symbol': 'MORA.JK', 'free_float': 0.18882, 'company_name': 'PT Ekamas Mora Republik Tbk'}"
TRGU.JK,2026-09-16,0.18851,,2026-09-16T12:16:05.822121+00:00,"{'symbol': 'TRGU.JK', 'free_float': 0.18851, 'company_name': 'PT Cerestar Indonesia Tbk'}"
SOLA.JK,2026-09-16,0.18809,,2026-09-16T12:16:05.822121+00:00,"{'symbol': 'SOLA.JK', 'free_float': 0.18809, 'company_name': 'PT Xolare RCR Energy Tbk'}"
KDTN.JK,2026-09-16,0.18785,,2026-09-16T12:16:05.822121+00:00,"{'symbol': 'KDTN.JK', 'free_float': 0.18785, 'company_name': 'PT Puri Sentul Permai Tbk'}"
KSIX.JK,2026-09-16,0.1871,,2026-09-16T12:16:05.822121+00:00,"{'symbol': 'KSIX.JK', 'free_float': 0.1871, 'company_name': 'PT Kentanix Supra International Tbk'}"
KKGI.JK,2026-09-16,0.18413,,2026-09-16T12:16:05.822121+00:00,"{'symbol': 'KKGI.JK', 'free_float': 0.18413, 'company_name': 'Resource Alam Indonesia Tbk'}"
TYRE.JK,2026-09-16,0.1841,,2026-09-16T12:16:05.822121+00:00,"{'symbol': 'TYRE.JK', 'free_float': 0.1841, 'company_name': 'PT King Tire Indonesia Tbk'}"
VERN.JK,2026-09-16,0.184,,2026-09-16T12:16:05.822121+00:00,"{'symbol': 'VERN.JK', 'free_float': 0.184, 'company_name': 'PT Verona Indah Pictures Tbk'}"
MITI.JK,2026-09-16,0.1839,,2026-09-16T12:16:05.822121+00:00,"{'symbol': 'MITI.JK', 'free_float': 0.1839, 'company_name': 'Mitra Investindo Tbk'}"
AADI.JK,2026-09-16,0.18383,,2026-09-16T12:16:05.822121+00:00,"{'symbol': 'AADI.JK', 'free_float': 0.18383, 'company_name': 'PT Adaro Andalan Indonesia Tbk'}"
SHIP.JK,2026-09-16,0.1831,,2026-09-16T12:16:05.822121+00:00,"{'symbol': 'SHIP.JK', 'free_float': 0.1831, 'company_name': 'PT Sillo Maritime Perdana Tbk'}"
LPIN.JK,2026-09-16,0.1829,,2026-09-16T12:16:05.822121+00:00,"{'symbol': 'LPIN.JK', 'free_float': 0.1829, 'company_name': 'Multi Prima Sejahtera Tbk'}"
AMIN.JK,2026-09-16,0.1829,,2026-09-16T12:16:05.822121+00:00,"{'symbol': 'AMIN.JK', 'free_float': 0.1829, 'company_name': 'PT Ateliers Mecaniques D Indonesie Tbk.'}"
MDIY.JK,2026-09-16,0.1819,,2026-09-16T12:16:05.822121+00:00,"{'symbol': 'MDIY.JK', 'free_float': 0.1819, 'company_name': 'PT Daya Intiguna Yasa Tbk'}"
BTON.JK,2026-09-16,0.1818,,2026-09-16T12:16:05.822121+00:00,"{'symbol': 'BTON.JK', 'free_float': 0.1818, 'company_name': 'Betonjaya Manunggal Tbk'}"
AKPI.JK,2026-09-16,0.1815,,2026-09-16T12:16:05.822121+00:00,"{'symbol': 'AKPI.JK', 'free_float': 0.1815, 'company_name': 'Argha Karya Prima Ind. Tbk'}"
MGRO.JK,2026-09-16,0.1813,,2026-09-16T12:16:05.822121+00:00,"{'symbol': 'MGRO.JK', 'free_float': 0.1813, 'company_name': 'PT Mahkota Group Tbk'}"
PEVE.JK,2026-09-16,0.1811,,2026-09-16T12:16:05.822121+00:00,"{'symbol': 'PEVE.JK', 'free_float': 0.1811, 'company_name': 'PT Penta Valent Tbk'}"
FWCT.JK,2026-09-16,0.1803,,2026-09-16T12:16:05.822121+00:00,"{'symbol': 'FWCT.JK', 'free_float': 0.1803, 'company_name': 'PT Wijaya Cahaya Timber Tbk'}"
IFII.JK,2026-09-16,0.1802,,2026-09-16T12:16:05.822121+00:00,"{'symbol': 'IFII.JK', 'free_float': 0.1802, 'company_name': 'PT Indonesia Fibreboard Industry Tbk'}"
BOAT.JK,2026-09-16,0.1801,,2026-09-16T12:16:05.822121+00:00,"{'symbol': 'BOAT.JK', 'free_float': 0.1801, 'company_name': 'PT Newport Marine Services Tbk'}"
ULTJ.JK,2026-09-16,0.1792,,2026-09-16T12:16:05.822121+00:00,"{'symbol': 'ULTJ.JK', 'free_float': 0.1792, 'company_name': 'PT Ultrajaya Milk Industry & Trading Company Tbk'}"
ARTA.JK,2026-09-16,0.1787,,2026-09-16T12:16:05.822121+00:00,"{'symbol': 'ARTA.JK', 'free_float': 0.1787, 'company_name': 'Arthavest Tbk'}"
PZZA.JK,2026-09-16,0.178,,2026-09-16T12:16:05.822121+00:00,"{'symbol': 'PZZA.JK', 'free_float': 0.178, 'company_name': 'PT Sarimelati Kencana Tbk'}"
EKAD.JK,2026-09-16,0.1774,,2026-09-16T12:16:05.822121+00:00,"{'symbol': 'EKAD.JK', 'free_float': 0.1774, 'company_name': 'Ekadharma International Tbk'}"
DMAS.JK,2026-09-16,0.1772,,2026-09-16T12:16:05.822121+00:00,"{'symbol': 'DMAS.JK', 'free_float': 0.1772, 'company_name': 'PT Puradelta Lestari Tbk'}"
BACH.JK,2026-09-16,0.1771,,2026-09-16T12:16:05.822121+00:00,"{'symbol': 'BACH.JK', 'free_float': 0.1771, 'company_name': 'PT Bach Multi Global Tbk'}"
PGJO.JK,2026-09-16,0.177,,2026-09-16T12:16:05.822121+00:00,"{'symbol': 'PGJO.JK', 'free_float': 0.177, 'company_name': 'PT Bahtera Bumi Raya Tbk'}"
WINE.JK,2026-09-16,0.1768,,2026-09-16T12:16:05.822121+00:00,"{'symbol': 'WINE.JK', 'free_float': 0.1768, 'company_name': 'PT Hatten Bali Tbk'}"
SRTG.JK,2026-09-16,0.17546,,2026-09-16T12:16:05.822121+00:00,"{'symbol': 'SRTG.JK', 'free_float': 0.17546, 'company_name': 'PT Saratoga Investama Sedaya Tbk'}"
AVIA.JK,2026-09-16,0.1752,,2026-09-16T12:16:05.822121+00:00,"{'symbol': 'AVIA.JK', 'free_float': 0.1752, 'company_name': 'PT Avia Avian Tbk'}"
MDLA.JK,2026-09-16,0.1751,,2026-09-16T12:16:05.822121+00:00,"{'symbol': 'MDLA.JK', 'free_float': 0.1751, 'company_name': 'PT Medela Potentia Tbk'}"
MBSS.JK,2026-09-16,0.175,,2026-09-16T12:16:05.822121+00:00,"{'symbol': 'MBSS.JK', 'free_float': 0.175, 'company_name': 'Mitrabahtera Segara Sejati Tbk'}"
SATU.JK,2026-09-16,0.1737,,2026-09-16T12:16:05.822121+00:00,"{'symbol': 'SATU.JK', 'free_float': 0.1737, 'company_name': 'PT Kota Satu Properti Tbk'}"
HRUM.JK,2026-09-16,0.17273,,2026-09-16T12:16:05.822121+00:00,"{'symbol': 'HRUM.JK', 'free_float': 0.17273, 'company_name': 'Harum Energy Tbk'}"
KBLM.JK,2026-09-16,0.1727,,2026-09-16T12:16:05.822121+00:00,"{'symbol': 'KBLM.JK', 'free_float': 0.1727, 'company_name': 'Kabelindo Murni Tbk'}"
APLN.JK,2026-09-16,0.17254,,2026-09-16T12:16:05.822121+00:00,"{'symbol': 'APLN.JK', 'free_float': 0.17254, 'company_name': 'PT Agung Podomoro Land Tbk.'}"
SRAJ.JK,2026-09-16,0.17232,,2026-09-16T12:16:05.822121+00:00,"{'symbol': 'SRAJ.JK', 'free_float': 0.17232, 'company_name': 'Sejahteraraya Anugrahjaya Tbk'}"
ASRM.JK,2026-09-16,0.1711,,2026-09-16T12:16:05.822121+00:00,"{'symbol': 'ASRM.JK', 'free_float': 0.1711, 'company_name': 'Asuransi Ramayana Tbk'}"
PDES.JK,2026-09-16,0.1709,,2026-09-16T12:16:05.822121+00:00,"{'symbol': 'PDES.JK', 'free_float': 0.1709, 'company_name': 'Destinasi Tirta Nusantara Tbk'}"
DAAZ.JK,2026-09-16,0.1704,,2026-09-16T12:16:05.822121+00:00,"{'symbol': 'DAAZ.JK', 'free_float': 0.1704, 'company_name': 'PT Daaz Bara Lestari Tbk'}"
PTIS.JK,2026-09-16,0.1701,,2026-09-16T12:16:05.822121+00:00,"{'symbol': 'PTIS.JK', 'free_float': 0.1701, 'company_name': 'Indo Straits Tbk'}"
ELPI.JK,2026-09-16,0.1698,,2026-09-16T12:16:05.822121+00:00,"{'symbol': 'ELPI.JK', 'free_float': 0.1698, 'company_name': 'PT Pelayaran Nasional Ekalya Purnamasari Tbk'}"
TAPG.JK,2026-09-16,0.16936,,2026-09-16T12:16:05.822121+00:00,"{'symbol': 'TAPG.JK', 'free_float': 0.16936, 'company_name': 'PT Triputra Agro Persada Tbk'}"
CANI.JK,2026-09-16,0.169,,2026-09-16T12:16:05.822121+00:00,"{'symbol': 'CANI.JK', 'free_float': 0.169, 'company_name': 'PT Capitol Nusantara Indonesia Tbk.'}"
SDPC.JK,2026-09-16,0.1685,,2026-09-16T12:16:05.822121+00:00,"{'symbol': 'SDPC.JK', 'free_float': 0.1685, 'company_name': 'Millennium Pharmacon International Tbk'}"
SKLT.JK,2026-09-16,0.168,,2026-09-16T12:16:05.822121+00:00,"{'symbol': 'SKLT.JK', 'free_float': 0.168, 'company_name': 'Sekar Laut Tbk'}"
SAMF.JK,2026-09-16,0.1672,,2026-09-16T12:16:05.822121+00:00,"{'symbol': 'SAMF.JK', 'free_float': 0.1672, 'company_name': 'PT Saraswanti Anugerah Makmur Tbk'}"
SMBR.JK,2026-09-16,0.16596,,2026-09-16T12:16:05.822121+00:00,"{'symbol': 'SMBR.JK', 'free_float': 0.16596, 'company_name': 'PT Semen Baturaja Tbk'}"
HGII.JK,2026-09-16,0.1635,,2026-09-16T12:16:05.822121+00:00,"{'symbol': 'HGII.JK', 'free_float': 0.1635, 'company_name': 'PT Hero Global Investment Tbk'}"
ISAT.JK,2026-09-16,0.16331,,2026-09-16T12:16:05.822121+00:00,"{'symbol': 'ISAT.JK', 'free_float': 0.16331, 'company_name': 'PT Indosat Tbk'}"
PANI.JK,2026-09-16,0.1625,,2026-09-16T12:16:05.822121+00:00,"{'symbol': 'PANI.JK', 'free_float': 0.1625, 'company_name': 'PT Pantai Indah Kapuk Dua Tbk.'}"
BRAM.JK,2026-09-16,0.1623,,2026-09-16T12:16:05.822121+00:00,"{'symbol': 'BRAM.JK', 'free_float': 0.1623, 'company_name': 'Indo Kordsa Tbk'}"
ALKA.JK,2026-09-16,0.16206,,2026-09-16T12:16:05.822121+00:00,"{'symbol': 'ALKA.JK', 'free_float': 0.16206, 'company_name': 'Alakasa Industrindo Tbk'}"
PSSI.JK,2026-09-16,0.16144,,2026-09-16T12:16:05.822121+00:00,"{'symbol': 'PSSI.JK', 'free_float': 0.16144, 'company_name': 'PT IMC Pelita Logistik Tbk'}"
MPPA.JK,2026-09-16,0.16053,,2026-09-16T12:16:05.822121+00:00,"{'symbol': 'MPPA.JK', 'free_float': 0.16053, 'company_name': 'Matahari Putra Prima Tbk'}"
BBKP.JK,2026-09-16,0.16021,,2026-09-16T12:16:05.822121+00:00,"{'symbol': 'BBKP.JK', 'free_float': 0.16021, 'company_name': 'PT Bank KB Indonesia Tbk'}"
POLA.JK,2026-09-16,0.1599,,2026-09-16T12:16:05.822121+00:00,"{'symbol': 'POLA.JK', 'free_float': 0.1599, 'company_name': 'PT Pool Advista Finance Tbk'}"
ARCI.JK,2026-09-16,0.1588,,2026-09-16T12:16:05.822121+00:00,"{'symbol': 'ARCI.JK', 'free_float': 0.1588, 'company_name': 'PT Archi Indonesia Tbk'}"
PBSA.JK,2026-09-16,0.1578,,2026-09-16T12:16:05.822121+00:00,"{'symbol': 'PBSA.JK', 'free_float': 0.1578, 'company_name': 'PT Paramita Bangun Sarana Tbk'}"
BESS.JK,2026-09-16,0.1557,,2026-09-16T12:16:05.822121+00:00,"{'symbol': 'BESS.JK', 'free_float': 0.1557, 'company_name': 'PT Batulicin Nusantara Maritim Tbk.'}"
LFLO.JK,2026-09-16,0.1557,,2026-09-16T12:16:05.822121+00:00,"{'symbol': 'LFLO.JK', 'free_float': 0.1557, 'company_name': 'PT Imago Mulia Persada Tbk'}"
TMAS.JK,2026-09-16,0.1556,,2026-09-16T12:16:05.822121+00:00,"{'symbol': 'TMAS.JK', 'free_float': 0.1556, 'company_name': 'PT Temas Tbk'}"
RONY.JK,2026-09-16,0.1555,,2026-09-16T12:16:05.822121+00:00,"{'symbol': 'RONY.JK', 'free_float': 0.1555, 'company_name': 'PT Aracord Nusantara Group Tbk'}"
KDSI.JK,2026-09-16,0.15525,,2026-09-16T12:16:05.822121+00:00,"{'symbol': 'KDSI.JK', 'free_float': 0.15525, 'company_name': 'Kedawung Setia Industrial Tbk'}"
IRRA.JK,2026-09-16,0.1545,,2026-09-16T12:16:05.822121+00:00,"{'symbol': 'IRRA.JK', 'free_float': 0.1545, 'company_name': 'PT Itama Ranoraya Tbk'}"
DLTA.JK,2026-09-16,0.1542,,2026-09-16T12:16:05.822121+00:00,"{'symbol': 'DLTA.JK', 'free_float': 0.1542, 'company_name': 'Delta Djakarta Tbk'}"
ASDM.JK,2026-09-16,0.154,,2026-09-16T12:16:05.822121+00:00,"{'symbol': 'ASDM.JK', 'free_float': 0.154, 'company_name': 'Asuransi Dayin Mitra Tbk'}"
SSTM.JK,2026-09-16,0.15398,,2026-09-16T12:16:05.822121+00:00,"{'symbol': 'SSTM.JK', 'free_float': 0.15398, 'company_name': 'Sunson Textile Manufacturer Tbk'}"
SMIL.JK,2026-09-16,0.1539,,2026-09-16T12:16:05.822121+00:00,"{'symbol': 'SMIL.JK', 'free_float': 0.1539, 'company_name': 'PT Sarana Mitra Luas Tbk'}"
CSIS.JK,2026-09-16,0.1536,,2026-09-16T12:16:05.822121+00:00,"{'symbol': 'CSIS.JK', 'free_float': 0.1536, 'company_name': 'PT Cahayasakti Investindo Sukses Tbk'}"
ASBI.JK,2026-09-16,0.1533,,2026-09-16T12:16:05.822121+00:00,"{'symbol': 'ASBI.JK', 'free_float': 0.1533, 'company_name': 'Asuransi Bintang Tbk'}"
SILO.JK,2026-09-16,0.1524,,2026-09-16T12:16:05.822121+00:00,"{'symbol': 'SILO.JK', 'free_float': 0.1524, 'company_name': 'PT Siloam International Hospitals Tbk'}"
ZONE.JK,2026-09-16,0.1523,,2026-09-16T12:16:05.822121+00:00,"{'symbol': 'ZONE.JK', 'free_float': 0.1523, 'company_name': 'PT Mega Perintis Tbk'}"
DNET.JK,2026-09-16,0.1522,,2026-09-16T12:16:05.822121+00:00,"{'symbol': 'DNET.JK', 'free_float': 0.1522, 'company_name': 'PT Indoritel Makmur Internasional Tbk'}"
ALII.JK,2026-09-16,0.1521,,2026-09-16T12:16:05.822121+00:00,"{'symbol': 'ALII.JK', 'free_float': 0.1521, 'company_name': 'PT Ancara Logistics Indonesia Tbk'}"
GTSI.JK,2026-09-16,0.152,,2026-09-16T12:16:05.822121+00:00,"{'symbol': 'GTSI.JK', 'free_float': 0.152, 'company_name': 'PT GTS Internasional Tbk'}"
CRAB.JK,2026-09-16,0.152,,2026-09-16T12:16:05.822121+00:00,"{'symbol': 'CRAB.JK', 'free_float': 0.152, 'company_name': 'PT Toba Surimi Industries Tbk'}"
SAME.JK,2026-09-16,0.1517,,2026-09-16T12:16:05.822121+00:00,"{'symbol': 'SAME.JK', 'free_float': 0.1517, 'company_name': 'Sarana Meditama Metropolitan Tbk'}"
FORE.JK,2026-09-16,0.15162,,2026-09-16T12:16:05.822121+00:00,"{'symbol': 'FORE.JK', 'free_float': 0.15162, 'company_name': 'PT Fore Kopi Indonesia Tbk'}"
PNBN.JK,2026-09-16,0.1508,,2026-09-16T12:16:05.822121+00:00,"{'symbol': 'PNBN.JK', 'free_float': 0.1508, 'company_name': 'Bank Pan Indonesia Tbk'}"
VINS.JK,2026-09-16,0.1507,,2026-09-16T12:16:05.822121+00:00,"{'symbol': 'VINS.JK', 'free_float': 0.1507, 'company_name': 'PT Victoria Insurance Tbk'}"
MLPT.JK,2026-09-16,0.1505,,2026-09-16T12:16:05.822121+00:00,"{'symbol': 'MLPT.JK', 'free_float': 0.1505, 'company_name': 'PT Multipolar Technology Tbk'}"
BSBK.JK,2026-09-16,0.1505,,2026-09-16T12:16:05.822121+00:00,"{'symbol': 'BSBK.JK', 'free_float': 0.1505, 'company_name': 'PT Wulandari Bangun Laksana Tbk'}"
PSAT.JK,2026-09-16,0.15,,2026-09-16T12:16:05.822121+00:00,"{'symbol': 'PSAT.JK', 'free_float': 0.15, 'company_name': 'PT Pancaran Samudera Transport Tbk'}"
PDPP.JK,2026-09-16,0.15,,2026-09-16T12:16:05.822121+00:00,"{'symbol': 'PDPP.JK', 'free_float': 0.15, 'company_name': 'PT Primadaya Plastisindo Tbk'}"
POLL.JK,2026-09-16,0.15,,2026-09-16T12:16:05.822121+00:00,"{'symbol': 'POLL.JK', 'free_float': 0.15, 'company_name': 'PT Pollux Properties Indonesia Tbk'}"
GDYR.JK,2026-09-16,0.15,,2026-09-16T12:16:05.822121+00:00,"{'symbol': 'GDYR.JK', 'free_float': 0.15, 'company_name': 'Goodyear Indonesia Tbk'}"
MSTI.JK,2026-09-16,0.14997,,2026-09-16T12:16:05.822121+00:00,"{'symbol': 'MSTI.JK', 'free_float': 0.14997, 'company_name': 'PT Mastersystem Infotama Tbk'}"
ABMM.JK,2026-09-16,0.14992,,2026-09-16T12:16:05.822121+00:00,"{'symbol': 'ABMM.JK', 'free_float': 0.14992, 'company_name': 'ABM Investama Tbk'}"
TRIS.JK,2026-09-16,0.1498,,2026-09-16T12:16:05.822121+00:00,"{'symbol': 'TRIS.JK', 'free_float': 0.1498, 'company_name': 'Trisula International Tbk'}"
SHID.JK,2026-09-16,0.14925,,2026-09-16T12:16:05.822121+00:00,"{'symbol': 'SHID.JK', 'free_float': 0.14925, 'company_name': 'Hotel Sahid Jaya Tbk'}"
DGWG.JK,2026-09-16,0.1491,,2026-09-16T12:16:05.822121+00:00,"{'symbol': 'DGWG.JK', 'free_float': 0.1491, 'company_name': 'PT Delta Giri Wacana Tbk'}"
BCIC.JK,2026-09-16,0.149,,2026-09-16T12:16:05.822121+00:00,"{'symbol': 'BCIC.JK', 'free_float': 0.149, 'company_name': 'PT Bank JTrust Indonesia Tbk.'}"
NISP.JK,2026-09-16,0.14898,,2026-09-16T12:16:05.822121+00:00,"{'symbol': 'NISP.JK', 'free_float': 0.14898, 'company_name': 'PT Bank OCBC NISP Tbk'}"
JRPT.JK,2026-09-16,0.1481,,2026-09-16T12:16:05.822121+00:00,"{'symbol': 'JRPT.JK', 'free_float': 0.1481, 'company_name': 'Jaya Real Property Tbk'}"
PURI.JK,2026-09-16,0.1473,,2026-09-16T12:16:05.822121+00:00,"{'symbol': 'PURI.JK', 'free_float': 0.1473, 'company_name': 'PT Puri Global Sukses Tbk'}"
SPMA.JK,2026-09-16,0.1469,,2026-09-16T12:16:05.822121+00:00,"{'symbol': 'SPMA.JK', 'free_float': 0.1469, 'company_name': 'Suparma Tbk'}"
OMED.JK,2026-09-16,0.1466,,2026-09-16T12:16:05.822121+00:00,"{'symbol': 'OMED.JK', 'free_float': 0.1466, 'company_name': 'PT Jayamas Medica Industri Tbk'}"
VICI.JK,2026-09-16,0.1465,,2026-09-16T12:16:05.822121+00:00,"{'symbol': 'VICI.JK', 'free_float': 0.1465, 'company_name': 'PT Victoria Care Indonesia Tbk'}"
POWR.JK,2026-09-16,0.1465,,2026-09-16T12:16:05.822121+00:00,"{'symbol': 'POWR.JK', 'free_float': 0.1465, 'company_name': 'PT Cikarang Listrindo Tbk'}"
HRME.JK,2026-09-16,0.14605,,2026-09-16T12:16:05.822121+00:00,"{'symbol': 'HRME.JK', 'free_float': 0.14605, 'company_name': 'PT Menteng Heritage Realty Tbk'}"
NIKL.JK,2026-09-16,0.146,,2026-09-16T12:16:05.822121+00:00,"{'symbol': 'NIKL.JK', 'free_float': 0.146, 'company_name': 'Pelat Timah Nusantara Tbk'}"
UFOE.JK,2026-09-16,0.146,,2026-09-16T12:16:05.822121+00:00,"{'symbol': 'UFOE.JK', 'free_float': 0.146, 'company_name': 'PT Damai Sejahtera Abadi Tbk'}"
BKDP.JK,2026-09-16,0.1459,,2026-09-16T12:16:05.822121+00:00,"{'symbol': 'BKDP.JK', 'free_float': 0.1459, 'company_name': 'Bukit Darmo Property Tbk'}"
SIMP.JK,2026-09-16,0.1459,,2026-09-16T12:16:05.822121+00:00,"{'symbol': 'SIMP.JK', 'free_float': 0.1459, 'company_name': 'Salim Ivomas Pratama Tbk'}"
UNVR.JK,2026-09-16,0.1457,,2026-09-16T12:16:05.822121+00:00,"{'symbol': 'UNVR.JK', 'free_float': 0.1457, 'company_name': 'Unilever Indonesia Tbk'}"
HELI.JK,2026-09-16,0.1456,,2026-09-16T12:16:05.822121+00:00,"{'symbol': 'HELI.JK', 'free_float': 0.1456, 'company_name': 'PT Jaya Trishindo Tbk'}"
ADMR.JK,2026-09-16,0.14552,,2026-09-16T12:16:05.822121+00:00,"{'symbol': 'ADMR.JK', 'free_float': 0.14552, 'company_name': 'PT Alamtri Minerals Indonesia Tbk'}"
NEST.JK,2026-09-16,0.1449,,2026-09-16T12:16:05.822121+00:00,"{'symbol': 'NEST.JK', 'free_float': 0.1449, 'company_name': 'PT Esta Indonesia Tbk'}"
RLCO.JK,2026-09-16,0.1428,,2026-09-16T12:16:05.822121+00:00,"{'symbol': 'RLCO.JK', 'free_float': 0.1428, 'company_name': 'PT Abadi Lestari Indonesia Tbk'}"
SURI.JK,2026-09-16,0.1424,,2026-09-16T12:16:05.822121+00:00,"{'symbol': 'SURI.JK', 'free_float': 0.1424, 'company_name': 'PT Maja Agung Latexindo Tbk'}"
RODA.JK,2026-09-16,0.14197,,2026-09-16T12:16:05.822121+00:00,"{'symbol': 'RODA.JK', 'free_float': 0.14197, 'company_name': 'Pikko Land Development Tbk'}"
MYOR.JK,2026-09-16,0.1419,,2026-09-16T12:16:05.822121+00:00,"{'symbol': 'MYOR.JK', 'free_float': 0.1419, 'company_name': 'Mayora Indah Tbk'}"
TFCO.JK,2026-09-16,0.1418,,2026-09-16T12:16:05.822121+00:00,"{'symbol': 'TFCO.JK', 'free_float': 0.1418, 'company_name': 'Tifico Fiber Indonesia Tbk'}"
CASH.JK,2026-09-16,0.14139,,2026-09-16T12:16:05.822121+00:00,"{'symbol': 'CASH.JK', 'free_float': 0.14139, 'company_name': 'PT Cashlez Worldwide Indonesia Tbk.'}"
NOBU.JK,2026-09-16,0.141,,2026-09-16T12:16:05.822121+00:00,"{'symbol': 'NOBU.JK', 'free_float': 0.141, 'company_name': 'PT Bank Nationalnobu Tbk'}"
BBHI.JK,2026-09-16,0.1402,,2026-09-16T12:16:05.822121+00:00,"{'symbol': 'BBHI.JK', 'free_float': 0.1402, 'company_name': 'PT Allo Bank Indonesia Tbk'}"
ADMG.JK,2026-09-16,0.14,,2026-09-16T12:16:05.822121+00:00,"{'symbol': 'ADMG.JK', 'free_float': 0.14, 'company_name': 'Polychem Indonesia Tbk'}"
CEKA.JK,2026-09-16,0.14,,2026-09-16T12:16:05.822121+00:00,"{'symbol': 'CEKA.JK', 'free_float': 0.14, 'company_name': 'PT Wilmar Cahaya Indonesia Tbk.'}"
BMAS.JK,2026-09-16,0.1397,,2026-09-16T12:16:05.822121+00:00,"{'symbol': 'BMAS.JK', 'free_float': 0.1397, 'company_name': 'PT Bank Maspion Indonesia Tbk.'}"
UANG.JK,2026-09-16,0.1393,,2026-09-16T12:16:05.822121+00:00,"{'symbol': 'UANG.JK', 'free_float': 0.1393, 'company_name': 'PT Pakuan Tbk'}"
PBID.JK,2026-09-16,0.1387,,2026-09-16T12:16:05.822121+00:00,"{'symbol': 'PBID.JK', 'free_float': 0.1387, 'company_name': 'PT Panca Budi Idaman Tbk'}"
AMFG.JK,2026-09-16,0.1384,,2026-09-16T12:16:05.822121+00:00,"{'symbol': 'AMFG.JK', 'free_float': 0.1384, 'company_name': 'Asahimas Flat Glass Tbk'}"
RELI.JK,2026-09-16,0.13798,,2026-09-16T12:16:05.822121+00:00,"{'symbol': 'RELI.JK', 'free_float': 0.13798, 'company_name': 'Reliance Sekuritas Indonesia Tbk'}"
BOLT.JK,2026-09-16,0.1377,,2026-09-16T12:16:05.822121+00:00,"{'symbol': 'BOLT.JK', 'free_float': 0.1377, 'company_name': 'PT Garuda Metalindo Tbk.'}"
NCKL.JK,2026-09-16,0.1375,,2026-09-16T12:16:05.822121+00:00,"{'symbol': 'NCKL.JK', 'free_float': 0.1375, 'company_name': 'PT Trimegah Bangun Persada Tbk'}"
TBMS.JK,2026-09-16,0.1372,,2026-09-16T12:16:05.822121+00:00,"{'symbol': 'TBMS.JK', 'free_float': 0.1372, 'company_name': 'Tembaga Mulia Semanan Tbk'}"
GGRP.JK,2026-09-16,0.13493,,2026-09-16T12:16:05.822121+00:00,"{'symbol': 'GGRP.JK', 'free_float': 0.13493, 'company_name': 'PT Gunung Raja Paksi Tbk'}"
IPOL.JK,2026-09-16,0.1344,,2026-09-16T12:16:05.822121+00:00,"{'symbol': 'IPOL.JK', 'free_float': 0.1344, 'company_name': 'Indopoly Swakarsa Industry Tbk'}"
KINO.JK,2026-09-16,0.1343,,2026-09-16T12:16:05.822121+00:00,"{'symbol': 'KINO.JK', 'free_float': 0.1343, 'company_name': 'PT Kino Indonesia Tbk'}"
HATM.JK,2026-09-16,0.1339,,2026-09-16T12:16:05.822121+00:00,"{'symbol': 'HATM.JK', 'free_float': 0.1339, 'company_name': 'PT Habco Trans Maritima Tbk'}"
JARR.JK,2026-09-16,0.1336,,2026-09-16T12:16:05.822121+00:00,"{'symbol': 'JARR.JK', 'free_float': 0.1336, 'company_name': 'PT Jhonlin Agro Raya Tbk'}"
MERK.JK,2026-09-16,0.1335,,2026-09-16T12:16:05.822121+00:00,"{'symbol': 'MERK.JK', 'free_float': 0.1335, 'company_name': 'Merck Tbk'}"
BELL.JK,2026-09-16,0.1328,,2026-09-16T12:16:05.822121+00:00,"{'symbol': 'BELL.JK', 'free_float': 0.1328, 'company_name': 'PT Trisula Textile Industries Tbk'}"
GHON.JK,2026-09-16,0.13268,,2026-09-16T12:16:05.822121+00:00,"{'symbol': 'GHON.JK', 'free_float': 0.13268, 'company_name': 'PT Gihon Telekomunikasi Indonesia Tbk'}"
ABDA.JK,2026-09-16,0.1325,,2026-09-16T12:16:05.822121+00:00,"{'symbol': 'ABDA.JK', 'free_float': 0.1325, 'company_name': 'Asuransi Bina Dana Arta Tbk'}"
MTEL.JK,2026-09-16,0.13121,,2026-09-16T12:16:05.822121+00:00,"{'symbol': 'MTEL.JK', 'free_float': 0.13121, 'company_name': 'PT Dayamitra Telekomunikasi Tbk'}"
PSGO.JK,2026-09-16,0.1312,,2026-09-16T12:16:05.822121+00:00,"{'symbol': 'PSGO.JK', 'free_float': 0.1312, 'company_name': 'PT Palma Serasih Tbk'}"
URBN.JK,2026-09-16,0.1306,,2026-09-16T12:16:05.822121+00:00,"{'symbol': 'URBN.JK', 'free_float': 0.1306, 'company_name': 'PT Urban Jakarta Propertindo Tbk'}"
MINE.JK,2026-09-16,0.1298,,2026-09-16T12:16:05.822121+00:00,"{'symbol': 'MINE.JK', 'free_float': 0.1298, 'company_name': 'PT Sinar Terang Mandiri Tbk'}"
LMPI.JK,2026-09-16,0.12864,,2026-09-16T12:16:05.822121+00:00,"{'symbol': 'LMPI.JK', 'free_float': 0.12864, 'company_name': 'Langgeng Makmur Industri Tbk'}"
AGRO.JK,2026-09-16,0.12846,,2026-09-16T12:16:05.822121+00:00,"{'symbol': 'AGRO.JK', 'free_float': 0.12846, 'company_name': 'PT Bank Raya Indonesia Tbk'}"
SMKL.JK,2026-09-16,0.1278,,2026-09-16T12:16:05.822121+00:00,"{'symbol': 'SMKL.JK', 'free_float': 0.1278, 'company_name': 'PT Satyamitra Kemas Lestari Tbk'}"
MAPI.JK,2026-09-16,0.1276,,2026-09-16T12:16:05.822121+00:00,"{'symbol': 'MAPI.JK', 'free_float': 0.1276, 'company_name': 'Mitra Adiperkasa Tbk'}"
INTD.JK,2026-09-16,0.1275,,2026-09-16T12:16:05.822121+00:00,"{'symbol': 'INTD.JK', 'free_float': 0.1275, 'company_name': 'Inter-Delta Tbk'}"
APLI.JK,2026-09-16,0.127,,2026-09-16T12:16:05.822121+00:00,"{'symbol': 'APLI.JK', 'free_float': 0.127, 'company_name': 'Asiaplast Industries Tbk'}"
BREN.JK,2026-09-16,0.12693,,2026-09-16T12:16:05.822121+00:00,"{'symbol': 'BREN.JK', 'free_float': 0.12693, 'company_name': 'PT Barito Renewables Energy Tbk.'}"
BABP.JK,2026-09-16,0.1267,,2026-09-16T12:16:05.822121+00:00,"{'symbol': 'BABP.JK', 'free_float': 0.1267, 'company_name': 'PT Bank MNC Internasional Tbk.'}"
ECII.JK,2026-09-16,0.1266,,2026-09-16T12:16:05.822121+00:00,"{'symbol': 'ECII.JK', 'free_float': 0.1266, 'company_name': 'PT Electronic City Indonesia Tbk'}"
HYGN.JK,2026-09-16,0.1263,,2026-09-16T12:16:05.822121+00:00,"{'symbol': 'HYGN.JK', 'free_float': 0.1263, 'company_name': 'PT Ecocare Indo Pasifik Tbk'}"
CMNT.JK,2026-09-16,0.1263,,2026-09-16T12:16:05.822121+00:00,"{'symbol': 'CMNT.JK', 'free_float': 0.1263, 'company_name': 'PT Cemindo Gemilang Tbk'}"
SUPA.JK,2026-09-16,0.12583,,2026-09-16T12:16:05.822121+00:00,"{'symbol': 'SUPA.JK', 'free_float': 0.12583, 'company_name': 'PT Super Bank Indonesia Tbk'}"
MDIA.JK,2026-09-16,0.12543,,2026-09-16T12:16:05.822121+00:00,"{'symbol': 'MDIA.JK', 'free_float': 0.12543, 'company_name': 'PT Intermedia Capital Tbk'}"
BATA.JK,2026-09-16,0.12466,,2026-09-16T12:16:05.822121+00:00,"{'symbol': 'BATA.JK', 'free_float': 0.12466, 'company_name': 'Sepatu Bata Tbk'}"
HALO.JK,2026-09-16,0.1238,,2026-09-16T12:16:05.822121+00:00,"{'symbol': 'HALO.JK', 'free_float': 0.1238, 'company_name': 'PT Haloni Jane Tbk'}"
INDO.JK,2026-09-16,0.1235,,2026-09-16T12:16:05.822121+00:00,"{'symbol': 'INDO.JK', 'free_float': 0.1235, 'company_name': 'PT Royalindo Investa Wijaya Tbk'}"
IPCM.JK,2026-09-16,0.123,,2026-09-16T12:16:05.822121+00:00,"{'symbol': 'IPCM.JK', 'free_float': 0.123, 'company_name': 'PT Jasa Armada Indonesia Tbk'}"
BNII.JK,2026-09-16,0.1229,,2026-09-16T12:16:05.822121+00:00,"{'symbol': 'BNII.JK', 'free_float': 0.1229, 'company_name': 'PT Bank Maybank Indonesia Tbk'}"
CBDK.JK,2026-09-16,0.122,,2026-09-16T12:16:05.822121+00:00,"{'symbol': 'CBDK.JK', 'free_float': 0.122, 'company_name': 'PT Bangun Kosambi Sukses Tbk'}"
PSDN.JK,2026-09-16,0.12179,,2026-09-16T12:16:05.822121+00:00,"{'symbol': 'PSDN.JK', 'free_float': 0.12179, 'company_name': 'Prasidha Aneka Niaga Tbk'}"
IMAS.JK,2026-09-16,0.1209,,2026-09-16T12:16:05.822121+00:00,"{'symbol': 'IMAS.JK', 'free_float': 0.1209, 'company_name': 'Indomobil Sukses Internasional Tbk'}"
GEMS.JK,2026-09-16,0.1201,,2026-09-16T12:16:05.822121+00:00,"{'symbol': 'GEMS.JK', 'free_float': 0.1201, 'company_name': 'Golden Energy Mines Tbk'}"
BLUE.JK,2026-09-16,0.1197,,2026-09-16T12:16:05.822121+00:00,"{'symbol': 'BLUE.JK', 'free_float': 0.1197, 'company_name': 'PT Berkah Prima Perkasa Tbk'}"
NETV.JK,2026-09-16,0.1195,,2026-09-16T12:16:05.822121+00:00,"{'symbol': 'NETV.JK', 'free_float': 0.1195, 'company_name': 'PT MDTV Media Technologies Tbk'}"
RANC.JK,2026-09-16,0.1177,,2026-09-16T12:16:05.822121+00:00,"{'symbol': 'RANC.JK', 'free_float': 0.1177, 'company_name': 'Supra Boga Lestari Tbk'}"
FMII.JK,2026-09-16,0.1175,,2026-09-16T12:16:05.822121+00:00,"{'symbol': 'FMII.JK', 'free_float': 0.1175, 'company_name': 'Fortune Mate Indonesia Tbk'}"
AWAN.JK,2026-09-16,0.11731,,2026-09-16T12:16:05.822121+00:00,"{'symbol': 'AWAN.JK', 'free_float': 0.11731, 'company_name': 'PT Era Digital Media Tbk'}"
FORU.JK,2026-09-16,0.1164,,2026-09-16T12:16:05.822121+00:00,"{'symbol': 'FORU.JK', 'free_float': 0.1164, 'company_name': 'Fortune Indonesia Tbk'}"
CASS.JK,2026-09-16,0.11635,,2026-09-16T12:16:05.822121+00:00,"{'symbol': 'CASS.JK', 'free_float': 0.11635, 'company_name': 'Cahaya Aero Services Tbk'}"
OCAP.JK,2026-09-16,0.11615,,2026-09-16T12:16:05.822121+00:00,"{'symbol': 'OCAP.JK', 'free_float': 0.11615, 'company_name': 'Onix Capital Tbk'}"
SMMT.JK,2026-09-16,0.1161,,2026-09-16T12:16:05.822121+00:00,"{'symbol': 'SMMT.JK', 'free_float': 0.1161, 'company_name': 'Golden Eagle Energy Tbk'}"
GOLF.JK,2026-09-16,0.1151,,2026-09-16T12:16:05.822121+00:00,"{'symbol': 'GOLF.JK', 'free_float': 0.1151, 'company_name': 'PT Intra GolfLink Resorts Tbk'}"
INDS.JK,2026-09-16,0.1148,,2026-09-16T12:16:05.822121+00:00,"{'symbol': 'INDS.JK', 'free_float': 0.1148, 'company_name': 'Indospring Tbk'}"
POLU.JK,2026-09-16,0.11458,,2026-09-16T12:16:05.822121+00:00,"{'symbol': 'POLU.JK', 'free_float': 0.11458, 'company_name': 'PT Golden Flower Tbk'}"
CAKK.JK,2026-09-16,0.11357,,2026-09-16T12:16:05.822121+00:00,"{'symbol': 'CAKK.JK', 'free_float': 0.11357, 'company_name': 'PT Cahayaputra Asa Keramik Tbk.'}"
CTBN.JK,2026-09-16,0.1132,,2026-09-16T12:16:05.822121+00:00,"{'symbol': 'CTBN.JK', 'free_float': 0.1132, 'company_name': 'Citra Tubindo Tbk'}"
KOPI.JK,2026-09-16,0.1115,,2026-09-16T12:16:05.822121+00:00,"{'symbol': 'KOPI.JK', 'free_float': 0.1115, 'company_name': 'PT Mitra Energi Persada Tbk'}"
AMAG.JK,2026-09-16,0.11121,,2026-09-16T12:16:05.822121+00:00,"{'symbol': 'AMAG.JK', 'free_float': 0.11121, 'company_name': 'Asuransi Multi Artha Guna Tbk'}"
IGAR.JK,2026-09-16,0.1112,,2026-09-16T12:16:05.822121+00:00,"{'symbol': 'IGAR.JK', 'free_float': 0.1112, 'company_name': 'Champion Pacific Indonesia Tbk'}"
PGEO.JK,2026-09-16,0.11073,,2026-09-16T12:16:05.822121+00:00,"{'symbol': 'PGEO.JK', 'free_float': 0.11073, 'company_name': 'PT Pertamina Geothermal Energy Tbk'}"
LPCK.JK,2026-09-16,0.11,,2026-09-16T12:16:05.822121+00:00,"{'symbol': 'LPCK.JK', 'free_float': 0.11, 'company_name': 'Lippo Cikarang Tbk'}"
AMAN.JK,2026-09-16,0.1097,,2026-09-16T12:16:05.822121+00:00,"{'symbol': 'AMAN.JK', 'free_float': 0.1097, 'company_name': 'PT Makmur Berkah Amanda Tbk.'}"
IDPR.JK,2026-09-16,0.10961,,2026-09-16T12:16:05.822121+00:00,"{'symbol': 'IDPR.JK', 'free_float': 0.10961, 'company_name': 'PT Indonesia Pondasi Raya Tbk'}"
BNLI.JK,2026-09-16,0.1088,,2026-09-16T12:16:05.822121+00:00,"{'symbol': 'BNLI.JK', 'free_float': 0.1088, 'company_name': 'Bank Permata Tbk'}"
TRJA.JK,2026-09-16,0.1087,,2026-09-16T12:16:05.822121+00:00,"{'symbol': 'TRJA.JK', 'free_float': 0.1087, 'company_name': 'PT Transkon Jaya Tbk'}"
MLBI.JK,2026-09-16,0.1068,,2026-09-16T12:16:05.822121+00:00,"{'symbol': 'MLBI.JK', 'free_float': 0.1068, 'company_name': 'Multi Bintang Indonesia Tbk'}"
CSAP.JK,2026-09-16,0.10655,,2026-09-16T12:16:05.822121+00:00,"{'symbol': 'CSAP.JK', 'free_float': 0.10655, 'company_name': 'Catur Sentosa Adiprana Tbk'}"
KEJU.JK,2026-09-16,0.1065,,2026-09-16T12:16:05.822121+00:00,"{'symbol': 'KEJU.JK', 'free_float': 0.1065, 'company_name': 'PT Mulia Boga Raya Tbk'}"
SCMA.JK,2026-09-16,0.1058,,2026-09-16T12:16:05.822121+00:00,"{'symbol': 'SCMA.JK', 'free_float': 0.1058, 'company_name': 'Surya Citra Media Tbk'}"
KOBX.JK,2026-09-16,0.1055,,2026-09-16T12:16:05.822121+00:00,"{'symbol': 'KOBX.JK', 'free_float': 0.1055, 'company_name': 'Kobexindo Tractors Tbk'}"
FISH.JK,2026-09-16,0.1054,,2026-09-16T12:16:05.822121+00:00,"{'symbol': 'FISH.JK', 'free_float': 0.1054, 'company_name': 'FKS Multi Agro Tbk'}"
BBSS.JK,2026-09-16,0.10481,,2026-09-16T12:16:05.822121+00:00,"{'symbol': 'BBSS.JK', 'free_float': 0.10481, 'company_name': 'PT Bumi Benowo Sukses Sejahtera Tbk'}"
GOLD.JK,2026-09-16,0.10473,,2026-09-16T12:16:05.822121+00:00,"{'symbol': 'GOLD.JK', 'free_float': 0.10473, 'company_name': 'PT Visi Telekomunikasi Infrastruktur Tbk'}"
NICE.JK,2026-09-16,0.1038,,2026-09-16T12:16:05.822121+00:00,"{'symbol': 'NICE.JK', 'free_float': 0.1038, 'company_name': 'PT Adhi Kartiko Pratama Tbk'}"
GLOB.JK,2026-09-16,0.1031,,2026-09-16T12:16:05.822121+00:00,"{'symbol': 'GLOB.JK', 'free_float': 0.1031, 'company_name': 'PT Globe Kita Terang Tbk'}"
BPFI.JK,2026-09-16,0.1019,,2026-09-16T12:16:05.822121+00:00,"{'symbol': 'BPFI.JK', 'free_float': 0.1019, 'company_name': 'PT Woori Finance Indonesia Tbk'}"
KAEF.JK,2026-09-16,0.1018,,2026-09-16T12:16:05.822121+00:00,"{'symbol': 'KAEF.JK', 'free_float': 0.1018, 'company_name': 'Kimia Farma Tbk'}"
YPAS.JK,2026-09-16,0.1018,,2026-09-16T12:16:05.822121+00:00,"{'symbol': 'YPAS.JK', 'free_float': 0.1018, 'company_name': 'Yanaprima Hastapersada Tbk'}"
BPTR.JK,2026-09-16,0.1015,,2026-09-16T12:16:05.822121+00:00,"{'symbol': 'BPTR.JK', 'free_float': 0.1015, 'company_name': 'PT Batavia Prosperindo Trans Tbk.'}"
IFSH.JK,2026-09-16,0.1015,,2026-09-16T12:16:05.822121+00:00,"{'symbol': 'IFSH.JK', 'free_float': 0.1015, 'company_name': 'PT Ifishdeco Tbk'}"
BPII.JK,2026-09-16,0.1012,,2026-09-16T12:16:05.822121+00:00,"{'symbol': 'BPII.JK', 'free_float': 0.1012, 'company_name': 'PT Batavia Prosperindo Internasional Tbk.'}"
BUKK.JK,2026-09-16,0.10081,,2026-09-16T12:16:05.822121+00:00,"{'symbol': 'BUKK.JK', 'free_float': 0.10081, 'company_name': 'Bukaka Teknik Utama Tbk'}"
PTSN.JK,2026-09-16,0.1,,2026-09-16T12:16:05.822121+00:00,"{'symbol': 'PTSN.JK', 'free_float': 0.1, 'company_name': 'Sat Nusapersada Tbk'}"
YUPI.JK,2026-09-16,0.1,,2026-09-16T12:16:05.822121+00:00,"{'symbol': 'YUPI.JK', 'free_float': 0.1, 'company_name': 'PT Yupi Indo Jelly Gum Tbk'}"
ADCP.JK,2026-09-16,0.1,,2026-09-16T12:16:05.822121+00:00,"{'symbol': 'ADCP.JK', 'free_float': 0.1, 'company_name': 'PT Adhi Commuter Properti Tbk'}"
PJAA.JK,2026-09-16,0.0999,,2026-09-16T12:16:05.822121+00:00,"{'symbol': 'PJAA.JK', 'free_float': 0.0999, 'company_name': 'Pembangunan Jaya Ancol Tbk'}"
BRIS.JK,2026-09-16,0.0991,,2026-09-16T12:16:05.822121+00:00,"{'symbol': 'BRIS.JK', 'free_float': 0.0991, 'company_name': 'PT Bank Syariah Indonesia Tbk'}"
CDIA.JK,2026-09-16,0.09901,,2026-09-16T12:16:05.822121+00:00,"{'symbol': 'CDIA.JK', 'free_float': 0.09901, 'company_name': 'PT Chandra Daya Investasi Tbk'}"
WIKA.JK,2026-09-16,0.09884,,2026-09-16T12:16:05.822121+00:00,"{'symbol': 'WIKA.JK', 'free_float': 0.09884, 'company_name': 'PT Wijaya Karya (Persero) Tbk'}"
JECC.JK,2026-09-16,0.09873,,2026-09-16T12:16:05.822121+00:00,"{'symbol': 'JECC.JK', 'free_float': 0.09873, 'company_name': 'Jembo Cable Company Tbk'}"
FAPA.JK,2026-09-16,0.0987,,2026-09-16T12:16:05.822121+00:00,"{'symbol': 'FAPA.JK', 'free_float': 0.0987, 'company_name': 'PT FAP Agri Tbk'}"
HERO.JK,2026-09-16,0.0971,,2026-09-16T12:16:05.822121+00:00,"{'symbol': 'HERO.JK', 'free_float': 0.0971, 'company_name': 'Hero Supermarket Tbk'}"
MBAP.JK,2026-09-16,0.09702,,2026-09-16T12:16:05.822121+00:00,"{'symbol': 'MBAP.JK', 'free_float': 0.09702, 'company_name': 'PT Mitrabara Adiperdana Tbk'}"
ENAK.JK,2026-09-16,0.09694,,2026-09-16T12:16:05.822121+00:00,"{'symbol': 'ENAK.JK', 'free_float': 0.09694, 'company_name': 'PT Champ Resto Indonesia Tbk'}"
MCOL.JK,2026-09-16,0.0966,,2026-09-16T12:16:05.822121+00:00,"{'symbol': 'MCOL.JK', 'free_float': 0.0966, 'company_name': 'PT Prima Andalan Mandiri Tbk'}"
CCSI.JK,2026-09-16,0.0964,,2026-09-16T12:16:05.822121+00:00,"{'symbol': 'CCSI.JK', 'free_float': 0.0964, 'company_name': 'PT Communication Cable Systems Indonesia Tbk.'}"
PTPW.JK,2026-09-16,0.0958,,2026-09-16T12:16:05.822121+00:00,"{'symbol': 'PTPW.JK', 'free_float': 0.0958, 'company_name': 'PT Pratama Widya Tbk'}"
RSGK.JK,2026-09-16,0.0956,,2026-09-16T12:16:05.822121+00:00,"{'symbol': 'RSGK.JK', 'free_float': 0.0956, 'company_name': 'PT Kedoya Adyaraya Tbk'}"
DNAR.JK,2026-09-16,0.0949,,2026-09-16T12:16:05.822121+00:00,"{'symbol': 'DNAR.JK', 'free_float': 0.0949, 'company_name': 'PT Bank Oke Indonesia Tbk'}"
CAMP.JK,2026-09-16,0.0948,,2026-09-16T12:16:05.822121+00:00,"{'symbol': 'CAMP.JK', 'free_float': 0.0948, 'company_name': 'PT Campina Ice Cream Industry Tbk.'}"
IPAC.JK,2026-09-16,0.09402,,2026-09-16T12:16:05.822121+00:00,"{'symbol': 'IPAC.JK', 'free_float': 0.09402, 'company_name': 'PT Era Graharealty Tbk'}"
KOIN.JK,2026-09-16,0.0938,,2026-09-16T12:16:05.822121+00:00,"{'symbol': 'KOIN.JK', 'free_float': 0.0938, 'company_name': 'Kokoh Inti Arebama Tbk'}"
TALF.JK,2026-09-16,0.09344,,2026-09-16T12:16:05.822121+00:00,"{'symbol': 'TALF.JK', 'free_float': 0.09344, 'company_name': 'PT Tunas Alfin Tbk'}"
MOLI.JK,2026-09-16,0.0927,,2026-09-16T12:16:05.822121+00:00,"{'symbol': 'MOLI.JK', 'free_float': 0.0927, 'company_name': 'PT Madusari Murni Indah Tbk'}"
BSSR.JK,2026-09-16,0.09259,,2026-09-16T12:16:05.822121+00:00,"{'symbol': 'BSSR.JK', 'free_float': 0.09259, 'company_name': 'Baramulti Suksessarana Tbk'}"
KLIN.JK,2026-09-16,0.0925,,2026-09-16T12:16:05.822121+00:00,"{'symbol': 'KLIN.JK', 'free_float': 0.0925, 'company_name': 'PT Klinko Karya Imaji Tbk'}"
SOHO.JK,2026-09-16,0.09242,,2026-09-16T12:16:05.822121+00:00,"{'symbol': 'SOHO.JK', 'free_float': 0.09242, 'company_name': 'PT Soho Global Health Tbk'}"
ESTA.JK,2026-09-16,0.0924,,2026-09-16T12:16:05.822121+00:00,"{'symbol': 'ESTA.JK', 'free_float': 0.0924, 'company_name': 'PT Esta Multi Usaha Tbk'}"
JSPT.JK,2026-09-16,0.0923,,2026-09-16T12:16:05.822121+00:00,"{'symbol': 'JSPT.JK', 'free_float': 0.0923, 'company_name': 'Jakarta Setiabudi Internasional Tbk'}"
SDRA.JK,2026-09-16,0.0923,,2026-09-16T12:16:05.822121+00:00,"{'symbol': 'SDRA.JK', 'free_float': 0.0923, 'company_name': 'PT Bank Woori Saudara Indonesia 1906 Tbk'}"
SIPD.JK,2026-09-16,0.0922,,2026-09-16T12:16:05.822121+00:00,"{'symbol': 'SIPD.JK', 'free_float': 0.0922, 'company_name': 'PT Sreeya Sewu Indonesia Tbk'}"
BSWD.JK,2026-09-16,0.0904,,2026-09-16T12:16:05.822121+00:00,"{'symbol': 'BSWD.JK', 'free_float': 0.0904, 'company_name': 'Bank of India Indonesia Tbk'}"
SKRN.JK,2026-09-16,0.0904,,2026-09-16T12:16:05.822121+00:00,"{'symbol': 'SKRN.JK', 'free_float': 0.0904, 'company_name': 'PT Superkrane Mitra Utama Tbk'}"
BBMD.JK,2026-09-16,0.09025,,2026-09-16T12:16:05.822121+00:00,"{'symbol': 'BBMD.JK', 'free_float': 0.09025, 'company_name': 'PT Bank Mestika Dharma Tbk.'}"
BLTZ.JK,2026-09-16,0.09,,2026-09-16T12:16:05.822121+00:00,"{'symbol': 'BLTZ.JK', 'free_float': 0.09, 'company_name': 'PT Graha Layar Prima Tbk.'}"
INPP.JK,2026-09-16,0.0897,,2026-09-16T12:16:05.822121+00:00,"{'symbol': 'INPP.JK', 'free_float': 0.0897, 'company_name': 'Indonesian Paradise Property Tbk'}"
PMJS.JK,2026-09-16,0.0896,,2026-09-16T12:16:05.822121+00:00,"{'symbol': 'PMJS.JK', 'free_float': 0.0896, 'company_name': 'PT Putra Mandiri Jembar Tbk'}"
BTPN.JK,2026-09-16,0.08947,,2026-09-16T12:16:05.822121+00:00,"{'symbol': 'BTPN.JK', 'free_float': 0.08947, 'company_name': 'PT Bank SMBC Indonesia Tbk'}"
BBRM.JK,2026-09-16,0.08943,,2026-09-16T12:16:05.822121+00:00,"{'symbol': 'BBRM.JK', 'free_float': 0.08943, 'company_name': 'Pelayaran Nasional Bina Buana Raya Tbk'}"
SAPX.JK,2026-09-16,0.0894,,2026-09-16T12:16:05.822121+00:00,"{'symbol': 'SAPX.JK', 'free_float': 0.0894, 'company_name': 'PT Satria Antaran Prima Tbk'}"
TSPC.JK,2026-09-16,0.0892,,2026-09-16T12:16:05.822121+00:00,"{'symbol': 'TSPC.JK', 'free_float': 0.0892, 'company_name': 'Tempo Scan Pacific Tbk'}"
GIAA.JK,2026-09-16,0.08888,,2026-09-16T12:16:05.822121+00:00,"{'symbol': 'GIAA.JK', 'free_float': 0.08888, 'company_name': 'Garuda Indonesia (Persero) Tbk'}"
ALMI.JK,2026-09-16,0.0887,,2026-09-16T12:16:05.822121+00:00,"{'symbol': 'ALMI.JK', 'free_float': 0.0887, 'company_name': 'Alumindo Light Metal Industry Tbk'}"
ACST.JK,2026-09-16,0.0883,,2026-09-16T12:16:05.822121+00:00,"{'symbol': 'ACST.JK', 'free_float': 0.0883, 'company_name': 'PT Acset Indonusa Tbk.'}"
TGKA.JK,2026-09-16,0.0881,,2026-09-16T12:16:05.822121+00:00,"{'symbol': 'TGKA.JK', 'free_float': 0.0881, 'company_name': 'Tigaraksa Satria Tbk'}"
KING.JK,2026-09-16,0.088,,2026-09-16T12:16:05.822121+00:00,"{'symbol': 'KING.JK', 'free_float': 0.088, 'company_name': 'PT Hoffmen Cleanindo Tbk'}"
ESTI.JK,2026-09-16,0.0879,,2026-09-16T12:16:05.822121+00:00,"{'symbol': 'ESTI.JK', 'free_float': 0.0879, 'company_name': 'Ever Shine Textile Industry Tbk'}"
DAYA.JK,2026-09-16,0.08697,,2026-09-16T12:16:05.822121+00:00,"{'symbol': 'DAYA.JK', 'free_float': 0.08697, 'company_name': 'PT Duta Intidaya Tbk.'}"
AMAR.JK,2026-09-16,0.08594,,2026-09-16T12:16:05.822121+00:00,"{'symbol': 'AMAR.JK', 'free_float': 0.08594, 'company_name': 'PT Bank Amar Indonesia Tbk.'}"
MMLP.JK,2026-09-16,0.08563,,2026-09-16T12:16:05.822121+00:00,"{'symbol': 'MMLP.JK', 'free_float': 0.08563, 'company_name': 'PT Mega Manunggal Property Tbk'}"
PALM.JK,2026-09-16,0.08552,,2026-09-16T12:16:05.822121+00:00,"{'symbol': 'PALM.JK', 'free_float': 0.08552, 'company_name': 'PT Provident Investasi Bersama Tbk'}"
BNGA.JK,2026-09-16,0.08516,,2026-09-16T12:16:05.822121+00:00,"{'symbol': 'BNGA.JK', 'free_float': 0.08516, 'company_name': 'PT Bank CIMB Niaga Tbk'}"
AGRS.JK,2026-09-16,0.0851,,2026-09-16T12:16:05.822121+00:00,"{'symbol': 'AGRS.JK', 'free_float': 0.0851, 'company_name': 'PT Bank IBK Indonesia Tbk.'}"
BKSW.JK,2026-09-16,0.0843,,2026-09-16T12:16:05.822121+00:00,"{'symbol': 'BKSW.JK', 'free_float': 0.0843, 'company_name': 'PT Bank QNB Indonesia Tbk'}"
DART.JK,2026-09-16,0.0841,,2026-09-16T12:16:05.822121+00:00,"{'symbol': 'DART.JK', 'free_float': 0.0841, 'company_name': 'Duta Anggada Realty Tbk'}"
MYTX.JK,2026-09-16,0.0833,,2026-09-16T12:16:05.822121+00:00,"{'symbol': 'MYTX.JK', 'free_float': 0.0833, 'company_name': 'PT Asia Pacific Investama Tbk'}"
BNBA.JK,2026-09-16,0.0832,,2026-09-16T12:16:05.822121+00:00,"{'symbol': 'BNBA.JK', 'free_float': 0.0832, 'company_name': 'Bank Bumi Arta Tbk'}"
PNSE.JK,2026-09-16,0.0828,,2026-09-16T12:16:05.822121+00:00,"{'symbol': 'PNSE.JK', 'free_float': 0.0828, 'company_name': 'Pudjiadi & Sons Tbk'}"
ADES.JK,2026-09-16,0.08228,,2026-09-16T12:16:05.822121+00:00,"{'symbol': 'ADES.JK', 'free_float': 0.08228, 'company_name': 'Akasha Wira International Tbk'}"
TBIG.JK,2026-09-16,0.08198,,2026-09-16T12:16:05.822121+00:00,"{'symbol': 'TBIG.JK', 'free_float': 0.08198, 'company_name': 'PT Tower Bersama Infrastructure Tbk'}"
AMOR.JK,2026-09-16,0.0818,,2026-09-16T12:16:05.822121+00:00,"{'symbol': 'AMOR.JK', 'free_float': 0.0818, 'company_name': 'PT Ashmore Asset Management Indonesia Tbk.'}"
PRAY.JK,2026-09-16,0.0818,,2026-09-16T12:16:05.822121+00:00,"{'symbol': 'PRAY.JK', 'free_float': 0.0818, 'company_name': 'PT Famon Awal Bros Sedaya Tbk'}"
MSJA.JK,2026-09-16,0.08171,,2026-09-16T12:16:05.822121+00:00,"{'symbol': 'MSJA.JK', 'free_float': 0.08171, 'company_name': 'PT Multi Spunindo Jaya Tbk'}"
NELY.JK,2026-09-16,0.08125,,2026-09-16T12:16:05.822121+00:00,"{'symbol': 'NELY.JK', 'free_float': 0.08125, 'company_name': 'Pelayaran Nelly Dwi Putri Tbk'}"
CNMA.JK,2026-09-16,0.08121,,2026-09-16T12:16:05.822121+00:00,"{'symbol': 'CNMA.JK', 'free_float': 0.08121, 'company_name': 'PT Nusantara Sejahtera Raya Tbk'}"
MSKY.JK,2026-09-16,0.081,,2026-09-16T12:16:05.822121+00:00,"{'symbol': 'MSKY.JK', 'free_float': 0.081, 'company_name': 'MNC Sky Vision Tbk'}"
SAFE.JK,2026-09-16,0.0807,,2026-09-16T12:16:05.822121+00:00,"{'symbol': 'SAFE.JK', 'free_float': 0.0807, 'company_name': 'Steady Safe Tbk'}"
IKBI.JK,2026-09-16,0.0804,,2026-09-16T12:16:05.822121+00:00,"{'symbol': 'IKBI.JK', 'free_float': 0.0804, 'company_name': 'Sumi Indo Kabel Tbk'}"
IMJS.JK,2026-09-16,0.0803,,2026-09-16T12:16:05.822121+00:00,"{'symbol': 'IMJS.JK', 'free_float': 0.0803, 'company_name': 'PT Indomobil Multi Jasa Tbk'}"
DMND.JK,2026-09-16,0.08,,2026-09-16T12:16:05.822121+00:00,"{'symbol': 'DMND.JK', 'free_float': 0.08, 'company_name': 'PT Diamond Food Indonesia Tbk'}"
KIAS.JK,2026-09-16,0.0796,,2026-09-16T12:16:05.822121+00:00,"{'symbol': 'KIAS.JK', 'free_float': 0.0796, 'company_name': 'Keramika Indonesia Assosiasi Tbk'}"
CITA.JK,2026-09-16,0.07932,,2026-09-16T12:16:05.822121+00:00,"{'symbol': 'CITA.JK', 'free_float': 0.07932, 'company_name': 'Cita Mineral Investindo Tbk'}"
MAPB.JK,2026-09-16,0.0788,,2026-09-16T12:16:05.822121+00:00,"{'symbol': 'MAPB.JK', 'free_float': 0.0788, 'company_name': 'PT MAP Boga Adiperkasa Tbk'}"
DVLA.JK,2026-09-16,0.0788,,2026-09-16T12:16:05.822121+00:00,"{'symbol': 'DVLA.JK', 'free_float': 0.0788, 'company_name': 'Darya-Varia Laboratoria Tbk'}"
CENT.JK,2026-09-16,0.07831,,2026-09-16T12:16:05.822121+00:00,"{'symbol': 'CENT.JK', 'free_float': 0.07831, 'company_name': 'PT Centratama Telekomunikasi Indonesia Tbk.'}"
ERTX.JK,2026-09-16,0.0781,,2026-09-16T12:16:05.822121+00:00,"{'symbol': 'ERTX.JK', 'free_float': 0.0781, 'company_name': 'Eratex Djaja Tbk'}"
TOTO.JK,2026-09-16,0.0776,,2026-09-16T12:16:05.822121+00:00,"{'symbol': 'TOTO.JK', 'free_float': 0.0776, 'company_name': 'Surya Toto Indonesia Tbk'}"
SURE.JK,2026-09-16,0.0773,,2026-09-16T12:16:05.822121+00:00,"{'symbol': 'SURE.JK', 'free_float': 0.0773, 'company_name': 'PT Super Energy Tbk'}"
MTWI.JK,2026-09-16,0.0773,,2026-09-16T12:16:05.822121+00:00,"{'symbol': 'MTWI.JK', 'free_float': 0.0773, 'company_name': 'PT Malacca Trust Wuwungan Insurance Tbk'}"
INDR.JK,2026-09-16,0.0772,,2026-09-16T12:16:05.822121+00:00,"{'symbol': 'INDR.JK', 'free_float': 0.0772, 'company_name': 'PT Indo-Rama Synthetics Tbk'}"
BLES.JK,2026-09-16,0.07705,,2026-09-16T12:16:05.822121+00:00,"{'symbol': 'BLES.JK', 'free_float': 0.07705, 'company_name': 'PT Superior Prima Sukses Tbk'}"
TLDN.JK,2026-09-16,0.07673,,2026-09-16T12:16:05.822121+00:00,"{'symbol': 'TLDN.JK', 'free_float': 0.07673, 'company_name': 'PT Teladan Prima Agro Tbk'}"
SONA.JK,2026-09-16,0.0763,,2026-09-16T12:16:05.822121+00:00,"{'symbol': 'SONA.JK', 'free_float': 0.0763, 'company_name': 'Sona Topas Tourism Industry Tbk'}"
PGUN.JK,2026-09-16,0.0762,,2026-09-16T12:16:05.822121+00:00,"{'symbol': 'PGUN.JK', 'free_float': 0.0762, 'company_name': 'PT Pradiksi Gunatama Tbk'}"
HDFA.JK,2026-09-16,0.0762,,2026-09-16T12:16:05.822121+00:00,"{'symbol': 'HDFA.JK', 'free_float': 0.0762, 'company_name': 'Radana Bhaskara Finance Tbk'}"
GTBO.JK,2026-09-16,0.0762,,2026-09-16T12:16:05.822121+00:00,"{'symbol': 'GTBO.JK', 'free_float': 0.0762, 'company_name': 'Garda Tujuh Buana Tbk'}"
LINK.JK,2026-09-11,0.0758,,2026-09-11T07:53:56.036406+00:00,"{'symbol': 'LINK.JK', 'free_float': 0.0758, 'company_name': 'PT Link Net Tbk'}"
SMAR.JK,2026-09-16,0.076,,2026-09-16T12:16:05.822121+00:00,"{'symbol': 'SMAR.JK', 'free_float': 0.076, 'company_name': 'PT Sinar Mas Agro Resources and Technology Tbk'}"
PNBS.JK,2026-09-16,0.076,,2026-09-16T12:16:05.822121+00:00,"{'symbol': 'PNBS.JK', 'free_float': 0.076, 'company_name': 'PT Bank Panin Dubai Syariah Tbk'}"
ROTI.JK,2026-09-16,0.076,,2026-09-16T12:16:05.822121+00:00,"{'symbol': 'ROTI.JK', 'free_float': 0.076, 'company_name': 'PT Nippon Indosari Corpindo Tbk'}"
EPMT.JK,2026-09-16,0.076,,2026-09-16T12:16:05.822121+00:00,"{'symbol': 'EPMT.JK', 'free_float': 0.076, 'company_name': 'Enseval Putera Megatrading Tbk'}"
CMPP.JK,2026-09-16,0.0759,,2026-09-16T12:16:05.822121+00:00,"{'symbol': 'CMPP.JK', 'free_float': 0.0759, 'company_name': 'PT AirAsia Indonesia Tbk'}"
LINK.JK,2026-09-16,0.0758,,2026-09-16T12:16:05.822121+00:00,"{'symbol': 'LINK.JK', 'free_float': 0.0758, 'company_name': 'PT Link Net Tbk'}"
BABY.JK,2026-09-16,0.07569,,2026-09-16T12:16:05.822121+00:00,"{'symbol': 'BABY.JK', 'free_float': 0.07569, 'company_name': 'PT Multitrend Indo Tbk.'}"
HMSP.JK,2026-09-16,0.0756,,2026-09-16T12:16:05.822121+00:00,"{'symbol': 'HMSP.JK', 'free_float': 0.0756, 'company_name': 'HM Sampoerna Tbk'}"
EDGE.JK,2026-09-16,0.0755,,2026-09-16T12:16:05.822121+00:00,"{'symbol': 'EDGE.JK', 'free_float': 0.0755, 'company_name': 'PT Indointernet Tbk'}"
AGII.JK,2026-09-16,0.0755,,2026-09-16T12:16:05.822121+00:00,"{'symbol': 'AGII.JK', 'free_float': 0.0755, 'company_name': 'PT Samator Indo Gas Tbk'}"
LPGI.JK,2026-09-16,0.0754,,2026-09-16T12:16:05.822121+00:00,"{'symbol': 'LPGI.JK', 'free_float': 0.0754, 'company_name': 'Lippo General Insurance Tbk'}"
AKSI.JK,2026-09-16,0.0754,,2026-09-16T12:16:05.822121+00:00,"{'symbol': 'AKSI.JK', 'free_float': 0.0754, 'company_name': 'PT Mineral Sumberdaya Mandiri Tbk'}"
DEPO.JK,2026-09-16,0.0751,,2026-09-16T12:16:05.822121+00:00,"{'symbol': 'DEPO.JK', 'free_float': 0.0751, 'company_name': 'PT Caturkarda Depo Bangunan Tbk'}"
TIFA.JK,2026-09-16,0.07505,,2026-09-16T12:16:05.822121+00:00,"{'symbol': 'TIFA.JK', 'free_float': 0.07505, 'company_name': 'KDB Tifa Finance Tbk'}"
PSAB.JK,2026-09-16,0.075,,2026-09-16T12:16:05.822121+00:00,"{'symbol': 'PSAB.JK', 'free_float': 0.075, 'company_name': 'J Resources Asia Pasifik Tbk'}"
JAWA.JK,2026-09-16,0.075,,2026-09-16T12:16:05.822121+00:00,"{'symbol': 'JAWA.JK', 'free_float': 0.075, 'company_name': 'Jaya Agra Wattie Tbk'}"
FPNI.JK,2026-09-16,0.075,,2026-09-16T12:16:05.822121+00:00,"{'symbol': 'FPNI.JK', 'free_float': 0.075, 'company_name': 'PT Lotte Chemical Titan Tbk'}"
AKSI.JK,2026-09-11,0.0754,,2026-09-11T07:53:56.036406+00:00,"{'symbol': 'AKSI.JK', 'free_float': 0.0754, 'company_name': 'PT Mineral Sumberdaya Mandiri Tbk'}"
DEPO.JK,2026-09-11,0.0751,,2026-09-11T07:53:56.036406+00:00,"{'symbol': 'DEPO.JK', 'free_float': 0.0751, 'company_name': 'PT Caturkarda Depo Bangunan Tbk'}"
TIFA.JK,2026-09-11,0.07505,,2026-09-11T07:53:56.036406+00:00,"{'symbol': 'TIFA.JK', 'free_float': 0.07505, 'company_name': 'KDB Tifa Finance Tbk'}"
VRNA.JK,2026-09-11,0.075,,2026-09-11T07:53:56.036406+00:00,"{'symbol': 'VRNA.JK', 'free_float': 0.075, 'company_name': 'PT Mizuho Leasing Indonesia Tbk'}"
FPNI.JK,2026-09-11,0.075,,2026-09-11T07:53:56.036406+00:00,"{'symbol': 'FPNI.JK', 'free_float': 0.075, 'company_name': 'PT Lotte Chemical Titan Tbk'}"
PSAB.JK,2026-09-11,0.075,,2026-09-11T07:53:56.036406+00:00,"{'symbol': 'PSAB.JK', 'free_float': 0.075, 'company_name': 'J Resources Asia Pasifik Tbk'}"
WOMF.JK,2026-09-11,0.075,,2026-09-11T07:53:56.036406+00:00,"{'symbol': 'WOMF.JK', 'free_float': 0.075, 'company_name': 'PT Wahana Ottomitra Multiartha Tbk'}"
KMTR.JK,2026-09-11,0.075,,2026-09-11T07:53:56.036406+00:00,"{'symbol': 'KMTR.JK', 'free_float': 0.075, 'company_name': 'PT Kirana Megatara Tbk'}"
JAWA.JK,2026-09-11,0.075,,2026-09-11T07:53:56.036406+00:00,"{'symbol': 'JAWA.JK', 'free_float': 0.075, 'company_name': 'Jaya Agra Wattie Tbk'}"
LIFE.JK,2026-09-11,0.075,,2026-09-11T07:53:56.036406+00:00,"{'symbol': 'LIFE.JK', 'free_float': 0.075, 'company_name': 'PT MSIG Life Insurance Indonesia Tbk'}"
BDMN.JK,2026-09-11,0.0749,,2026-09-11T07:53:56.036406+00:00,"{'symbol': 'BDMN.JK', 'free_float': 0.0749, 'company_name': 'PT Bank Danamon Indonesia Tbk'}"
INRU.JK,2026-09-11,0.0746,,2026-09-11T07:53:56.036406+00:00,"{'symbol': 'INRU.JK', 'free_float': 0.0746, 'company_name': 'Toba Pulp Lestari Tbk'}"
GMFI.JK,2026-09-11,0.06795,,2026-09-11T07:53:56.036406+00:00,"{'symbol': 'GMFI.JK', 'free_float': 0.06795, 'company_name': 'PT Garuda Maintenance Facility Aero Asia Tbk'}"
BINO.JK,2026-09-11,0.0657,,2026-09-11T07:53:56.036406+00:00,"{'symbol': 'BINO.JK', 'free_float': 0.0657, 'company_name': 'PT Perma Plasindo Tbk'}"
COWL.JK,2026-09-11,0.0641,,2026-09-11T07:53:56.036406+00:00,"{'symbol': 'COWL.JK', 'free_float': 0.0641, 'company_name': 'Cowell Development Tbk'}"
TRIO.JK,2026-09-11,0.0634,,2026-09-11T07:53:56.036406+00:00,"{'symbol': 'TRIO.JK', 'free_float': 0.0634, 'company_name': 'Trikomsel Oke Tbk'}"
VRNA.JK,2026-09-16,0.075,,2026-09-16T12:16:05.822121+00:00,"{'symbol': 'VRNA.JK', 'free_float': 0.075, 'company_name': 'PT Mizuho Leasing Indonesia Tbk'}"
LIFE.JK,2026-09-16,0.075,,2026-09-16T12:16:05.822121+00:00,"{'symbol': 'LIFE.JK', 'free_float': 0.075, 'company_name': 'PT MSIG Life Insurance Indonesia Tbk'}"
WOMF.JK,2026-09-16,0.075,,2026-09-16T12:16:05.822121+00:00,"{'symbol': 'WOMF.JK', 'free_float': 0.075, 'company_name': 'PT Wahana Ottomitra Multiartha Tbk'}"
KMTR.JK,2026-09-16,0.075,,2026-09-16T12:16:05.822121+00:00,"{'symbol': 'KMTR.JK', 'free_float': 0.075, 'company_name': 'PT Kirana Megatara Tbk'}"
BDMN.JK,2026-09-16,0.0749,,2026-09-16T12:16:05.822121+00:00,"{'symbol': 'BDMN.JK', 'free_float': 0.0749, 'company_name': 'PT Bank Danamon Indonesia Tbk'}"
INRU.JK,2026-09-16,0.0746,,2026-09-16T12:16:05.822121+00:00,"{'symbol': 'INRU.JK', 'free_float': 0.0746, 'company_name': 'Toba Pulp Lestari Tbk'}"
GMFI.JK,2026-09-16,0.06795,,2026-09-16T12:16:05.822121+00:00,"{'symbol': 'GMFI.JK', 'free_float': 0.06795, 'company_name': 'PT Garuda Maintenance Facility Aero Asia Tbk'}"
BINO.JK,2026-09-16,0.0657,,2026-09-16T12:16:05.822121+00:00,"{'symbol': 'BINO.JK', 'free_float': 0.0657, 'company_name': 'PT Perma Plasindo Tbk'}"
COWL.JK,2026-09-16,0.0641,,2026-09-16T12:16:05.822121+00:00,"{'symbol': 'COWL.JK', 'free_float': 0.0641, 'company_name': 'Cowell Development Tbk'}"
TRIO.JK,2026-09-16,0.0634,,2026-09-16T12:16:05.822121+00:00,"{'symbol': 'TRIO.JK', 'free_float': 0.0634, 'company_name': 'Trikomsel Oke Tbk'}"
HITS.JK,2026-09-16,0.0619,,2026-09-16T12:16:05.822121+00:00,"{'symbol': 'HITS.JK', 'free_float': 0.0619, 'company_name': 'Humpuss Intermoda Transportasi Tbk'}"
ADMF.JK,2026-09-16,0.05789,,2026-09-16T12:16:05.822121+00:00,"{'symbol': 'ADMF.JK', 'free_float': 0.05789, 'company_name': 'Adira Dinamika Multi Finance Tbk'}"
INAF.JK,2026-09-16,0.05594,,2026-09-16T12:16:05.822121+00:00,"{'symbol': 'INAF.JK', 'free_float': 0.05594, 'company_name': 'Indofarma Tbk'}"
WICO.JK,2026-09-16,0.04496,,2026-09-16T12:16:05.822121+00:00,"{'symbol': 'WICO.JK', 'free_float': 0.04496, 'company_name': 'Wicaksana Overseas International Tbk'}"
ANJT.JK,2026-09-16,0.04083,,2026-09-16T12:16:05.822121+00:00,"{'symbol': 'ANJT.JK', 'free_float': 0.04083, 'company_name': 'PT Austindo Nusantara Jaya Tbk.'}"
PLIN.JK,2026-09-16,0.0299,,2026-09-16T12:16:05.822121+00:00,"{'symbol': 'PLIN.JK', 'free_float': 0.0299, 'company_name': 'Plaza Indonesia Realty Tbk'}"
SUPR.JK,2026-09-16,0.0267,,2026-09-16T12:16:05.822121+00:00,"{'symbol': 'SUPR.JK', 'free_float': 0.0267, 'company_name': 'Solusi Tunas Pratama Tbk'}"
PNGO.JK,2026-09-16,0.0174,,2026-09-16T12:16:05.822121+00:00,"{'symbol': 'PNGO.JK', 'free_float': 0.0174, 'company_name': 'PT Pinago Utama Tbk'}"
SMCB.JK,2026-09-16,0.01317,,2026-09-16T12:16:05.822121+00:00,"{'symbol': 'SMCB.JK', 'free_float': 0.01317, 'company_name': 'PT Solusi Bangun Indonesia Tbk'}"
SGRO.JK,2026-09-16,0.01301,,2026-09-16T12:16:05.822121+00:00,"{'symbol': 'SGRO.JK', 'free_float': 0.01301, 'company_name': 'PT Prime Agri Resources Tbk'}"
SCPI.JK,2026-09-16,0.01213,,2026-09-16T12:16:05.822121+00:00,"{'symbol': 'SCPI.JK', 'free_float': 0.01213, 'company_name': 'PT Organon Pharma Indonesia Tbk'}"
SOSS.JK,2026-09-16,0.0114,,2026-09-16T12:16:05.822121+00:00,"{'symbol': 'SOSS.JK', 'free_float': 0.0114, 'company_name': 'PT Shield On Service Tbk'}"
SMDM.JK,2026-09-16,0.01027,,2026-09-16T12:16:05.822121+00:00,"{'symbol': 'SMDM.JK', 'free_float': 0.01027, 'company_name': 'Suryamas Dutamakmur Tbk'}"
META.JK,2026-09-16,0.0068,,2026-09-16T12:16:05.822121+00:00,"{'symbol': 'META.JK', 'free_float': 0.0068, 'company_name': 'Nusantara Infrastructure Tbk'}"
MFMI.JK,2026-09-16,0.0065,,2026-09-16T12:16:05.822121+00:00,"{'symbol': 'MFMI.JK', 'free_float': 0.0065, 'company_name': 'Multifiling Mitra Indonesia Tbk'}"
DUTI.JK,2026-09-16,0.0059,,2026-09-16T12:16:05.822121+00:00,"{'symbol': 'DUTI.JK', 'free_float': 0.0059, 'company_name': 'Duta Pertiwi Tbk'}"
FASW.JK,2026-09-16,0.0022,,2026-09-16T12:16:05.822121+00:00,"{'symbol': 'FASW.JK', 'free_float': 0.0022, 'company_name': 'Fajar Surya Wisesa Tbk'}"
IBST.JK,2026-09-16,0.0004,,2026-09-16T12:16:05.822121+00:00,"{'symbol': 'IBST.JK', 'free_float': 0.0004, 'company_name': 'Inti Bangun Sejahtera Tbk'}"
