symbol,report_date,revenue,earnings,total_equity,total_liabilities,total_assets,total_debt,operating_cash_flow,free_cash_flow,fetched_at,raw_response
ASII.JK,2026-06-30,79245000000000.0,6683000000000.0,289844000000000,224673000000000,514517000000000,119090000000000.0,9980000000000.0,7082000000000.0,2026-09-11T08:02:27.525765+00:00,"{'tax': 1743000000000, 'date': '2026-06-30', 'ebit': 9597000000000, 'ebitda': 12303000000000, 'symbol': 'ASII.JK', 'revenue': 79245000000000, 'earnings': 6683000000000, 'cash_only': 46150000000000, 'provision': None, 'minorities': 238000000000, 'total_debt': 119090000000000, 'report_date': '2026-06-30', 'gross_profit': 16958000000000, 'total_assets': 514517000000000, 'total_equity': 289844000000000, 'net_cash_flow': -3212000000000, 'operating_pnl': 8107000000000, 'free_cash_flow': 7082000000000, 'premium_income': None, 'cost_of_revenue': 62287000000000, 'non_loan_assets': None, 'premium_expense': None, 'operating_expense': 8851000000000, 'total_liabilities': 224673000000000, 'net_premium_income': None, 'capital_expenditure': 2898000000000, 'current_liabilities': 156151000000000, 'earnings_before_tax': 8664000000000, 'financing_cash_flow': -15577000000000, 'investing_cash_flow': 2385000000000, 'non_interest_income': 827000000000, 'operating_cash_flow': 9980000000000, 'stockholders_equity': 230068000000000, 'total_current_asset': 185300000000000, 'total_non_current_assets': 329217000000000, 'financials_sector_metrics': None, 'non_operating_income_or_loss': 557000000000, 'total_non_current_liabilities': 68522000000000, 'interest_expense_non_operating': 933000000000, 'cash_and_short_term_investments': 46150000000000, 'non_interest_bearing_liabilities': None}"
BBCA.JK,2026-06-30,28677339000000.0,14861321000000.0,270667746000000,1379511881000000,1660579336000000,,-15658754000000.0,-16453704000000.0,2026-09-11T08:02:24.584458+00:00,"{'tax': 3518935000000, 'date': '2026-06-30', 'ebit': 18374757000000, 'ebitda': 19062149000000, 'symbol': 'BBCA.JK', 'revenue': 28677339000000, 'earnings': 14861321000000, 'cash_only': 21065925000000, 'provision': -752472000000, 'minorities': 5499000000, 'total_debt': None, 'report_date': '2026-06-30', 'gross_profit': None, 'total_assets': 1660579336000000, 'total_equity': 270667746000000, 'net_cash_flow': -21406969000000, 'operating_pnl': 18374757000000, 'free_cash_flow': -16453704000000, 'premium_income': 520278000000, 'cost_of_revenue': None, 'non_loan_assets': 678579439000000, 'premium_expense': None, 'operating_expense': 9149655000000, 'total_liabilities': 1379511881000000, 'net_premium_income': 520278000000, 'current_liabilities': None, 'earnings_before_tax': 18374757000000, 'financing_cash_flow': 11588921000000, 'investing_cash_flow': -17337136000000, 'non_interest_income': 6752926000000, 'operating_cash_flow': -15658754000000, 'stockholders_equity': 270437543000000, 'total_current_asset': None, 'total_non_current_assets': None, 'financials_sector_metrics': {'net_loan': 981999897000000, 'gross_loan': 1012705846000000, 'time_deposit': 192970355000000, 'total_deposit': 1268824684000000, 'current_account': 440796760000000, 'interest_income': 25173142000000, 'savings_account': 635057569000000, 'interest_expense': 3769007000000, 'allowance_for_loans': 30705949000000, 'net_interest_income': 21404135000000, 'total_earning_assets': None, 'total_cash_and_due_from_banks': 76568826000000, 'other_interest_bearing_liabilities': None}, 'non_operating_income_or_loss': 0, 'total_non_current_liabilities': None, 'interest_expense_non_operating': None, 'cash_and_short_term_investments': None, 'non_interest_bearing_liabilities': None, 'realized_capital_goods_investment': -794950000000}"
TLKM.JK,2026-03-31,37189000000000.0,4344000000000.0,155810000000000,134145000000000,289955000000000,45459000000000.0,17290000000000.0,12177000000000.0,2026-09-11T08:02:26.020668+00:00,"{'tax': 2194000000000, 'date': '2026-03-31', 'ebit': 9269000000000, 'ebitda': 17967000000000, 'symbol': 'TLKM.JK', 'revenue': 37189000000000, 'earnings': 4344000000000, 'cash_only': 37549000000000, 'provision': 421000000000, 'minorities': 1710000000000, 'total_debt': 45459000000000, 'report_date': '2026-03-31', 'gross_profit': 24274000000000, 'total_assets': 289955000000000, 'total_equity': 155810000000000, 'net_cash_flow': 3152000000000, 'operating_pnl': 9145000000000, 'free_cash_flow': 12177000000000, 'premium_income': None, 'cost_of_revenue': 12915000000000, 'non_loan_assets': None, 'premium_expense': None, 'operating_expense': 15129000000000, 'total_liabilities': 134145000000000, 'net_premium_income': None, 'capital_expenditure': 5113000000000, 'current_liabilities': 71609000000000, 'earnings_before_tax': 8248000000000, 'financing_cash_flow': -9018000000000, 'investing_cash_flow': -5120000000000, 'non_interest_income': 342000000000, 'operating_cash_flow': 17290000000000, 'stockholders_equity': 134492000000000, 'total_current_asset': 65928000000000, 'total_non_current_assets': 224027000000000, 'financials_sector_metrics': None, 'non_operating_income_or_loss': -679000000000, 'total_non_current_liabilities': 62536000000000, 'interest_expense_non_operating': 1021000000000, 'cash_and_short_term_investments': 37549000000000, 'non_interest_bearing_liabilities': None}"
BBCA.JK,2026-03-31,28434118000000.0,14695475000000.0,259358793000000,1370360247000000,1640830566000000,,47920728000000.0,47485515000000.0,2026-09-11T08:02:24.584458+00:00,"{'tax': 3387273000000, 'date': '2026-03-31', 'ebit': 18077072000000, 'ebitda': 18762398000000, 'symbol': 'BBCA.JK', 'revenue': 28434118000000, 'earnings': 14695475000000, 'cash_only': 23963776000000, 'provision': -1232275000000, 'minorities': 5676000000, 'total_debt': None, 'report_date': '2026-03-31', 'gross_profit': None, 'total_assets': 1640830566000000, 'total_equity': 259358793000000, 'net_cash_flow': 29860717000000, 'operating_pnl': 18077072000000, 'free_cash_flow': 47485515000000, 'premium_income': 532089000000, 'cost_of_revenue': None, 'non_loan_assets': 700656168000000, 'premium_expense': 0, 'operating_expense': 8673143000000, 'total_liabilities': 1370360247000000, 'net_premium_income': 532089000000, 'current_liabilities': None, 'earnings_before_tax': 18077072000000, 'financing_cash_flow': -1072636000000, 'investing_cash_flow': -16987375000000, 'non_interest_income': 6793596000000, 'operating_cash_flow': 47920728000000, 'stockholders_equity': 259132407000000, 'total_current_asset': None, 'total_non_current_assets': None, 'financials_sector_metrics': {'net_loan': 940174398000000, 'gross_loan': 970701203000000, 'time_deposit': 194373518000000, 'total_deposit': 1276408911000000, 'current_account': 447811289000000, 'interest_income': 24592248000000, 'savings_account': 634224104000000, 'interest_expense': 3483815000000, 'allowance_for_loans': 30526805000000, 'net_interest_income': 21108433000000, 'total_earning_assets': None, 'total_cash_and_due_from_banks': 90242485000000, 'other_interest_bearing_liabilities': None}, 'non_operating_income_or_loss': 0, 'total_non_current_liabilities': None, 'interest_expense_non_operating': None, 'cash_and_short_term_investments': None, 'non_interest_bearing_liabilities': None, 'realized_capital_goods_investment': -435213000000}"
BBCA.JK,2025-12-31,27987708000000.0,14159388000000.0,281687555000000,1294508286000000,1586828536000000,,11576805000000.0,10229182000000.0,2026-09-11T08:02:24.584458+00:00,"{'tax': 3344302000000, 'date': '2025-12-31', 'ebit': 17493932000000, 'ebitda': 18076581000000, 'symbol': 'BBCA.JK', 'revenue': 27987708000000, 'earnings': 14159388000000, 'cash_only': 25305031000000, 'provision': -488321000000, 'minorities': 9758000000, 'total_debt': None, 'report_date': '2025-12-31', 'gross_profit': None, 'total_assets': 1586828536000000, 'total_equity': 281687555000000, 'net_cash_flow': -12666723000000, 'operating_pnl': 17493932000000, 'free_cash_flow': 10229182000000, 'premium_income': None, 'cost_of_revenue': None, 'non_loan_assets': 646347336000000, 'premium_expense': None, 'operating_expense': 8147153000000, 'total_liabilities': 1294508286000000, 'net_premium_income': None, 'current_liabilities': None, 'earnings_before_tax': 17493932000000, 'financing_cash_flow': -9012693000000, 'investing_cash_flow': -15230835000000, 'non_interest_income': 4382662000000, 'operating_cash_flow': 11576805000000, 'stockholders_equity': 281466478000000, 'total_current_asset': None, 'total_non_current_assets': None, 'financials_sector_metrics': {'net_loan': 940481200000000, 'gross_loan': 970233234000000, 'time_deposit': 194669011000000, 'total_deposit': 1233799081000000, 'current_account': 431010515000000, 'interest_income': 24927184000000, 'savings_account': 608119555000000, 'interest_expense': 3325378000000, 'allowance_for_loans': 29752034000000, 'net_interest_income': 21601806000000, 'total_earning_assets': None, 'total_cash_and_due_from_banks': 78406483000000, 'other_interest_bearing_liabilities': None}, 'non_operating_income_or_loss': 0, 'total_non_current_liabilities': None, 'interest_expense_non_operating': None, 'cash_and_short_term_investments': None, 'non_interest_bearing_liabilities': None, 'realized_capital_goods_investment': -1347623000000}"
BBCA.JK,2025-09-30,29162675000000.0,14399987000000.0,276635408000000,1251857118000000,1538501812000000,,25008762000000.0,,2026-09-11T08:02:24.584458+00:00,"{'tax': 3582791000000, 'date': '2025-09-30', 'ebit': 17973285000000, 'ebitda': 18585248000000, 'symbol': 'BBCA.JK', 'revenue': 29162675000000, 'earnings': 14399987000000, 'cash_only': 18427521000000, 'provision': -1511267000000, 'minorities': 9493000000, 'total_debt': None, 'report_date': '2025-09-30', 'gross_profit': None, 'total_assets': 1538501812000000, 'total_equity': 276635408000000, 'net_cash_flow': -6141272000000, 'operating_pnl': 17973285000000, 'free_cash_flow': None, 'premium_income': None, 'cost_of_revenue': None, 'non_loan_assets': 647969541000000, 'premium_expense': None, 'operating_expense': 9678123000000, 'total_liabilities': 1251857118000000, 'net_premium_income': None, 'current_liabilities': None, 'earnings_before_tax': 17973285000000, 'financing_cash_flow': 386601000000, 'investing_cash_flow': -31536635000000, 'non_interest_income': 7801275000000, 'operating_cash_flow': 25008762000000, 'stockholders_equity': 276415660000000, 'total_current_asset': None, 'total_non_current_assets': None, 'financials_sector_metrics': {'net_loan': 890532271000000, 'gross_loan': 921999630000000, 'time_deposit': 196810779000000, 'total_deposit': 1190664137000000, 'current_account': 400632199000000, 'interest_income': 24671504000000, 'savings_account': 593221159000000, 'interest_expense': 3310104000000, 'allowance_for_loans': 31467359000000, 'net_interest_income': 21361400000000, 'total_earning_assets': None, 'total_cash_and_due_from_banks': 89645709000000, 'other_interest_bearing_liabilities': None}, 'non_operating_income_or_loss': 0, 'total_non_current_liabilities': None, 'interest_expense_non_operating': None, 'cash_and_short_term_investments': None, 'non_interest_bearing_liabilities': None, 'realized_capital_goods_investment': None}"
TLKM.JK,2026-06-30,38689000000000.0,6279000000000.0,134848000000000,168239000000000,303087000000000,56915000000000.0,17572000000000.0,11317000000000.0,2026-09-11T08:02:26.020668+00:00,"{'tax': 2398000000000, 'date': '2026-06-30', 'ebit': 11608000000000, 'ebitda': 20113000000000, 'symbol': 'TLKM.JK', 'revenue': 38689000000000, 'earnings': 6279000000000, 'cash_only': 54579000000000, 'provision': 768000000000, 'minorities': 1873000000000, 'total_debt': 56915000000000, 'report_date': '2026-06-30', 'gross_profit': 26342000000000, 'total_assets': 303087000000000, 'total_equity': 134848000000000, 'net_cash_flow': 16520000000000, 'operating_pnl': 11116000000000, 'free_cash_flow': 11317000000000, 'premium_income': None, 'cost_of_revenue': 12347000000000, 'non_loan_assets': None, 'premium_expense': None, 'operating_expense': 15226000000000, 'total_liabilities': 168239000000000, 'net_premium_income': None, 'capital_expenditure': 6255000000000, 'current_liabilities': 102358000000000, 'earnings_before_tax': 10550000000000, 'financing_cash_flow': 4661000000000, 'investing_cash_flow': -5713000000000, 'non_interest_income': 403000000000, 'operating_cash_flow': 17572000000000, 'stockholders_equity': 118333000000000, 'total_current_asset': 80932000000000, 'total_non_current_assets': 222155000000000, 'financials_sector_metrics': None, 'non_operating_income_or_loss': -655000000000, 'total_non_current_liabilities': 65881000000000, 'interest_expense_non_operating': 1058000000000, 'cash_and_short_term_investments': 54579000000000, 'non_interest_bearing_liabilities': None}"
TLKM.JK,2025-12-31,37125000000000.0,2030000000000.0,150537000000000,137222000000000,287759000000000,50774000000000.0,14237000000000.0,6388000000000.0,2026-09-11T08:02:26.020668+00:00,"{'tax': 817000000000, 'date': '2025-12-31', 'ebit': 5855000000000, 'ebitda': 18437000000000, 'symbol': 'TLKM.JK', 'revenue': 37125000000000, 'earnings': 2030000000000, 'cash_only': 34228000000000, 'provision': 17000000000, 'minorities': 1833000000000, 'total_debt': 50774000000000, 'report_date': '2025-12-31', 'gross_profit': 24818000000000, 'total_assets': 287759000000000, 'total_equity': 150537000000000, 'net_cash_flow': 2662000000000, 'operating_pnl': 4798000000000, 'free_cash_flow': 6388000000000, 'premium_income': None, 'cost_of_revenue': 12307000000000, 'non_loan_assets': None, 'premium_expense': None, 'operating_expense': 20020000000000, 'total_liabilities': 137222000000000, 'net_premium_income': None, 'capital_expenditure': 7849000000000, 'current_liabilities': 73948000000000, 'earnings_before_tax': 4680000000000, 'financing_cash_flow': -4030000000000, 'investing_cash_flow': -7545000000000, 'non_interest_income': 376000000000, 'operating_cash_flow': 14237000000000, 'stockholders_equity': 130685000000000, 'total_current_asset': 61766000000000, 'total_non_current_assets': 225993000000000, 'financials_sector_metrics': None, 'non_operating_income_or_loss': -801000000000, 'total_non_current_liabilities': 63274000000000, 'interest_expense_non_operating': 1175000000000, 'cash_and_short_term_investments': 34228000000000, 'non_interest_bearing_liabilities': None}"
TLKM.JK,2025-09-30,36613000000000.0,4809000000000.0,155012000000000,136885000000000,291897000000000,53521000000000.0,17032000000000.0,9726000000000.0,2026-09-11T08:02:26.020668+00:00,"{'tax': 1816000000000, 'date': '2025-09-30', 'ebit': 9669000000000, 'ebitda': 18538000000000, 'symbol': 'TLKM.JK', 'revenue': 36613000000000, 'earnings': 4809000000000, 'cash_only': 31554000000000, 'provision': 478000000000, 'minorities': 1660000000000, 'total_debt': 53521000000000, 'report_date': '2025-09-30', 'gross_profit': 24623000000000, 'total_assets': 291897000000000, 'total_equity': 155012000000000, 'net_cash_flow': -1851000000000, 'operating_pnl': 9418000000000, 'free_cash_flow': 9726000000000, 'premium_income': None, 'cost_of_revenue': 11990000000000, 'non_loan_assets': None, 'premium_expense': None, 'operating_expense': 15205000000000, 'total_liabilities': 136885000000000, 'net_premium_income': None, 'capital_expenditure': 7306000000000, 'current_liabilities': 75685000000000, 'earnings_before_tax': 8285000000000, 'financing_cash_flow': -11793000000000, 'investing_cash_flow': -7090000000000, 'non_interest_income': 398000000000, 'operating_cash_flow': 17032000000000, 'stockholders_equity': 137139000000000, 'total_current_asset': 58408000000000, 'total_non_current_assets': 233489000000000, 'financials_sector_metrics': None, 'non_operating_income_or_loss': -986000000000, 'total_non_current_liabilities': 61200000000000, 'interest_expense_non_operating': 1384000000000, 'cash_and_short_term_investments': 31554000000000, 'non_interest_bearing_liabilities': None}"
ASII.JK,2026-03-31,78668000000000.0,5850000000000.0,293123000000000,224681000000000,517804000000000,116788000000000.0,6274000000000.0,-5297000000000.0,2026-09-11T08:02:27.525765+00:00,"{'tax': 1646000000000, 'date': '2026-03-31', 'ebit': 8992000000000, 'ebitda': 10197000000000, 'symbol': 'ASII.JK', 'revenue': 78668000000000, 'earnings': 5850000000000, 'cash_only': 49046000000000, 'provision': None, 'minorities': 573000000000, 'total_debt': 116788000000000, 'report_date': '2026-03-31', 'gross_profit': 15494000000000, 'total_assets': 517804000000000, 'total_equity': 293123000000000, 'net_cash_flow': -3653000000000, 'operating_pnl': 6310000000000, 'free_cash_flow': -5297000000000, 'premium_income': None, 'cost_of_revenue': 63174000000000, 'non_loan_assets': None, 'premium_expense': None, 'operating_expense': 9184000000000, 'total_liabilities': 224681000000000, 'net_premium_income': None, 'capital_expenditure': 11571000000000, 'current_liabilities': 155225000000000, 'earnings_before_tax': 8069000000000, 'financing_cash_flow': 2633000000000, 'investing_cash_flow': -12560000000000, 'non_interest_income': 828000000000, 'operating_cash_flow': 6274000000000, 'stockholders_equity': 232765000000000, 'total_current_asset': 188493000000000, 'total_non_current_assets': 329311000000000, 'financials_sector_metrics': None, 'non_operating_income_or_loss': 1759000000000, 'total_non_current_liabilities': 69456000000000, 'interest_expense_non_operating': 923000000000, 'cash_and_short_term_investments': 49046000000000, 'non_interest_bearing_liabilities': None}"
ASII.JK,2025-12-31,79784000000000.0,8296000000000.0,290812000000000,216554000000000,507366000000000,110151000000000.0,9623000000000.0,3359000000000.0,2026-09-11T08:02:27.525765+00:00,"{'tax': 2373000000000, 'date': '2025-12-31', 'ebit': 13382000000000, 'ebitda': 13382000000000, 'symbol': 'ASII.JK', 'revenue': 79784000000000, 'earnings': 8296000000000, 'cash_only': 52621000000000, 'provision': None, 'minorities': 1797000000000, 'total_debt': 110151000000000, 'report_date': '2025-12-31', 'gross_profit': 19197000000000, 'total_assets': 507366000000000, 'total_equity': 290812000000000, 'net_cash_flow': -2192000000000, 'operating_pnl': 10275000000000, 'free_cash_flow': 3359000000000, 'premium_income': None, 'cost_of_revenue': 60587000000000, 'non_loan_assets': None, 'premium_expense': None, 'operating_expense': 8922000000000, 'total_liabilities': 216554000000000, 'net_premium_income': None, 'capital_expenditure': 6264000000000, 'current_liabilities': 152078000000000, 'earnings_before_tax': 12466000000000, 'financing_cash_flow': -5803000000000, 'investing_cash_flow': -6012000000000, 'non_interest_income': 881000000000, 'operating_cash_flow': 9623000000000, 'stockholders_equity': 228906000000000, 'total_current_asset': 188555000000000, 'total_non_current_assets': 318811000000000, 'financials_sector_metrics': None, 'non_operating_income_or_loss': 2191000000000, 'total_non_current_liabilities': 64476000000000, 'interest_expense_non_operating': 916000000000, 'cash_and_short_term_investments': 52621000000000, 'non_interest_bearing_liabilities': None}"
ASII.JK,2025-09-30,80751000000000.0,8958000000000.0,289631000000000,215811000000000,505442000000000,105897000000000.0,11929000000000.0,1739000000000.0,2026-09-11T08:02:27.525765+00:00,"{'tax': 2184000000000, 'date': '2025-09-30', 'ebit': 13755000000000, 'ebitda': None, 'symbol': 'ASII.JK', 'revenue': 80751000000000, 'earnings': 8958000000000, 'cash_only': 54693000000000, 'provision': None, 'minorities': 1673000000000, 'total_debt': 105897000000000, 'report_date': '2025-09-30', 'gross_profit': 17414000000000, 'total_assets': 505442000000000, 'total_equity': 289631000000000, 'net_cash_flow': 1243000000000, 'operating_pnl': 9223000000000, 'free_cash_flow': 1739000000000, 'premium_income': None, 'cost_of_revenue': 63337000000000, 'non_loan_assets': None, 'premium_expense': None, 'operating_expense': 8191000000000, 'total_liabilities': 215811000000000, 'net_premium_income': None, 'capital_expenditure': 10190000000000, 'current_liabilities': 150939000000000, 'earnings_before_tax': 12815000000000, 'financing_cash_flow': -1796000000000, 'investing_cash_flow': -8890000000000, 'non_interest_income': None, 'operating_cash_flow': 11929000000000, 'stockholders_equity': 227091000000000, 'total_current_asset': 194290000000000, 'total_non_current_assets': 311152000000000, 'financials_sector_metrics': None, 'non_operating_income_or_loss': 3592000000000, 'total_non_current_liabilities': 64872000000000, 'interest_expense_non_operating': 940000000000, 'cash_and_short_term_investments': 54693000000000, 'non_interest_bearing_liabilities': None}"
AMMN.JK,2026-03-31,13732936650720.0,2722562272140.0,94870592355600,143273384112480,238143976468080,110786062912260.0,3289192602240.0,1690559055360.0,2026-09-11T13:49:39.181642+00:00,"{'tax': 951755375520, 'date': '2026-03-31', 'ebit': 5868002280960, 'ebitda': 7872192541380, 'symbol': 'AMMN.JK', 'revenue': 13732936650720, 'earnings': 2722562272140, 'cash_only': 13846126732260, 'provision': None, 'minorities': 41407274160, 'total_debt': 110786062912260, 'report_date': '2026-03-31', 'gross_profit': 5819217848760, 'total_assets': 238143976468080, 'total_equity': 94870592355600, 'net_cash_flow': 2459755266480, 'operating_pnl': 5531797652220, 'free_cash_flow': 1690559055360, 'premium_income': None, 'cost_of_revenue': 7913718801960, 'non_loan_assets': None, 'premium_expense': None, 'operating_expense': 287420196540, 'total_liabilities': 143273384112480, 'net_premium_income': None, 'capital_expenditure': 1598633546880, 'current_liabilities': 20436495569040, 'earnings_before_tax': 3715724921820, 'financing_cash_flow': 1108817449920, 'investing_cash_flow': -1938254785680, 'non_interest_income': 934531000, 'operating_cash_flow': 3289192602240, 'stockholders_equity': 93254314822440, 'total_current_asset': 53576916230580, 'total_non_current_assets': 184567060237500, 'financials_sector_metrics': None, 'non_operating_income_or_loss': -1816072730400, 'total_non_current_liabilities': 122836888543440, 'interest_expense_non_operating': 2152277359140, 'cash_and_short_term_investments': 13846126732260, 'non_interest_bearing_liabilities': None}"
AMMN.JK,2025-12-31,21777297650940.0,7155087696900.0,90897588743520,141247956682560,232145545426080,108371423698200.0,6915706109520.0,1653344674020.0,2026-09-11T13:49:39.181642+00:00,"{'tax': 2427941515740, 'date': '2025-12-31', 'ebit': 11396089924440, 'ebitda': 12582057674680, 'symbol': 'AMMN.JK', 'revenue': 21777297650940, 'earnings': 7155087696900, 'cash_only': 11327721485340, 'provision': None, 'minorities': 93339237420, 'total_debt': 108371423698200, 'report_date': '2025-12-31', 'gross_profit': 11732174777700, 'total_assets': 232145545426080, 'total_equity': 90897588743520, 'net_cash_flow': 4736418180, 'operating_pnl': 11026046793840, 'free_cash_flow': 1653344674020, 'premium_income': None, 'cost_of_revenue': 10045122873240, 'non_loan_assets': None, 'premium_expense': None, 'operating_expense': 706127983860, 'total_liabilities': 141247956682560, 'net_premium_income': None, 'capital_expenditure': 5262361435500, 'current_liabilities': 23597354203020, 'earnings_before_tax': 9676368450060, 'financing_cash_flow': -134176199820, 'investing_cash_flow': -6776793491520, 'non_interest_income': 1403942000, 'operating_cash_flow': 6915706109520, 'stockholders_equity': 89340830180160, 'total_current_asset': 52760066713380, 'total_non_current_assets': 179385478712700, 'financials_sector_metrics': None, 'non_operating_income_or_loss': -1349678343780, 'total_non_current_liabilities': 117650602479540, 'interest_expense_non_operating': 1719721474380, 'cash_and_short_term_investments': 11327721485340, 'non_interest_bearing_liabilities': None}"
AMMN.JK,2025-09-30,6037641289160.0,-496277778880.0,83261216712960,130006019512200,213267236225160,104987384359520.0,-4070989123760.0,-9380009545920.0,2026-09-11T13:49:39.181642+00:00,"{'tax': -177615380280, 'date': '2025-09-30', 'ebit': 1270987764800, 'ebitda': 2614892985950, 'symbol': 'AMMN.JK', 'revenue': 6037641289160, 'earnings': -496277778880, 'cash_only': 11252852294840, 'provision': None, 'minorities': 19757235160, 'total_debt': 104987384359520, 'report_date': '2025-09-30', 'gross_profit': 1313681369000, 'total_assets': 213267236225160, 'total_equity': 83261216712960, 'net_cash_flow': -5440197145240, 'operating_pnl': 1119121704480, 'free_cash_flow': -9380009545920, 'premium_income': None, 'cost_of_revenue': 4723959920160, 'non_loan_assets': None, 'premium_expense': None, 'operating_expense': 194559664520, 'total_liabilities': 130006019512200, 'net_premium_income': None, 'capital_expenditure': 5309020422160, 'current_liabilities': 20027345027040, 'earnings_before_tax': -654135924000, 'financing_cash_flow': 4272373107080, 'investing_cash_flow': -5641581128560, 'non_interest_income': None, 'operating_cash_flow': -4070989123760, 'stockholders_equity': 81778392105800, 'total_current_asset': 43308175719640, 'total_non_current_assets': 169959060505520, 'financials_sector_metrics': None, 'non_operating_income_or_loss': -1773257628480, 'total_non_current_liabilities': 109978674485160, 'interest_expense_non_operating': 1925123688800, 'cash_and_short_term_investments': 11252852294840, 'non_interest_bearing_liabilities': None}"
AMMN.JK,2025-06-30,2929082228910.0,-161604200970.0,82098439818120,123729350453580,205827790271700,98977030477410.0,-5865906267990.0,-11700634302570.0,2026-09-11T13:49:39.181642+00:00,"{'tax': -126790400520, 'date': '2025-06-30', 'ebit': 1119121670130, 'ebitda': 1909654904250, 'symbol': 'AMMN.JK', 'revenue': 2929082228910, 'earnings': -161604200970, 'cash_only': 16265445785910, 'provision': None, 'minorities': 18859504020, 'total_debt': 98977030477410, 'report_date': '2025-06-30', 'gross_profit': 1835523139530, 'total_assets': 205827790271700, 'total_equity': 82098439818120, 'net_cash_flow': 2220519950940, 'operating_pnl': 1354394794290, 'free_cash_flow': -11700634302570, 'premium_income': None, 'cost_of_revenue': 1093559089380, 'non_loan_assets': None, 'premium_expense': None, 'operating_expense': 481128345240, 'total_liabilities': 123729350453580, 'net_premium_income': None, 'capital_expenditure': 5834728034580, 'current_liabilities': 23403232460550, 'earnings_before_tax': -269535097470, 'financing_cash_flow': 13921154253510, 'investing_cash_flow': -5834728034580, 'non_interest_income': 266031000, 'operating_cash_flow': -5865906267990, 'stockholders_equity': 80639246557860, 'total_current_asset': 45313447903200, 'total_non_current_assets': 160514342368500, 'financials_sector_metrics': None, 'non_operating_income_or_loss': -1623929891760, 'total_non_current_liabilities': 100326117993030, 'interest_expense_non_operating': 1388656767600, 'cash_and_short_term_investments': 16265445785910, 'non_interest_bearing_liabilities': None}"
IMPC.JK,2026-06-30,1289965716265.0,243898051256.0,3413006148968,1911646326302,5324652475270,1060939124233.0,271762241515.0,154982281413.0,2026-09-11T13:49:42.547599+00:00,"{'tax': 70607604273, 'date': '2026-06-30', 'ebit': 334240500181, 'ebitda': 355907174004, 'symbol': 'IMPC.JK', 'revenue': 1289965716265, 'earnings': 243898051256, 'cash_only': 479224105745, 'provision': None, 'minorities': 1551103506, 'total_debt': 1060939124233, 'report_date': '2026-06-30', 'gross_profit': 518121819112, 'total_assets': 5324652475270, 'total_equity': 3413006148968, 'net_cash_flow': 31890799825, 'operating_pnl': 313509959791, 'free_cash_flow': 154982281413, 'premium_income': None, 'cost_of_revenue': 771843897153, 'non_loan_assets': None, 'premium_expense': None, 'operating_expense': 204611859321, 'total_liabilities': 1911646326302, 'net_premium_income': None, 'capital_expenditure': 116779960102, 'current_liabilities': 1133246938101, 'earnings_before_tax': 316056759035, 'financing_cash_flow': -123557473600, 'investing_cash_flow': -116313968090, 'non_interest_income': 1807766571, 'operating_cash_flow': 271762241515, 'stockholders_equity': 3155931451735, 'total_current_asset': 2765196208974, 'total_non_current_assets': 2559456266296, 'financials_sector_metrics': None, 'non_operating_income_or_loss': 2546799244, 'total_non_current_liabilities': 778399388201, 'interest_expense_non_operating': 18183741146, 'cash_and_short_term_investments': 479224105745, 'non_interest_bearing_liabilities': None}"
IMPC.JK,2026-03-31,1175611319712.0,202606320902.0,3241682358994,1931558954532,5173241313526,1074406479700.0,171503941754.0,97079664035.0,2026-09-11T13:49:42.547599+00:00,"{'tax': 41076633046, 'date': '2026-03-31', 'ebit': 260884182382, 'ebitda': 281908516651, 'symbol': 'IMPC.JK', 'revenue': 1175611319712, 'earnings': 202606320902, 'cash_only': 450145234976, 'provision': None, 'minorities': 613638875, 'total_debt': 1074406479700, 'report_date': '2026-03-31', 'gross_profit': 484298718722, 'total_assets': 5173241313526, 'total_equity': 3241682358994, 'net_cash_flow': -250092523854, 'operating_pnl': 237469349433, 'free_cash_flow': 97079664035, 'premium_income': None, 'cost_of_revenue': 691312600990, 'non_loan_assets': None, 'premium_expense': None, 'operating_expense': 246829369289, 'total_liabilities': 1931558954532, 'net_premium_income': None, 'capital_expenditure': 74424277719, 'current_liabilities': 1162859013195, 'earnings_before_tax': 244296592823, 'financing_cash_flow': -347735102395, 'investing_cash_flow': -73861363213, 'non_interest_income': 3580537827, 'operating_cash_flow': 171503941754, 'stockholders_equity': 2985087437424, 'total_current_asset': 2674064849036, 'total_non_current_assets': 2499176464490, 'financials_sector_metrics': None, 'non_operating_income_or_loss': 6827243390, 'total_non_current_liabilities': 768699941337, 'interest_expense_non_operating': 16587589559, 'cash_and_short_term_investments': 450145234976, 'non_interest_bearing_liabilities': None}"
IMPC.JK,2025-12-31,1247653239756.0,154282231446.0,3398015506369,1911656727202,5309672233571,1049537477948.0,149680993454.0,102312095234.0,2026-09-11T13:49:42.547599+00:00,"{'tax': 55858694100, 'date': '2025-12-31', 'ebit': 231961974197, 'ebitda': 252393542551, 'symbol': 'IMPC.JK', 'revenue': 1247653239756, 'earnings': 154282231446, 'cash_only': 711327058319, 'provision': None, 'minorities': 2112321738, 'total_debt': 1049537477948, 'report_date': '2025-12-31', 'gross_profit': 506812826781, 'total_assets': 5309672233571, 'total_equity': 3398015506369, 'net_cash_flow': 18421009386, 'operating_pnl': 224657594635, 'free_cash_flow': 102312095234, 'premium_income': None, 'cost_of_revenue': 740840412975, 'non_loan_assets': None, 'premium_expense': None, 'operating_expense': 282155232146, 'total_liabilities': 1911656727202, 'net_premium_income': None, 'capital_expenditure': 47368898220, 'current_liabilities': 1059412745801, 'earnings_before_tax': 212253247284, 'financing_cash_flow': -84881862121, 'investing_cash_flow': -46378121947, 'non_interest_income': 4906594924, 'operating_cash_flow': 149680993454, 'stockholders_equity': 3141754223674, 'total_current_asset': 2850353939685, 'total_non_current_assets': 2459318293886, 'financials_sector_metrics': None, 'non_operating_income_or_loss': -12404347351, 'total_non_current_liabilities': 852243981401, 'interest_expense_non_operating': 19708726913, 'cash_and_short_term_investments': 711327058319, 'non_interest_bearing_liabilities': None}"
IMPC.JK,2025-09-30,1123216705096.0,170125912489.0,3125168603683,1946731811432,5071900415115,1191733832599.0,231616442190.0,194801821446.0,2026-09-11T13:49:42.547599+00:00,"{'tax': 61365372354, 'date': '2025-09-30', 'ebit': 257467401292, 'ebitda': 277381133032, 'symbol': 'IMPC.JK', 'revenue': 1123216705096, 'earnings': 170125912489, 'cash_only': 676770085108, 'provision': None, 'minorities': 1557228093, 'total_debt': 1191733832599, 'report_date': '2025-09-30', 'gross_profit': 447832579626, 'total_assets': 5071900415115, 'total_equity': 3125168603683, 'net_cash_flow': 392174479976, 'operating_pnl': 238700382695, 'free_cash_flow': 194801821446, 'premium_income': None, 'cost_of_revenue': 675384125470, 'non_loan_assets': None, 'premium_expense': None, 'operating_expense': 209132196931, 'total_liabilities': 1946731811432, 'net_premium_income': None, 'capital_expenditure': 36814620744, 'current_liabilities': 1047342428622, 'earnings_before_tax': 233048512936, 'financing_cash_flow': 197181498451, 'investing_cash_flow': -36623460665, 'non_interest_income': None, 'operating_cash_flow': 231616442190, 'stockholders_equity': 2871188221618, 'total_current_asset': 2637899490399, 'total_non_current_assets': 2434000924716, 'financials_sector_metrics': None, 'non_operating_income_or_loss': -5651869759, 'total_non_current_liabilities': 899389382810, 'interest_expense_non_operating': 24418888356, 'cash_and_short_term_investments': 676770085108, 'non_interest_bearing_liabilities': None}"
AADI.JK,2026-06-30,26891529196000.0,5919682573000.0,70419659821000,42728474901000,113148134722000,12581189201000.0,7241595319000.0,6361036115000.0,2026-09-11T13:49:45.628772+00:00,"{'tax': 1531456339000, 'date': '2026-06-30', 'ebit': 8429659343000, 'ebitda': 9205500557900, 'symbol': 'AADI.JK', 'revenue': 26891529196000, 'earnings': 5919682573000, 'cash_only': 21463192072000, 'provision': None, 'minorities': 714832363000, 'total_debt': 12581189201000, 'report_date': '2026-06-30', 'gross_profit': 9399641951000, 'total_assets': 113148134722000, 'total_equity': 70419659821000, 'net_cash_flow': 5202970815000, 'operating_pnl': 8161711313000, 'free_cash_flow': 6361036115000, 'premium_income': None, 'cost_of_revenue': 17491887245000, 'non_loan_assets': None, 'premium_expense': None, 'operating_expense': 1237930638000, 'total_liabilities': 42728474901000, 'net_premium_income': None, 'capital_expenditure': 880559204000, 'current_liabilities': 20797367171000, 'earnings_before_tax': 8165971275000, 'financing_cash_flow': -781917815000, 'investing_cash_flow': -1256706689000, 'non_interest_income': None, 'operating_cash_flow': 7241595319000, 'stockholders_equity': 64223545092000, 'total_current_asset': 53924907967000, 'total_non_current_assets': 59223226755000, 'financials_sector_metrics': None, 'non_operating_income_or_loss': 4259962000, 'total_non_current_liabilities': 21931107730000, 'interest_expense_non_operating': 263688068000, 'cash_and_short_term_investments': 21463192072000, 'non_interest_bearing_liabilities': None}"
AADI.JK,2026-03-31,17749238267520.0,2431368506280.0,64273574413800,33984391338600,98257965752400,8836730458020.0,769825139340.0,-540300335160.0,2026-09-11T13:49:45.628772+00:00,"{'tax': 929300938260, 'date': '2026-03-31', 'ebit': 3653512022220, 'ebitda': 4000238450100, 'symbol': 'AADI.JK', 'revenue': 17749238267520, 'earnings': 2431368506280, 'cash_only': 15543553003860, 'provision': None, 'minorities': 182389183800, 'total_debt': 8836730458020, 'report_date': '2026-03-31', 'gross_profit': 4377901347180, 'total_assets': 98257965752400, 'total_equity': 64273574413800, 'net_cash_flow': -144772477020, 'operating_pnl': 3493118328060, 'free_cash_flow': -540300335160, 'premium_income': None, 'cost_of_revenue': 13371336920340, 'non_loan_assets': None, 'premium_expense': None, 'operating_expense': 884783019120, 'total_liabilities': 33984391338600, 'net_premium_income': None, 'capital_expenditure': 1310125474500, 'current_liabilities': 14672385430800, 'earnings_before_tax': 3543058628340, 'financing_cash_flow': 246250895220, 'investing_cash_flow': -1160848511580, 'non_interest_income': 7931000, 'operating_cash_flow': 769825139340, 'stockholders_equity': 59059249528200, 'total_current_asset': 30742606325700, 'total_non_current_assets': 67515359426700, 'financials_sector_metrics': None, 'non_operating_income_or_loss': 49940300280, 'total_non_current_liabilities': 19312005907800, 'interest_expense_non_operating': 110453393880, 'cash_and_short_term_investments': 15543553003860, 'non_interest_bearing_liabilities': None}"
AADI.JK,2025-12-31,21776393882100.0,2892997529760.0,61081853036880,34421006986080,95502860022960,6760391760720.0,2917951591620.0,1553879892240.0,2026-09-11T13:49:45.628772+00:00,"{'tax': 811283162040, 'date': '2025-12-31', 'ebit': 4288232517660, 'ebitda': 4704572876640, 'symbol': 'AADI.JK', 'revenue': 21776393882100, 'earnings': 2892997529760, 'cash_only': 15488673224700, 'provision': None, 'minorities': 359147695140, 'total_debt': 6760391760720, 'report_date': '2025-12-31', 'gross_profit': 5329457903640, 'total_assets': 95502860022960, 'total_equity': 61081853036880, 'net_cash_flow': -8240899012320, 'operating_pnl': 4069671086520, 'free_cash_flow': 1553879892240, 'premium_income': None, 'cost_of_revenue': 16446935978460, 'non_loan_assets': None, 'premium_expense': None, 'operating_expense': 1259786817120, 'total_liabilities': 34421006986080, 'net_premium_income': None, 'capital_expenditure': 1364071699380, 'current_liabilities': 15441995237760, 'earnings_before_tax': 4063428386940, 'financing_cash_flow': -8336983029180, 'investing_cash_flow': -2821867574760, 'non_interest_income': 10748000, 'operating_cash_flow': 2917951591620, 'stockholders_equity': 55791826233000, 'total_current_asset': 30063234477120, 'total_non_current_assets': 65439625545840, 'financials_sector_metrics': None, 'non_operating_income_or_loss': -6242699580, 'total_non_current_liabilities': 18979011748320, 'interest_expense_non_operating': 224804130720, 'cash_and_short_term_investments': 15488673224700, 'non_interest_bearing_liabilities': None}"
AADI.JK,2025-09-30,20132955521640.0,2640528679880.0,63128644018960,38602375145360,101731019164320,10382152439360.0,2374713140280.0,949845308880.0,2026-09-11T13:49:45.628772+00:00,"{'tax': 721979639680, 'date': '2025-09-30', 'ebit': 3814011909240, 'ebitda': 4381894791750, 'symbol': 'AADI.JK', 'revenue': 20132955521640, 'earnings': 2640528679880, 'cash_only': 23586010900400, 'provision': None, 'minorities': 248804676640, 'total_debt': 10382152439360, 'report_date': '2025-09-30', 'gross_profit': 4123519733840, 'total_assets': 101731019164320, 'total_equity': 63128644018960, 'net_cash_flow': -168960146680, 'operating_pnl': 3165218927520, 'free_cash_flow': 949845308880, 'premium_income': None, 'cost_of_revenue': 16009435787800, 'non_loan_assets': None, 'premium_expense': None, 'operating_expense': 958300806320, 'total_liabilities': 38602375145360, 'net_premium_income': None, 'capital_expenditure': 1424867831400, 'current_liabilities': 15982537984920, 'earnings_before_tax': 3611312996200, 'financing_cash_flow': -1169838044440, 'investing_cash_flow': -1373835242520, 'non_interest_income': None, 'operating_cash_flow': 2374713140280, 'stockholders_equity': 57667457932240, 'total_current_asset': 37049060318400, 'total_non_current_assets': 64681958845920, 'financials_sector_metrics': None, 'non_operating_income_or_loss': 446094068680, 'total_non_current_liabilities': 22619837160440, 'interest_expense_non_operating': 202698913040, 'cash_and_short_term_investments': 23586010900400, 'non_interest_bearing_liabilities': None}"
MGLV.JK,2026-06-30,,,114233933519,69809832851,184043766370,7625053.0,,,2026-09-11T13:49:48.907124+00:00,"{'tax': None, 'date': '2026-06-30', 'ebit': None, 'ebitda': None, 'symbol': 'MGLV.JK', 'revenue': None, 'earnings': None, 'cash_only': 1291685076, 'provision': None, 'minorities': None, 'total_debt': 7625053, 'report_date': '2026-06-30', 'gross_profit': None, 'total_assets': 184043766370, 'total_equity': 114233933519, 'net_cash_flow': None, 'operating_pnl': None, 'free_cash_flow': None, 'premium_income': None, 'cost_of_revenue': None, 'non_loan_assets': None, 'premium_expense': None, 'operating_expense': None, 'total_liabilities': 69809832851, 'net_premium_income': None, 'capital_expenditure': None, 'current_liabilities': 64613729022, 'earnings_before_tax': None, 'financing_cash_flow': None, 'investing_cash_flow': None, 'non_interest_income': None, 'operating_cash_flow': None, 'stockholders_equity': 113257351147, 'total_current_asset': 174520465112, 'total_non_current_assets': 9523301258, 'financials_sector_metrics': None, 'non_operating_income_or_loss': None, 'total_non_current_liabilities': 5196103829, 'interest_expense_non_operating': None, 'cash_and_short_term_investments': 1291685076, 'non_interest_bearing_liabilities': None}"
MGLV.JK,2025-12-31,,,128173031355,59739988344,187913019699,16361068.0,,,2026-09-11T13:49:48.907124+00:00,"{'tax': None, 'date': '2025-12-31', 'ebit': None, 'ebitda': None, 'symbol': 'MGLV.JK', 'revenue': None, 'earnings': None, 'cash_only': 3156869509, 'provision': None, 'minorities': None, 'total_debt': 16361068, 'report_date': '2025-12-31', 'gross_profit': None, 'total_assets': 187913019699, 'total_equity': 128173031355, 'net_cash_flow': None, 'operating_pnl': None, 'free_cash_flow': None, 'premium_income': None, 'cost_of_revenue': None, 'non_loan_assets': None, 'premium_expense': None, 'operating_expense': None, 'total_liabilities': 59739988344, 'net_premium_income': None, 'capital_expenditure': None, 'current_liabilities': 58462561164, 'earnings_before_tax': None, 'financing_cash_flow': None, 'investing_cash_flow': None, 'non_interest_income': None, 'operating_cash_flow': None, 'stockholders_equity': 127197337830, 'total_current_asset': 178578927403, 'total_non_current_assets': 9334092296, 'financials_sector_metrics': None, 'non_operating_income_or_loss': None, 'total_non_current_liabilities': 1277427180, 'interest_expense_non_operating': None, 'cash_and_short_term_investments': 3156869509, 'non_interest_bearing_liabilities': None}"
MGLV.JK,2025-06-30,,,146233923099,57266938337,203500861436,,,,2026-09-11T13:49:48.907124+00:00,"{'tax': None, 'date': '2025-06-30', 'ebit': None, 'ebitda': None, 'symbol': 'MGLV.JK', 'revenue': None, 'earnings': None, 'cash_only': 1841566133, 'provision': None, 'minorities': None, 'total_debt': None, 'report_date': '2025-06-30', 'gross_profit': None, 'total_assets': 203500861436, 'total_equity': 146233923099, 'net_cash_flow': None, 'operating_pnl': None, 'free_cash_flow': None, 'premium_income': None, 'cost_of_revenue': None, 'non_loan_assets': None, 'premium_expense': None, 'operating_expense': None, 'total_liabilities': 57266938337, 'net_premium_income': None, 'capital_expenditure': None, 'current_liabilities': 52416828586, 'earnings_before_tax': None, 'financing_cash_flow': None, 'investing_cash_flow': None, 'non_interest_income': None, 'operating_cash_flow': None, 'stockholders_equity': 145704351221, 'total_current_asset': 185497929705, 'total_non_current_assets': 18002931731, 'financials_sector_metrics': None, 'non_operating_income_or_loss': None, 'total_non_current_liabilities': 4850109751, 'interest_expense_non_operating': None, 'cash_and_short_term_investments': 1841566133, 'non_interest_bearing_liabilities': None}"
MGLV.JK,2024-12-31,,,137089219981,130991846193,268081066174,2011988040.0,,,2026-09-11T13:49:48.907124+00:00,"{'tax': None, 'date': '2024-12-31', 'ebit': None, 'ebitda': None, 'symbol': 'MGLV.JK', 'revenue': None, 'earnings': None, 'cash_only': 7783983677, 'provision': None, 'minorities': None, 'total_debt': 2011988040, 'report_date': '2024-12-31', 'gross_profit': None, 'total_assets': 268081066174, 'total_equity': 137089219981, 'net_cash_flow': None, 'operating_pnl': None, 'free_cash_flow': None, 'premium_income': None, 'cost_of_revenue': None, 'non_loan_assets': None, 'premium_expense': None, 'operating_expense': None, 'total_liabilities': 130991846193, 'net_premium_income': None, 'capital_expenditure': None, 'current_liabilities': 129949116445, 'earnings_before_tax': None, 'financing_cash_flow': None, 'investing_cash_flow': None, 'non_interest_income': None, 'operating_cash_flow': None, 'stockholders_equity': 136155777335, 'total_current_asset': 249000761518, 'total_non_current_assets': 19080304656, 'financials_sector_metrics': None, 'non_operating_income_or_loss': None, 'total_non_current_liabilities': 1042729748, 'interest_expense_non_operating': None, 'cash_and_short_term_investments': 7783983677, 'non_interest_bearing_liabilities': None}"
SOHO.JK,2026-06-30,2726781000000.0,183064000000.0,2454603000000,3139705000000,5594308000000,4504000000.0,324210000000.0,316783000000.0,2026-09-11T13:49:52.240769+00:00,"{'tax': 51643000000, 'date': '2026-06-30', 'ebit': 234810000000, 'ebitda': 250176000000, 'symbol': 'SOHO.JK', 'revenue': 2726781000000, 'earnings': 183064000000, 'cash_only': 720577000000, 'provision': None, 'minorities': 0, 'total_debt': 4504000000, 'report_date': '2026-06-30', 'gross_profit': 539327000000, 'total_assets': 5594308000000, 'total_equity': 2454603000000, 'net_cash_flow': -98249000000, 'operating_pnl': 237928000000, 'free_cash_flow': 316783000000, 'premium_income': None, 'cost_of_revenue': 2187454000000, 'non_loan_assets': None, 'premium_expense': None, 'operating_expense': 301399000000, 'total_liabilities': 3139705000000, 'net_premium_income': None, 'capital_expenditure': 7427000000, 'current_liabilities': 2936269000000, 'earnings_before_tax': 234707000000, 'financing_cash_flow': -419008000000, 'investing_cash_flow': -3451000000, 'non_interest_income': 6299000000, 'operating_cash_flow': 324210000000, 'stockholders_equity': 2454603000000, 'total_current_asset': 4966088000000, 'total_non_current_assets': 628220000000, 'financials_sector_metrics': None, 'non_operating_income_or_loss': -3221000000, 'total_non_current_liabilities': 203436000000, 'interest_expense_non_operating': 103000000, 'cash_and_short_term_investments': 720577000000, 'non_interest_bearing_liabilities': None}"
SOHO.JK,2026-03-31,2635637000000.0,189858000000.0,2772860000000,3024321000000,5797181000000,5099000000.0,143763000000.0,132215000000.0,2026-09-11T13:49:52.240769+00:00,"{'tax': 51495000000, 'date': '2026-03-31', 'ebit': 241498000000, 'ebitda': 255075000000, 'symbol': 'SOHO.JK', 'revenue': 2635637000000, 'earnings': 189858000000, 'cash_only': 818826000000, 'provision': None, 'minorities': 0, 'total_debt': 5099000000, 'report_date': '2026-03-31', 'gross_profit': 532294000000, 'total_assets': 5797181000000, 'total_equity': 2772860000000, 'net_cash_flow': -285300000000, 'operating_pnl': 242899000000, 'free_cash_flow': 132215000000, 'premium_income': None, 'cost_of_revenue': 2103343000000, 'non_loan_assets': None, 'premium_expense': None, 'operating_expense': 289395000000, 'total_liabilities': 3024321000000, 'net_premium_income': None, 'capital_expenditure': 11548000000, 'current_liabilities': 2818945000000, 'earnings_before_tax': 241353000000, 'financing_cash_flow': -423423000000, 'investing_cash_flow': -5640000000, 'non_interest_income': 5040000000, 'operating_cash_flow': 143763000000, 'stockholders_equity': 2772860000000, 'total_current_asset': 5152820000000, 'total_non_current_assets': 644361000000, 'financials_sector_metrics': None, 'non_operating_income_or_loss': -1546000000, 'total_non_current_liabilities': 205376000000, 'interest_expense_non_operating': 145000000, 'cash_and_short_term_investments': 818826000000, 'non_interest_bearing_liabilities': None}"
SOHO.JK,2025-12-31,2854681000000.0,160228000000.0,2583002000000,3574485000000,6157487000000,7219000000.0,194337000000.0,184071000000.0,2026-09-11T13:49:52.240769+00:00,"{'tax': 48336000000, 'date': '2025-12-31', 'ebit': 208742000000, 'ebitda': 221344000000, 'symbol': 'SOHO.JK', 'revenue': 2854681000000, 'earnings': 160228000000, 'cash_only': 1104126000000, 'provision': None, 'minorities': 0, 'total_debt': 7219000000, 'report_date': '2025-12-31', 'gross_profit': 495354000000, 'total_assets': 6157487000000, 'total_equity': 2583002000000, 'net_cash_flow': 186885000000, 'operating_pnl': 207959000000, 'free_cash_flow': 184071000000, 'premium_income': None, 'cost_of_revenue': 2359327000000, 'non_loan_assets': None, 'premium_expense': None, 'operating_expense': 287395000000, 'total_liabilities': 3574485000000, 'net_premium_income': None, 'capital_expenditure': -10266000000, 'current_liabilities': 3376389000000, 'earnings_before_tax': 208564000000, 'financing_cash_flow': None, 'investing_cash_flow': None, 'non_interest_income': 6057000000, 'operating_cash_flow': 194337000000, 'stockholders_equity': 2583002000000, 'total_current_asset': 5514743000000, 'total_non_current_assets': 642744000000, 'financials_sector_metrics': None, 'non_operating_income_or_loss': 5158000000, 'total_non_current_liabilities': 198096000000, 'interest_expense_non_operating': 178000000, 'cash_and_short_term_investments': 1104126000000, 'non_interest_bearing_liabilities': None}"
SOHO.JK,2025-09-30,2755513000000.0,149733000000.0,2847028000000,3158125000000,6005153000000,,277347000000.0,270194000000.0,2026-09-11T13:49:52.240769+00:00,"{'tax': 44617000000, 'date': '2025-09-30', 'ebit': 194051000000, 'ebitda': 206501000000, 'symbol': 'SOHO.JK', 'revenue': 2755513000000, 'earnings': 149733000000, 'cash_only': None, 'provision': None, 'minorities': 0, 'total_debt': None, 'report_date': '2025-09-30', 'gross_profit': 448110000000, 'total_assets': 6005153000000, 'total_equity': 2847028000000, 'net_cash_flow': 268168000000, 'operating_pnl': 184710000000, 'free_cash_flow': 270194000000, 'premium_income': None, 'cost_of_revenue': 2307403000000, 'non_loan_assets': None, 'premium_expense': None, 'operating_expense': 263400000000, 'total_liabilities': 3158125000000, 'net_premium_income': None, 'capital_expenditure': -7153000000, 'current_liabilities': 2969262000000, 'earnings_before_tax': 194350000000, 'financing_cash_flow': None, 'investing_cash_flow': None, 'non_interest_income': 6086000000, 'operating_cash_flow': 277347000000, 'stockholders_equity': 2847028000000, 'total_current_asset': 5354078000000, 'total_non_current_assets': 651075000000, 'financials_sector_metrics': None, 'non_operating_income_or_loss': 6101000000, 'total_non_current_liabilities': 188863000000, 'interest_expense_non_operating': -299000000, 'cash_and_short_term_investments': 917241000000, 'non_interest_bearing_liabilities': None}"
BELI.JK,2026-06-30,6995135000000.0,-408352000000.0,9336174000000,9414947000000,18751121000000,3702772000000.0,-71356000000.0,-144340000000.0,2026-09-11T13:49:55.453521+00:00,"{'tax': 27852000000, 'date': '2026-06-30', 'ebit': -276310000000, 'ebitda': -237332000000, 'symbol': 'BELI.JK', 'revenue': 6995135000000, 'earnings': -408352000000, 'cash_only': 1630052000000, 'provision': None, 'minorities': -8736000000, 'total_debt': 3702772000000, 'report_date': '2026-06-30', 'gross_profit': 1136725000000, 'total_assets': 18751121000000, 'total_equity': 9336174000000, 'net_cash_flow': -215336000000, 'operating_pnl': -295204000000, 'free_cash_flow': -144340000000, 'premium_income': None, 'cost_of_revenue': 5858410000000, 'non_loan_assets': None, 'premium_expense': None, 'operating_expense': 1431929000000, 'total_liabilities': 9414947000000, 'net_premium_income': None, 'capital_expenditure': 72984000000, 'current_liabilities': 8129849000000, 'earnings_before_tax': -389236000000, 'financing_cash_flow': -41966000000, 'investing_cash_flow': -102014000000, 'non_interest_income': 12450000000, 'operating_cash_flow': -71356000000, 'stockholders_equity': 9149030000000, 'total_current_asset': 10114740000000, 'total_non_current_assets': 8636381000000, 'financials_sector_metrics': None, 'non_operating_income_or_loss': -94032000000, 'total_non_current_liabilities': 1285098000000, 'interest_expense_non_operating': 112926000000, 'cash_and_short_term_investments': 1630052000000, 'non_interest_bearing_liabilities': None}"
BELI.JK,2026-03-31,7835282000000.0,-303004000000.0,9152997000000,9478304000000,18631301000000,4213452000000.0,-108610000000.0,-171098000000.0,2026-09-11T13:49:55.453521+00:00,"{'tax': 40093000000, 'date': '2026-03-31', 'ebit': -192827000000, 'ebitda': -171708000000, 'symbol': 'BELI.JK', 'revenue': 7835282000000, 'earnings': -303004000000, 'cash_only': 1845388000000, 'provision': None, 'minorities': 1021000000, 'total_debt': 4213452000000, 'report_date': '2026-03-31', 'gross_profit': 1188035000000, 'total_assets': 18631301000000, 'total_equity': 9152997000000, 'net_cash_flow': 303155000000, 'operating_pnl': -227581000000, 'free_cash_flow': -171098000000, 'premium_income': None, 'cost_of_revenue': 6647247000000, 'non_loan_assets': None, 'premium_expense': None, 'operating_expense': 1415616000000, 'total_liabilities': 9478304000000, 'net_premium_income': None, 'capital_expenditure': 62488000000, 'current_liabilities': 8215987000000, 'earnings_before_tax': -261890000000, 'financing_cash_flow': 503050000000, 'investing_cash_flow': -91285000000, 'non_interest_income': 11380000000, 'operating_cash_flow': -108610000000, 'stockholders_equity': 8957117000000, 'total_current_asset': 10014145000000, 'total_non_current_assets': 8617156000000, 'financials_sector_metrics': None, 'non_operating_income_or_loss': -34309000000, 'total_non_current_liabilities': 1262317000000, 'interest_expense_non_operating': 69063000000, 'cash_and_short_term_investments': 1845388000000, 'non_interest_bearing_liabilities': None}"
BELI.JK,2025-12-31,7121684000000.0,-436610000000.0,9454333000000,8346445000000,17800778000000,3608453000000.0,-760840000000.0,-969846000000.0,2026-09-11T13:49:55.453521+00:00,"{'tax': 45182000000, 'date': '2025-12-31', 'ebit': -326016000000, 'ebitda': -190182000000, 'symbol': 'BELI.JK', 'revenue': 7121684000000, 'earnings': -436610000000, 'cash_only': 1542233000000, 'provision': None, 'minorities': -5387000000, 'total_debt': 3608453000000, 'report_date': '2025-12-31', 'gross_profit': 1231183000000, 'total_assets': 17800778000000, 'total_equity': 9454333000000, 'net_cash_flow': -96168000000, 'operating_pnl': -353098000000, 'free_cash_flow': -969846000000, 'premium_income': None, 'cost_of_revenue': 5890501000000, 'non_loan_assets': None, 'premium_expense': None, 'operating_expense': 1584281000000, 'total_liabilities': 8346445000000, 'net_premium_income': None, 'capital_expenditure': 209006000000, 'current_liabilities': 7102062000000, 'earnings_before_tax': -396815000000, 'financing_cash_flow': 876355000000, 'investing_cash_flow': -211683000000, 'non_interest_income': 11686000000, 'operating_cash_flow': -760840000000, 'stockholders_equity': 9259474000000, 'total_current_asset': 9197181000000, 'total_non_current_assets': 8603597000000, 'financials_sector_metrics': None, 'non_operating_income_or_loss': -43717000000, 'total_non_current_liabilities': 1244383000000, 'interest_expense_non_operating': 70799000000, 'cash_and_short_term_investments': 1542233000000, 'non_interest_bearing_liabilities': None}"
BELI.JK,2025-09-30,5643655000000.0,-589901000000.0,9120818000000,8408155000000,17528973000000,3421037000000.0,-202138000000.0,-256360000000.0,2026-09-11T13:49:55.453521+00:00,"{'tax': 7121000000, 'date': '2025-09-30', 'ebit': -520580000000, 'ebitda': None, 'symbol': 'BELI.JK', 'revenue': 5643655000000, 'earnings': -589901000000, 'cash_only': 1638401000000, 'provision': None, 'minorities': -3136000000, 'total_debt': 3421037000000, 'report_date': '2025-09-30', 'gross_profit': 906025000000, 'total_assets': 17528973000000, 'total_equity': 9120818000000, 'net_cash_flow': -167605000000, 'operating_pnl': -554746000000, 'free_cash_flow': -256360000000, 'premium_income': None, 'cost_of_revenue': 4737630000000, 'non_loan_assets': None, 'premium_expense': None, 'operating_expense': 1460771000000, 'total_liabilities': 8408155000000, 'net_premium_income': None, 'capital_expenditure': 54222000000, 'current_liabilities': 7095546000000, 'earnings_before_tax': -585916000000, 'financing_cash_flow': 90599000000, 'investing_cash_flow': -56066000000, 'non_interest_income': None, 'operating_cash_flow': -202138000000, 'stockholders_equity': 8919784000000, 'total_current_asset': 8993816000000, 'total_non_current_assets': 8535157000000, 'financials_sector_metrics': None, 'non_operating_income_or_loss': -31170000000, 'total_non_current_liabilities': 1312609000000, 'interest_expense_non_operating': 65336000000, 'cash_and_short_term_investments': 1638401000000, 'non_interest_bearing_liabilities': None}"
SRAJ.JK,2026-06-30,657127000000.0,-154081000000.0,1091118000000,6530636000000,7621754000000,4262967000000.0,90941000000.0,-155705000000.0,2026-09-11T13:49:58.91768+00:00,"{'tax': -9940000000, 'date': '2026-06-30', 'ebit': -56838000000, 'ebitda': 78275000000, 'symbol': 'SRAJ.JK', 'revenue': 657127000000, 'earnings': -154081000000, 'cash_only': 1530185000000, 'provision': None, 'minorities': 29000000, 'total_debt': 4262967000000, 'report_date': '2026-06-30', 'gross_profit': 263309000000, 'total_assets': 7621754000000, 'total_equity': 1091118000000, 'net_cash_flow': -113333000000, 'operating_pnl': -12493000000, 'free_cash_flow': -155705000000, 'premium_income': None, 'cost_of_revenue': 393818000000, 'non_loan_assets': None, 'premium_expense': None, 'operating_expense': 275802000000, 'total_liabilities': 6530636000000, 'net_premium_income': None, 'capital_expenditure': 246646000000, 'current_liabilities': 1563919000000, 'earnings_before_tax': -163992000000, 'financing_cash_flow': 42372000000, 'investing_cash_flow': -246646000000, 'non_interest_income': 13435000000, 'operating_cash_flow': 90941000000, 'stockholders_equity': 1089259000000, 'total_current_asset': 2186356000000, 'total_non_current_assets': 5435398000000, 'financials_sector_metrics': None, 'non_operating_income_or_loss': -151499000000, 'total_non_current_liabilities': 4966717000000, 'interest_expense_non_operating': 107154000000, 'cash_and_short_term_investments': 1530185000000, 'non_interest_bearing_liabilities': None}"
SRAJ.JK,2026-03-31,644900000000.0,-90596000000.0,1245170000000,6291556000000,7536726000000,4027066000000.0,100916000000.0,-210039000000.0,2026-09-11T13:49:58.91768+00:00,"{'tax': -18387000000, 'date': '2026-03-31', 'ebit': -3972000000, 'ebitda': 75721000000, 'symbol': 'SRAJ.JK', 'revenue': 644900000000, 'earnings': -90596000000, 'cash_only': 1589719000000, 'provision': None, 'minorities': 41000000, 'total_debt': 4027066000000, 'report_date': '2026-03-31', 'gross_profit': 249760000000, 'total_assets': 7536726000000, 'total_equity': 1245170000000, 'net_cash_flow': -251016000000, 'operating_pnl': -12809000000, 'free_cash_flow': -210039000000, 'premium_income': None, 'cost_of_revenue': 395140000000, 'non_loan_assets': None, 'premium_expense': None, 'operating_expense': 262569000000, 'total_liabilities': 6291556000000, 'net_premium_income': None, 'capital_expenditure': 310955000000, 'current_liabilities': 1544259000000, 'earnings_before_tax': -108942000000, 'financing_cash_flow': -40977000000, 'investing_cash_flow': -310955000000, 'non_interest_income': 15827000000, 'operating_cash_flow': 100916000000, 'stockholders_equity': 1243340000000, 'total_current_asset': 2246114000000, 'total_non_current_assets': 5290612000000, 'financials_sector_metrics': None, 'non_operating_income_or_loss': -96133000000, 'total_non_current_liabilities': 4747297000000, 'interest_expense_non_operating': 104970000000, 'cash_and_short_term_investments': 1589719000000, 'non_interest_bearing_liabilities': None}"
SRAJ.JK,2025-12-31,714372000000.0,-110538000000.0,1335725000000,6288185000000,7623910000000,3957939000000.0,64953000000.0,-51222000000.0,2026-09-11T13:49:58.91768+00:00,"{'tax': 28980000000, 'date': '2025-12-31', 'ebit': 24557000000, 'ebitda': 52901000000, 'symbol': 'SRAJ.JK', 'revenue': 714372000000, 'earnings': -110538000000, 'cash_only': 1826263000000, 'provision': None, 'minorities': -29000000, 'total_debt': 3957939000000, 'report_date': '2025-12-31', 'gross_profit': 304049000000, 'total_assets': 7623910000000, 'total_equity': 1335725000000, 'net_cash_flow': -124036000000, 'operating_pnl': -2106000000, 'free_cash_flow': -51222000000, 'premium_income': None, 'cost_of_revenue': 410323000000, 'non_loan_assets': None, 'premium_expense': None, 'operating_expense': 306155000000, 'total_liabilities': 6288185000000, 'net_premium_income': None, 'capital_expenditure': 116175000000, 'current_liabilities': 1610030000000, 'earnings_before_tax': -81587000000, 'financing_cash_flow': -54861000000, 'investing_cash_flow': -134128000000, 'non_interest_income': 22297000000, 'operating_cash_flow': 64953000000, 'stockholders_equity': 1332590000000, 'total_current_asset': 2527917000000, 'total_non_current_assets': 5095993000000, 'financials_sector_metrics': None, 'non_operating_income_or_loss': -79481000000, 'total_non_current_liabilities': 4678155000000, 'interest_expense_non_operating': 106144000000, 'cash_and_short_term_investments': 1826263000000, 'non_interest_bearing_liabilities': None}"
SRAJ.JK,2025-09-30,686193383026.0,-22911287543.0,1448794000000,6190823000000,7639617000000,4271179000000.0,36755893159.0,-160216644160.0,2026-09-11T13:49:58.91768+00:00,"{'tax': -21324696375, 'date': '2025-09-30', 'ebit': 61462596923, 'ebitda': None, 'symbol': 'SRAJ.JK', 'revenue': 686193383026, 'earnings': -22911287543, 'cash_only': 1955145000000, 'provision': None, 'minorities': 135377099, 'total_debt': 4271179000000, 'report_date': '2025-09-30', 'gross_profit': 292323665391, 'total_assets': 7639617000000, 'total_equity': 1448794000000, 'net_cash_flow': -146931541463, 'operating_pnl': 55797763709, 'free_cash_flow': -160216644160, 'premium_income': None, 'cost_of_revenue': 393869717635, 'non_loan_assets': None, 'premium_expense': None, 'operating_expense': 236525901682, 'total_liabilities': 6190823000000, 'net_premium_income': None, 'capital_expenditure': 196972537319, 'current_liabilities': 1948036000000, 'earnings_before_tax': -44100606819, 'financing_cash_flow': 13387102697, 'investing_cash_flow': -197074537319, 'non_interest_income': None, 'operating_cash_flow': 36755893159, 'stockholders_equity': 1446983000000, 'total_current_asset': 2658687000000, 'total_non_current_assets': 4980930000000, 'financials_sector_metrics': None, 'non_operating_income_or_loss': -99898370528, 'total_non_current_liabilities': 4242787000000, 'interest_expense_non_operating': 105563203742, 'cash_and_short_term_investments': 1955145000000, 'non_interest_bearing_liabilities': None}"
BRPT.JK,2026-06-30,55767627916000.0,1790061091000.0,116231165876000,222987460304000,339218626180000,153428599191000.0,2561024718000.0,-1392953877000.0,2026-09-11T13:50:02.159746+00:00,"{'tax': 1367036125000, 'date': '2026-06-30', 'ebit': 8179860899000, 'ebitda': 6910353232140, 'symbol': 'BRPT.JK', 'revenue': 55767627916000, 'earnings': 1790061091000, 'cash_only': 56950895008000, 'provision': None, 'minorities': 2642089289000, 'total_debt': 153428599191000, 'report_date': '2026-06-30', 'gross_profit': 7410919859000, 'total_assets': 339218626180000, 'total_equity': 116231165876000, 'net_cash_flow': 1203439265000, 'operating_pnl': 5812843442000, 'free_cash_flow': -1392953877000, 'premium_income': None, 'cost_of_revenue': 48356708057000, 'non_loan_assets': None, 'premium_expense': None, 'operating_expense': 1598076417000, 'total_liabilities': 222987460304000, 'net_premium_income': None, 'capital_expenditure': 3953978595000, 'current_liabilities': 63934708929000, 'earnings_before_tax': 5799186505000, 'financing_cash_flow': 3616868829000, 'investing_cash_flow': -4974454282000, 'non_interest_income': 37556000, 'operating_cash_flow': 2561024718000, 'stockholders_equity': 43560330926000, 'total_current_asset': 139394530261000, 'total_non_current_assets': 199824095919000, 'financials_sector_metrics': None, 'non_operating_income_or_loss': -13656937000, 'total_non_current_liabilities': 159052751375000, 'interest_expense_non_operating': 2380674394000, 'cash_and_short_term_investments': 56950895008000, 'non_interest_bearing_liabilities': None}"
BRPT.JK,2026-03-31,43689212720820.0,1537916476560.0,107275300597920,192217513086180,299492813684100,142477806912240.0,-3608008215600.0,-6059757395820.0,2026-09-11T13:50:02.159746+00:00,"{'tax': 1095168007740, 'date': '2026-03-31', 'ebit': 7844553695820, 'ebitda': 10858037764860, 'symbol': 'BRPT.JK', 'revenue': 43689212720820, 'earnings': 1537916476560, 'cash_only': 52941426759420, 'provision': None, 'minorities': 3065566124880, 'total_debt': 142477806912240, 'report_date': '2026-03-31', 'gross_profit': 9870637457520, 'total_assets': 299492813684100, 'total_equity': 107275300597920, 'net_cash_flow': 1827206459700, 'operating_pnl': 8421467852220, 'free_cash_flow': -6059757395820, 'premium_income': None, 'cost_of_revenue': 33818575263300, 'non_loan_assets': None, 'premium_expense': None, 'operating_expense': 1449169605300, 'total_liabilities': 192217513086180, 'net_premium_income': None, 'capital_expenditure': 2451749180220, 'current_liabilities': 41016709735380, 'earnings_before_tax': 5698650609180, 'financing_cash_flow': 4991905270500, 'investing_cash_flow': 443309404800, 'non_interest_income': 30346000, 'operating_cash_flow': -3608008215600, 'stockholders_equity': 39607281594360, 'total_current_asset': 112646041631640, 'total_non_current_assets': 186846772052460, 'financials_sector_metrics': None, 'non_operating_income_or_loss': -2722817243040, 'total_non_current_liabilities': 151200803350800, 'interest_expense_non_operating': 2145903086640, 'cash_and_short_term_investments': 52941426759420, 'non_interest_bearing_liabilities': None}"
BRPT.JK,2025-12-31,34594764913800.0,-1545427979940.0,101182478142720,189248843630340,290431321773060,135705728162940.0,4393002757260.0,-19137288450540.0,2026-09-11T13:50:02.159746+00:00,"{'tax': -239749789500, 'date': '2025-12-31', 'ebit': -1473829404060, 'ebitda': 3455900153200, 'symbol': 'BRPT.JK', 'revenue': 34594764913800, 'earnings': -1545427979940, 'cash_only': 50327572880520, 'provision': None, 'minorities': -1863219882420, 'total_debt': 135705728162940, 'report_date': '2025-12-31', 'gross_profit': 1110480857460, 'total_assets': 290431321773060, 'total_equity': 101182478142720, 'net_cash_flow': 651533651340, 'operating_pnl': -2740729216680, 'free_cash_flow': -19137288450540, 'premium_income': None, 'cost_of_revenue': 33484284056340, 'non_loan_assets': None, 'premium_expense': None, 'operating_expense': 3851210074140, 'total_liabilities': 189248843630340, 'net_premium_income': None, 'capital_expenditure': 23530291207800, 'current_liabilities': 44638599079620, 'earnings_before_tax': -3648397651860, 'financing_cash_flow': 22058101976820, 'investing_cash_flow': -25799571082740, 'non_interest_income': 31412000, 'operating_cash_flow': 4393002757260, 'stockholders_equity': 37546842147360, 'total_current_asset': 104377535302560, 'total_non_current_assets': 186053786470500, 'financials_sector_metrics': None, 'non_operating_income_or_loss': -907668435180, 'total_non_current_liabilities': 144610244550720, 'interest_expense_non_operating': 2174568247800, 'cash_and_short_term_investments': 50327572880520, 'non_interest_bearing_liabilities': None}"
BRPT.JK,2025-09-30,38865893719120.0,704436146960.0,106094588473120,160422441165480,266517029638600,113637508042760.0,1617613225800.0,-1051594237720.0,2026-09-11T13:50:02.159746+00:00,"{'tax': -263318837600, 'date': '2025-09-30', 'ebit': 3157678887480, 'ebitda': None, 'symbol': 'BRPT.JK', 'revenue': 38865893719120, 'earnings': 704436146960, 'cash_only': 49403623982440, 'provision': None, 'minorities': 884082178200, 'total_debt': 113637508042760, 'report_date': '2025-09-30', 'gross_profit': 646462726520, 'total_assets': 266517029638600, 'total_equity': 106094588473120, 'net_cash_flow': -2369153817160, 'operating_pnl': -891821954400, 'free_cash_flow': -1051594237720, 'premium_income': None, 'cost_of_revenue': 38219430992600, 'non_loan_assets': None, 'premium_expense': None, 'operating_expense': 1538284680920, 'total_liabilities': 160422441165480, 'net_premium_income': None, 'capital_expenditure': 2669207463520, 'current_liabilities': 37111677604560, 'earnings_before_tax': 1325199487560, 'financing_cash_flow': 4913642693440, 'investing_cash_flow': -8900409736400, 'non_interest_income': None, 'operating_cash_flow': 1617613225800, 'stockholders_equity': 38127951831320, 'total_current_asset': 107409451614400, 'total_non_current_assets': 159107578024200, 'financials_sector_metrics': None, 'non_operating_income_or_loss': 2217021441960, 'total_non_current_liabilities': 123310763560920, 'interest_expense_non_operating': 1832479399920, 'cash_and_short_term_investments': 49403623982440, 'non_interest_bearing_liabilities': None}"
TPIA.JK,2026-06-30,52713056172000.0,2454078193000.0,88856274185000,157543632988000,246399907173000,105799861363000.0,3593045260000.0,-707905450000.0,2026-09-11T13:50:05.386043+00:00,"{'tax': 668438155000, 'date': '2026-06-30', 'ebit': 5305675277000, 'ebitda': 5345759498740, 'symbol': 'TPIA.JK', 'revenue': 52713056172000, 'earnings': 2454078193000, 'cash_only': 52288903569000, 'provision': None, 'minorities': 518909909000, 'total_debt': 105799861363000, 'report_date': '2026-06-30', 'gross_profit': 5195274245000, 'total_assets': 246399907173000, 'total_equity': 88856274185000, 'net_cash_flow': 1689969883000, 'operating_pnl': 3756319938000, 'free_cash_flow': -707905450000, 'premium_income': None, 'cost_of_revenue': 47517781927000, 'non_loan_assets': None, 'premium_expense': None, 'operating_expense': 1438954307000, 'total_liabilities': 157543632988000, 'net_premium_income': None, 'capital_expenditure': 4300950710000, 'current_liabilities': 53955443661000, 'earnings_before_tax': 3641426257000, 'financing_cash_flow': 2056702494000, 'investing_cash_flow': -3959777871000, 'non_interest_income': 33908000, 'operating_cash_flow': 3593045260000, 'stockholders_equity': 70890224531000, 'total_current_asset': 124002822181000, 'total_non_current_assets': 122397084992000, 'financials_sector_metrics': None, 'non_operating_income_or_loss': -114893681000, 'total_non_current_liabilities': 103588189327000, 'interest_expense_non_operating': 1664249020000, 'cash_and_short_term_investments': 52288903569000, 'non_interest_bearing_liabilities': None}"
TPIA.JK,2026-03-31,40858933742460.0,2483960503920.0,82558778511180,130063987709760,212622766220940,96612944499780.0,-3248839207800.0,-2931349443120.0,2026-09-11T13:50:05.386043+00:00,"{'tax': 432158677440, 'date': '2026-03-31', 'ebit': 5531100731760, 'ebitda': 7843261843260, 'symbol': 'TPIA.JK', 'revenue': 40858933742460, 'earnings': 2483960503920, 'cash_only': 48052053786840, 'provision': None, 'minorities': 1002086631180, 'total_debt': 96612944499780, 'report_date': '2026-03-31', 'gross_profit': 7497266331960, 'total_assets': 212622766220940, 'total_equity': 82558778511180, 'net_cash_flow': 1480836991080, 'operating_pnl': 6566877517860, 'free_cash_flow': -2931349443120, 'premium_income': None, 'cost_of_revenue': 33361667410500, 'non_loan_assets': None, 'premium_expense': None, 'operating_expense': 930388814100, 'total_liabilities': 130063987709760, 'net_premium_income': None, 'capital_expenditure': -317489764680, 'current_liabilities': 31876410923820, 'earnings_before_tax': 3918205812540, 'financing_cash_flow': 3559648734900, 'investing_cash_flow': 1170027463980, 'non_interest_income': 26930000, 'operating_cash_flow': -3248839207800, 'stockholders_equity': 65710760386800, 'total_current_asset': 98434660586100, 'total_non_current_assets': 114188105634840, 'financials_sector_metrics': None, 'non_operating_income_or_loss': -2648671705320, 'total_non_current_liabilities': 98187576785940, 'interest_expense_non_operating': 1612894919220, 'cash_and_short_term_investments': 48052053786840, 'non_interest_bearing_liabilities': None}"
TPIA.JK,2025-12-31,32094387999180.0,-3470505818520.0,77940271620900,128298505696140,206238777317040,84863458928040.0,4595631078480.0,-19983935752560.0,2026-09-11T13:50:05.386043+00:00,"{'tax': -797927466960, 'date': '2025-12-31', 'ebit': -2887256923980, 'ebitda': 488262676000, 'symbol': 'TPIA.JK', 'revenue': 32094387999180, 'earnings': -3470505818520, 'cash_only': 45854486162160, 'provision': None, 'minorities': 30577512420, 'total_debt': 84863458928040, 'report_date': '2025-12-31', 'gross_profit': -561876435120, 'total_assets': 206238777317040, 'total_equity': 77940271620900, 'net_cash_flow': 2843072669580, 'operating_pnl': -4262291004660, 'free_cash_flow': -19983935752560, 'premium_income': None, 'cost_of_revenue': 32656264434300, 'non_loan_assets': None, 'premium_expense': None, 'operating_expense': 3700414569540, 'total_liabilities': 128298505696140, 'net_premium_income': None, 'capital_expenditure': 24579566831040, 'current_liabilities': 36566604421620, 'earnings_before_tax': -4237855773060, 'financing_cash_flow': 21539757074160, 'investing_cash_flow': -23292315483060, 'non_interest_income': 12266000, 'operating_cash_flow': 4595631078480, 'stockholders_equity': 62421071093160, 'total_current_asset': 90941655842700, 'total_non_current_assets': 115297121474340, 'financials_sector_metrics': None, 'non_operating_income_or_loss': 24435231600, 'total_non_current_liabilities': 91731901274520, 'interest_expense_non_operating': 1350598849080, 'cash_and_short_term_investments': 45854486162160, 'non_interest_bearing_liabilities': None}"
TPIA.JK,2025-09-30,36434921560440.0,610077456040.0,82778654150400,99843728833160,182622382983560,65963932099520.0,3062388094480.0,-4398306755960.0,2026-09-11T13:50:05.386043+00:00,"{'tax': -938793241360, 'date': '2025-09-30', 'ebit': 600440186320, 'ebitda': None, 'symbol': 'TPIA.JK', 'revenue': 36434921560440, 'earnings': 610077456040, 'cash_only': 42775545959640, 'provision': None, 'minorities': -155760915440, 'total_debt': 65963932099520, 'report_date': '2025-09-30', 'gross_profit': -2065688011400, 'total_assets': 182622382983560, 'total_equity': 82778654150400, 'net_cash_flow': -1907913089680, 'operating_pnl': -2839282803760, 'free_cash_flow': -4398306755960, 'premium_income': None, 'cost_of_revenue': 38500609571840, 'non_loan_assets': None, 'premium_expense': None, 'operating_expense': 773594792360, 'total_liabilities': 99843728833160, 'net_premium_income': None, 'capital_expenditure': 7460694850440, 'current_liabilities': 29805112490920, 'earnings_before_tax': -484476700760, 'financing_cash_flow': 2675848690840, 'investing_cash_flow': -7646149875000, 'non_interest_income': None, 'operating_cash_flow': 3062388094480, 'stockholders_equity': 65303887314120, 'total_current_asset': 88731740465160, 'total_non_current_assets': 93890642518400, 'financials_sector_metrics': None, 'non_operating_income_or_loss': 2354806103000, 'total_non_current_liabilities': 70038616342240, 'interest_expense_non_operating': 1084916887080, 'cash_and_short_term_investments': 42775545959640, 'non_interest_bearing_liabilities': None}"
UDNG.JK,2026-06-30,,,48190746814,6954165453,55144912267,,,,2026-09-16T12:15:40.339702+00:00,"{'tax': None, 'date': '2026-06-30', 'ebit': None, 'ebitda': None, 'symbol': 'UDNG.JK', 'revenue': None, 'earnings': None, 'cash_only': 5793888244, 'provision': None, 'minorities': None, 'total_debt': None, 'report_date': '2026-06-30', 'gross_profit': None, 'total_assets': 55144912267, 'total_equity': 48190746814, 'net_cash_flow': None, 'operating_pnl': None, 'free_cash_flow': None, 'premium_income': None, 'cost_of_revenue': None, 'non_loan_assets': None, 'premium_expense': None, 'operating_expense': None, 'total_liabilities': 6954165453, 'net_premium_income': None, 'capital_expenditure': None, 'current_liabilities': 5953825192, 'earnings_before_tax': None, 'financing_cash_flow': None, 'investing_cash_flow': None, 'non_interest_income': None, 'operating_cash_flow': None, 'stockholders_equity': 48190745814, 'total_current_asset': 9270764313, 'total_non_current_assets': 45874147954, 'financials_sector_metrics': None, 'non_operating_income_or_loss': None, 'total_non_current_liabilities': 1000340261, 'interest_expense_non_operating': None, 'cash_and_short_term_investments': 5793888244, 'non_interest_bearing_liabilities': None}"
UDNG.JK,2025-12-31,,,51795287301,4194568915,55989856216,,,,2026-09-16T12:15:40.339702+00:00,"{'tax': None, 'date': '2025-12-31', 'ebit': None, 'ebitda': None, 'symbol': 'UDNG.JK', 'revenue': None, 'earnings': None, 'cash_only': 2700274197, 'provision': None, 'minorities': None, 'total_debt': None, 'report_date': '2025-12-31', 'gross_profit': None, 'total_assets': 55989856216, 'total_equity': 51795287301, 'net_cash_flow': None, 'operating_pnl': None, 'free_cash_flow': None, 'premium_income': None, 'cost_of_revenue': None, 'non_loan_assets': None, 'premium_expense': None, 'operating_expense': None, 'total_liabilities': 4194568915, 'net_premium_income': None, 'capital_expenditure': None, 'current_liabilities': 3115780890, 'earnings_before_tax': None, 'financing_cash_flow': None, 'investing_cash_flow': None, 'non_interest_income': None, 'operating_cash_flow': None, 'stockholders_equity': 51795287301, 'total_current_asset': 8398972585, 'total_non_current_assets': 47590883631, 'financials_sector_metrics': None, 'non_operating_income_or_loss': None, 'total_non_current_liabilities': 1078788025, 'interest_expense_non_operating': None, 'cash_and_short_term_investments': 2700274197, 'non_interest_bearing_liabilities': None}"
UDNG.JK,2025-06-30,,,55384157809,4031138548,59415296357,,,,2026-09-16T12:15:40.339702+00:00,"{'tax': None, 'date': '2025-06-30', 'ebit': None, 'ebitda': None, 'symbol': 'UDNG.JK', 'revenue': None, 'earnings': None, 'cash_only': 9732255584, 'provision': None, 'minorities': None, 'total_debt': None, 'report_date': '2025-06-30', 'gross_profit': None, 'total_assets': 59415296357, 'total_equity': 55384157809, 'net_cash_flow': None, 'operating_pnl': None, 'free_cash_flow': None, 'premium_income': None, 'cost_of_revenue': None, 'non_loan_assets': None, 'premium_expense': None, 'operating_expense': None, 'total_liabilities': 4031138548, 'net_premium_income': None, 'capital_expenditure': None, 'current_liabilities': 3049849472, 'earnings_before_tax': None, 'financing_cash_flow': None, 'investing_cash_flow': None, 'non_interest_income': None, 'operating_cash_flow': None, 'stockholders_equity': 55384156809, 'total_current_asset': 12331163132, 'total_non_current_assets': 47084133225, 'financials_sector_metrics': None, 'non_operating_income_or_loss': None, 'total_non_current_liabilities': 981289076, 'interest_expense_non_operating': None, 'cash_and_short_term_investments': 9732255584, 'non_interest_bearing_liabilities': None}"
UDNG.JK,2024-12-31,,,55230916631,2381022564,57611939195,,,,2026-09-16T12:15:40.339702+00:00,"{'tax': None, 'date': '2024-12-31', 'ebit': None, 'ebitda': None, 'symbol': 'UDNG.JK', 'revenue': None, 'earnings': None, 'cash_only': 8214776884, 'provision': None, 'minorities': None, 'total_debt': None, 'report_date': '2024-12-31', 'gross_profit': None, 'total_assets': 57611939195, 'total_equity': 55230916631, 'net_cash_flow': None, 'operating_pnl': None, 'free_cash_flow': None, 'premium_income': None, 'cost_of_revenue': None, 'non_loan_assets': None, 'premium_expense': None, 'operating_expense': None, 'total_liabilities': 2381022564, 'net_premium_income': None, 'capital_expenditure': None, 'current_liabilities': 990563000, 'earnings_before_tax': None, 'financing_cash_flow': None, 'investing_cash_flow': None, 'non_interest_income': None, 'operating_cash_flow': None, 'stockholders_equity': 55230915631, 'total_current_asset': 11219429580, 'total_non_current_assets': 46392509615, 'financials_sector_metrics': None, 'non_operating_income_or_loss': None, 'total_non_current_liabilities': 1390459564, 'interest_expense_non_operating': None, 'cash_and_short_term_investments': 8214776884, 'non_interest_bearing_liabilities': None}"
PACK.JK,2026-06-30,,,5194540056633,73912838529,5268452895162,817362404.0,,,2026-09-16T12:15:43.963946+00:00,"{'tax': None, 'date': '2026-06-30', 'ebit': None, 'ebitda': None, 'symbol': 'PACK.JK', 'revenue': None, 'earnings': None, 'cash_only': 805917199686, 'provision': None, 'minorities': None, 'total_debt': 817362404, 'report_date': '2026-06-30', 'gross_profit': None, 'total_assets': 5268452895162, 'total_equity': 5194540056633, 'net_cash_flow': None, 'operating_pnl': None, 'free_cash_flow': None, 'premium_income': None, 'cost_of_revenue': None, 'non_loan_assets': None, 'premium_expense': None, 'operating_expense': None, 'total_liabilities': 73912838529, 'net_premium_income': None, 'capital_expenditure': None, 'current_liabilities': 73493877151, 'earnings_before_tax': None, 'financing_cash_flow': None, 'investing_cash_flow': None, 'non_interest_income': None, 'operating_cash_flow': None, 'stockholders_equity': 5194352113319, 'total_current_asset': 872820850279, 'total_non_current_assets': 4395632044883, 'financials_sector_metrics': None, 'non_operating_income_or_loss': None, 'total_non_current_liabilities': 418961378, 'interest_expense_non_operating': None, 'cash_and_short_term_investments': 805917199686, 'non_interest_bearing_liabilities': None}"
PACK.JK,2025-12-31,,,105500217192,2894126475647,2999626692839,1150019744.0,,,2026-09-16T12:15:43.963946+00:00,"{'tax': None, 'date': '2025-12-31', 'ebit': None, 'ebitda': None, 'symbol': 'PACK.JK', 'revenue': None, 'earnings': None, 'cash_only': 65361870398, 'provision': None, 'minorities': None, 'total_debt': 1150019744, 'report_date': '2025-12-31', 'gross_profit': None, 'total_assets': 2999626692839, 'total_equity': 105500217192, 'net_cash_flow': None, 'operating_pnl': None, 'free_cash_flow': None, 'premium_income': None, 'cost_of_revenue': None, 'non_loan_assets': None, 'premium_expense': None, 'operating_expense': None, 'total_liabilities': 2894126475647, 'net_premium_income': None, 'capital_expenditure': None, 'current_liabilities': 2893367850002, 'earnings_before_tax': None, 'financing_cash_flow': None, 'investing_cash_flow': None, 'non_interest_income': None, 'operating_cash_flow': None, 'stockholders_equity': 105364902399, 'total_current_asset': 137464162906, 'total_non_current_assets': 2862162529933, 'financials_sector_metrics': None, 'non_operating_income_or_loss': None, 'total_non_current_liabilities': 758625645, 'interest_expense_non_operating': None, 'cash_and_short_term_investments': 65361870398, 'non_interest_bearing_liabilities': None}"
PACK.JK,2025-06-30,,,62482216214,7983709448,70465925662,,,,2026-09-16T12:15:43.963946+00:00,"{'tax': None, 'date': '2025-06-30', 'ebit': None, 'ebitda': None, 'symbol': 'PACK.JK', 'revenue': None, 'earnings': None, 'cash_only': 4782546810, 'provision': None, 'minorities': None, 'total_debt': None, 'report_date': '2025-06-30', 'gross_profit': None, 'total_assets': 70465925662, 'total_equity': 62482216214, 'net_cash_flow': None, 'operating_pnl': None, 'free_cash_flow': None, 'premium_income': None, 'cost_of_revenue': None, 'non_loan_assets': None, 'premium_expense': None, 'operating_expense': None, 'total_liabilities': 7983709448, 'net_premium_income': None, 'capital_expenditure': None, 'current_liabilities': 7983709448, 'earnings_before_tax': None, 'financing_cash_flow': None, 'investing_cash_flow': None, 'non_interest_income': None, 'operating_cash_flow': None, 'stockholders_equity': 62354982379, 'total_current_asset': 70465925662, 'total_non_current_assets': 0, 'financials_sector_metrics': None, 'non_operating_income_or_loss': None, 'total_non_current_liabilities': 0, 'interest_expense_non_operating': None, 'cash_and_short_term_investments': 4782546810, 'non_interest_bearing_liabilities': None}"
PACK.JK,2024-12-31,,,57786636437,9131514671,66918151108,2835577461.0,,,2026-09-16T12:15:43.963946+00:00,"{'tax': None, 'date': '2024-12-31', 'ebit': None, 'ebitda': None, 'symbol': 'PACK.JK', 'revenue': None, 'earnings': None, 'cash_only': 4249361630, 'provision': None, 'minorities': None, 'total_debt': 2835577461, 'report_date': '2024-12-31', 'gross_profit': None, 'total_assets': 66918151108, 'total_equity': 57786636437, 'net_cash_flow': None, 'operating_pnl': None, 'free_cash_flow': None, 'premium_income': None, 'cost_of_revenue': None, 'non_loan_assets': None, 'premium_expense': None, 'operating_expense': None, 'total_liabilities': 9131514671, 'net_premium_income': None, 'capital_expenditure': None, 'current_liabilities': 8508478671, 'earnings_before_tax': None, 'financing_cash_flow': None, 'investing_cash_flow': None, 'non_interest_income': None, 'operating_cash_flow': None, 'stockholders_equity': 57685632437, 'total_current_asset': 26979387200, 'total_non_current_assets': 39938763908, 'financials_sector_metrics': None, 'non_operating_income_or_loss': None, 'total_non_current_liabilities': 623036000, 'interest_expense_non_operating': None, 'cash_and_short_term_investments': 4249361630, 'non_interest_bearing_liabilities': None}"
MDIA.JK,2026-03-31,141716426000.0,-8280082000.0,935495254000,2194222124000,3129717378000,3299889000.0,33342610000.0,31858578000.0,2026-09-16T12:15:47.534152+00:00,"{'tax': 0, 'date': '2026-03-31', 'ebit': -3731665000, 'ebitda': 25339262000, 'symbol': 'MDIA.JK', 'revenue': 141716426000, 'earnings': -8280082000, 'cash_only': 11667698000, 'provision': None, 'minorities': -35782000, 'total_debt': 3299889000, 'report_date': '2026-03-31', 'gross_profit': 65352219000, 'total_assets': 3129717378000, 'total_equity': 935495254000, 'net_cash_flow': 5614453000, 'operating_pnl': 14273579000, 'free_cash_flow': 31858578000, 'premium_income': None, 'cost_of_revenue': 76364207000, 'non_loan_assets': None, 'premium_expense': None, 'operating_expense': 51078640000, 'total_liabilities': 2194222124000, 'net_premium_income': None, 'capital_expenditure': 1484032000, 'current_liabilities': 662835853000, 'earnings_before_tax': -8315864000, 'financing_cash_flow': -26419125000, 'investing_cash_flow': -1309032000, 'non_interest_income': 37043000, 'operating_cash_flow': 33342610000, 'stockholders_equity': 918164178000, 'total_current_asset': 576270731000, 'total_non_current_assets': 2553446647000, 'financials_sector_metrics': None, 'non_operating_income_or_loss': -22589443000, 'total_non_current_liabilities': 1531386271000, 'interest_expense_non_operating': 4584199000, 'cash_and_short_term_investments': 11667698000, 'non_interest_bearing_liabilities': None}"
MDIA.JK,2025-12-31,139962962000.0,-36565745000.0,943811118000,2393723788000,3337534906000,,25089922000.0,26358823000.0,2026-09-16T12:15:47.534152+00:00,"{'tax': 7366648000, 'date': '2025-12-31', 'ebit': -22593424000, 'ebitda': -13433900000, 'symbol': 'MDIA.JK', 'revenue': 139962962000, 'earnings': -36565745000, 'cash_only': None, 'provision': None, 'minorities': 55256000, 'total_debt': None, 'report_date': '2025-12-31', 'gross_profit': 59609685000, 'total_assets': 3337534906000, 'total_equity': 943811118000, 'net_cash_flow': 516394000, 'operating_pnl': 3470184000, 'free_cash_flow': 26358823000, 'premium_income': None, 'cost_of_revenue': 80353277000, 'non_loan_assets': None, 'premium_expense': None, 'operating_expense': 56139501000, 'total_liabilities': 2393723788000, 'net_premium_income': None, 'capital_expenditure': None, 'current_liabilities': 813595371000, 'earnings_before_tax': -29254353000, 'financing_cash_flow': None, 'investing_cash_flow': None, 'non_interest_income': 172787000, 'operating_cash_flow': 25089922000, 'stockholders_equity': 926444260000, 'total_current_asset': 575298918000, 'total_non_current_assets': 2762235988000, 'financials_sector_metrics': None, 'non_operating_income_or_loss': -6488142000, 'total_non_current_liabilities': 1580128417000, 'interest_expense_non_operating': 6660929000, 'cash_and_short_term_investments': 6053245000, 'non_interest_bearing_liabilities': None}"
MDIA.JK,2025-09-30,157126496000.0,533787000.0,980024441000,3354952457000,4334976898000,3217162000.0,30251667000.0,22415452000.0,2026-09-16T12:15:47.534152+00:00,"{'tax': 0, 'date': '2025-09-30', 'ebit': 5696358000, 'ebitda': 12025406000, 'symbol': 'MDIA.JK', 'revenue': 157126496000, 'earnings': 533787000, 'cash_only': 5536851000, 'provision': None, 'minorities': -35174000, 'total_debt': 3217162000, 'report_date': '2025-09-30', 'gross_profit': 89113175000, 'total_assets': 4334976898000, 'total_equity': 980024441000, 'net_cash_flow': -245164000, 'operating_pnl': 36362691000, 'free_cash_flow': 22415452000, 'premium_income': None, 'cost_of_revenue': 68013321000, 'non_loan_assets': None, 'premium_expense': None, 'operating_expense': 52750484000, 'total_liabilities': 3354952457000, 'net_premium_income': None, 'capital_expenditure': 7836215000, 'current_liabilities': 969002214000, 'earnings_before_tax': 498613000, 'financing_cash_flow': -22660617000, 'investing_cash_flow': -7836214000, 'non_interest_income': 31795000, 'operating_cash_flow': 30251667000, 'stockholders_equity': 962602327000, 'total_current_asset': 600166173000, 'total_non_current_assets': 3734810725000, 'financials_sector_metrics': None, 'non_operating_income_or_loss': -35864078000, 'total_non_current_liabilities': 2385950243000, 'interest_expense_non_operating': 5197745000, 'cash_and_short_term_investments': 5536851000, 'non_interest_bearing_liabilities': None}"
MDIA.JK,2025-06-30,141148856000.0,46912435000.0,979525828000,3365677055000,4345202883000,5269155000.0,21161092000.0,25494631000.0,2026-09-16T12:15:47.534152+00:00,"{'tax': 0, 'date': '2025-06-30', 'ebit': 52548942000, 'ebitda': 58005271000, 'symbol': 'MDIA.JK', 'revenue': 141148856000, 'earnings': 46912435000, 'cash_only': 5782015000, 'provision': None, 'minorities': -42671000, 'total_debt': 5269155000, 'report_date': '2025-06-30', 'gross_profit': 80098428000, 'total_assets': 4345202883000, 'total_equity': 979525828000, 'net_cash_flow': 670673000, 'operating_pnl': 28892985000, 'free_cash_flow': 25494631000, 'premium_income': None, 'cost_of_revenue': 61050428000, 'non_loan_assets': None, 'premium_expense': None, 'operating_expense': 51205443000, 'total_liabilities': 3365677055000, 'net_premium_income': None, 'capital_expenditure': -4333539000, 'current_liabilities': 2235313005000, 'earnings_before_tax': 46869764000, 'financing_cash_flow': -25409776000, 'investing_cash_flow': 4919357000, 'non_interest_income': 28118000, 'operating_cash_flow': 21161092000, 'stockholders_equity': 962068540000, 'total_current_asset': 606676727000, 'total_non_current_assets': 3738526156000, 'financials_sector_metrics': None, 'non_operating_income_or_loss': 17976779000, 'total_non_current_liabilities': 1130364050000, 'interest_expense_non_operating': 5679178000, 'cash_and_short_term_investments': 5782015000, 'non_interest_bearing_liabilities': None}"
LUCY.JK,2026-06-30,,,21071931970,47909736398,68981668368,1101724170.0,,,2026-09-16T12:15:51.211246+00:00,"{'tax': None, 'date': '2026-06-30', 'ebit': None, 'ebitda': None, 'symbol': 'LUCY.JK', 'revenue': None, 'earnings': None, 'cash_only': 14641818623, 'provision': None, 'minorities': None, 'total_debt': 1101724170, 'report_date': '2026-06-30', 'gross_profit': None, 'total_assets': 68981668368, 'total_equity': 21071931970, 'net_cash_flow': None, 'operating_pnl': None, 'free_cash_flow': None, 'premium_income': None, 'cost_of_revenue': None, 'non_loan_assets': None, 'premium_expense': None, 'operating_expense': None, 'total_liabilities': 47909736398, 'net_premium_income': None, 'capital_expenditure': None, 'current_liabilities': 9709699707, 'earnings_before_tax': None, 'financing_cash_flow': None, 'investing_cash_flow': None, 'non_interest_income': None, 'operating_cash_flow': None, 'stockholders_equity': 17613103627, 'total_current_asset': 21631482016, 'total_non_current_assets': 47350186352, 'financials_sector_metrics': None, 'non_operating_income_or_loss': None, 'total_non_current_liabilities': 38200036691, 'interest_expense_non_operating': None, 'cash_and_short_term_investments': 14641818623, 'non_interest_bearing_liabilities': None}"
LUCY.JK,2025-12-31,,,25697089834,57687132171,83384222005,26419129337.0,,,2026-09-16T12:15:51.211246+00:00,"{'tax': None, 'date': '2025-12-31', 'ebit': None, 'ebitda': None, 'symbol': 'LUCY.JK', 'revenue': None, 'earnings': None, 'cash_only': 16465193876, 'provision': None, 'minorities': None, 'total_debt': 26419129337, 'report_date': '2025-12-31', 'gross_profit': None, 'total_assets': 83384222005, 'total_equity': 25697089834, 'net_cash_flow': None, 'operating_pnl': None, 'free_cash_flow': None, 'premium_income': None, 'cost_of_revenue': None, 'non_loan_assets': None, 'premium_expense': None, 'operating_expense': None, 'total_liabilities': 57687132171, 'net_premium_income': None, 'capital_expenditure': None, 'current_liabilities': 27591344516, 'earnings_before_tax': None, 'financing_cash_flow': None, 'investing_cash_flow': None, 'non_interest_income': None, 'operating_cash_flow': None, 'stockholders_equity': 22154333747, 'total_current_asset': 23960218947, 'total_non_current_assets': 59424003058, 'financials_sector_metrics': None, 'non_operating_income_or_loss': None, 'total_non_current_liabilities': 30095787655, 'interest_expense_non_operating': None, 'cash_and_short_term_investments': 16465193876, 'non_interest_bearing_liabilities': None}"
LUCY.JK,2025-06-30,,,59330495445,58936394460,118266889905,33851424539.0,,,2026-09-16T12:15:51.211246+00:00,"{'tax': None, 'date': '2025-06-30', 'ebit': None, 'ebitda': None, 'symbol': 'LUCY.JK', 'revenue': None, 'earnings': None, 'cash_only': 11286330300, 'provision': None, 'minorities': None, 'total_debt': 33851424539, 'report_date': '2025-06-30', 'gross_profit': None, 'total_assets': 118266889905, 'total_equity': 59330495445, 'net_cash_flow': None, 'operating_pnl': None, 'free_cash_flow': None, 'premium_income': None, 'cost_of_revenue': None, 'non_loan_assets': None, 'premium_expense': None, 'operating_expense': None, 'total_liabilities': 58936394460, 'net_premium_income': None, 'capital_expenditure': None, 'current_liabilities': 32149192231, 'earnings_before_tax': None, 'financing_cash_flow': None, 'investing_cash_flow': None, 'non_interest_income': None, 'operating_cash_flow': None, 'stockholders_equity': 54849582792, 'total_current_asset': 43606467796, 'total_non_current_assets': 74660422109, 'financials_sector_metrics': None, 'non_operating_income_or_loss': None, 'total_non_current_liabilities': 26787202229, 'interest_expense_non_operating': None, 'cash_and_short_term_investments': 11286330300, 'non_interest_bearing_liabilities': None}"
LUCY.JK,2024-12-31,,,69790673680,65931787850,135722461530,39810943130.0,,,2026-09-16T12:15:51.211246+00:00,"{'tax': None, 'date': '2024-12-31', 'ebit': None, 'ebitda': None, 'symbol': 'LUCY.JK', 'revenue': None, 'earnings': None, 'cash_only': 18939096594, 'provision': None, 'minorities': None, 'total_debt': 39810943130, 'report_date': '2024-12-31', 'gross_profit': None, 'total_assets': 135722461530, 'total_equity': 69790673680, 'net_cash_flow': None, 'operating_pnl': None, 'free_cash_flow': None, 'premium_income': None, 'cost_of_revenue': None, 'non_loan_assets': None, 'premium_expense': None, 'operating_expense': None, 'total_liabilities': 65931787850, 'net_premium_income': None, 'capital_expenditure': None, 'current_liabilities': 35934681544, 'earnings_before_tax': None, 'financing_cash_flow': None, 'investing_cash_flow': None, 'non_interest_income': None, 'operating_cash_flow': None, 'stockholders_equity': 65212403961, 'total_current_asset': 52203486113, 'total_non_current_assets': 83518975417, 'financials_sector_metrics': None, 'non_operating_income_or_loss': None, 'total_non_current_liabilities': 29997106306, 'interest_expense_non_operating': None, 'cash_and_short_term_investments': 18939096594, 'non_interest_bearing_liabilities': None}"
MLPT.JK,2026-06-30,938883000000.0,107929000000.0,745801000000,2990887000000,3736688000000,214118000000.0,73746000000.0,61837000000.0,2026-09-16T12:15:54.660957+00:00,"{'tax': 20432000000, 'date': '2026-06-30', 'ebit': 133916000000, 'ebitda': 139380000000, 'symbol': 'MLPT.JK', 'revenue': 938883000000, 'earnings': 107929000000, 'cash_only': 499334000000, 'provision': None, 'minorities': 58000000, 'total_debt': 214118000000, 'report_date': '2026-06-30', 'gross_profit': 155569000000, 'total_assets': 3736688000000, 'total_equity': 745801000000, 'net_cash_flow': -116303000000, 'operating_pnl': 80430000000, 'free_cash_flow': 61837000000, 'premium_income': None, 'cost_of_revenue': 783314000000, 'non_loan_assets': None, 'premium_expense': None, 'operating_expense': 75139000000, 'total_liabilities': 2990887000000, 'net_premium_income': None, 'capital_expenditure': 11909000000, 'current_liabilities': 2740385000000, 'earnings_before_tax': 128419000000, 'financing_cash_flow': -178151000000, 'investing_cash_flow': -11898000000, 'non_interest_income': 4848000000, 'operating_cash_flow': 73746000000, 'stockholders_equity': 741634000000, 'total_current_asset': 2821303000000, 'total_non_current_assets': 915385000000, 'financials_sector_metrics': None, 'non_operating_income_or_loss': 47989000000, 'total_non_current_liabilities': 250502000000, 'interest_expense_non_operating': 5497000000, 'cash_and_short_term_investments': 499334000000, 'non_interest_bearing_liabilities': None}"
MLPT.JK,2026-03-31,839360000000.0,29728000000.0,788108000000,3098843000000,3886951000000,239314000000.0,-113788000000.0,-127461000000.0,2026-09-16T12:15:54.660957+00:00,"{'tax': 16341000000, 'date': '2026-03-31', 'ebit': 52037000000, 'ebitda': 98902000000, 'symbol': 'MLPT.JK', 'revenue': 839360000000, 'earnings': 29728000000, 'cash_only': 610283000000, 'provision': None, 'minorities': -369000000, 'total_debt': 239314000000, 'report_date': '2026-03-31', 'gross_profit': 125668000000, 'total_assets': 3886951000000, 'total_equity': 788108000000, 'net_cash_flow': -183717000000, 'operating_pnl': 40783000000, 'free_cash_flow': -127461000000, 'premium_income': None, 'cost_of_revenue': 713692000000, 'non_loan_assets': None, 'premium_expense': None, 'operating_expense': 84885000000, 'total_liabilities': 3098843000000, 'net_premium_income': None, 'capital_expenditure': 13673000000, 'current_liabilities': 2827295000000, 'earnings_before_tax': 45700000000, 'financing_cash_flow': -58396000000, 'investing_cash_flow': -11533000000, 'non_interest_income': 4857000000, 'operating_cash_flow': -113788000000, 'stockholders_equity': 783999000000, 'total_current_asset': 2979396000000, 'total_non_current_assets': 907555000000, 'financials_sector_metrics': None, 'non_operating_income_or_loss': 4917000000, 'total_non_current_liabilities': 271548000000, 'interest_expense_non_operating': 6337000000, 'cash_and_short_term_investments': 610283000000, 'non_interest_bearing_liabilities': None}"
MLPT.JK,2025-12-31,1118611000000.0,95141000000.0,761180000000,2984492000000,3745672000000,294010000000.0,494360000000.0,488737000000.0,2026-09-16T12:15:54.660957+00:00,"{'tax': 22045000000, 'date': '2025-12-31', 'ebit': 123593000000, 'ebitda': 127510000000, 'symbol': 'MLPT.JK', 'revenue': 1118611000000, 'earnings': 95141000000, 'cash_only': 789653000000, 'provision': None, 'minorities': -27000000, 'total_debt': 294010000000, 'report_date': '2025-12-31', 'gross_profit': 187972000000, 'total_assets': 3745672000000, 'total_equity': 761180000000, 'net_cash_flow': 422787000000, 'operating_pnl': 129372000000, 'free_cash_flow': 488737000000, 'premium_income': None, 'cost_of_revenue': 930639000000, 'non_loan_assets': None, 'premium_expense': None, 'operating_expense': 58600000000, 'total_liabilities': 2984492000000, 'net_premium_income': None, 'capital_expenditure': 5623000000, 'current_liabilities': 2673005000000, 'earnings_before_tax': 117159000000, 'financing_cash_flow': -79847000000, 'investing_cash_flow': 8274000000, 'non_interest_income': 3710000000, 'operating_cash_flow': 494360000000, 'stockholders_equity': 757229000000, 'total_current_asset': 2804670000000, 'total_non_current_assets': 941002000000, 'financials_sector_metrics': None, 'non_operating_income_or_loss': -12213000000, 'total_non_current_liabilities': 311487000000, 'interest_expense_non_operating': 6434000000, 'cash_and_short_term_investments': 789653000000, 'non_interest_bearing_liabilities': None}"
MLPT.JK,2025-09-30,1031249000000.0,136811000000.0,761191000000,2729613000000,3490804000000,269196000000.0,161916000000.0,77520000000.0,2026-09-16T12:15:54.660957+00:00,"{'tax': 25432000000, 'date': '2025-09-30', 'ebit': 168591000000, 'ebitda': None, 'symbol': 'MLPT.JK', 'revenue': 1031249000000, 'earnings': 136811000000, 'cash_only': 366430000000, 'provision': None, 'minorities': -367000000, 'total_debt': 269196000000, 'report_date': '2025-09-30', 'gross_profit': 184527000000, 'total_assets': 3490804000000, 'total_equity': 761191000000, 'net_cash_flow': 50821000000, 'operating_pnl': 128017000000, 'free_cash_flow': 77520000000, 'premium_income': None, 'cost_of_revenue': 846722000000, 'non_loan_assets': None, 'premium_expense': None, 'operating_expense': 56510000000, 'total_liabilities': 2729613000000, 'net_premium_income': None, 'capital_expenditure': 84396000000, 'current_liabilities': 2436600000000, 'earnings_before_tax': 161876000000, 'financing_cash_flow': -32321000000, 'investing_cash_flow': -78774000000, 'non_interest_income': None, 'operating_cash_flow': 161916000000, 'stockholders_equity': 757177000000, 'total_current_asset': 2512794000000, 'total_non_current_assets': 978010000000, 'financials_sector_metrics': None, 'non_operating_income_or_loss': 33859000000, 'total_non_current_liabilities': 293013000000, 'interest_expense_non_operating': 6715000000, 'cash_and_short_term_investments': 366430000000, 'non_interest_bearing_liabilities': None}"
INET.JK,2026-03-31,383603471565.0,13658452028.0,3732955579367,1957595840407,5690551419774,1531576615350.0,1117195280.0,-432274458503.0,2026-09-16T12:15:58.134013+00:00,"{'tax': 2803487157, 'date': '2026-03-31', 'ebit': 36096878713, 'ebitda': 35196475174, 'symbol': 'INET.JK', 'revenue': 383603471565, 'earnings': 13658452028, 'cash_only': 4490291870699, 'provision': None, 'minorities': 1130630348, 'total_debt': 1531576615350, 'report_date': '2026-03-31', 'gross_profit': 45989261695, 'total_assets': 5690551419774, 'total_equity': 3732955579367, 'net_cash_flow': 4115927243301, 'operating_pnl': 28894747761, 'free_cash_flow': -432274458503, 'premium_income': None, 'cost_of_revenue': 337614209870, 'non_loan_assets': None, 'premium_expense': None, 'operating_expense': 17094513934, 'total_liabilities': 1957595840407, 'net_premium_income': None, 'capital_expenditure': 433391653783, 'current_liabilities': 1312187171070, 'earnings_before_tax': 17592569533, 'financing_cash_flow': 4553925927779, 'investing_cash_flow': -439115879758, 'non_interest_income': 7478874243, 'operating_cash_flow': 1117195280, 'stockholders_equity': 3637297437905, 'total_current_asset': 4853931957881, 'total_non_current_assets': 836619461893, 'financials_sector_metrics': None, 'non_operating_income_or_loss': -11302178228, 'total_non_current_liabilities': 645408669337, 'interest_expense_non_operating': 18504309180, 'cash_and_short_term_investments': 4490291870699, 'non_interest_bearing_liabilities': None}"
INET.JK,2025-12-31,23214959341.0,5114694869.0,429211626608,331159581647,760371208255,9809263197.0,273114679581.0,247524205656.0,2026-09-16T12:15:58.134013+00:00,"{'tax': 1166377396, 'date': '2025-12-31', 'ebit': 6278506434, 'ebitda': 6644588987, 'symbol': 'INET.JK', 'revenue': 23214959341, 'earnings': 5114694869, 'cash_only': 404440595923, 'provision': None, 'minorities': -351680, 'total_debt': 9809263197, 'report_date': '2025-12-31', 'gross_profit': 11469531246, 'total_assets': 760371208255, 'total_equity': 429211626608, 'net_cash_flow': 244289108239, 'operating_pnl': 5712410108, 'free_cash_flow': 247524205656, 'premium_income': None, 'cost_of_revenue': 11745428095, 'non_loan_assets': None, 'premium_expense': None, 'operating_expense': 5757121138, 'total_liabilities': 331159581647, 'net_premium_income': None, 'capital_expenditure': 25590473925, 'current_liabilities': 322527200724, 'earnings_before_tax': 6280720585, 'financing_cash_flow': 61060693349, 'investing_cash_flow': -89886264691, 'non_interest_income': 1225786659, 'operating_cash_flow': 273114679581, 'stockholders_equity': 429192026162, 'total_current_asset': 478221061779, 'total_non_current_assets': 282150146476, 'financials_sector_metrics': None, 'non_operating_income_or_loss': 568310477, 'total_non_current_liabilities': 8632380923, 'interest_expense_non_operating': -2214151, 'cash_and_short_term_investments': 404440595923, 'non_interest_bearing_liabilities': None}"
INET.JK,2025-09-30,23602196146.0,11599336505.0,361521276404,93071993903,454593270307,10241139525.0,76790761151.0,16319072664.0,2026-09-16T12:15:58.134013+00:00,"{'tax': 3324817470, 'date': '2025-09-30', 'ebit': 15406500362, 'ebitda': 15784982000, 'symbol': 'INET.JK', 'revenue': 23602196146, 'earnings': 11599336505, 'cash_only': 160151487684, 'provision': None, 'minorities': -5615018, 'total_debt': 10241139525, 'report_date': '2025-09-30', 'gross_profit': 15636659254, 'total_assets': 454593270307, 'total_equity': 361521276404, 'net_cash_flow': 64202490830, 'operating_pnl': 15234011333, 'free_cash_flow': 16319072664, 'premium_income': None, 'cost_of_revenue': 7965536892, 'non_loan_assets': None, 'premium_expense': None, 'operating_expense': 402647921, 'total_liabilities': 93071993903, 'net_premium_income': None, 'capital_expenditure': 60471688487, 'current_liabilities': 83897072854, 'earnings_before_tax': 14918538957, 'financing_cash_flow': 66401864935, 'investing_cash_flow': -78990135256, 'non_interest_income': 194691235, 'operating_cash_flow': 76790761151, 'stockholders_equity': 361502892091, 'total_current_asset': 188094165453, 'total_non_current_assets': 266499104854, 'financials_sector_metrics': None, 'non_operating_income_or_loss': -315472376, 'total_non_current_liabilities': 9174921049, 'interest_expense_non_operating': 487961405, 'cash_and_short_term_investments': 160151487684, 'non_interest_bearing_liabilities': None}"
INET.JK,2025-06-30,32899883100.0,6241950479.0,291446888390,20114347529,311561235919,1200239273.0,-817013525.0,-4296821142.0,2026-09-16T12:15:58.134013+00:00,"{'tax': 1890484134, 'date': '2025-06-30', 'ebit': 8170779158, 'ebitda': 8170779158, 'symbol': 'INET.JK', 'revenue': 32899883100, 'earnings': 6241950479, 'cash_only': 95948996854, 'provision': None, 'minorities': 5442242, 'total_debt': 1200239273, 'report_date': '2025-06-30', 'gross_profit': 11610885619, 'total_assets': 311561235919, 'total_equity': 291446888390, 'net_cash_flow': 22239139351, 'operating_pnl': 8058629097, 'free_cash_flow': -4296821142, 'premium_income': None, 'cost_of_revenue': 21288997481, 'non_loan_assets': None, 'premium_expense': None, 'operating_expense': 3552256522, 'total_liabilities': 20114347529, 'net_premium_income': None, 'capital_expenditure': 3479807617, 'current_liabilities': 18934623702, 'earnings_before_tax': 8137876855, 'financing_cash_flow': 51022272493, 'investing_cash_flow': -27966119617, 'non_interest_income': 124329740, 'operating_cash_flow': -817013525, 'stockholders_equity': 291421368547, 'total_current_asset': 145628459311, 'total_non_current_assets': 165932776608, 'financials_sector_metrics': None, 'non_operating_income_or_loss': 79247758, 'total_non_current_liabilities': 1179723827, 'interest_expense_non_operating': 32902303, 'cash_and_short_term_investments': 95948996854, 'non_interest_bearing_liabilities': None}"
MINA.JK,2026-06-30,2245525100.0,312813236.0,250610826355,3039806857,253650633212,,315801422.0,-593887632.0,2026-09-16T12:16:01.795844+00:00,"{'tax': -10683507, 'date': '2026-06-30', 'ebit': -12540540, 'ebitda': -590731197, 'symbol': 'MINA.JK', 'revenue': 2245525100, 'earnings': 312813236, 'cash_only': 153299169511, 'provision': None, 'minorities': 31, 'total_debt': None, 'report_date': '2026-06-30', 'gross_profit': 1530078144, 'total_assets': 253650633212, 'total_equity': 250610826355, 'net_cash_flow': -336488996, 'operating_pnl': -884473384, 'free_cash_flow': -593887632, 'premium_income': None, 'cost_of_revenue': 715446956, 'non_loan_assets': None, 'premium_expense': None, 'operating_expense': 2414551528, 'total_liabilities': 3039806857, 'net_premium_income': None, 'capital_expenditure': 909689054, 'current_liabilities': 1309749615, 'earnings_before_tax': 302129729, 'financing_cash_flow': 257398636, 'investing_cash_flow': -909689054, 'non_interest_income': 871932844, 'operating_cash_flow': 315801422, 'stockholders_equity': 250526701661, 'total_current_asset': 177207858012, 'total_non_current_assets': 76442775200, 'financials_sector_metrics': None, 'non_operating_income_or_loss': 1186603113, 'total_non_current_liabilities': 1730057242, 'interest_expense_non_operating': -314670269, 'cash_and_short_term_investments': 153299169511, 'non_interest_bearing_liabilities': None}"
MINA.JK,2026-03-31,1873401133.0,-63991352.0,250298022619,2976605178,253274627797,,595713664.0,575029116.0,2026-09-16T12:16:01.795844+00:00,"{'tax': -10683506, 'date': '2026-03-31', 'ebit': 245927740, 'ebitda': -1071233791, 'symbol': 'MINA.JK', 'revenue': 1873401133, 'earnings': -63991352, 'cash_only': 153625351565, 'provision': None, 'minorities': -4, 'total_debt': None, 'report_date': '2026-03-31', 'gross_profit': 1075905401, 'total_assets': 253274627797, 'total_equity': 250298022619, 'net_cash_flow': -9081068835, 'operating_pnl': -1358726896, 'free_cash_flow': 575029116, 'premium_income': None, 'cost_of_revenue': 797495732, 'non_loan_assets': None, 'premium_expense': None, 'operating_expense': 2434632297, 'total_liabilities': 2976605178, 'net_premium_income': None, 'capital_expenditure': 20684548, 'current_liabilities': 1297130391, 'earnings_before_tax': -74674858, 'financing_cash_flow': -9656097951, 'investing_cash_flow': -20684548, 'non_interest_income': 1589545697, 'operating_cash_flow': 595713664, 'stockholders_equity': 250213897952, 'total_current_asset': 177457510756, 'total_non_current_assets': 75817117041, 'financials_sector_metrics': None, 'non_operating_income_or_loss': 1284052038, 'total_non_current_liabilities': 1679474787, 'interest_expense_non_operating': 320602598, 'cash_and_short_term_investments': 153625351565, 'non_interest_bearing_liabilities': None}"
MINA.JK,2025-12-31,1537152736.0,852152360.0,250362012621,12332403417,262694416038,,1763286693.0,1757037743.0,2026-09-16T12:16:01.795844+00:00,"{'tax': 930647390, 'date': '2025-12-31', 'ebit': 1932420816, 'ebitda': 2376612503, 'symbol': 'MINA.JK', 'revenue': 1537152736, 'earnings': 852152360, 'cash_only': 162706420400, 'provision': None, 'minorities': -7349452, 'total_debt': None, 'report_date': '2025-12-31', 'gross_profit': 1081404238, 'total_assets': 262694416038, 'total_equity': 250362012621, 'net_cash_flow': -534514607, 'operating_pnl': 106938284, 'free_cash_flow': 1757037743, 'premium_income': None, 'cost_of_revenue': 455748498, 'non_loan_assets': None, 'premium_expense': None, 'operating_expense': 974465954, 'total_liabilities': 12332403417, 'net_premium_income': None, 'capital_expenditure': 6248950, 'current_liabilities': 10703511084, 'earnings_before_tax': 1782799750, 'financing_cash_flow': -2299364194, 'investing_cash_flow': 1562894, 'non_interest_income': 1963554328, 'operating_cash_flow': 1763286693, 'stockholders_equity': 250277887954, 'total_current_asset': 186620212580, 'total_non_current_assets': 76074203458, 'financials_sector_metrics': None, 'non_operating_income_or_loss': 1675861466, 'total_non_current_liabilities': 1628892333, 'interest_expense_non_operating': 149621066, 'cash_and_short_term_investments': 162706420400, 'non_interest_bearing_liabilities': None}"
MINA.JK,2025-09-30,3617388130.0,-1889984797.0,251708323444,13057234210,264765557654,,-1664679145.0,-1743152535.0,2026-09-16T12:16:01.795844+00:00,"{'tax': 0, 'date': '2025-09-30', 'ebit': -1782266365, 'ebitda': -1496262109, 'symbol': 'MINA.JK', 'revenue': 3617388130, 'earnings': -1889984797, 'cash_only': 163233777473, 'provision': None, 'minorities': 1608, 'total_debt': None, 'report_date': '2025-09-30', 'gross_profit': 2448357357, 'total_assets': 264765557654, 'total_equity': 251708323444, 'net_cash_flow': 162319317465, 'operating_pnl': -2391199392, 'free_cash_flow': -1743152535, 'premium_income': None, 'cost_of_revenue': 1169030773, 'non_loan_assets': None, 'premium_expense': None, 'operating_expense': 4839556749, 'total_liabilities': 13057234210, 'net_premium_income': None, 'capital_expenditure': 78473390, 'current_liabilities': 7479149797, 'earnings_before_tax': -1889984797, 'financing_cash_flow': None, 'investing_cash_flow': -78473390, 'non_interest_income': 936874818, 'operating_cash_flow': -1664679145, 'stockholders_equity': 251617193514, 'total_current_asset': 187475205214, 'total_non_current_assets': 77290352440, 'financials_sector_metrics': None, 'non_operating_income_or_loss': 501214595, 'total_non_current_liabilities': 5578084413, 'interest_expense_non_operating': 107718432, 'cash_and_short_term_investments': 163233777473, 'non_interest_bearing_liabilities': None}"
