symbol,event_date,reason,pdf_url,fetched_at,raw_response
ALKA.JK,2026-09-16,Terjadinya peningkatan harga kumulatif yang signifikan pada saham ALKA.JK,https://www.idx.co.id/Portals/0/StaticData/NewsAndAnnouncement/ANNOUNCEMENTSTOCK/Exchange/2026/SEP/20260915-WAS_Suspensi_ALKA.pdf,2026-09-16T12:17:42.055006+00:00,"{'reason': 'Terjadinya peningkatan harga kumulatif yang signifikan pada saham ALKA.JK', 'symbol': 'ALKA.JK', 'pdf_url': 'https://www.idx.co.id/Portals/0/StaticData/NewsAndAnnouncement/ANNOUNCEMENTSTOCK/Exchange/2026/SEP/20260915-WAS_Suspensi_ALKA.pdf', 'suspension_date': '2026-09-16'}"
SEMA.JK,2026-09-16,"Terjadinya peningkatan harga kumulatif yang signifikan pada saham SEMA.JK, dalam rangka cooling down sebagai bentuk perlindungan bagi investor",https://www.idx.co.id/Portals/0/StaticData/NewsAndAnnouncement/ANNOUNCEMENTSTOCK/Exchange/2026/SEP/20260915-WAS_Suspensi_SEMA.pdf,2026-09-16T12:17:42.055006+00:00,"{'reason': 'Terjadinya peningkatan harga kumulatif yang signifikan pada saham SEMA.JK, dalam rangka cooling down sebagai bentuk perlindungan bagi investor', 'symbol': 'SEMA.JK', 'pdf_url': 'https://www.idx.co.id/Portals/0/StaticData/NewsAndAnnouncement/ANNOUNCEMENTSTOCK/Exchange/2026/SEP/20260915-WAS_Suspensi_SEMA.pdf', 'suspension_date': '2026-09-16'}"
UDNG.JK,2026-09-16,Dalam rangka cooling down sebagai bentuk perlindungan bagi investor,https://www.idx.co.id/Portals/0/StaticData/NewsAndAnnouncement/ANNOUNCEMENTSTOCK/Exchange/2026/SEP/20260915-WAS_Suspensi_UDNG.pdf,2026-09-16T12:17:42.055006+00:00,"{'reason': 'Dalam rangka cooling down sebagai bentuk perlindungan bagi investor', 'symbol': 'UDNG.JK', 'pdf_url': 'https://www.idx.co.id/Portals/0/StaticData/NewsAndAnnouncement/ANNOUNCEMENTSTOCK/Exchange/2026/SEP/20260915-WAS_Suspensi_UDNG.pdf', 'suspension_date': '2026-09-16'}"
LCKM.JK,2026-09-10,Sehubungan dengan adanya ketidakpastian atas kelangsungan usaha,https://www.idx.co.id/StaticData/NewsAndAnnouncement/ANNOUNCEMENTSTOCK/From_EREP/202609/ac8087ec33_889d14bd08.pdf,2026-09-11T07:54:15.210333+00:00,"{'reason': 'Sehubungan dengan adanya ketidakpastian atas kelangsungan usaha', 'symbol': 'LCKM.JK', 'pdf_url': 'https://www.idx.co.id/StaticData/NewsAndAnnouncement/ANNOUNCEMENTSTOCK/From_EREP/202609/ac8087ec33_889d14bd08.pdf', 'suspension_date': '2026-09-10'}"
MGLV.JK,2026-09-09,"Terjadinya peningkatan harga kumulatif yang signifikan pada saham MGLV.JK, dalam rangka cooling down sebagai bentuk perlindungan bagi investor",https://www.idx.co.id/Portals/0/StaticData/NewsAndAnnouncement/ANNOUNCEMENTSTOCK/Exchange/2026/SEP/20260908-WAS_Suspensi_MGLV.pdf,2026-09-11T07:54:15.210333+00:00,"{'reason': 'Terjadinya peningkatan harga kumulatif yang signifikan pada saham MGLV.JK, dalam rangka cooling down sebagai bentuk perlindungan bagi investor', 'symbol': 'MGLV.JK', 'pdf_url': 'https://www.idx.co.id/Portals/0/StaticData/NewsAndAnnouncement/ANNOUNCEMENTSTOCK/Exchange/2026/SEP/20260908-WAS_Suspensi_MGLV.pdf', 'suspension_date': '2026-09-09'}"
UANG.JK,2026-09-09,"Terjadinya peningkatan harga kumulatif yang signifikan pada saham UANG.JK, dalam rangka cooling down sebagai bentuk perlindungan bagi investor",https://www.idx.co.id/Portals/0/StaticData/NewsAndAnnouncement/ANNOUNCEMENTSTOCK/Exchange/2026/SEP/20260908-WAS_Suspensi_UANG.pdf,2026-09-11T07:54:15.210333+00:00,"{'reason': 'Terjadinya peningkatan harga kumulatif yang signifikan pada saham UANG.JK, dalam rangka cooling down sebagai bentuk perlindungan bagi investor', 'symbol': 'UANG.JK', 'pdf_url': 'https://www.idx.co.id/Portals/0/StaticData/NewsAndAnnouncement/ANNOUNCEMENTSTOCK/Exchange/2026/SEP/20260908-WAS_Suspensi_UANG.pdf', 'suspension_date': '2026-09-09'}"
ASLI.JK,2026-09-04,"Terjadinya peningkatan harga kumulatif yang signifikan pada saham ASLI.JK, dalam rangka cooling down sebagai bentuk perlindungan bagi investor",https://www.idx.co.id/Portals/0/StaticData/NewsAndAnnouncement/ANNOUNCEMENTSTOCK/Exchange/2026/SEP/20260903-WAS_Suspensi_ASLI.pdf,2026-09-11T07:54:15.210333+00:00,"{'reason': 'Terjadinya peningkatan harga kumulatif yang signifikan pada saham ASLI.JK, dalam rangka cooling down sebagai bentuk perlindungan bagi investor', 'symbol': 'ASLI.JK', 'pdf_url': 'https://www.idx.co.id/Portals/0/StaticData/NewsAndAnnouncement/ANNOUNCEMENTSTOCK/Exchange/2026/SEP/20260903-WAS_Suspensi_ASLI.pdf', 'suspension_date': '2026-09-04'}"
LIFE.JK,2026-09-04,Terjadinya peningkatan harga kumulatif yang signifikan pada saham LIFE.JK,https://www.idx.co.id/Portals/0/StaticData/NewsAndAnnouncement/ANNOUNCEMENTSTOCK/Exchange/2026/SEP/20260903-WAS_Suspensi_LIFE.pdf,2026-09-11T07:54:15.210333+00:00,"{'reason': 'Terjadinya peningkatan harga kumulatif yang signifikan pada saham LIFE.JK', 'symbol': 'LIFE.JK', 'pdf_url': 'https://www.idx.co.id/Portals/0/StaticData/NewsAndAnnouncement/ANNOUNCEMENTSTOCK/Exchange/2026/SEP/20260903-WAS_Suspensi_LIFE.pdf', 'suspension_date': '2026-09-04'}"
NICK.JK,2026-09-04,"Terjadinya peningkatan harga kumulatif yang signifikan pada saham NICK.JK, dalam rangka cooling down sebagai bentuk perlindungan bagi investor",https://www.idx.co.id/Portals/0/StaticData/NewsAndAnnouncement/ANNOUNCEMENTSTOCK/Exchange/2026/SEP/20260903-WAS_Suspensi_NICK.pdf,2026-09-11T07:54:15.210333+00:00,"{'reason': 'Terjadinya peningkatan harga kumulatif yang signifikan pada saham NICK.JK, dalam rangka cooling down sebagai bentuk perlindungan bagi investor', 'symbol': 'NICK.JK', 'pdf_url': 'https://www.idx.co.id/Portals/0/StaticData/NewsAndAnnouncement/ANNOUNCEMENTSTOCK/Exchange/2026/SEP/20260903-WAS_Suspensi_NICK.pdf', 'suspension_date': '2026-09-04'}"
TRUK.JK,2026-09-04,Terjadinya peningkatan harga kumulatif yang signifikan pada saham TRUK.JK,https://www.idx.co.id/Portals/0/StaticData/NewsAndAnnouncement/ANNOUNCEMENTSTOCK/Exchange/2026/SEP/20260903-WAS_Suspensi_TRUK.pdf,2026-09-11T07:54:15.210333+00:00,"{'reason': 'Terjadinya peningkatan harga kumulatif yang signifikan pada saham TRUK.JK', 'symbol': 'TRUK.JK', 'pdf_url': 'https://www.idx.co.id/Portals/0/StaticData/NewsAndAnnouncement/ANNOUNCEMENTSTOCK/Exchange/2026/SEP/20260903-WAS_Suspensi_TRUK.pdf', 'suspension_date': '2026-09-04'}"
LIFE.JK,2026-09-02,"Terjadinya peningkatan harga kumulatif yang signifikan pada saham LIFE.JK, dalam rangka cooling down sebagai bentuk perlindungan bagi investor",https://www.idx.co.id/Portals/0/StaticData/NewsAndAnnouncement/ANNOUNCEMENTSTOCK/Exchange/2026/SEP/20260901-WAS_Suspensi_LIFE.pdf,2026-09-11T07:54:15.210333+00:00,"{'reason': 'Terjadinya peningkatan harga kumulatif yang signifikan pada saham LIFE.JK, dalam rangka cooling down sebagai bentuk perlindungan bagi investor', 'symbol': 'LIFE.JK', 'pdf_url': 'https://www.idx.co.id/Portals/0/StaticData/NewsAndAnnouncement/ANNOUNCEMENTSTOCK/Exchange/2026/SEP/20260901-WAS_Suspensi_LIFE.pdf', 'suspension_date': '2026-09-02'}"
PPGL.JK,2026-09-02,"Terjadinya peningkatan harga kumulatif yang signifikan pada saham PPGL.JK, dalam rangka cooling down sebagai bentuk perlindungan bagi investor",https://www.idx.co.id/Portals/0/StaticData/NewsAndAnnouncement/ANNOUNCEMENTSTOCK/Exchange/2026/SEP/20260901-WAS_Suspensi_PPGL.pdf,2026-09-11T07:54:15.210333+00:00,"{'reason': 'Terjadinya peningkatan harga kumulatif yang signifikan pada saham PPGL.JK, dalam rangka cooling down sebagai bentuk perlindungan bagi investor', 'symbol': 'PPGL.JK', 'pdf_url': 'https://www.idx.co.id/Portals/0/StaticData/NewsAndAnnouncement/ANNOUNCEMENTSTOCK/Exchange/2026/SEP/20260901-WAS_Suspensi_PPGL.pdf', 'suspension_date': '2026-09-02'}"
SAFE.JK,2026-09-02,Terjadinya peningkatan harga kumulatif yang signifikan pada saham SAFE.JK,https://www.idx.co.id/Portals/0/StaticData/NewsAndAnnouncement/ANNOUNCEMENTSTOCK/Exchange/2026/SEP/20260901-WAS_Suspensi_SAFE.pdf,2026-09-11T07:54:15.210333+00:00,"{'reason': 'Terjadinya peningkatan harga kumulatif yang signifikan pada saham SAFE.JK', 'symbol': 'SAFE.JK', 'pdf_url': 'https://www.idx.co.id/Portals/0/StaticData/NewsAndAnnouncement/ANNOUNCEMENTSTOCK/Exchange/2026/SEP/20260901-WAS_Suspensi_SAFE.pdf', 'suspension_date': '2026-09-02'}"
PACK.JK,2026-09-01,Terjadinya peningkatan harga kumulatif yang signifikan pada saham PACK.JK,https://www.idx.co.id/Portals/0/StaticData/NewsAndAnnouncement/ANNOUNCEMENTSTOCK/Exchange/2026/AGU/20260831-WAS_Suspensi_PACK.pdf,2026-09-11T07:54:15.210333+00:00,"{'reason': 'Terjadinya peningkatan harga kumulatif yang signifikan pada saham PACK.JK', 'symbol': 'PACK.JK', 'pdf_url': 'https://www.idx.co.id/Portals/0/StaticData/NewsAndAnnouncement/ANNOUNCEMENTSTOCK/Exchange/2026/AGU/20260831-WAS_Suspensi_PACK.pdf', 'suspension_date': '2026-09-01'}"
CSMI.JK,2026-08-28,Terjadinya peningkatan harga kumulatif yang signifikan pada saham CSMI.JK,https://www.idx.co.id/Portals/0/StaticData/NewsAndAnnouncement/ANNOUNCEMENTSTOCK/Exchange/2026/AGU/20260827-WAS_Suspensi_CSMI.pdf,2026-09-11T07:54:15.210333+00:00,"{'reason': 'Terjadinya peningkatan harga kumulatif yang signifikan pada saham CSMI.JK', 'symbol': 'CSMI.JK', 'pdf_url': 'https://www.idx.co.id/Portals/0/StaticData/NewsAndAnnouncement/ANNOUNCEMENTSTOCK/Exchange/2026/AGU/20260827-WAS_Suspensi_CSMI.pdf', 'suspension_date': '2026-08-28'}"
EKAD.JK,2026-08-27,"Terjadinya peningkatan harga kumulatif yang signifikan pada saham EKAD.JK, dalam rangka cooling down sebagai bentuk perlindungan bagi investor",https://www.idx.co.id/Portals/0/StaticData/NewsAndAnnouncement/ANNOUNCEMENTSTOCK/Exchange/2026/AGU/20260826-WAS_Suspensi_EKAD.pdf,2026-09-11T07:54:15.210333+00:00,"{'reason': 'Terjadinya peningkatan harga kumulatif yang signifikan pada saham EKAD.JK, dalam rangka cooling down sebagai bentuk perlindungan bagi investor', 'symbol': 'EKAD.JK', 'pdf_url': 'https://www.idx.co.id/Portals/0/StaticData/NewsAndAnnouncement/ANNOUNCEMENTSTOCK/Exchange/2026/AGU/20260826-WAS_Suspensi_EKAD.pdf', 'suspension_date': '2026-08-27'}"
PACK.JK,2026-08-27,"Terjadinya peningkatan harga kumulatif yang signifikan pada saham PACK.JK, dalam rangka cooling down sebagai bentuk perlindungan bagi investor",https://www.idx.co.id/Portals/0/StaticData/NewsAndAnnouncement/ANNOUNCEMENTSTOCK/Exchange/2026/AGU/20260826-WAS_Suspensi_PACK.pdf,2026-09-11T07:54:15.210333+00:00,"{'reason': 'Terjadinya peningkatan harga kumulatif yang signifikan pada saham PACK.JK, dalam rangka cooling down sebagai bentuk perlindungan bagi investor', 'symbol': 'PACK.JK', 'pdf_url': 'https://www.idx.co.id/Portals/0/StaticData/NewsAndAnnouncement/ANNOUNCEMENTSTOCK/Exchange/2026/AGU/20260826-WAS_Suspensi_PACK.pdf', 'suspension_date': '2026-08-27'}"
TMPO.JK,2026-08-27,"Terjadinya peningkatan harga kumulatif yang signifikan pada saham TMPO.JK, dalam rangka cooling down sebagai bentuk perlindungan bagi investor",https://www.idx.co.id/Portals/0/StaticData/NewsAndAnnouncement/ANNOUNCEMENTSTOCK/Exchange/2026/AGU/20260826-WAS_Suspensi_TMPO.pdf,2026-09-11T07:54:15.210333+00:00,"{'reason': 'Terjadinya peningkatan harga kumulatif yang signifikan pada saham TMPO.JK, dalam rangka cooling down sebagai bentuk perlindungan bagi investor', 'symbol': 'TMPO.JK', 'pdf_url': 'https://www.idx.co.id/Portals/0/StaticData/NewsAndAnnouncement/ANNOUNCEMENTSTOCK/Exchange/2026/AGU/20260826-WAS_Suspensi_TMPO.pdf', 'suspension_date': '2026-08-27'}"
AGAR.JK,2026-08-19,Terjadinya peningkatan harga kumulatif yang signifikan pada saham AGAR.JK,https://www.idx.co.id/Portals/0/StaticData/NewsAndAnnouncement/ANNOUNCEMENTSTOCK/Exchange/2026/AGU/20260818-WAS_Suspensi_AGAR.pdf,2026-09-11T07:54:15.210333+00:00,"{'reason': 'Terjadinya peningkatan harga kumulatif yang signifikan pada saham AGAR.JK', 'symbol': 'AGAR.JK', 'pdf_url': 'https://www.idx.co.id/Portals/0/StaticData/NewsAndAnnouncement/ANNOUNCEMENTSTOCK/Exchange/2026/AGU/20260818-WAS_Suspensi_AGAR.pdf', 'suspension_date': '2026-08-19'}"
BEEF.JK,2026-08-19,"Terjadinya peningkatan harga kumulatif yang signifikan pada saham BEEF.JK, dalam rangka cooling down sebagai bentuk perlindungan bagi investor",https://www.idx.co.id/Portals/0/StaticData/NewsAndAnnouncement/ANNOUNCEMENTSTOCK/Exchange/2026/AGU/20260818-WAS_Suspensi_BEEF.pdf,2026-09-11T07:54:15.210333+00:00,"{'reason': 'Terjadinya peningkatan harga kumulatif yang signifikan pada saham BEEF.JK, dalam rangka cooling down sebagai bentuk perlindungan bagi investor', 'symbol': 'BEEF.JK', 'pdf_url': 'https://www.idx.co.id/Portals/0/StaticData/NewsAndAnnouncement/ANNOUNCEMENTSTOCK/Exchange/2026/AGU/20260818-WAS_Suspensi_BEEF.pdf', 'suspension_date': '2026-08-19'}"
DOOH.JK,2026-08-19,Terjadinya peningkatan harga kumulatif yang signifikan pada saham DOOH.JK,https://www.idx.co.id/Portals/0/StaticData/NewsAndAnnouncement/ANNOUNCEMENTSTOCK/Exchange/2026/AGU/20260818-WAS_Suspensi_DOOH.pdf,2026-09-11T07:54:15.210333+00:00,"{'reason': 'Terjadinya peningkatan harga kumulatif yang signifikan pada saham DOOH.JK', 'symbol': 'DOOH.JK', 'pdf_url': 'https://www.idx.co.id/Portals/0/StaticData/NewsAndAnnouncement/ANNOUNCEMENTSTOCK/Exchange/2026/AGU/20260818-WAS_Suspensi_DOOH.pdf', 'suspension_date': '2026-08-19'}"
YPAS.JK,2026-08-19,"Terjadinya peningkatan harga kumulatif yang signifikan pada saham YPAS.JK, dalam rangka cooling down sebagai bentuk perlindungan bagi investor",https://www.idx.co.id/Portals/0/StaticData/NewsAndAnnouncement/ANNOUNCEMENTSTOCK/Exchange/2026/AGU/20260818-WAS_Suspensi_YPAS.pdf,2026-09-11T07:54:15.210333+00:00,"{'reason': 'Terjadinya peningkatan harga kumulatif yang signifikan pada saham YPAS.JK, dalam rangka cooling down sebagai bentuk perlindungan bagi investor', 'symbol': 'YPAS.JK', 'pdf_url': 'https://www.idx.co.id/Portals/0/StaticData/NewsAndAnnouncement/ANNOUNCEMENTSTOCK/Exchange/2026/AGU/20260818-WAS_Suspensi_YPAS.pdf', 'suspension_date': '2026-08-19'}"
MDIA.JK,2026-08-13,Terjadinya peningkatan harga kumulatif yang signifikan pada saham MDIA.JK,https://www.idx.co.id/Portals/0/StaticData/NewsAndAnnouncement/ANNOUNCEMENTSTOCK/Exchange/2026/AGU/20260812-WAS_Suspensi_MDIA.pdf,2026-09-11T07:54:15.210333+00:00,"{'reason': 'Terjadinya peningkatan harga kumulatif yang signifikan pada saham MDIA.JK', 'symbol': 'MDIA.JK', 'pdf_url': 'https://www.idx.co.id/Portals/0/StaticData/NewsAndAnnouncement/ANNOUNCEMENTSTOCK/Exchange/2026/AGU/20260812-WAS_Suspensi_MDIA.pdf', 'suspension_date': '2026-08-13'}"
COAL.JK,2026-08-12,Sehubungan dengan adanya ketidakpastian atas kelangsungan usaha,https://www.idx.co.id/StaticData/NewsAndAnnouncement/ANNOUNCEMENTSTOCK/From_EREP/202608/81a427d2f9_48b62e084b.pdf,2026-09-11T07:54:15.210333+00:00,"{'reason': 'Sehubungan dengan adanya ketidakpastian atas kelangsungan usaha', 'symbol': 'COAL.JK', 'pdf_url': 'https://www.idx.co.id/StaticData/NewsAndAnnouncement/ANNOUNCEMENTSTOCK/From_EREP/202608/81a427d2f9_48b62e084b.pdf', 'suspension_date': '2026-08-12'}"
INCF.JK,2026-08-12,Sehubungan dengan adanya ketidakpastian atas kelangsungan usaha,https://www.idx.co.id/StaticData/NewsAndAnnouncement/ANNOUNCEMENTSTOCK/From_EREP/202608/b87efb5fe9_1e74a36907.pdf,2026-09-11T07:54:15.210333+00:00,"{'reason': 'Sehubungan dengan adanya ketidakpastian atas kelangsungan usaha', 'symbol': 'INCF.JK', 'pdf_url': 'https://www.idx.co.id/StaticData/NewsAndAnnouncement/ANNOUNCEMENTSTOCK/From_EREP/202608/b87efb5fe9_1e74a36907.pdf', 'suspension_date': '2026-08-12'}"
TRUK.JK,2026-08-11,"Terjadinya peningkatan harga kumulatif yang signifikan pada saham TRUK.JK, dalam rangka cooling down sebagai bentuk perlindungan bagi investor",https://www.idx.co.id/Portals/0/StaticData/NewsAndAnnouncement/ANNOUNCEMENTSTOCK/Exchange/2026/AGU/20260811-WAS_Suspensi_TRUK.pdf,2026-09-11T07:54:15.210333+00:00,"{'reason': 'Terjadinya peningkatan harga kumulatif yang signifikan pada saham TRUK.JK, dalam rangka cooling down sebagai bentuk perlindungan bagi investor', 'symbol': 'TRUK.JK', 'pdf_url': 'https://www.idx.co.id/Portals/0/StaticData/NewsAndAnnouncement/ANNOUNCEMENTSTOCK/Exchange/2026/AGU/20260811-WAS_Suspensi_TRUK.pdf', 'suspension_date': '2026-08-11'}"
MDIA.JK,2026-08-05,"Terjadinya peningkatan harga kumulatif yang signifikan pada saham MDIA.JK, dalam rangka cooling down sebagai bentuk perlindungan bagi investor",https://www.idx.co.id/Portals/0/StaticData/NewsAndAnnouncement/ANNOUNCEMENTSTOCK/Exchange/2026/AGU/20260804-WAS_Susupensi_MDIA.pdf,2026-09-11T07:54:15.210333+00:00,"{'reason': 'Terjadinya peningkatan harga kumulatif yang signifikan pada saham MDIA.JK, dalam rangka cooling down sebagai bentuk perlindungan bagi investor', 'symbol': 'MDIA.JK', 'pdf_url': 'https://www.idx.co.id/Portals/0/StaticData/NewsAndAnnouncement/ANNOUNCEMENTSTOCK/Exchange/2026/AGU/20260804-WAS_Susupensi_MDIA.pdf', 'suspension_date': '2026-08-05'}"
BAJA.JK,2026-08-04,"Terjadinya peningkatan harga kumulatif yang signifikan pada saham BAJA.JK, dalam rangka cooling down sebagai bentuk perlindungan bagi investor",https://www.idx.co.id/Portals/0/StaticData/NewsAndAnnouncement/ANNOUNCEMENTSTOCK/Exchange/2026/AGU/20260803-WAS_Suspensi_BAJA.pdf,2026-09-11T07:54:15.210333+00:00,"{'reason': 'Terjadinya peningkatan harga kumulatif yang signifikan pada saham BAJA.JK, dalam rangka cooling down sebagai bentuk perlindungan bagi investor', 'symbol': 'BAJA.JK', 'pdf_url': 'https://www.idx.co.id/Portals/0/StaticData/NewsAndAnnouncement/ANNOUNCEMENTSTOCK/Exchange/2026/AGU/20260803-WAS_Suspensi_BAJA.pdf', 'suspension_date': '2026-08-04'}"
RGAS.JK,2026-07-30,Terjadinya peningkatan harga kumulatif yang signifikan pada saham RGAS.JK,https://www.idx.co.id/Portals/0/StaticData/NewsAndAnnouncement/ANNOUNCEMENTSTOCK/Exchange/2026/JUL/20260729-WAS_Suspensi_RGAS.pdf,2026-09-11T07:54:15.210333+00:00,"{'reason': 'Terjadinya peningkatan harga kumulatif yang signifikan pada saham RGAS.JK', 'symbol': 'RGAS.JK', 'pdf_url': 'https://www.idx.co.id/Portals/0/StaticData/NewsAndAnnouncement/ANNOUNCEMENTSTOCK/Exchange/2026/JUL/20260729-WAS_Suspensi_RGAS.pdf', 'suspension_date': '2026-07-30'}"
ALKA.JK,2026-07-29,Terjadinya peningkatan harga kumulatif yang signifikan pada saham ALKA.JK,https://www.idx.co.id/Portals/0/StaticData/NewsAndAnnouncement/ANNOUNCEMENTSTOCK/Exchange/2026/JUL/20260728-WAS_Suspensi_ALKA.pdf,2026-09-11T07:54:15.210333+00:00,"{'reason': 'Terjadinya peningkatan harga kumulatif yang signifikan pada saham ALKA.JK', 'symbol': 'ALKA.JK', 'pdf_url': 'https://www.idx.co.id/Portals/0/StaticData/NewsAndAnnouncement/ANNOUNCEMENTSTOCK/Exchange/2026/JUL/20260728-WAS_Suspensi_ALKA.pdf', 'suspension_date': '2026-07-29'}"
BKDP.JK,2026-07-29,Terjadinya peningkatan harga kumulatif yang signifikan pada saham BKDP.JK,https://www.idx.co.id/Portals/0/StaticData/NewsAndAnnouncement/ANNOUNCEMENTSTOCK/Exchange/2026/JUL/20260728-WAS_Suspensi_BKDP.pdf,2026-09-11T07:54:15.210333+00:00,"{'reason': 'Terjadinya peningkatan harga kumulatif yang signifikan pada saham BKDP.JK', 'symbol': 'BKDP.JK', 'pdf_url': 'https://www.idx.co.id/Portals/0/StaticData/NewsAndAnnouncement/ANNOUNCEMENTSTOCK/Exchange/2026/JUL/20260728-WAS_Suspensi_BKDP.pdf', 'suspension_date': '2026-07-29'}"
AGAR.JK,2026-07-22,Terjadinya peningkatan harga kumulatif yang signifikan pada saham AGAR.JK,https://www.idx.co.id/Portals/0/StaticData/NewsAndAnnouncement/ANNOUNCEMENTSTOCK/Exchange/2026/JUL/20260721-WAS_Suspensi_AGAR.pdf,2026-09-11T07:54:15.210333+00:00,"{'reason': 'Terjadinya peningkatan harga kumulatif yang signifikan pada saham AGAR.JK', 'symbol': 'AGAR.JK', 'pdf_url': 'https://www.idx.co.id/Portals/0/StaticData/NewsAndAnnouncement/ANNOUNCEMENTSTOCK/Exchange/2026/JUL/20260721-WAS_Suspensi_AGAR.pdf', 'suspension_date': '2026-07-22'}"
LUCY.JK,2026-07-17,Dalam rangka cooling down sebagai bentuk perlindungan bagi investor,https://www.idx.co.id/Portals/0/StaticData/NewsAndAnnouncement/ANNOUNCEMENTSTOCK/Exchange/2026/JUL/20260716-WAS_Suspensi_LUCY.pdf,2026-09-11T07:54:15.210333+00:00,"{'reason': 'Dalam rangka cooling down sebagai bentuk perlindungan bagi investor', 'symbol': 'LUCY.JK', 'pdf_url': 'https://www.idx.co.id/Portals/0/StaticData/NewsAndAnnouncement/ANNOUNCEMENTSTOCK/Exchange/2026/JUL/20260716-WAS_Suspensi_LUCY.pdf', 'suspension_date': '2026-07-17'}"
FLMC.JK,2026-07-03,Terjadinya penurunan harga kumulatif yang signifikan pada saham FLMC.JK,https://www.idx.co.id/Portals/0/StaticData/NewsAndAnnouncement/ANNOUNCEMENTSTOCK/Exchange/2026/JUL/20260702-WAS_Suspensi_FLMC.pdf,2026-09-11T07:54:15.210333+00:00,"{'reason': 'Terjadinya penurunan harga kumulatif yang signifikan pada saham FLMC.JK', 'symbol': 'FLMC.JK', 'pdf_url': 'https://www.idx.co.id/Portals/0/StaticData/NewsAndAnnouncement/ANNOUNCEMENTSTOCK/Exchange/2026/JUL/20260702-WAS_Suspensi_FLMC.pdf', 'suspension_date': '2026-07-03'}"
FLMC.JK,2026-06-24,Dalam rangka cooling down sebagai bentuk perlindungan bagi investor,https://www.idx.co.id/Portals/0/StaticData/NewsAndAnnouncement/ANNOUNCEMENTSTOCK/Exchange/2026/JUN/20260623-WAS_Suspensi_FLMC.pdf,2026-09-11T07:54:15.210333+00:00,"{'reason': 'Dalam rangka cooling down sebagai bentuk perlindungan bagi investor', 'symbol': 'FLMC.JK', 'pdf_url': 'https://www.idx.co.id/Portals/0/StaticData/NewsAndAnnouncement/ANNOUNCEMENTSTOCK/Exchange/2026/JUN/20260623-WAS_Suspensi_FLMC.pdf', 'suspension_date': '2026-06-24'}"
FORU.JK,2026-06-11,"Terjadinya peningkatan harga kumulatif yang signifikan pada saham FORU.JK, dalam rangka cooling down sebagai bentuk perlindungan bagi investor",https://www.idx.co.id/Portals/0/StaticData/NewsAndAnnouncement/ANNOUNCEMENTSTOCK/Exchange/2026/JUN/20260610-WAS_Suspensi_FORU.pdf,2026-09-11T07:54:15.210333+00:00,"{'reason': 'Terjadinya peningkatan harga kumulatif yang signifikan pada saham FORU.JK, dalam rangka cooling down sebagai bentuk perlindungan bagi investor', 'symbol': 'FORU.JK', 'pdf_url': 'https://www.idx.co.id/Portals/0/StaticData/NewsAndAnnouncement/ANNOUNCEMENTSTOCK/Exchange/2026/JUN/20260610-WAS_Suspensi_FORU.pdf', 'suspension_date': '2026-06-11'}"
IFSH.JK,2026-06-10,Dalam rangka cooling down sebagai bentuk perlindungan bagi investor,https://www.idx.co.id/Portals/0/StaticData/NewsAndAnnouncement/ANNOUNCEMENTSTOCK/Exchange/2026/JUN/20260609-WAS_Suspensi_IFSH.pdf,2026-09-11T07:54:15.210333+00:00,"{'reason': 'Dalam rangka cooling down sebagai bentuk perlindungan bagi investor', 'symbol': 'IFSH.JK', 'pdf_url': 'https://www.idx.co.id/Portals/0/StaticData/NewsAndAnnouncement/ANNOUNCEMENTSTOCK/Exchange/2026/JUN/20260609-WAS_Suspensi_IFSH.pdf', 'suspension_date': '2026-06-10'}"
SHIP.JK,2026-06-09,Terjadinya penurunan harga kumulatif yang signifikan pada saham SHIP.JK,https://www.idx.co.id/Portals/0/StaticData/NewsAndAnnouncement/ANNOUNCEMENTSTOCK/Exchange/2026/JUN/20260608-WAS_Suspensi_SHIP.pdf,2026-09-11T07:54:15.210333+00:00,"{'reason': 'Terjadinya penurunan harga kumulatif yang signifikan pada saham SHIP.JK', 'symbol': 'SHIP.JK', 'pdf_url': 'https://www.idx.co.id/Portals/0/StaticData/NewsAndAnnouncement/ANNOUNCEMENTSTOCK/Exchange/2026/JUN/20260608-WAS_Suspensi_SHIP.pdf', 'suspension_date': '2026-06-09'}"
MMIX.JK,2026-06-04,"Terjadinya peningkatan harga kumulatif yang signifikan pada saham MMIX.JK, dalam rangka cooling down sebagai bentuk perlindungan bagi investor",https://www.idx.co.id/Portals/0/StaticData/NewsAndAnnouncement/ANNOUNCEMENTSTOCK/Exchange/2026/JUN/20260603-WAS_Suspensi_MMIX.pdf,2026-09-11T07:54:15.210333+00:00,"{'reason': 'Terjadinya peningkatan harga kumulatif yang signifikan pada saham MMIX.JK, dalam rangka cooling down sebagai bentuk perlindungan bagi investor', 'symbol': 'MMIX.JK', 'pdf_url': 'https://www.idx.co.id/Portals/0/StaticData/NewsAndAnnouncement/ANNOUNCEMENTSTOCK/Exchange/2026/JUN/20260603-WAS_Suspensi_MMIX.pdf', 'suspension_date': '2026-06-04'}"
SHIP.JK,2026-05-20,Dalam rangka cooling down sebagai bentuk perlindungan bagi investor,https://www.idx.co.id/Portals/0/StaticData/NewsAndAnnouncement/ANNOUNCEMENTSTOCK/Exchange/2026/MEI/20260519-WAS_Suspensi_SHIP.pdf,2026-09-11T07:54:15.210333+00:00,"{'reason': 'Dalam rangka cooling down sebagai bentuk perlindungan bagi investor', 'symbol': 'SHIP.JK', 'pdf_url': 'https://www.idx.co.id/Portals/0/StaticData/NewsAndAnnouncement/ANNOUNCEMENTSTOCK/Exchange/2026/MEI/20260519-WAS_Suspensi_SHIP.pdf', 'suspension_date': '2026-05-20'}"
BKDP.JK,2026-05-13,"Terjadinya peningkatan harga kumulatif yang signifikan pada saham BKDP.JK, dalam rangka cooling down sebagai bentuk perlindungan bagi investor",https://www.idx.co.id/Portals/0/StaticData/NewsAndAnnouncement/ANNOUNCEMENTSTOCK/Exchange/2026/MEI/20260512-WAS_Suspensi_BKDP.pdf,2026-09-11T07:54:15.210333+00:00,"{'reason': 'Terjadinya peningkatan harga kumulatif yang signifikan pada saham BKDP.JK, dalam rangka cooling down sebagai bentuk perlindungan bagi investor', 'symbol': 'BKDP.JK', 'pdf_url': 'https://www.idx.co.id/Portals/0/StaticData/NewsAndAnnouncement/ANNOUNCEMENTSTOCK/Exchange/2026/MEI/20260512-WAS_Suspensi_BKDP.pdf', 'suspension_date': '2026-05-13'}"
MSIE.JK,2026-05-05,"Terjadinya peningkatan harga kumulatif yang signifikan pada saham MSIE.JK, dalam rangka cooling down sebagai bentuk perlindungan bagi investor",https://www.idx.co.id/Portals/0/StaticData/NewsAndAnnouncement/ANNOUNCEMENTSTOCK/Exchange/2026/MEI/20260504-WAS_Suspensi_MSIE.pdf,2026-09-11T07:54:15.210333+00:00,"{'reason': 'Terjadinya peningkatan harga kumulatif yang signifikan pada saham MSIE.JK, dalam rangka cooling down sebagai bentuk perlindungan bagi investor', 'symbol': 'MSIE.JK', 'pdf_url': 'https://www.idx.co.id/Portals/0/StaticData/NewsAndAnnouncement/ANNOUNCEMENTSTOCK/Exchange/2026/MEI/20260504-WAS_Suspensi_MSIE.pdf', 'suspension_date': '2026-05-05'}"
ZINC.JK,2026-05-05,Efek Perseroan telah berada dalam papan pemantauan khusus selama lebih dari 1 (satu) tahun berturut-turut,https://www.idx.co.id/StaticData/NewsAndAnnouncement/ANNOUNCEMENTSTOCK/From_EREP/202605/3cf1b68c1f_8b1bc33e7e.pdf,2026-09-11T07:54:15.210333+00:00,"{'reason': 'Efek Perseroan telah berada dalam papan pemantauan khusus selama lebih dari 1 (satu) tahun berturut-turut', 'symbol': 'ZINC.JK', 'pdf_url': 'https://www.idx.co.id/StaticData/NewsAndAnnouncement/ANNOUNCEMENTSTOCK/From_EREP/202605/3cf1b68c1f_8b1bc33e7e.pdf', 'suspension_date': '2026-05-05'}"
BAPA.JK,2026-04-30,Terjadinya peningkatan harga kumulatif yang signifikan pada saham BAPA.JK,https://www.idx.co.id/Portals/0/StaticData/NewsAndAnnouncement/ANNOUNCEMENTSTOCK/Exchange/2026/APR/20260429-WAS_Suspensi_BAPA.pdf,2026-09-11T07:54:15.210333+00:00,"{'reason': 'Terjadinya peningkatan harga kumulatif yang signifikan pada saham BAPA.JK', 'symbol': 'BAPA.JK', 'pdf_url': 'https://www.idx.co.id/Portals/0/StaticData/NewsAndAnnouncement/ANNOUNCEMENTSTOCK/Exchange/2026/APR/20260429-WAS_Suspensi_BAPA.pdf', 'suspension_date': '2026-04-30'}"
BOBA.JK,2026-04-29,"Terjadinya peningkatan harga kumulatif yang signifikan pada saham BOBA.JK, dalam rangka cooling down sebagai bentuk perlindungan bagi investor",https://www.idx.co.id/Portals/0/StaticData/NewsAndAnnouncement/ANNOUNCEMENTSTOCK/Exchange/2026/APR/20260428-WAS_Suspensi_BOBA.pdf,2026-09-11T07:54:15.210333+00:00,"{'reason': 'Terjadinya peningkatan harga kumulatif yang signifikan pada saham BOBA.JK, dalam rangka cooling down sebagai bentuk perlindungan bagi investor', 'symbol': 'BOBA.JK', 'pdf_url': 'https://www.idx.co.id/Portals/0/StaticData/NewsAndAnnouncement/ANNOUNCEMENTSTOCK/Exchange/2026/APR/20260428-WAS_Suspensi_BOBA.pdf', 'suspension_date': '2026-04-29'}"
KING.JK,2026-04-28,"Terjadinya peningkatan harga kumulatif yang signifikan pada saham KING.JK, dalam rangka cooling down sebagai bentuk perlindungan bagi investor",https://www.idx.co.id/Portals/0/StaticData/NewsAndAnnouncement/ANNOUNCEMENTSTOCK/Exchange/2026/APR/20260427-WAS_Suspensi_KING.pdf,2026-09-11T07:54:15.210333+00:00,"{'reason': 'Terjadinya peningkatan harga kumulatif yang signifikan pada saham KING.JK, dalam rangka cooling down sebagai bentuk perlindungan bagi investor', 'symbol': 'KING.JK', 'pdf_url': 'https://www.idx.co.id/Portals/0/StaticData/NewsAndAnnouncement/ANNOUNCEMENTSTOCK/Exchange/2026/APR/20260427-WAS_Suspensi_KING.pdf', 'suspension_date': '2026-04-28'}"
BAIK.JK,2026-04-24,Terjadinya peningkatan harga kumulatif yang signifikan pada saham BAIK.JK,https://www.idx.co.id/Portals/0/StaticData/NewsAndAnnouncement/ANNOUNCEMENTSTOCK/Exchange/2026/APR/20260423-WAS_Suspensi_BAIK.pdf,2026-09-11T07:54:15.210333+00:00,"{'reason': 'Terjadinya peningkatan harga kumulatif yang signifikan pada saham BAIK.JK', 'symbol': 'BAIK.JK', 'pdf_url': 'https://www.idx.co.id/Portals/0/StaticData/NewsAndAnnouncement/ANNOUNCEMENTSTOCK/Exchange/2026/APR/20260423-WAS_Suspensi_BAIK.pdf', 'suspension_date': '2026-04-24'}"
WBSA.JK,2026-04-24,Terjadinya peningkatan harga kumulatif yang signifikan pada saham WBSA.JK,https://www.idx.co.id/Portals/0/StaticData/NewsAndAnnouncement/ANNOUNCEMENTSTOCK/Exchange/2026/APR/20260423-WAS_Suspensi_WBSA.pdf,2026-09-11T07:54:15.210333+00:00,"{'reason': 'Terjadinya peningkatan harga kumulatif yang signifikan pada saham WBSA.JK', 'symbol': 'WBSA.JK', 'pdf_url': 'https://www.idx.co.id/Portals/0/StaticData/NewsAndAnnouncement/ANNOUNCEMENTSTOCK/Exchange/2026/APR/20260423-WAS_Suspensi_WBSA.pdf', 'suspension_date': '2026-04-24'}"
MDIA.JK,2026-04-23,"Terjadinya peningkatan harga kumulatif yang signifikan pada saham MDIA.JK, dalam rangka cooling down sebagai bentuk perlindungan bagi investor",https://www.idx.co.id/Portals/0/StaticData/NewsAndAnnouncement/ANNOUNCEMENTSTOCK/Exchange/2026/APR/20260422-WAS_Suspensi_MDIA.pdf,2026-09-11T07:54:15.210333+00:00,"{'reason': 'Terjadinya peningkatan harga kumulatif yang signifikan pada saham MDIA.JK, dalam rangka cooling down sebagai bentuk perlindungan bagi investor', 'symbol': 'MDIA.JK', 'pdf_url': 'https://www.idx.co.id/Portals/0/StaticData/NewsAndAnnouncement/ANNOUNCEMENTSTOCK/Exchange/2026/APR/20260422-WAS_Suspensi_MDIA.pdf', 'suspension_date': '2026-04-23'}"
BAPA.JK,2026-04-21,"Terjadinya peningkatan harga kumulatif yang signifikan pada saham BAPA.JK, dalam rangka cooling down sebagai bentuk perlindungan bagi investor",https://www.idx.co.id/Portals/0/StaticData/NewsAndAnnouncement/ANNOUNCEMENTSTOCK/Exchange/2026/APR/20260420-WAS_Suspensi_BAPA.pdf,2026-09-11T07:54:15.210333+00:00,"{'reason': 'Terjadinya peningkatan harga kumulatif yang signifikan pada saham BAPA.JK, dalam rangka cooling down sebagai bentuk perlindungan bagi investor', 'symbol': 'BAPA.JK', 'pdf_url': 'https://www.idx.co.id/Portals/0/StaticData/NewsAndAnnouncement/ANNOUNCEMENTSTOCK/Exchange/2026/APR/20260420-WAS_Suspensi_BAPA.pdf', 'suspension_date': '2026-04-21'}"
EURO.JK,2026-04-15,Terjadinya peningkatan harga kumulatif yang signifikan pada saham EURO.JK,https://www.idx.co.id/Portals/0/StaticData/NewsAndAnnouncement/ANNOUNCEMENTSTOCK/Exchange/2026/APR/20260414-WAS_Suspensi_EURO.pdf,2026-09-11T07:54:15.210333+00:00,"{'reason': 'Terjadinya peningkatan harga kumulatif yang signifikan pada saham EURO.JK', 'symbol': 'EURO.JK', 'pdf_url': 'https://www.idx.co.id/Portals/0/StaticData/NewsAndAnnouncement/ANNOUNCEMENTSTOCK/Exchange/2026/APR/20260414-WAS_Suspensi_EURO.pdf', 'suspension_date': '2026-04-15'}"
ZINC.JK,2026-04-10,Efek Perseroan telah berada dalam papan pemantauan khusus selama lebih dari 1 (satu) tahun berturut-turut,https://www.idx.co.id/StaticData/NewsAndAnnouncement/ANNOUNCEMENTSTOCK/From_EREP/202604/d3fcfc98ac_246a91a636.pdf,2026-09-11T07:54:15.210333+00:00,"{'reason': 'Efek Perseroan telah berada dalam papan pemantauan khusus selama lebih dari 1 (satu) tahun berturut-turut', 'symbol': 'ZINC.JK', 'pdf_url': 'https://www.idx.co.id/StaticData/NewsAndAnnouncement/ANNOUNCEMENTSTOCK/From_EREP/202604/d3fcfc98ac_246a91a636.pdf', 'suspension_date': '2026-04-10'}"
BIMA.JK,2026-04-09,Efek Perseroan telah berada dalam papan pemantauan khusus selama lebih dari 1 (satu) tahun berturut-turut,https://www.idx.co.id/StaticData/NewsAndAnnouncement/ANNOUNCEMENTSTOCK/From_EREP/202604/7c9d651cfd_9b37875532.pdf,2026-09-11T07:54:15.210333+00:00,"{'reason': 'Efek Perseroan telah berada dalam papan pemantauan khusus selama lebih dari 1 (satu) tahun berturut-turut', 'symbol': 'BIMA.JK', 'pdf_url': 'https://www.idx.co.id/StaticData/NewsAndAnnouncement/ANNOUNCEMENTSTOCK/From_EREP/202604/7c9d651cfd_9b37875532.pdf', 'suspension_date': '2026-04-09'}"
POLY.JK,2026-04-09,Efek Perseroan telah berada dalam papan pemantauan khusus selama lebih dari 1 (satu) tahun berturut-turut,https://www.idx.co.id/StaticData/NewsAndAnnouncement/ANNOUNCEMENTSTOCK/From_EREP/202604/4f3f1fa3c9_a65c7df4dc.pdf,2026-09-11T07:54:15.210333+00:00,"{'reason': 'Efek Perseroan telah berada dalam papan pemantauan khusus selama lebih dari 1 (satu) tahun berturut-turut', 'symbol': 'POLY.JK', 'pdf_url': 'https://www.idx.co.id/StaticData/NewsAndAnnouncement/ANNOUNCEMENTSTOCK/From_EREP/202604/4f3f1fa3c9_a65c7df4dc.pdf', 'suspension_date': '2026-04-09'}"
YPAS.JK,2026-04-09,Terjadinya peningkatan harga kumulatif yang signifikan pada saham YPAS.JK,https://www.idx.co.id/Portals/0/StaticData/NewsAndAnnouncement/ANNOUNCEMENTSTOCK/Exchange/2026/APR/20260408-WAS_Suspensi_YPAS.pdf,2026-09-11T07:54:15.210333+00:00,"{'reason': 'Terjadinya peningkatan harga kumulatif yang signifikan pada saham YPAS.JK', 'symbol': 'YPAS.JK', 'pdf_url': 'https://www.idx.co.id/Portals/0/StaticData/NewsAndAnnouncement/ANNOUNCEMENTSTOCK/Exchange/2026/APR/20260408-WAS_Suspensi_YPAS.pdf', 'suspension_date': '2026-04-09'}"
UDNG.JK,2026-04-07,Terjadinya penurunan harga kumulatif yang signifikan pada saham UDNG.JK,https://www.idx.co.id/Portals/0/StaticData/NewsAndAnnouncement/ANNOUNCEMENTSTOCK/Exchange/2026/APR/20260406-WAS_Suspensi_UDNG.pdf,2026-09-11T07:54:15.210333+00:00,"{'reason': 'Terjadinya penurunan harga kumulatif yang signifikan pada saham UDNG.JK', 'symbol': 'UDNG.JK', 'pdf_url': 'https://www.idx.co.id/Portals/0/StaticData/NewsAndAnnouncement/ANNOUNCEMENTSTOCK/Exchange/2026/APR/20260406-WAS_Suspensi_UDNG.pdf', 'suspension_date': '2026-04-07'}"
YPAS.JK,2026-04-07,"Terjadinya peningkatan harga kumulatif yang signifikan pada saham YPAS.JK, dalam rangka cooling down sebagai bentuk perlindungan bagi investor",https://www.idx.co.id/Portals/0/StaticData/NewsAndAnnouncement/ANNOUNCEMENTSTOCK/Exchange/2026/APR/20260406-WAS_Suspensi_YPAS.pdf,2026-09-11T07:54:15.210333+00:00,"{'reason': 'Terjadinya peningkatan harga kumulatif yang signifikan pada saham YPAS.JK, dalam rangka cooling down sebagai bentuk perlindungan bagi investor', 'symbol': 'YPAS.JK', 'pdf_url': 'https://www.idx.co.id/Portals/0/StaticData/NewsAndAnnouncement/ANNOUNCEMENTSTOCK/Exchange/2026/APR/20260406-WAS_Suspensi_YPAS.pdf', 'suspension_date': '2026-04-07'}"
ASPR.JK,2026-04-01,"Terjadinya peningkatan harga kumulatif yang signifikan pada saham ASPR.JK, dalam rangka cooling down sebagai bentuk perlindungan bagi investor",https://www.idx.co.id/Portals/0/StaticData/NewsAndAnnouncement/ANNOUNCEMENTSTOCK/Exchange/2026/MAR/20260331-WAS_Suspensi_ASPR.pdf,2026-09-11T07:54:15.210333+00:00,"{'reason': 'Terjadinya peningkatan harga kumulatif yang signifikan pada saham ASPR.JK, dalam rangka cooling down sebagai bentuk perlindungan bagi investor', 'symbol': 'ASPR.JK', 'pdf_url': 'https://www.idx.co.id/Portals/0/StaticData/NewsAndAnnouncement/ANNOUNCEMENTSTOCK/Exchange/2026/MAR/20260331-WAS_Suspensi_ASPR.pdf', 'suspension_date': '2026-04-01'}"
FITT.JK,2026-03-31,Dalam rangka cooling down sebagai bentuk perlindungan bagi investor,https://www.idx.co.id/Portals/0/StaticData/NewsAndAnnouncement/ANNOUNCEMENTSTOCK/Exchange/2026/MAR/20260330-WAS_Suspensi_FITT.pdf,2026-09-11T07:54:15.210333+00:00,"{'reason': 'Dalam rangka cooling down sebagai bentuk perlindungan bagi investor', 'symbol': 'FITT.JK', 'pdf_url': 'https://www.idx.co.id/Portals/0/StaticData/NewsAndAnnouncement/ANNOUNCEMENTSTOCK/Exchange/2026/MAR/20260330-WAS_Suspensi_FITT.pdf', 'suspension_date': '2026-03-31'}"
MLPT.JK,2026-03-27,Dalam rangka cooling down sebagai bentuk perlindungan bagi investor,https://www.idx.co.id/Portals/0/StaticData/NewsAndAnnouncement/ANNOUNCEMENTSTOCK/Exchange/2026/MAR/20260326-WAS_Suspensi_MLPT.pdf,2026-09-11T07:54:15.210333+00:00,"{'reason': 'Dalam rangka cooling down sebagai bentuk perlindungan bagi investor', 'symbol': 'MLPT.JK', 'pdf_url': 'https://www.idx.co.id/Portals/0/StaticData/NewsAndAnnouncement/ANNOUNCEMENTSTOCK/Exchange/2026/MAR/20260326-WAS_Suspensi_MLPT.pdf', 'suspension_date': '2026-03-27'}"
SSTM.JK,2026-03-17,Dalam rangka cooling down sebagai bentuk perlindungan bagi investor,https://www.idx.co.id/Portals/0/StaticData/NewsAndAnnouncement/ANNOUNCEMENTSTOCK/Exchange/2026/MAR/20260316-WAS_Suspensi_SSTM.pdf,2026-09-11T07:54:15.210333+00:00,"{'reason': 'Dalam rangka cooling down sebagai bentuk perlindungan bagi investor', 'symbol': 'SSTM.JK', 'pdf_url': 'https://www.idx.co.id/Portals/0/StaticData/NewsAndAnnouncement/ANNOUNCEMENTSTOCK/Exchange/2026/MAR/20260316-WAS_Suspensi_SSTM.pdf', 'suspension_date': '2026-03-17'}"
ALKA.JK,2026-03-13,"Terjadinya peningkatan harga kumulatif yang signifikan pada saham ALKA.JK, dalam rangka cooling down sebagai bentuk perlindungan bagi investor",https://www.idx.co.id/Portals/0/StaticData/NewsAndAnnouncement/ANNOUNCEMENTSTOCK/Exchange/2026/MAR/20260312-WAS_Suspensi_ALKA.pdf,2026-09-11T07:54:15.210333+00:00,"{'reason': 'Terjadinya peningkatan harga kumulatif yang signifikan pada saham ALKA.JK, dalam rangka cooling down sebagai bentuk perlindungan bagi investor', 'symbol': 'ALKA.JK', 'pdf_url': 'https://www.idx.co.id/Portals/0/StaticData/NewsAndAnnouncement/ANNOUNCEMENTSTOCK/Exchange/2026/MAR/20260312-WAS_Suspensi_ALKA.pdf', 'suspension_date': '2026-03-13'}"
AGII.JK,2026-03-05,Terjadinya peningkatan harga kumulatif yang signifikan pada saham AGII.JK,https://www.idx.co.id/Portals/0/StaticData/NewsAndAnnouncement/ANNOUNCEMENTSTOCK/Exchange/2026/MAR/20260304-WAS_Suspensi_AGII.pdf,2026-09-11T07:54:15.210333+00:00,"{'reason': 'Terjadinya peningkatan harga kumulatif yang signifikan pada saham AGII.JK', 'symbol': 'AGII.JK', 'pdf_url': 'https://www.idx.co.id/Portals/0/StaticData/NewsAndAnnouncement/ANNOUNCEMENTSTOCK/Exchange/2026/MAR/20260304-WAS_Suspensi_AGII.pdf', 'suspension_date': '2026-03-05'}"
IFSH.JK,2026-03-05,Terjadinya peningkatan harga kumulatif yang signifikan pada saham IFSH.JK,https://www.idx.co.id/Portals/0/StaticData/NewsAndAnnouncement/ANNOUNCEMENTSTOCK/Exchange/2026/MAR/20260304-WAS_Suspensi_IFSH.pdf,2026-09-11T07:54:15.210333+00:00,"{'reason': 'Terjadinya peningkatan harga kumulatif yang signifikan pada saham IFSH.JK', 'symbol': 'IFSH.JK', 'pdf_url': 'https://www.idx.co.id/Portals/0/StaticData/NewsAndAnnouncement/ANNOUNCEMENTSTOCK/Exchange/2026/MAR/20260304-WAS_Suspensi_IFSH.pdf', 'suspension_date': '2026-03-05'}"
TAMA.JK,2026-03-05,Terjadinya peningkatan harga kumulatif yang signifikan pada saham TAMA.JK,https://www.idx.co.id/Portals/0/StaticData/NewsAndAnnouncement/ANNOUNCEMENTSTOCK/Exchange/2026/MAR/20260304-WAS_Suspensi_TAMA.pdf,2026-09-11T07:54:15.210333+00:00,"{'reason': 'Terjadinya peningkatan harga kumulatif yang signifikan pada saham TAMA.JK', 'symbol': 'TAMA.JK', 'pdf_url': 'https://www.idx.co.id/Portals/0/StaticData/NewsAndAnnouncement/ANNOUNCEMENTSTOCK/Exchange/2026/MAR/20260304-WAS_Suspensi_TAMA.pdf', 'suspension_date': '2026-03-05'}"
PURE.JK,2022-08-01,Suspend more than 6 month,https://www.idx.co.id/StaticData/NewsAndAnnouncement/ANNOUNCEMENTSTOCK/From_EREP/202510/fed47be7bc_96225a718f.pdf,2026-09-11T07:54:15.831245+00:00,"{'reason': 'Suspend more than 6 month', 'symbol': 'PURE.JK', 'pdf_url': 'https://www.idx.co.id/StaticData/NewsAndAnnouncement/ANNOUNCEMENTSTOCK/From_EREP/202510/fed47be7bc_96225a718f.pdf', 'suspension_date': '2022-08-01'}"
TAMA.JK,2026-03-03,"Terjadinya peningkatan harga kumulatif yang signifikan pada saham TAMA.JK, dalam rangka cooling down sebagai bentuk perlindungan bagi investor",https://www.idx.co.id/Portals/0/StaticData/NewsAndAnnouncement/ANNOUNCEMENTSTOCK/Exchange/2026/MAR/20260302-WAS_Suspensi_TAMA.pdf,2026-09-11T07:54:15.210333+00:00,"{'reason': 'Terjadinya peningkatan harga kumulatif yang signifikan pada saham TAMA.JK, dalam rangka cooling down sebagai bentuk perlindungan bagi investor', 'symbol': 'TAMA.JK', 'pdf_url': 'https://www.idx.co.id/Portals/0/StaticData/NewsAndAnnouncement/ANNOUNCEMENTSTOCK/Exchange/2026/MAR/20260302-WAS_Suspensi_TAMA.pdf', 'suspension_date': '2026-03-03'}"
HILL.JK,2026-02-20,Dalam rangka cooling down sebagai bentuk perlindungan bagi investor,https://www.idx.co.id/Portals/0/StaticData/NewsAndAnnouncement/ANNOUNCEMENTSTOCK/Exchange/2026/FEB/20260219-WAS_Suspensi_HILL.pdf,2026-09-11T07:54:15.210333+00:00,"{'reason': 'Dalam rangka cooling down sebagai bentuk perlindungan bagi investor', 'symbol': 'HILL.JK', 'pdf_url': 'https://www.idx.co.id/Portals/0/StaticData/NewsAndAnnouncement/ANNOUNCEMENTSTOCK/Exchange/2026/FEB/20260219-WAS_Suspensi_HILL.pdf', 'suspension_date': '2026-02-20'}"
LUCY.JK,2026-02-20,Terjadinya peningkatan harga kumulatif yang signifikan pada saham LUCY.JK,https://www.idx.co.id/Portals/0/StaticData/NewsAndAnnouncement/ANNOUNCEMENTSTOCK/Exchange/2026/FEB/20260219-WAS_Suspensi_LUCY.pdf,2026-09-11T07:54:15.210333+00:00,"{'reason': 'Terjadinya peningkatan harga kumulatif yang signifikan pada saham LUCY.JK', 'symbol': 'LUCY.JK', 'pdf_url': 'https://www.idx.co.id/Portals/0/StaticData/NewsAndAnnouncement/ANNOUNCEMENTSTOCK/Exchange/2026/FEB/20260219-WAS_Suspensi_LUCY.pdf', 'suspension_date': '2026-02-20'}"
EURO.JK,2026-02-11,Terjadinya peningkatan harga kumulatif yang signifikan pada saham EURO.JK,https://www.idx.co.id/Portals/0/StaticData/NewsAndAnnouncement/ANNOUNCEMENTSTOCK/Exchange/2026/FEB/20260210-WAS_Suspensi_EURO.pdf,2026-09-11T07:54:15.210333+00:00,"{'reason': 'Terjadinya peningkatan harga kumulatif yang signifikan pada saham EURO.JK', 'symbol': 'EURO.JK', 'pdf_url': 'https://www.idx.co.id/Portals/0/StaticData/NewsAndAnnouncement/ANNOUNCEMENTSTOCK/Exchange/2026/FEB/20260210-WAS_Suspensi_EURO.pdf', 'suspension_date': '2026-02-11'}"
NZIA.JK,2026-02-11,Terjadinya peningkatan harga kumulatif yang signifikan pada saham NZIA.JK,https://www.idx.co.id/Portals/0/StaticData/NewsAndAnnouncement/ANNOUNCEMENTSTOCK/Exchange/2026/FEB/20260210-WAS_Suspensi_NZIA.pdf,2026-09-11T07:54:15.210333+00:00,"{'reason': 'Terjadinya peningkatan harga kumulatif yang signifikan pada saham NZIA.JK', 'symbol': 'NZIA.JK', 'pdf_url': 'https://www.idx.co.id/Portals/0/StaticData/NewsAndAnnouncement/ANNOUNCEMENTSTOCK/Exchange/2026/FEB/20260210-WAS_Suspensi_NZIA.pdf', 'suspension_date': '2026-02-11'}"
LION.JK,2026-02-10,"Terjadinya peningkatan harga kumulatif yang signifikan pada saham LION.JK, dalam rangka cooling down sebagai bentuk perlindungan bagi investor",https://www.idx.co.id/Portals/0/StaticData/NewsAndAnnouncement/ANNOUNCEMENTSTOCK/Exchange/2026/FEB/20260209-WAS_Suspensi_LION.pdf,2026-09-11T07:54:15.210333+00:00,"{'reason': 'Terjadinya peningkatan harga kumulatif yang signifikan pada saham LION.JK, dalam rangka cooling down sebagai bentuk perlindungan bagi investor', 'symbol': 'LION.JK', 'pdf_url': 'https://www.idx.co.id/Portals/0/StaticData/NewsAndAnnouncement/ANNOUNCEMENTSTOCK/Exchange/2026/FEB/20260209-WAS_Suspensi_LION.pdf', 'suspension_date': '2026-02-10'}"
STAR.JK,2026-01-29,Terjadinya peningkatan harga kumulatif yang signifikan pada saham STAR.JK,https://www.idx.co.id/Portals/0/StaticData/NewsAndAnnouncement/ANNOUNCEMENTSTOCK/Exchange/2026/JAN/20260128-WAS_Suspensi_STAR.pdf,2026-09-11T07:54:15.210333+00:00,"{'reason': 'Terjadinya peningkatan harga kumulatif yang signifikan pada saham STAR.JK', 'symbol': 'STAR.JK', 'pdf_url': 'https://www.idx.co.id/Portals/0/StaticData/NewsAndAnnouncement/ANNOUNCEMENTSTOCK/Exchange/2026/JAN/20260128-WAS_Suspensi_STAR.pdf', 'suspension_date': '2026-01-29'}"
INAI.JK,2026-01-28,"Terjadinya peningkatan harga kumulatif yang signifikan pada saham INAI.JK, dalam rangka cooling down sebagai bentuk perlindungan bagi investor",https://www.idx.co.id/Portals/0/StaticData/NewsAndAnnouncement/ANNOUNCEMENTSTOCK/Exchange/2026/JAN/20260127-WAS_Suspensi_INAI.pdf,2026-09-11T07:54:15.210333+00:00,"{'reason': 'Terjadinya peningkatan harga kumulatif yang signifikan pada saham INAI.JK, dalam rangka cooling down sebagai bentuk perlindungan bagi investor', 'symbol': 'INAI.JK', 'pdf_url': 'https://www.idx.co.id/Portals/0/StaticData/NewsAndAnnouncement/ANNOUNCEMENTSTOCK/Exchange/2026/JAN/20260127-WAS_Suspensi_INAI.pdf', 'suspension_date': '2026-01-28'}"
LMPI.JK,2026-01-28,"Terjadinya peningkatan harga kumulatif yang signifikan pada saham LMPI.JK, dalam rangka cooling down sebagai bentuk perlindungan bagi investor",https://www.idx.co.id/Portals/0/StaticData/NewsAndAnnouncement/ANNOUNCEMENTSTOCK/Exchange/2026/JAN/20260127-WAS_Suspensi_LMPI.pdf,2026-09-11T07:54:15.210333+00:00,"{'reason': 'Terjadinya peningkatan harga kumulatif yang signifikan pada saham LMPI.JK, dalam rangka cooling down sebagai bentuk perlindungan bagi investor', 'symbol': 'LMPI.JK', 'pdf_url': 'https://www.idx.co.id/Portals/0/StaticData/NewsAndAnnouncement/ANNOUNCEMENTSTOCK/Exchange/2026/JAN/20260127-WAS_Suspensi_LMPI.pdf', 'suspension_date': '2026-01-28'}"
PLAN.JK,2026-01-28,"Terjadinya peningkatan harga kumulatif yang signifikan pada saham PLAN.JK, dalam rangka cooling down sebagai bentuk perlindungan bagi investor",https://www.idx.co.id/Portals/0/StaticData/NewsAndAnnouncement/ANNOUNCEMENTSTOCK/Exchange/2026/JAN/20260127-WAS_Suspensi_PLAN.pdf,2026-09-11T07:54:15.210333+00:00,"{'reason': 'Terjadinya peningkatan harga kumulatif yang signifikan pada saham PLAN.JK, dalam rangka cooling down sebagai bentuk perlindungan bagi investor', 'symbol': 'PLAN.JK', 'pdf_url': 'https://www.idx.co.id/Portals/0/StaticData/NewsAndAnnouncement/ANNOUNCEMENTSTOCK/Exchange/2026/JAN/20260127-WAS_Suspensi_PLAN.pdf', 'suspension_date': '2026-01-28'}"
BLUE.JK,2026-01-27,"Terjadinya peningkatan harga kumulatif yang signifikan pada saham BLUE.JK, dalam rangka cooling down sebagai bentuk perlindungan bagi investor",https://www.idx.co.id/Portals/0/StaticData/NewsAndAnnouncement/ANNOUNCEMENTSTOCK/Exchange/2026/JAN/20260126-WAS_Suspensi_BLUE.pdf,2026-09-11T07:54:15.210333+00:00,"{'reason': 'Terjadinya peningkatan harga kumulatif yang signifikan pada saham BLUE.JK, dalam rangka cooling down sebagai bentuk perlindungan bagi investor', 'symbol': 'BLUE.JK', 'pdf_url': 'https://www.idx.co.id/Portals/0/StaticData/NewsAndAnnouncement/ANNOUNCEMENTSTOCK/Exchange/2026/JAN/20260126-WAS_Suspensi_BLUE.pdf', 'suspension_date': '2026-01-27'}"
ENZO.JK,2026-01-27,Terjadinya peningkatan harga kumulatif yang signifikan pada saham ENZO.JK,https://www.idx.co.id/Portals/0/StaticData/NewsAndAnnouncement/ANNOUNCEMENTSTOCK/Exchange/2026/JAN/20260126-WAS_Suspensi_ENZO.pdf,2026-09-11T07:54:15.210333+00:00,"{'reason': 'Terjadinya peningkatan harga kumulatif yang signifikan pada saham ENZO.JK', 'symbol': 'ENZO.JK', 'pdf_url': 'https://www.idx.co.id/Portals/0/StaticData/NewsAndAnnouncement/ANNOUNCEMENTSTOCK/Exchange/2026/JAN/20260126-WAS_Suspensi_ENZO.pdf', 'suspension_date': '2026-01-27'}"
MAGP.JK,2022-07-18,Suspend more than 6 month,https://www.idx.co.id/StaticData/NewsAndAnnouncement/ANNOUNCEMENTSTOCK/From_EREP/202607/586766373f_ecd4b0e40f.pdf,2026-09-11T07:54:15.831245+00:00,"{'reason': 'Suspend more than 6 month', 'symbol': 'MAGP.JK', 'pdf_url': 'https://www.idx.co.id/StaticData/NewsAndAnnouncement/ANNOUNCEMENTSTOCK/From_EREP/202607/586766373f_ecd4b0e40f.pdf', 'suspension_date': '2022-07-18'}"
AIMS.JK,2026-01-23,"Terjadinya peningkatan harga kumulatif yang signifikan pada saham AIMS.JK, dalam rangka cooling down sebagai bentuk perlindungan bagi investor",https://www.idx.co.id/Portals/0/StaticData/NewsAndAnnouncement/ANNOUNCEMENTSTOCK/Exchange/2026/JAN/20260122-WAS_Suspensi_AIMS.pdf,2026-09-11T07:54:15.210333+00:00,"{'reason': 'Terjadinya peningkatan harga kumulatif yang signifikan pada saham AIMS.JK, dalam rangka cooling down sebagai bentuk perlindungan bagi investor', 'symbol': 'AIMS.JK', 'pdf_url': 'https://www.idx.co.id/Portals/0/StaticData/NewsAndAnnouncement/ANNOUNCEMENTSTOCK/Exchange/2026/JAN/20260122-WAS_Suspensi_AIMS.pdf', 'suspension_date': '2026-01-23'}"
IBOS.JK,2026-01-23,Terjadinya peningkatan harga kumulatif yang signifikan pada saham IBOS.JK,https://www.idx.co.id/Portals/0/StaticData/NewsAndAnnouncement/ANNOUNCEMENTSTOCK/Exchange/2026/JAN/20260122-WAS_Suspensi_IBOS.pdf,2026-09-11T07:54:15.210333+00:00,"{'reason': 'Terjadinya peningkatan harga kumulatif yang signifikan pada saham IBOS.JK', 'symbol': 'IBOS.JK', 'pdf_url': 'https://www.idx.co.id/Portals/0/StaticData/NewsAndAnnouncement/ANNOUNCEMENTSTOCK/Exchange/2026/JAN/20260122-WAS_Suspensi_IBOS.pdf', 'suspension_date': '2026-01-23'}"
NATO.JK,2026-01-23,Terjadinya peningkatan harga kumulatif yang signifikan pada saham NATO.JK,https://www.idx.co.id/Portals/0/StaticData/NewsAndAnnouncement/ANNOUNCEMENTSTOCK/Exchange/2026/JAN/20260122-WAS_Suspensi_NATO.pdf,2026-09-11T07:54:15.210333+00:00,"{'reason': 'Terjadinya peningkatan harga kumulatif yang signifikan pada saham NATO.JK', 'symbol': 'NATO.JK', 'pdf_url': 'https://www.idx.co.id/Portals/0/StaticData/NewsAndAnnouncement/ANNOUNCEMENTSTOCK/Exchange/2026/JAN/20260122-WAS_Suspensi_NATO.pdf', 'suspension_date': '2026-01-23'}"
TIRT.JK,2026-01-23,Terjadinya peningkatan harga kumulatif yang signifikan pada saham TIRT.JK,https://www.idx.co.id/Portals/0/StaticData/NewsAndAnnouncement/ANNOUNCEMENTSTOCK/Exchange/2026/JAN/20260122-WAS_Suspensi_TIRT.pdf,2026-09-11T07:54:15.210333+00:00,"{'reason': 'Terjadinya peningkatan harga kumulatif yang signifikan pada saham TIRT.JK', 'symbol': 'TIRT.JK', 'pdf_url': 'https://www.idx.co.id/Portals/0/StaticData/NewsAndAnnouncement/ANNOUNCEMENTSTOCK/Exchange/2026/JAN/20260122-WAS_Suspensi_TIRT.pdf', 'suspension_date': '2026-01-23'}"
VISI.JK,2026-01-23,Terjadinya peningkatan harga kumulatif yang signifikan pada saham VISI.JK,https://www.idx.co.id/Portals/0/StaticData/NewsAndAnnouncement/ANNOUNCEMENTSTOCK/Exchange/2026/JAN/20260122-WAS_Suspensi_VISI.pdf,2026-09-11T07:54:15.210333+00:00,"{'reason': 'Terjadinya peningkatan harga kumulatif yang signifikan pada saham VISI.JK', 'symbol': 'VISI.JK', 'pdf_url': 'https://www.idx.co.id/Portals/0/StaticData/NewsAndAnnouncement/ANNOUNCEMENTSTOCK/Exchange/2026/JAN/20260122-WAS_Suspensi_VISI.pdf', 'suspension_date': '2026-01-23'}"
BELL.JK,2026-01-22,Terjadinya peningkatan harga kumulatif yang signifikan pada saham BELL.JK,https://www.idx.co.id/Portals/0/StaticData/NewsAndAnnouncement/ANNOUNCEMENTSTOCK/Exchange/2026/JAN/20260121-WAS_Suspensi_BELL.pdf,2026-09-11T07:54:15.210333+00:00,"{'reason': 'Terjadinya peningkatan harga kumulatif yang signifikan pada saham BELL.JK', 'symbol': 'BELL.JK', 'pdf_url': 'https://www.idx.co.id/Portals/0/StaticData/NewsAndAnnouncement/ANNOUNCEMENTSTOCK/Exchange/2026/JAN/20260121-WAS_Suspensi_BELL.pdf', 'suspension_date': '2026-01-22'}"
ENZO.JK,2026-01-22,"Terjadinya peningkatan harga kumulatif yang signifikan pada saham ENZO.JK, dalam rangka cooling down sebagai bentuk perlindungan bagi investor",https://www.idx.co.id/Portals/0/StaticData/NewsAndAnnouncement/ANNOUNCEMENTSTOCK/Exchange/2026/JAN/20260121-WAS_Suspensi_ENZO.pdf,2026-09-11T07:54:15.210333+00:00,"{'reason': 'Terjadinya peningkatan harga kumulatif yang signifikan pada saham ENZO.JK, dalam rangka cooling down sebagai bentuk perlindungan bagi investor', 'symbol': 'ENZO.JK', 'pdf_url': 'https://www.idx.co.id/Portals/0/StaticData/NewsAndAnnouncement/ANNOUNCEMENTSTOCK/Exchange/2026/JAN/20260121-WAS_Suspensi_ENZO.pdf', 'suspension_date': '2026-01-22'}"
MKAP.JK,2026-01-22,Terjadinya peningkatan harga kumulatif yang signifikan pada saham MKAP.JK,https://www.idx.co.id/Portals/0/StaticData/NewsAndAnnouncement/ANNOUNCEMENTSTOCK/Exchange/2026/JAN/20260121-WAS_Suspensi_MKAP.pdf,2026-09-11T07:54:15.210333+00:00,"{'reason': 'Terjadinya peningkatan harga kumulatif yang signifikan pada saham MKAP.JK', 'symbol': 'MKAP.JK', 'pdf_url': 'https://www.idx.co.id/Portals/0/StaticData/NewsAndAnnouncement/ANNOUNCEMENTSTOCK/Exchange/2026/JAN/20260121-WAS_Suspensi_MKAP.pdf', 'suspension_date': '2026-01-22'}"
PBSA.JK,2026-01-22,"Terjadinya peningkatan harga kumulatif yang signifikan pada saham PBSA.JK, dalam rangka cooling down sebagai bentuk perlindungan bagi investor",https://www.idx.co.id/Portals/0/StaticData/NewsAndAnnouncement/ANNOUNCEMENTSTOCK/Exchange/2026/JAN/20260121-WAS_Suspensi_PBSA.pdf,2026-09-11T07:54:15.210333+00:00,"{'reason': 'Terjadinya peningkatan harga kumulatif yang signifikan pada saham PBSA.JK, dalam rangka cooling down sebagai bentuk perlindungan bagi investor', 'symbol': 'PBSA.JK', 'pdf_url': 'https://www.idx.co.id/Portals/0/StaticData/NewsAndAnnouncement/ANNOUNCEMENTSTOCK/Exchange/2026/JAN/20260121-WAS_Suspensi_PBSA.pdf', 'suspension_date': '2026-01-22'}"
ZBRA.JK,2026-01-22,Sehubungan dengan adanya ketidakpastian atas kelangsungan usaha,https://www.idx.co.id/StaticData/NewsAndAnnouncement/ANNOUNCEMENTSTOCK/From_EREP/202601/8b8e87bbe4_db34dc4ea4.pdf,2026-09-11T07:54:15.210333+00:00,"{'reason': 'Sehubungan dengan adanya ketidakpastian atas kelangsungan usaha', 'symbol': 'ZBRA.JK', 'pdf_url': 'https://www.idx.co.id/StaticData/NewsAndAnnouncement/ANNOUNCEMENTSTOCK/From_EREP/202601/8b8e87bbe4_db34dc4ea4.pdf', 'suspension_date': '2026-01-22'}"
BAIK.JK,2026-01-21,"Terjadinya peningkatan harga kumulatif yang signifikan pada saham BAIK.JK, dalam rangka cooling down sebagai bentuk perlindungan bagi investor",https://www.idx.co.id/Portals/0/StaticData/NewsAndAnnouncement/ANNOUNCEMENTSTOCK/Exchange/2026/JAN/20260120-WAS_Suspensi_BAIK.pdf,2026-09-11T07:54:15.210333+00:00,"{'reason': 'Terjadinya peningkatan harga kumulatif yang signifikan pada saham BAIK.JK, dalam rangka cooling down sebagai bentuk perlindungan bagi investor', 'symbol': 'BAIK.JK', 'pdf_url': 'https://www.idx.co.id/Portals/0/StaticData/NewsAndAnnouncement/ANNOUNCEMENTSTOCK/Exchange/2026/JAN/20260120-WAS_Suspensi_BAIK.pdf', 'suspension_date': '2026-01-21'}"
HOPE.JK,2026-01-21,"Terjadinya peningkatan harga kumulatif yang signifikan pada saham HOPE.JK, dalam rangka cooling down sebagai bentuk perlindungan bagi investor",https://www.idx.co.id/Portals/0/StaticData/NewsAndAnnouncement/ANNOUNCEMENTSTOCK/Exchange/2026/JAN/20260120-WAS_Suspensi_HOPE.pdf,2026-09-11T07:54:15.210333+00:00,"{'reason': 'Terjadinya peningkatan harga kumulatif yang signifikan pada saham HOPE.JK, dalam rangka cooling down sebagai bentuk perlindungan bagi investor', 'symbol': 'HOPE.JK', 'pdf_url': 'https://www.idx.co.id/Portals/0/StaticData/NewsAndAnnouncement/ANNOUNCEMENTSTOCK/Exchange/2026/JAN/20260120-WAS_Suspensi_HOPE.pdf', 'suspension_date': '2026-01-21'}"
IBOS.JK,2026-01-21,"Terjadinya peningkatan harga kumulatif yang signifikan pada saham IBOS.JK, dalam rangka cooling down sebagai bentuk perlindungan bagi investor",https://www.idx.co.id/Portals/0/StaticData/NewsAndAnnouncement/ANNOUNCEMENTSTOCK/Exchange/2026/JAN/20260120-WAS_Suspensi_IBOS.pdf,2026-09-11T07:54:15.210333+00:00,"{'reason': 'Terjadinya peningkatan harga kumulatif yang signifikan pada saham IBOS.JK, dalam rangka cooling down sebagai bentuk perlindungan bagi investor', 'symbol': 'IBOS.JK', 'pdf_url': 'https://www.idx.co.id/Portals/0/StaticData/NewsAndAnnouncement/ANNOUNCEMENTSTOCK/Exchange/2026/JAN/20260120-WAS_Suspensi_IBOS.pdf', 'suspension_date': '2026-01-21'}"
INDS.JK,2026-01-21,Terjadinya peningkatan harga kumulatif yang signifikan pada saham INDS.JK,https://www.idx.co.id/Portals/0/StaticData/NewsAndAnnouncement/ANNOUNCEMENTSTOCK/Exchange/2026/JAN/20260120-WAS_Suspensi_INDS.pdf,2026-09-11T07:54:15.210333+00:00,"{'reason': 'Terjadinya peningkatan harga kumulatif yang signifikan pada saham INDS.JK', 'symbol': 'INDS.JK', 'pdf_url': 'https://www.idx.co.id/Portals/0/StaticData/NewsAndAnnouncement/ANNOUNCEMENTSTOCK/Exchange/2026/JAN/20260120-WAS_Suspensi_INDS.pdf', 'suspension_date': '2026-01-21'}"
MGNA.JK,2026-01-21,Terjadinya peningkatan harga kumulatif yang signifikan pada saham MGNA.JK,https://www.idx.co.id/Portals/0/StaticData/NewsAndAnnouncement/ANNOUNCEMENTSTOCK/Exchange/2026/JAN/20260120-WAS_Suspensi_MGNA.pdf,2026-09-11T07:54:15.210333+00:00,"{'reason': 'Terjadinya peningkatan harga kumulatif yang signifikan pada saham MGNA.JK', 'symbol': 'MGNA.JK', 'pdf_url': 'https://www.idx.co.id/Portals/0/StaticData/NewsAndAnnouncement/ANNOUNCEMENTSTOCK/Exchange/2026/JAN/20260120-WAS_Suspensi_MGNA.pdf', 'suspension_date': '2026-01-21'}"
RLCO.JK,2026-01-21,Terjadinya peningkatan harga kumulatif yang signifikan pada saham RLCO.JK,https://www.idx.co.id/Portals/0/StaticData/NewsAndAnnouncement/ANNOUNCEMENTSTOCK/Exchange/2026/JAN/20260120-WAS_Suspensi_RLCO.pdf,2026-09-11T07:54:15.210333+00:00,"{'reason': 'Terjadinya peningkatan harga kumulatif yang signifikan pada saham RLCO.JK', 'symbol': 'RLCO.JK', 'pdf_url': 'https://www.idx.co.id/Portals/0/StaticData/NewsAndAnnouncement/ANNOUNCEMENTSTOCK/Exchange/2026/JAN/20260120-WAS_Suspensi_RLCO.pdf', 'suspension_date': '2026-01-21'}"
VISI.JK,2026-01-21,"Terjadinya peningkatan harga kumulatif yang signifikan pada saham VISI.JK, dalam rangka cooling down sebagai bentuk perlindungan bagi investor",https://www.idx.co.id/Portals/0/StaticData/NewsAndAnnouncement/ANNOUNCEMENTSTOCK/Exchange/2026/JAN/20260120-WAS_Suspensi_VISI.pdf,2026-09-11T07:54:15.210333+00:00,"{'reason': 'Terjadinya peningkatan harga kumulatif yang signifikan pada saham VISI.JK, dalam rangka cooling down sebagai bentuk perlindungan bagi investor', 'symbol': 'VISI.JK', 'pdf_url': 'https://www.idx.co.id/Portals/0/StaticData/NewsAndAnnouncement/ANNOUNCEMENTSTOCK/Exchange/2026/JAN/20260120-WAS_Suspensi_VISI.pdf', 'suspension_date': '2026-01-21'}"
ZATA.JK,2026-01-21,"Terjadinya peningkatan harga kumulatif yang signifikan pada saham ZATA.JK, dalam rangka cooling down sebagai bentuk perlindungan bagi investor",https://www.idx.co.id/Portals/0/StaticData/NewsAndAnnouncement/ANNOUNCEMENTSTOCK/Exchange/2026/JAN/20260120-WAS_Suspensi_ZATA.pdf,2026-09-11T07:54:15.210333+00:00,"{'reason': 'Terjadinya peningkatan harga kumulatif yang signifikan pada saham ZATA.JK, dalam rangka cooling down sebagai bentuk perlindungan bagi investor', 'symbol': 'ZATA.JK', 'pdf_url': 'https://www.idx.co.id/Portals/0/StaticData/NewsAndAnnouncement/ANNOUNCEMENTSTOCK/Exchange/2026/JAN/20260120-WAS_Suspensi_ZATA.pdf', 'suspension_date': '2026-01-21'}"
BELL.JK,2026-01-20,"Terjadinya peningkatan harga kumulatif yang signifikan pada saham BELL.JK, dalam rangka cooling down sebagai bentuk perlindungan bagi investor",https://www.idx.co.id/Portals/0/StaticData/NewsAndAnnouncement/ANNOUNCEMENTSTOCK/Exchange/2026/JAN/20260119-WAS_Suspensi_BELL.pdf,2026-09-11T07:54:15.210333+00:00,"{'reason': 'Terjadinya peningkatan harga kumulatif yang signifikan pada saham BELL.JK, dalam rangka cooling down sebagai bentuk perlindungan bagi investor', 'symbol': 'BELL.JK', 'pdf_url': 'https://www.idx.co.id/Portals/0/StaticData/NewsAndAnnouncement/ANNOUNCEMENTSTOCK/Exchange/2026/JAN/20260119-WAS_Suspensi_BELL.pdf', 'suspension_date': '2026-01-20'}"
BNBA.JK,2026-01-20,"Terjadinya peningkatan harga kumulatif yang signifikan pada saham BNBA.JK, dalam rangka cooling down sebagai bentuk perlindungan bagi investor",https://www.idx.co.id/Portals/0/StaticData/NewsAndAnnouncement/ANNOUNCEMENTSTOCK/Exchange/2026/JAN/20260119-WAS_Suspensi_BNBA.pdf,2026-09-11T07:54:15.210333+00:00,"{'reason': 'Terjadinya peningkatan harga kumulatif yang signifikan pada saham BNBA.JK, dalam rangka cooling down sebagai bentuk perlindungan bagi investor', 'symbol': 'BNBA.JK', 'pdf_url': 'https://www.idx.co.id/Portals/0/StaticData/NewsAndAnnouncement/ANNOUNCEMENTSTOCK/Exchange/2026/JAN/20260119-WAS_Suspensi_BNBA.pdf', 'suspension_date': '2026-01-20'}"
EURO.JK,2026-01-20,"Terjadinya peningkatan harga kumulatif yang signifikan pada saham EURO.JK, dalam rangka cooling down sebagai bentuk perlindungan bagi investor",https://www.idx.co.id/Portals/0/StaticData/NewsAndAnnouncement/ANNOUNCEMENTSTOCK/Exchange/2026/JAN/20260119-WAS_Suspensi_EURO.pdf,2026-09-11T07:54:15.210333+00:00,"{'reason': 'Terjadinya peningkatan harga kumulatif yang signifikan pada saham EURO.JK, dalam rangka cooling down sebagai bentuk perlindungan bagi investor', 'symbol': 'EURO.JK', 'pdf_url': 'https://www.idx.co.id/Portals/0/StaticData/NewsAndAnnouncement/ANNOUNCEMENTSTOCK/Exchange/2026/JAN/20260119-WAS_Suspensi_EURO.pdf', 'suspension_date': '2026-01-20'}"
OASA.JK,2026-01-20,"Terjadinya peningkatan harga kumulatif yang signifikan pada saham OASA.JK, dalam rangka cooling down sebagai bentuk perlindungan bagi investor",https://www.idx.co.id/Portals/0/StaticData/NewsAndAnnouncement/ANNOUNCEMENTSTOCK/Exchange/2026/JAN/20260119-WAS_Suspensi_OASA.pdf,2026-09-11T07:54:15.210333+00:00,"{'reason': 'Terjadinya peningkatan harga kumulatif yang signifikan pada saham OASA.JK, dalam rangka cooling down sebagai bentuk perlindungan bagi investor', 'symbol': 'OASA.JK', 'pdf_url': 'https://www.idx.co.id/Portals/0/StaticData/NewsAndAnnouncement/ANNOUNCEMENTSTOCK/Exchange/2026/JAN/20260119-WAS_Suspensi_OASA.pdf', 'suspension_date': '2026-01-20'}"
ROCK.JK,2026-01-20,Terjadinya peningkatan harga kumulatif yang signifikan pada saham ROCK.JK,https://www.idx.co.id/Portals/0/StaticData/NewsAndAnnouncement/ANNOUNCEMENTSTOCK/Exchange/2026/JAN/20260119-WAS_Suspensi_ROCK.pdf,2026-09-11T07:54:15.210333+00:00,"{'reason': 'Terjadinya peningkatan harga kumulatif yang signifikan pada saham ROCK.JK', 'symbol': 'ROCK.JK', 'pdf_url': 'https://www.idx.co.id/Portals/0/StaticData/NewsAndAnnouncement/ANNOUNCEMENTSTOCK/Exchange/2026/JAN/20260119-WAS_Suspensi_ROCK.pdf', 'suspension_date': '2026-01-20'}"
SINI.JK,2026-01-20,Terjadinya peningkatan harga kumulatif yang signifikan pada saham SINI.JK,https://www.idx.co.id/Portals/0/StaticData/NewsAndAnnouncement/ANNOUNCEMENTSTOCK/Exchange/2026/JAN/20260119-WAS_Suspensi_SINI.pdf,2026-09-11T07:54:15.210333+00:00,"{'reason': 'Terjadinya peningkatan harga kumulatif yang signifikan pada saham SINI.JK', 'symbol': 'SINI.JK', 'pdf_url': 'https://www.idx.co.id/Portals/0/StaticData/NewsAndAnnouncement/ANNOUNCEMENTSTOCK/Exchange/2026/JAN/20260119-WAS_Suspensi_SINI.pdf', 'suspension_date': '2026-01-20'}"
SPRE.JK,2026-01-20,Terjadinya peningkatan harga kumulatif yang signifikan pada saham SPRE.JK,https://www.idx.co.id/Portals/0/StaticData/NewsAndAnnouncement/ANNOUNCEMENTSTOCK/Exchange/2026/JAN/20260119-WAS_Suspensi_SPRE.pdf,2026-09-11T07:54:15.210333+00:00,"{'reason': 'Terjadinya peningkatan harga kumulatif yang signifikan pada saham SPRE.JK', 'symbol': 'SPRE.JK', 'pdf_url': 'https://www.idx.co.id/Portals/0/StaticData/NewsAndAnnouncement/ANNOUNCEMENTSTOCK/Exchange/2026/JAN/20260119-WAS_Suspensi_SPRE.pdf', 'suspension_date': '2026-01-20'}"
INDS.JK,2026-01-15,"Terjadinya peningkatan harga kumulatif yang signifikan pada saham INDS.JK, dalam rangka cooling down sebagai bentuk perlindungan bagi investor",https://www.idx.co.id/Portals/0/StaticData/NewsAndAnnouncement/ANNOUNCEMENTSTOCK/Exchange/2026/JAN/20260114-WAS_Suspensi_INDS.pdf,2026-09-11T07:54:15.210333+00:00,"{'reason': 'Terjadinya peningkatan harga kumulatif yang signifikan pada saham INDS.JK, dalam rangka cooling down sebagai bentuk perlindungan bagi investor', 'symbol': 'INDS.JK', 'pdf_url': 'https://www.idx.co.id/Portals/0/StaticData/NewsAndAnnouncement/ANNOUNCEMENTSTOCK/Exchange/2026/JAN/20260114-WAS_Suspensi_INDS.pdf', 'suspension_date': '2026-01-15'}"
KOCI.JK,2026-01-15,Terjadinya peningkatan harga kumulatif yang signifikan pada saham KOCI.JK,https://www.idx.co.id/Portals/0/StaticData/NewsAndAnnouncement/ANNOUNCEMENTSTOCK/Exchange/2026/JAN/20260114-WAS_Suspensi_KOCI.pdf,2026-09-11T07:54:15.210333+00:00,"{'reason': 'Terjadinya peningkatan harga kumulatif yang signifikan pada saham KOCI.JK', 'symbol': 'KOCI.JK', 'pdf_url': 'https://www.idx.co.id/Portals/0/StaticData/NewsAndAnnouncement/ANNOUNCEMENTSTOCK/Exchange/2026/JAN/20260114-WAS_Suspensi_KOCI.pdf', 'suspension_date': '2026-01-15'}"
SOTS.JK,2026-01-15,Terjadinya peningkatan harga kumulatif yang signifikan pada saham SOTS.JK,https://www.idx.co.id/Portals/0/StaticData/NewsAndAnnouncement/ANNOUNCEMENTSTOCK/Exchange/2026/JAN/20260114-WAS_Suspensi_SOTS.pdf,2026-09-11T07:54:15.210333+00:00,"{'reason': 'Terjadinya peningkatan harga kumulatif yang signifikan pada saham SOTS.JK', 'symbol': 'SOTS.JK', 'pdf_url': 'https://www.idx.co.id/Portals/0/StaticData/NewsAndAnnouncement/ANNOUNCEMENTSTOCK/Exchange/2026/JAN/20260114-WAS_Suspensi_SOTS.pdf', 'suspension_date': '2026-01-15'}"
IFSH.JK,2026-01-14,Terjadinya peningkatan harga kumulatif yang signifikan pada saham IFSH.JK,https://www.idx.co.id/Portals/0/StaticData/NewsAndAnnouncement/ANNOUNCEMENTSTOCK/Exchange/2026/JAN/20260113-WAS_Suspensi_IFSH.pdf,2026-09-11T07:54:15.210333+00:00,"{'reason': 'Terjadinya peningkatan harga kumulatif yang signifikan pada saham IFSH.JK', 'symbol': 'IFSH.JK', 'pdf_url': 'https://www.idx.co.id/Portals/0/StaticData/NewsAndAnnouncement/ANNOUNCEMENTSTOCK/Exchange/2026/JAN/20260113-WAS_Suspensi_IFSH.pdf', 'suspension_date': '2026-01-14'}"
SIPD.JK,2026-01-14,Terjadinya peningkatan harga kumulatif yang signifikan pada saham SIPD.JK,https://www.idx.co.id/Portals/0/StaticData/NewsAndAnnouncement/ANNOUNCEMENTSTOCK/Exchange/2026/JAN/20260113-WAS_Suspensi_SIPD.pdf,2026-09-11T07:54:15.210333+00:00,"{'reason': 'Terjadinya peningkatan harga kumulatif yang signifikan pada saham SIPD.JK', 'symbol': 'SIPD.JK', 'pdf_url': 'https://www.idx.co.id/Portals/0/StaticData/NewsAndAnnouncement/ANNOUNCEMENTSTOCK/Exchange/2026/JAN/20260113-WAS_Suspensi_SIPD.pdf', 'suspension_date': '2026-01-14'}"
ATAP.JK,2026-01-13,Terjadinya peningkatan harga kumulatif yang signifikan pada saham ATAP.JK,https://www.idx.co.id/Portals/0/StaticData/NewsAndAnnouncement/ANNOUNCEMENTSTOCK/Exchange/2026/JAN/20260112-WAS_Suspensi_ATAP.pdf,2026-09-11T07:54:15.210333+00:00,"{'reason': 'Terjadinya peningkatan harga kumulatif yang signifikan pada saham ATAP.JK', 'symbol': 'ATAP.JK', 'pdf_url': 'https://www.idx.co.id/Portals/0/StaticData/NewsAndAnnouncement/ANNOUNCEMENTSTOCK/Exchange/2026/JAN/20260112-WAS_Suspensi_ATAP.pdf', 'suspension_date': '2026-01-13'}"
KOCI.JK,2026-01-13,"Terjadinya peningkatan harga kumulatif yang signifikan pada saham KOCI.JK, dalam rangka cooling down sebagai bentuk perlindungan bagi investor",https://www.idx.co.id/Portals/0/StaticData/NewsAndAnnouncement/ANNOUNCEMENTSTOCK/Exchange/2026/JAN/20260112-WAS_Suspensi_KOCI.pdf,2026-09-11T07:54:15.210333+00:00,"{'reason': 'Terjadinya peningkatan harga kumulatif yang signifikan pada saham KOCI.JK, dalam rangka cooling down sebagai bentuk perlindungan bagi investor', 'symbol': 'KOCI.JK', 'pdf_url': 'https://www.idx.co.id/Portals/0/StaticData/NewsAndAnnouncement/ANNOUNCEMENTSTOCK/Exchange/2026/JAN/20260112-WAS_Suspensi_KOCI.pdf', 'suspension_date': '2026-01-13'}"
LMAX.JK,2026-01-13,"Terjadinya peningkatan harga kumulatif yang signifikan pada saham LMAX.JK, dalam rangka cooling down sebagai bentuk perlindungan bagi investor",https://www.idx.co.id/Portals/0/StaticData/NewsAndAnnouncement/ANNOUNCEMENTSTOCK/Exchange/2026/JAN/20260112-WAS_Suspensi_LMAX.pdf,2026-09-11T07:54:15.210333+00:00,"{'reason': 'Terjadinya peningkatan harga kumulatif yang signifikan pada saham LMAX.JK, dalam rangka cooling down sebagai bentuk perlindungan bagi investor', 'symbol': 'LMAX.JK', 'pdf_url': 'https://www.idx.co.id/Portals/0/StaticData/NewsAndAnnouncement/ANNOUNCEMENTSTOCK/Exchange/2026/JAN/20260112-WAS_Suspensi_LMAX.pdf', 'suspension_date': '2026-01-13'}"
MDIA.JK,2026-01-13,Terjadinya peningkatan harga kumulatif yang signifikan pada saham MDIA.JK,https://www.idx.co.id/Portals/0/StaticData/NewsAndAnnouncement/ANNOUNCEMENTSTOCK/Exchange/2026/JAN/20260112-WAS_Suspensi_MDIA.pdf,2026-09-11T07:54:15.210333+00:00,"{'reason': 'Terjadinya peningkatan harga kumulatif yang signifikan pada saham MDIA.JK', 'symbol': 'MDIA.JK', 'pdf_url': 'https://www.idx.co.id/Portals/0/StaticData/NewsAndAnnouncement/ANNOUNCEMENTSTOCK/Exchange/2026/JAN/20260112-WAS_Suspensi_MDIA.pdf', 'suspension_date': '2026-01-13'}"
MKAP.JK,2026-01-13,"Terjadinya peningkatan harga kumulatif yang signifikan pada saham MKAP.JK, dalam rangka cooling down sebagai bentuk perlindungan bagi investor",https://www.idx.co.id/Portals/0/StaticData/NewsAndAnnouncement/ANNOUNCEMENTSTOCK/Exchange/2026/JAN/20260112-WAS_Suspensi_MKAP.pdf,2026-09-11T07:54:15.210333+00:00,"{'reason': 'Terjadinya peningkatan harga kumulatif yang signifikan pada saham MKAP.JK, dalam rangka cooling down sebagai bentuk perlindungan bagi investor', 'symbol': 'MKAP.JK', 'pdf_url': 'https://www.idx.co.id/Portals/0/StaticData/NewsAndAnnouncement/ANNOUNCEMENTSTOCK/Exchange/2026/JAN/20260112-WAS_Suspensi_MKAP.pdf', 'suspension_date': '2026-01-13'}"
PADI.JK,2026-01-13,Terjadinya peningkatan harga kumulatif yang signifikan pada saham PADI.JK,https://www.idx.co.id/Portals/0/StaticData/NewsAndAnnouncement/ANNOUNCEMENTSTOCK/Exchange/2026/JAN/20260112-WAS_Suspensi_PADI.pdf,2026-09-11T07:54:15.210333+00:00,"{'reason': 'Terjadinya peningkatan harga kumulatif yang signifikan pada saham PADI.JK', 'symbol': 'PADI.JK', 'pdf_url': 'https://www.idx.co.id/Portals/0/StaticData/NewsAndAnnouncement/ANNOUNCEMENTSTOCK/Exchange/2026/JAN/20260112-WAS_Suspensi_PADI.pdf', 'suspension_date': '2026-01-13'}"
PPGL.JK,2026-01-13,Terjadinya peningkatan harga kumulatif yang signifikan pada saham PPGL.JK,https://www.idx.co.id/Portals/0/StaticData/NewsAndAnnouncement/ANNOUNCEMENTSTOCK/Exchange/2026/JAN/20260112-WAS_Suspensi_PPGL.pdf,2026-09-11T07:54:15.210333+00:00,"{'reason': 'Terjadinya peningkatan harga kumulatif yang signifikan pada saham PPGL.JK', 'symbol': 'PPGL.JK', 'pdf_url': 'https://www.idx.co.id/Portals/0/StaticData/NewsAndAnnouncement/ANNOUNCEMENTSTOCK/Exchange/2026/JAN/20260112-WAS_Suspensi_PPGL.pdf', 'suspension_date': '2026-01-13'}"
WMPP.JK,2024-05-13,Suspend more than 6 month,https://www.idx.co.id/StaticData/NewsAndAnnouncement/ANNOUNCEMENTSTOCK/From_EREP/202509/0b5928a693_52d006bf33.pdf,2026-09-11T07:54:15.831245+00:00,"{'reason': 'Suspend more than 6 month', 'symbol': 'WMPP.JK', 'pdf_url': 'https://www.idx.co.id/StaticData/NewsAndAnnouncement/ANNOUNCEMENTSTOCK/From_EREP/202509/0b5928a693_52d006bf33.pdf', 'suspension_date': '2024-05-13'}"
RMKE.JK,2026-01-13,Terjadinya peningkatan harga kumulatif yang signifikan pada saham RMKE.JK,https://www.idx.co.id/Portals/0/StaticData/NewsAndAnnouncement/ANNOUNCEMENTSTOCK/Exchange/2026/JAN/20260112-WAS_Suspensi_RMKE.pdf,2026-09-11T07:54:15.210333+00:00,"{'reason': 'Terjadinya peningkatan harga kumulatif yang signifikan pada saham RMKE.JK', 'symbol': 'RMKE.JK', 'pdf_url': 'https://www.idx.co.id/Portals/0/StaticData/NewsAndAnnouncement/ANNOUNCEMENTSTOCK/Exchange/2026/JAN/20260112-WAS_Suspensi_RMKE.pdf', 'suspension_date': '2026-01-13'}"
SOCI.JK,2026-01-13,Terjadinya peningkatan harga kumulatif yang signifikan pada saham SOCI.JK,https://www.idx.co.id/Portals/0/StaticData/NewsAndAnnouncement/ANNOUNCEMENTSTOCK/Exchange/2026/JAN/20260112-WAS_Suspensi_SOCI.pdf,2026-09-11T07:54:15.210333+00:00,"{'reason': 'Terjadinya peningkatan harga kumulatif yang signifikan pada saham SOCI.JK', 'symbol': 'SOCI.JK', 'pdf_url': 'https://www.idx.co.id/Portals/0/StaticData/NewsAndAnnouncement/ANNOUNCEMENTSTOCK/Exchange/2026/JAN/20260112-WAS_Suspensi_SOCI.pdf', 'suspension_date': '2026-01-13'}"
SPRE.JK,2026-01-13,"Terjadinya peningkatan harga kumulatif yang signifikan pada saham SPRE.JK, dalam rangka cooling down sebagai bentuk perlindungan bagi investor",https://www.idx.co.id/Portals/0/StaticData/NewsAndAnnouncement/ANNOUNCEMENTSTOCK/Exchange/2026/JAN/20260112-WAS_Suspensi_SPRE.pdf,2026-09-11T07:54:15.210333+00:00,"{'reason': 'Terjadinya peningkatan harga kumulatif yang signifikan pada saham SPRE.JK, dalam rangka cooling down sebagai bentuk perlindungan bagi investor', 'symbol': 'SPRE.JK', 'pdf_url': 'https://www.idx.co.id/Portals/0/StaticData/NewsAndAnnouncement/ANNOUNCEMENTSTOCK/Exchange/2026/JAN/20260112-WAS_Suspensi_SPRE.pdf', 'suspension_date': '2026-01-13'}"
TRUE.JK,2026-01-13,Terjadinya peningkatan harga kumulatif yang signifikan pada saham TRUE.JK,https://www.idx.co.id/Portals/0/StaticData/NewsAndAnnouncement/ANNOUNCEMENTSTOCK/Exchange/2026/JAN/20260112-WAS_Suspensi_TRUE.pdf,2026-09-11T07:54:15.210333+00:00,"{'reason': 'Terjadinya peningkatan harga kumulatif yang signifikan pada saham TRUE.JK', 'symbol': 'TRUE.JK', 'pdf_url': 'https://www.idx.co.id/Portals/0/StaticData/NewsAndAnnouncement/ANNOUNCEMENTSTOCK/Exchange/2026/JAN/20260112-WAS_Suspensi_TRUE.pdf', 'suspension_date': '2026-01-13'}"
LEAD.JK,2026-01-09,Terjadinya peningkatan harga kumulatif yang signifikan pada saham LEAD.JK,https://www.idx.co.id/Portals/0/StaticData/NewsAndAnnouncement/ANNOUNCEMENTSTOCK/Exchange/2026/JAN/20260108-WAS_Suspensi_LEAD.pdf,2026-09-11T07:54:15.210333+00:00,"{'reason': 'Terjadinya peningkatan harga kumulatif yang signifikan pada saham LEAD.JK', 'symbol': 'LEAD.JK', 'pdf_url': 'https://www.idx.co.id/Portals/0/StaticData/NewsAndAnnouncement/ANNOUNCEMENTSTOCK/Exchange/2026/JAN/20260108-WAS_Suspensi_LEAD.pdf', 'suspension_date': '2026-01-09'}"
LUCY.JK,2026-01-09,Terjadinya peningkatan harga kumulatif yang signifikan pada saham LUCY.JK,https://www.idx.co.id/Portals/0/StaticData/NewsAndAnnouncement/ANNOUNCEMENTSTOCK/Exchange/2026/JAN/20260108-WAS_Suspensi_LUCY.pdf,2026-09-11T07:54:15.210333+00:00,"{'reason': 'Terjadinya peningkatan harga kumulatif yang signifikan pada saham LUCY.JK', 'symbol': 'LUCY.JK', 'pdf_url': 'https://www.idx.co.id/Portals/0/StaticData/NewsAndAnnouncement/ANNOUNCEMENTSTOCK/Exchange/2026/JAN/20260108-WAS_Suspensi_LUCY.pdf', 'suspension_date': '2026-01-09'}"
NSSS.JK,2026-01-09,Terjadinya peningkatan harga kumulatif yang signifikan pada saham NSSS.JK,https://www.idx.co.id/Portals/0/StaticData/NewsAndAnnouncement/ANNOUNCEMENTSTOCK/Exchange/2026/JAN/20260108-WAS_Suspensi_NSSS.pdf,2026-09-11T07:54:15.210333+00:00,"{'reason': 'Terjadinya peningkatan harga kumulatif yang signifikan pada saham NSSS.JK', 'symbol': 'NSSS.JK', 'pdf_url': 'https://www.idx.co.id/Portals/0/StaticData/NewsAndAnnouncement/ANNOUNCEMENTSTOCK/Exchange/2026/JAN/20260108-WAS_Suspensi_NSSS.pdf', 'suspension_date': '2026-01-09'}"
PPGL.JK,2026-01-09,"Terjadinya peningkatan harga kumulatif yang signifikan pada saham PPGL.JK, dalam rangka cooling down sebagai bentuk perlindungan bagi investor",https://www.idx.co.id/Portals/0/StaticData/NewsAndAnnouncement/ANNOUNCEMENTSTOCK/Exchange/2026/JAN/20260108-WAS_Suspensi_PPGL.pdf,2026-09-11T07:54:15.210333+00:00,"{'reason': 'Terjadinya peningkatan harga kumulatif yang signifikan pada saham PPGL.JK, dalam rangka cooling down sebagai bentuk perlindungan bagi investor', 'symbol': 'PPGL.JK', 'pdf_url': 'https://www.idx.co.id/Portals/0/StaticData/NewsAndAnnouncement/ANNOUNCEMENTSTOCK/Exchange/2026/JAN/20260108-WAS_Suspensi_PPGL.pdf', 'suspension_date': '2026-01-09'}"
ARKO.JK,2026-01-08,Terjadinya peningkatan harga kumulatif yang signifikan pada saham ARKO.JK,https://www.idx.co.id/Portals/0/StaticData/NewsAndAnnouncement/ANNOUNCEMENTSTOCK/Exchange/2026/JAN/20260107-WAS_Suspensi_ARKO.pdf,2026-09-11T07:54:15.210333+00:00,"{'reason': 'Terjadinya peningkatan harga kumulatif yang signifikan pada saham ARKO.JK', 'symbol': 'ARKO.JK', 'pdf_url': 'https://www.idx.co.id/Portals/0/StaticData/NewsAndAnnouncement/ANNOUNCEMENTSTOCK/Exchange/2026/JAN/20260107-WAS_Suspensi_ARKO.pdf', 'suspension_date': '2026-01-08'}"
BBSS.JK,2026-01-08,"Terjadinya peningkatan harga kumulatif yang signifikan pada saham BBSS.JK, dalam rangka cooling down sebagai bentuk perlindungan bagi investor",https://www.idx.co.id/Portals/0/StaticData/NewsAndAnnouncement/ANNOUNCEMENTSTOCK/Exchange/2026/JAN/20260107-WAS_Suspensi_BBSS.pdf,2026-09-11T07:54:15.210333+00:00,"{'reason': 'Terjadinya peningkatan harga kumulatif yang signifikan pada saham BBSS.JK, dalam rangka cooling down sebagai bentuk perlindungan bagi investor', 'symbol': 'BBSS.JK', 'pdf_url': 'https://www.idx.co.id/Portals/0/StaticData/NewsAndAnnouncement/ANNOUNCEMENTSTOCK/Exchange/2026/JAN/20260107-WAS_Suspensi_BBSS.pdf', 'suspension_date': '2026-01-08'}"
BIPI.JK,2026-01-08,"Terjadinya peningkatan harga kumulatif yang signifikan pada saham BIPI.JK, dalam rangka cooling down sebagai bentuk perlindungan bagi investor",https://www.idx.co.id/Portals/0/StaticData/NewsAndAnnouncement/ANNOUNCEMENTSTOCK/Exchange/2026/JAN/20260107-WAS_Suspensi_BIPI.pdf,2026-09-11T07:54:15.210333+00:00,"{'reason': 'Terjadinya peningkatan harga kumulatif yang signifikan pada saham BIPI.JK, dalam rangka cooling down sebagai bentuk perlindungan bagi investor', 'symbol': 'BIPI.JK', 'pdf_url': 'https://www.idx.co.id/Portals/0/StaticData/NewsAndAnnouncement/ANNOUNCEMENTSTOCK/Exchange/2026/JAN/20260107-WAS_Suspensi_BIPI.pdf', 'suspension_date': '2026-01-08'}"
FIRE.JK,2026-01-08,Terjadinya peningkatan harga kumulatif yang signifikan pada saham FIRE.JK,https://www.idx.co.id/Portals/0/StaticData/NewsAndAnnouncement/ANNOUNCEMENTSTOCK/Exchange/2026/JAN/20260107-WAS_Suspensi_FIRE.pdf,2026-09-11T07:54:15.210333+00:00,"{'reason': 'Terjadinya peningkatan harga kumulatif yang signifikan pada saham FIRE.JK', 'symbol': 'FIRE.JK', 'pdf_url': 'https://www.idx.co.id/Portals/0/StaticData/NewsAndAnnouncement/ANNOUNCEMENTSTOCK/Exchange/2026/JAN/20260107-WAS_Suspensi_FIRE.pdf', 'suspension_date': '2026-01-08'}"
GRPM.JK,2026-01-08,"Terjadinya peningkatan harga kumulatif yang signifikan pada saham GRPM.JK, dalam rangka cooling down sebagai bentuk perlindungan bagi investor",https://www.idx.co.id/Portals/0/StaticData/NewsAndAnnouncement/ANNOUNCEMENTSTOCK/Exchange/2026/JAN/20260107-WAS_Suspensi_GRPM.pdf,2026-09-11T07:54:15.210333+00:00,"{'reason': 'Terjadinya peningkatan harga kumulatif yang signifikan pada saham GRPM.JK, dalam rangka cooling down sebagai bentuk perlindungan bagi investor', 'symbol': 'GRPM.JK', 'pdf_url': 'https://www.idx.co.id/Portals/0/StaticData/NewsAndAnnouncement/ANNOUNCEMENTSTOCK/Exchange/2026/JAN/20260107-WAS_Suspensi_GRPM.pdf', 'suspension_date': '2026-01-08'}"
SIPD.JK,2026-01-08,"Terjadinya peningkatan harga kumulatif yang signifikan pada saham SIPD.JK, dalam rangka cooling down sebagai bentuk perlindungan bagi investor",https://www.idx.co.id/Portals/0/StaticData/NewsAndAnnouncement/ANNOUNCEMENTSTOCK/Exchange/2026/JAN/20260107-WAS_Suspensi_SIPD.pdf,2026-09-11T07:54:15.210333+00:00,"{'reason': 'Terjadinya peningkatan harga kumulatif yang signifikan pada saham SIPD.JK, dalam rangka cooling down sebagai bentuk perlindungan bagi investor', 'symbol': 'SIPD.JK', 'pdf_url': 'https://www.idx.co.id/Portals/0/StaticData/NewsAndAnnouncement/ANNOUNCEMENTSTOCK/Exchange/2026/JAN/20260107-WAS_Suspensi_SIPD.pdf', 'suspension_date': '2026-01-08'}"
AHAP.JK,2026-01-07,"Terjadinya peningkatan harga kumulatif yang signifikan pada saham AHAP.JK, dalam rangka cooling down sebagai bentuk perlindungan bagi investor",https://www.idx.co.id/Portals/0/StaticData/NewsAndAnnouncement/ANNOUNCEMENTSTOCK/Exchange/2026/JAN/20260106-WAS_Suspensi_AHAP.pdf,2026-09-11T07:54:15.210333+00:00,"{'reason': 'Terjadinya peningkatan harga kumulatif yang signifikan pada saham AHAP.JK, dalam rangka cooling down sebagai bentuk perlindungan bagi investor', 'symbol': 'AHAP.JK', 'pdf_url': 'https://www.idx.co.id/Portals/0/StaticData/NewsAndAnnouncement/ANNOUNCEMENTSTOCK/Exchange/2026/JAN/20260106-WAS_Suspensi_AHAP.pdf', 'suspension_date': '2026-01-07'}"
HUMI.JK,2026-01-07,Terjadinya peningkatan harga kumulatif yang signifikan pada saham HUMI.JK,https://www.idx.co.id/Portals/0/StaticData/NewsAndAnnouncement/ANNOUNCEMENTSTOCK/Exchange/2026/JAN/20260106-WAS_Suspensi_HUMI.pdf,2026-09-11T07:54:15.210333+00:00,"{'reason': 'Terjadinya peningkatan harga kumulatif yang signifikan pada saham HUMI.JK', 'symbol': 'HUMI.JK', 'pdf_url': 'https://www.idx.co.id/Portals/0/StaticData/NewsAndAnnouncement/ANNOUNCEMENTSTOCK/Exchange/2026/JAN/20260106-WAS_Suspensi_HUMI.pdf', 'suspension_date': '2026-01-07'}"
JMAS.JK,2026-01-07,"Terjadinya peningkatan harga kumulatif yang signifikan pada saham JMAS.JK, dalam rangka cooling down sebagai bentuk perlindungan bagi investor",https://www.idx.co.id/Portals/0/StaticData/NewsAndAnnouncement/ANNOUNCEMENTSTOCK/Exchange/2026/JAN/20260106-WAS_Suspensi_JMAS.pdf,2026-09-11T07:54:15.210333+00:00,"{'reason': 'Terjadinya peningkatan harga kumulatif yang signifikan pada saham JMAS.JK, dalam rangka cooling down sebagai bentuk perlindungan bagi investor', 'symbol': 'JMAS.JK', 'pdf_url': 'https://www.idx.co.id/Portals/0/StaticData/NewsAndAnnouncement/ANNOUNCEMENTSTOCK/Exchange/2026/JAN/20260106-WAS_Suspensi_JMAS.pdf', 'suspension_date': '2026-01-07'}"
PADI.JK,2026-01-07,"Terjadinya peningkatan harga kumulatif yang signifikan pada saham PADI.JK, dalam rangka cooling down sebagai bentuk perlindungan bagi investor",https://www.idx.co.id/Portals/0/StaticData/NewsAndAnnouncement/ANNOUNCEMENTSTOCK/Exchange/2026/JAN/20260106-WAS_Suspensi_PADI.pdf,2026-09-11T07:54:15.210333+00:00,"{'reason': 'Terjadinya peningkatan harga kumulatif yang signifikan pada saham PADI.JK, dalam rangka cooling down sebagai bentuk perlindungan bagi investor', 'symbol': 'PADI.JK', 'pdf_url': 'https://www.idx.co.id/Portals/0/StaticData/NewsAndAnnouncement/ANNOUNCEMENTSTOCK/Exchange/2026/JAN/20260106-WAS_Suspensi_PADI.pdf', 'suspension_date': '2026-01-07'}"
FIRE.JK,2026-01-06,"Terjadinya peningkatan harga kumulatif yang signifikan pada saham FIRE.JK, dalam rangka cooling down sebagai bentuk perlindungan bagi investor",https://www.idx.co.id/Portals/0/StaticData/NewsAndAnnouncement/ANNOUNCEMENTSTOCK/Exchange/2026/JAN/20260105-WAS_Suspensi_FIRE.pdf,2026-09-11T07:54:15.210333+00:00,"{'reason': 'Terjadinya peningkatan harga kumulatif yang signifikan pada saham FIRE.JK, dalam rangka cooling down sebagai bentuk perlindungan bagi investor', 'symbol': 'FIRE.JK', 'pdf_url': 'https://www.idx.co.id/Portals/0/StaticData/NewsAndAnnouncement/ANNOUNCEMENTSTOCK/Exchange/2026/JAN/20260105-WAS_Suspensi_FIRE.pdf', 'suspension_date': '2026-01-06'}"
PKPK.JK,2026-01-06,Terjadinya peningkatan harga kumulatif yang signifikan pada saham PKPK.JK,https://www.idx.co.id/Portals/0/StaticData/NewsAndAnnouncement/ANNOUNCEMENTSTOCK/Exchange/2026/JAN/20260105-WAS_Suspensi_PKPK.pdf,2026-09-11T07:54:15.210333+00:00,"{'reason': 'Terjadinya peningkatan harga kumulatif yang signifikan pada saham PKPK.JK', 'symbol': 'PKPK.JK', 'pdf_url': 'https://www.idx.co.id/Portals/0/StaticData/NewsAndAnnouncement/ANNOUNCEMENTSTOCK/Exchange/2026/JAN/20260105-WAS_Suspensi_PKPK.pdf', 'suspension_date': '2026-01-06'}"
BBRM.JK,2025-12-30,"Terjadinya peningkatan harga kumulatif yang signifikan pada saham BBRM.JK, dalam rangka cooling down sebagai bentuk perlindungan bagi investor",https://www.idx.co.id/Portals/0/StaticData/NewsAndAnnouncement/ANNOUNCEMENTSTOCK/Exchange/2025/DES/20251229-WAS_Suspensi_BBRM.pdf,2026-09-11T07:54:15.210333+00:00,"{'reason': 'Terjadinya peningkatan harga kumulatif yang signifikan pada saham BBRM.JK, dalam rangka cooling down sebagai bentuk perlindungan bagi investor', 'symbol': 'BBRM.JK', 'pdf_url': 'https://www.idx.co.id/Portals/0/StaticData/NewsAndAnnouncement/ANNOUNCEMENTSTOCK/Exchange/2025/DES/20251229-WAS_Suspensi_BBRM.pdf', 'suspension_date': '2025-12-30'}"
PKPK.JK,2025-12-30,"Terjadinya peningkatan harga kumulatif yang signifikan pada saham PKPK.JK, dalam rangka cooling down sebagai bentuk perlindungan bagi investor",https://www.idx.co.id/Portals/0/StaticData/NewsAndAnnouncement/ANNOUNCEMENTSTOCK/Exchange/2025/DES/20251229-WAS_Suspensi_PKPK.pdf,2026-09-11T07:54:15.210333+00:00,"{'reason': 'Terjadinya peningkatan harga kumulatif yang signifikan pada saham PKPK.JK, dalam rangka cooling down sebagai bentuk perlindungan bagi investor', 'symbol': 'PKPK.JK', 'pdf_url': 'https://www.idx.co.id/Portals/0/StaticData/NewsAndAnnouncement/ANNOUNCEMENTSTOCK/Exchange/2025/DES/20251229-WAS_Suspensi_PKPK.pdf', 'suspension_date': '2025-12-30'}"
DPUM.JK,2025-12-23,Terjadinya peningkatan harga kumulatif yang signifikan pada saham DPUM.JK,https://www.idx.co.id/Portals/0/StaticData/NewsAndAnnouncement/ANNOUNCEMENTSTOCK/Exchange/2025/DES/20251222-WAS_Suspensi_DPUM.pdf,2026-09-11T07:54:15.210333+00:00,"{'reason': 'Terjadinya peningkatan harga kumulatif yang signifikan pada saham DPUM.JK', 'symbol': 'DPUM.JK', 'pdf_url': 'https://www.idx.co.id/Portals/0/StaticData/NewsAndAnnouncement/ANNOUNCEMENTSTOCK/Exchange/2025/DES/20251222-WAS_Suspensi_DPUM.pdf', 'suspension_date': '2025-12-23'}"
UNSP.JK,2025-12-23,Terjadinya peningkatan harga kumulatif yang signifikan pada saham UNSP.JK,https://www.idx.co.id/Portals/0/StaticData/NewsAndAnnouncement/ANNOUNCEMENTSTOCK/Exchange/2025/DES/20251222-WAS_Suspensi_UNSP.pdf,2026-09-11T07:54:15.210333+00:00,"{'reason': 'Terjadinya peningkatan harga kumulatif yang signifikan pada saham UNSP.JK', 'symbol': 'UNSP.JK', 'pdf_url': 'https://www.idx.co.id/Portals/0/StaticData/NewsAndAnnouncement/ANNOUNCEMENTSTOCK/Exchange/2025/DES/20251222-WAS_Suspensi_UNSP.pdf', 'suspension_date': '2025-12-23'}"
DPUM.JK,2025-12-19,"Terjadinya peningkatan harga kumulatif yang signifikan pada saham DPUM.JK, dalam rangka cooling down sebagai bentuk perlindungan bagi investor",https://www.idx.co.id/Portals/0/StaticData/NewsAndAnnouncement/ANNOUNCEMENTSTOCK/Exchange/2025/DES/20251218-WAS_Suspensi_DPUM.pdf,2026-09-11T07:54:15.210333+00:00,"{'reason': 'Terjadinya peningkatan harga kumulatif yang signifikan pada saham DPUM.JK, dalam rangka cooling down sebagai bentuk perlindungan bagi investor', 'symbol': 'DPUM.JK', 'pdf_url': 'https://www.idx.co.id/Portals/0/StaticData/NewsAndAnnouncement/ANNOUNCEMENTSTOCK/Exchange/2025/DES/20251218-WAS_Suspensi_DPUM.pdf', 'suspension_date': '2025-12-19'}"
MDIA.JK,2025-12-19,"Terjadinya peningkatan harga kumulatif yang signifikan pada saham MDIA.JK, dalam rangka cooling down sebagai bentuk perlindungan bagi investor",https://www.idx.co.id/Portals/0/StaticData/NewsAndAnnouncement/ANNOUNCEMENTSTOCK/Exchange/2025/DES/20251218-WAS_Suspensi_MDIA.pdf,2026-09-11T07:54:15.210333+00:00,"{'reason': 'Terjadinya peningkatan harga kumulatif yang signifikan pada saham MDIA.JK, dalam rangka cooling down sebagai bentuk perlindungan bagi investor', 'symbol': 'MDIA.JK', 'pdf_url': 'https://www.idx.co.id/Portals/0/StaticData/NewsAndAnnouncement/ANNOUNCEMENTSTOCK/Exchange/2025/DES/20251218-WAS_Suspensi_MDIA.pdf', 'suspension_date': '2025-12-19'}"
MGLV.JK,2025-12-19,Terjadinya peningkatan harga kumulatif yang signifikan pada saham MGLV.JK,https://www.idx.co.id/Portals/0/StaticData/NewsAndAnnouncement/ANNOUNCEMENTSTOCK/Exchange/2025/DES/20251218-WAS_Suspensi_MGLV.pdf,2026-09-11T07:54:15.210333+00:00,"{'reason': 'Terjadinya peningkatan harga kumulatif yang signifikan pada saham MGLV.JK', 'symbol': 'MGLV.JK', 'pdf_url': 'https://www.idx.co.id/Portals/0/StaticData/NewsAndAnnouncement/ANNOUNCEMENTSTOCK/Exchange/2025/DES/20251218-WAS_Suspensi_MGLV.pdf', 'suspension_date': '2025-12-19'}"
ALII.JK,2025-12-18,"Terjadinya peningkatan harga kumulatif yang signifikan pada saham ALII.JK, dalam rangka cooling down sebagai bentuk perlindungan bagi investor",https://www.idx.co.id/Portals/0/StaticData/NewsAndAnnouncement/ANNOUNCEMENTSTOCK/Exchange/2025/DES/20251217-WAS_Suspensi_ALII.pdf,2026-09-11T07:54:15.210333+00:00,"{'reason': 'Terjadinya peningkatan harga kumulatif yang signifikan pada saham ALII.JK, dalam rangka cooling down sebagai bentuk perlindungan bagi investor', 'symbol': 'ALII.JK', 'pdf_url': 'https://www.idx.co.id/Portals/0/StaticData/NewsAndAnnouncement/ANNOUNCEMENTSTOCK/Exchange/2025/DES/20251217-WAS_Suspensi_ALII.pdf', 'suspension_date': '2025-12-18'}"
CARE.JK,2025-12-18,Terjadinya peningkatan harga kumulatif yang signifikan pada saham CARE.JK,https://www.idx.co.id/Portals/0/StaticData/NewsAndAnnouncement/ANNOUNCEMENTSTOCK/Exchange/2025/DES/20251217-WAS_Suspensi_CARE.pdf,2026-09-11T07:54:15.210333+00:00,"{'reason': 'Terjadinya peningkatan harga kumulatif yang signifikan pada saham CARE.JK', 'symbol': 'CARE.JK', 'pdf_url': 'https://www.idx.co.id/Portals/0/StaticData/NewsAndAnnouncement/ANNOUNCEMENTSTOCK/Exchange/2025/DES/20251217-WAS_Suspensi_CARE.pdf', 'suspension_date': '2025-12-18'}"
ESTA.JK,2025-12-18,Terjadinya peningkatan harga kumulatif yang signifikan pada saham ESTA.JK,https://www.idx.co.id/Portals/0/StaticData/NewsAndAnnouncement/ANNOUNCEMENTSTOCK/Exchange/2025/DES/20251217-WAS_Suspensi_ESTA.pdf,2026-09-11T07:54:15.210333+00:00,"{'reason': 'Terjadinya peningkatan harga kumulatif yang signifikan pada saham ESTA.JK', 'symbol': 'ESTA.JK', 'pdf_url': 'https://www.idx.co.id/Portals/0/StaticData/NewsAndAnnouncement/ANNOUNCEMENTSTOCK/Exchange/2025/DES/20251217-WAS_Suspensi_ESTA.pdf', 'suspension_date': '2025-12-18'}"
NATO.JK,2025-12-18,Terjadinya peningkatan harga kumulatif yang signifikan pada saham NATO.JK,https://www.idx.co.id/Portals/0/StaticData/NewsAndAnnouncement/ANNOUNCEMENTSTOCK/Exchange/2025/DES/20251217-WAS_Suspensi_NATO.pdf,2026-09-11T07:54:15.210333+00:00,"{'reason': 'Terjadinya peningkatan harga kumulatif yang signifikan pada saham NATO.JK', 'symbol': 'NATO.JK', 'pdf_url': 'https://www.idx.co.id/Portals/0/StaticData/NewsAndAnnouncement/ANNOUNCEMENTSTOCK/Exchange/2025/DES/20251217-WAS_Suspensi_NATO.pdf', 'suspension_date': '2025-12-18'}"
SSTM.JK,2025-12-18,Terjadinya peningkatan harga kumulatif yang signifikan pada saham SSTM.JK,https://www.idx.co.id/Portals/0/StaticData/NewsAndAnnouncement/ANNOUNCEMENTSTOCK/Exchange/2025/DES/20251217-WAS_Suspensi_SSTM.pdf,2026-09-11T07:54:15.210333+00:00,"{'reason': 'Terjadinya peningkatan harga kumulatif yang signifikan pada saham SSTM.JK', 'symbol': 'SSTM.JK', 'pdf_url': 'https://www.idx.co.id/Portals/0/StaticData/NewsAndAnnouncement/ANNOUNCEMENTSTOCK/Exchange/2025/DES/20251217-WAS_Suspensi_SSTM.pdf', 'suspension_date': '2025-12-18'}"
INRU.JK,2025-12-17,Sehubungan dengan adanya ketidakpastian atas kelangsungan usaha,https://www.idx.co.id/StaticData/NewsAndAnnouncement/ANNOUNCEMENTSTOCK/From_EREP/202512/2e812c1ccc_fe93815a16.pdf,2026-09-11T07:54:15.210333+00:00,"{'reason': 'Sehubungan dengan adanya ketidakpastian atas kelangsungan usaha', 'symbol': 'INRU.JK', 'pdf_url': 'https://www.idx.co.id/StaticData/NewsAndAnnouncement/ANNOUNCEMENTSTOCK/From_EREP/202512/2e812c1ccc_fe93815a16.pdf', 'suspension_date': '2025-12-17'}"
UNSP.JK,2025-12-17,"Terjadinya peningkatan harga kumulatif yang signifikan pada saham UNSP.JK, dalam rangka cooling down sebagai bentuk perlindungan bagi investor",https://www.idx.co.id/Portals/0/StaticData/NewsAndAnnouncement/ANNOUNCEMENTSTOCK/Exchange/2025/DES/20251216-WAS_Suspensi_UNSP.pdf,2026-09-11T07:54:15.210333+00:00,"{'reason': 'Terjadinya peningkatan harga kumulatif yang signifikan pada saham UNSP.JK, dalam rangka cooling down sebagai bentuk perlindungan bagi investor', 'symbol': 'UNSP.JK', 'pdf_url': 'https://www.idx.co.id/Portals/0/StaticData/NewsAndAnnouncement/ANNOUNCEMENTSTOCK/Exchange/2025/DES/20251216-WAS_Suspensi_UNSP.pdf', 'suspension_date': '2025-12-17'}"
BNBR.JK,2025-12-16,Terjadinya peningkatan harga kumulatif yang signifikan pada saham BNBR.JK,https://www.idx.co.id/Portals/0/StaticData/NewsAndAnnouncement/ANNOUNCEMENTSTOCK/Exchange/2025/DES/20251215-WAS_Suspensi_BNBR.pdf,2026-09-11T07:54:15.210333+00:00,"{'reason': 'Terjadinya peningkatan harga kumulatif yang signifikan pada saham BNBR.JK', 'symbol': 'BNBR.JK', 'pdf_url': 'https://www.idx.co.id/Portals/0/StaticData/NewsAndAnnouncement/ANNOUNCEMENTSTOCK/Exchange/2025/DES/20251215-WAS_Suspensi_BNBR.pdf', 'suspension_date': '2025-12-16'}"
CANI.JK,2025-12-16,Terjadinya peningkatan harga kumulatif yang signifikan pada saham CANI.JK,https://www.idx.co.id/Portals/0/StaticData/NewsAndAnnouncement/ANNOUNCEMENTSTOCK/Exchange/2025/DES/20251215-WAS_Suspensi_CANI.pdf,2026-09-11T07:54:15.210333+00:00,"{'reason': 'Terjadinya peningkatan harga kumulatif yang signifikan pada saham CANI.JK', 'symbol': 'CANI.JK', 'pdf_url': 'https://www.idx.co.id/Portals/0/StaticData/NewsAndAnnouncement/ANNOUNCEMENTSTOCK/Exchange/2025/DES/20251215-WAS_Suspensi_CANI.pdf', 'suspension_date': '2025-12-16'}"
CARE.JK,2025-12-16,"Terjadinya peningkatan harga kumulatif yang signifikan pada saham CARE.JK, dalam rangka cooling down sebagai bentuk perlindungan bagi investor",https://www.idx.co.id/Portals/0/StaticData/NewsAndAnnouncement/ANNOUNCEMENTSTOCK/Exchange/2025/DES/20251215-WAS_Suspensi_CARE.pdf,2026-09-11T07:54:15.210333+00:00,"{'reason': 'Terjadinya peningkatan harga kumulatif yang signifikan pada saham CARE.JK, dalam rangka cooling down sebagai bentuk perlindungan bagi investor', 'symbol': 'CARE.JK', 'pdf_url': 'https://www.idx.co.id/Portals/0/StaticData/NewsAndAnnouncement/ANNOUNCEMENTSTOCK/Exchange/2025/DES/20251215-WAS_Suspensi_CARE.pdf', 'suspension_date': '2025-12-16'}"
NATO.JK,2025-12-16,"Terjadinya peningkatan harga kumulatif yang signifikan pada saham NATO.JK, dalam rangka cooling down sebagai bentuk perlindungan bagi investor",https://www.idx.co.id/Portals/0/StaticData/NewsAndAnnouncement/ANNOUNCEMENTSTOCK/Exchange/2025/DES/20251215-WAS_Suspensi_NATO.pdf,2026-09-11T07:54:15.210333+00:00,"{'reason': 'Terjadinya peningkatan harga kumulatif yang signifikan pada saham NATO.JK, dalam rangka cooling down sebagai bentuk perlindungan bagi investor', 'symbol': 'NATO.JK', 'pdf_url': 'https://www.idx.co.id/Portals/0/StaticData/NewsAndAnnouncement/ANNOUNCEMENTSTOCK/Exchange/2025/DES/20251215-WAS_Suspensi_NATO.pdf', 'suspension_date': '2025-12-16'}"
RLCO.JK,2025-12-16,"Terjadinya peningkatan harga kumulatif yang signifikan pada saham RLCO.JK, dalam rangka cooling down sebagai bentuk perlindungan bagi investor",https://www.idx.co.id/Portals/0/StaticData/NewsAndAnnouncement/ANNOUNCEMENTSTOCK/Exchange/2025/DES/20251215-WAS_Suspensi_RLCO.pdf,2026-09-11T07:54:15.210333+00:00,"{'reason': 'Terjadinya peningkatan harga kumulatif yang signifikan pada saham RLCO.JK, dalam rangka cooling down sebagai bentuk perlindungan bagi investor', 'symbol': 'RLCO.JK', 'pdf_url': 'https://www.idx.co.id/Portals/0/StaticData/NewsAndAnnouncement/ANNOUNCEMENTSTOCK/Exchange/2025/DES/20251215-WAS_Suspensi_RLCO.pdf', 'suspension_date': '2025-12-16'}"
BNBR.JK,2025-12-12,"Terjadinya peningkatan harga kumulatif yang signifikan pada saham BNBR.JK, dalam rangka cooling down sebagai bentuk perlindungan bagi investor",https://www.idx.co.id/Portals/0/StaticData/NewsAndAnnouncement/ANNOUNCEMENTSTOCK/Exchange/2025/DES/20251211-WAS_Suspensi_BNBR.pdf,2026-09-11T07:54:15.210333+00:00,"{'reason': 'Terjadinya peningkatan harga kumulatif yang signifikan pada saham BNBR.JK, dalam rangka cooling down sebagai bentuk perlindungan bagi investor', 'symbol': 'BNBR.JK', 'pdf_url': 'https://www.idx.co.id/Portals/0/StaticData/NewsAndAnnouncement/ANNOUNCEMENTSTOCK/Exchange/2025/DES/20251211-WAS_Suspensi_BNBR.pdf', 'suspension_date': '2025-12-12'}"
CANI.JK,2025-12-12,"Terjadinya peningkatan harga kumulatif yang signifikan pada saham CANI.JK, dalam rangka cooling down sebagai bentuk perlindungan bagi investor",https://www.idx.co.id/Portals/0/StaticData/NewsAndAnnouncement/ANNOUNCEMENTSTOCK/Exchange/2025/DES/20251211-WAS_Suspensi_CANI.pdf,2026-09-11T07:54:15.210333+00:00,"{'reason': 'Terjadinya peningkatan harga kumulatif yang signifikan pada saham CANI.JK, dalam rangka cooling down sebagai bentuk perlindungan bagi investor', 'symbol': 'CANI.JK', 'pdf_url': 'https://www.idx.co.id/Portals/0/StaticData/NewsAndAnnouncement/ANNOUNCEMENTSTOCK/Exchange/2025/DES/20251211-WAS_Suspensi_CANI.pdf', 'suspension_date': '2025-12-12'}"
DOOH.JK,2025-12-12,Terjadinya peningkatan harga kumulatif yang signifikan pada saham DOOH.JK,https://www.idx.co.id/Portals/0/StaticData/NewsAndAnnouncement/ANNOUNCEMENTSTOCK/Exchange/2025/DES/20251211-WAS_Suspensi_DOOH.pdf,2026-09-11T07:54:15.210333+00:00,"{'reason': 'Terjadinya peningkatan harga kumulatif yang signifikan pada saham DOOH.JK', 'symbol': 'DOOH.JK', 'pdf_url': 'https://www.idx.co.id/Portals/0/StaticData/NewsAndAnnouncement/ANNOUNCEMENTSTOCK/Exchange/2025/DES/20251211-WAS_Suspensi_DOOH.pdf', 'suspension_date': '2025-12-12'}"
INTA.JK,2025-12-12,Terjadinya peningkatan harga kumulatif yang signifikan pada saham INTA.JK,https://www.idx.co.id/Portals/0/StaticData/NewsAndAnnouncement/ANNOUNCEMENTSTOCK/Exchange/2025/DES/20251211-WAS_Suspensi_INTA.pdf,2026-09-11T07:54:15.210333+00:00,"{'reason': 'Terjadinya peningkatan harga kumulatif yang signifikan pada saham INTA.JK', 'symbol': 'INTA.JK', 'pdf_url': 'https://www.idx.co.id/Portals/0/StaticData/NewsAndAnnouncement/ANNOUNCEMENTSTOCK/Exchange/2025/DES/20251211-WAS_Suspensi_INTA.pdf', 'suspension_date': '2025-12-12'}"
SOTS.JK,2025-12-12,Terjadinya peningkatan harga kumulatif yang signifikan pada saham SOTS.JK,https://www.idx.co.id/Portals/0/StaticData/NewsAndAnnouncement/ANNOUNCEMENTSTOCK/Exchange/2025/DES/20251211-WAS_Suspensi_SOTS.pdf,2026-09-11T07:54:15.210333+00:00,"{'reason': 'Terjadinya peningkatan harga kumulatif yang signifikan pada saham SOTS.JK', 'symbol': 'SOTS.JK', 'pdf_url': 'https://www.idx.co.id/Portals/0/StaticData/NewsAndAnnouncement/ANNOUNCEMENTSTOCK/Exchange/2025/DES/20251211-WAS_Suspensi_SOTS.pdf', 'suspension_date': '2025-12-12'}"
TIRT.JK,2025-12-12,Terjadinya peningkatan harga kumulatif yang signifikan pada saham TIRT.JK,https://www.idx.co.id/Portals/0/StaticData/NewsAndAnnouncement/ANNOUNCEMENTSTOCK/Exchange/2025/DES/20251211-WAS_Suspensi_TIRT.pdf,2026-09-11T07:54:15.210333+00:00,"{'reason': 'Terjadinya peningkatan harga kumulatif yang signifikan pada saham TIRT.JK', 'symbol': 'TIRT.JK', 'pdf_url': 'https://www.idx.co.id/Portals/0/StaticData/NewsAndAnnouncement/ANNOUNCEMENTSTOCK/Exchange/2025/DES/20251211-WAS_Suspensi_TIRT.pdf', 'suspension_date': '2025-12-12'}"
CITY.JK,2025-12-11,Terjadinya peningkatan harga kumulatif yang signifikan pada saham CITY.JK,https://www.idx.co.id/Portals/0/StaticData/NewsAndAnnouncement/ANNOUNCEMENTSTOCK/Exchange/2025/DES/20251210-WAS_Suspensi_CITY.pdf,2026-09-11T07:54:15.210333+00:00,"{'reason': 'Terjadinya peningkatan harga kumulatif yang signifikan pada saham CITY.JK', 'symbol': 'CITY.JK', 'pdf_url': 'https://www.idx.co.id/Portals/0/StaticData/NewsAndAnnouncement/ANNOUNCEMENTSTOCK/Exchange/2025/DES/20251210-WAS_Suspensi_CITY.pdf', 'suspension_date': '2025-12-11'}"
GTSI.JK,2025-12-11,Terjadinya peningkatan harga kumulatif yang signifikan pada saham GTSI.JK,https://www.idx.co.id/Portals/0/StaticData/NewsAndAnnouncement/ANNOUNCEMENTSTOCK/Exchange/2025/DES/20251210-WAS_Suspensi_GTSI.pdf,2026-09-11T07:54:15.210333+00:00,"{'reason': 'Terjadinya peningkatan harga kumulatif yang signifikan pada saham GTSI.JK', 'symbol': 'GTSI.JK', 'pdf_url': 'https://www.idx.co.id/Portals/0/StaticData/NewsAndAnnouncement/ANNOUNCEMENTSTOCK/Exchange/2025/DES/20251210-WAS_Suspensi_GTSI.pdf', 'suspension_date': '2025-12-11'}"
IRSX.JK,2025-12-11,Terjadinya peningkatan harga kumulatif yang signifikan pada saham IRSX.JK,https://www.idx.co.id/Portals/0/StaticData/NewsAndAnnouncement/ANNOUNCEMENTSTOCK/Exchange/2025/DES/20251210-WAS_Suspensi_IRSX.pdf,2026-09-11T07:54:15.210333+00:00,"{'reason': 'Terjadinya peningkatan harga kumulatif yang signifikan pada saham IRSX.JK', 'symbol': 'IRSX.JK', 'pdf_url': 'https://www.idx.co.id/Portals/0/StaticData/NewsAndAnnouncement/ANNOUNCEMENTSTOCK/Exchange/2025/DES/20251210-WAS_Suspensi_IRSX.pdf', 'suspension_date': '2025-12-11'}"
KETR.JK,2025-12-11,"Terjadinya peningkatan harga kumulatif yang signifikan pada saham KETR.JK, dalam rangka cooling down sebagai bentuk perlindungan bagi investor",https://www.idx.co.id/Portals/0/StaticData/NewsAndAnnouncement/ANNOUNCEMENTSTOCK/Exchange/2025/DES/20251210-WAS_Suspensi_KETR.pdf,2026-09-11T07:54:15.210333+00:00,"{'reason': 'Terjadinya peningkatan harga kumulatif yang signifikan pada saham KETR.JK, dalam rangka cooling down sebagai bentuk perlindungan bagi investor', 'symbol': 'KETR.JK', 'pdf_url': 'https://www.idx.co.id/Portals/0/StaticData/NewsAndAnnouncement/ANNOUNCEMENTSTOCK/Exchange/2025/DES/20251210-WAS_Suspensi_KETR.pdf', 'suspension_date': '2025-12-11'}"
KIOS.JK,2025-12-11,"Terjadinya peningkatan harga kumulatif yang signifikan pada saham KIOS.JK, dalam rangka cooling down sebagai bentuk perlindungan bagi investor",https://www.idx.co.id/Portals/0/StaticData/NewsAndAnnouncement/ANNOUNCEMENTSTOCK/Exchange/2025/DES/20251210-WAS_Suspensi_KIOS.pdf,2026-09-11T07:54:15.210333+00:00,"{'reason': 'Terjadinya peningkatan harga kumulatif yang signifikan pada saham KIOS.JK, dalam rangka cooling down sebagai bentuk perlindungan bagi investor', 'symbol': 'KIOS.JK', 'pdf_url': 'https://www.idx.co.id/Portals/0/StaticData/NewsAndAnnouncement/ANNOUNCEMENTSTOCK/Exchange/2025/DES/20251210-WAS_Suspensi_KIOS.pdf', 'suspension_date': '2025-12-11'}"
PEGE.JK,2025-12-11,"Terjadinya peningkatan harga kumulatif yang signifikan pada saham PEGE.JK, dalam rangka cooling down sebagai bentuk perlindungan bagi investor",https://www.idx.co.id/Portals/0/StaticData/NewsAndAnnouncement/ANNOUNCEMENTSTOCK/Exchange/2025/DES/20251210-WAS_Suspensi_PEGE.pdf,2026-09-11T07:54:15.210333+00:00,"{'reason': 'Terjadinya peningkatan harga kumulatif yang signifikan pada saham PEGE.JK, dalam rangka cooling down sebagai bentuk perlindungan bagi investor', 'symbol': 'PEGE.JK', 'pdf_url': 'https://www.idx.co.id/Portals/0/StaticData/NewsAndAnnouncement/ANNOUNCEMENTSTOCK/Exchange/2025/DES/20251210-WAS_Suspensi_PEGE.pdf', 'suspension_date': '2025-12-11'}"
PTDU.JK,2025-12-11,"Terjadinya peningkatan harga kumulatif yang signifikan pada saham PTDU.JK, dalam rangka cooling down sebagai bentuk perlindungan bagi investor",https://www.idx.co.id/Portals/0/StaticData/NewsAndAnnouncement/ANNOUNCEMENTSTOCK/Exchange/2025/DES/20251210-WAS_Suspensi_PTDU.pdf,2026-09-11T07:54:15.210333+00:00,"{'reason': 'Terjadinya peningkatan harga kumulatif yang signifikan pada saham PTDU.JK, dalam rangka cooling down sebagai bentuk perlindungan bagi investor', 'symbol': 'PTDU.JK', 'pdf_url': 'https://www.idx.co.id/Portals/0/StaticData/NewsAndAnnouncement/ANNOUNCEMENTSTOCK/Exchange/2025/DES/20251210-WAS_Suspensi_PTDU.pdf', 'suspension_date': '2025-12-11'}"
TRON.JK,2025-12-11,Terjadinya peningkatan harga kumulatif yang signifikan pada saham TRON.JK,https://www.idx.co.id/Portals/0/StaticData/NewsAndAnnouncement/ANNOUNCEMENTSTOCK/Exchange/2025/DES/20251210-WAS_Suspensi_TRON.pdf,2026-09-11T07:54:15.210333+00:00,"{'reason': 'Terjadinya peningkatan harga kumulatif yang signifikan pada saham TRON.JK', 'symbol': 'TRON.JK', 'pdf_url': 'https://www.idx.co.id/Portals/0/StaticData/NewsAndAnnouncement/ANNOUNCEMENTSTOCK/Exchange/2025/DES/20251210-WAS_Suspensi_TRON.pdf', 'suspension_date': '2025-12-11'}"
DOOH.JK,2025-12-10,"Terjadinya peningkatan harga kumulatif yang signifikan pada saham DOOH.JK, dalam rangka cooling down sebagai bentuk perlindungan bagi investor",https://www.idx.co.id/Portals/0/StaticData/NewsAndAnnouncement/ANNOUNCEMENTSTOCK/Exchange/2025/DES/20251209-WAS_Suspensi_DOOH.pdf,2026-09-11T07:54:15.210333+00:00,"{'reason': 'Terjadinya peningkatan harga kumulatif yang signifikan pada saham DOOH.JK, dalam rangka cooling down sebagai bentuk perlindungan bagi investor', 'symbol': 'DOOH.JK', 'pdf_url': 'https://www.idx.co.id/Portals/0/StaticData/NewsAndAnnouncement/ANNOUNCEMENTSTOCK/Exchange/2025/DES/20251209-WAS_Suspensi_DOOH.pdf', 'suspension_date': '2025-12-10'}"
INTA.JK,2025-12-10,"Terjadinya peningkatan harga kumulatif yang signifikan pada saham INTA.JK, dalam rangka cooling down sebagai bentuk perlindungan bagi investor",https://www.idx.co.id/Portals/0/StaticData/NewsAndAnnouncement/ANNOUNCEMENTSTOCK/Exchange/2025/DES/20251209-WAS_Suspensi_INTA.pdf,2026-09-11T07:54:15.210333+00:00,"{'reason': 'Terjadinya peningkatan harga kumulatif yang signifikan pada saham INTA.JK, dalam rangka cooling down sebagai bentuk perlindungan bagi investor', 'symbol': 'INTA.JK', 'pdf_url': 'https://www.idx.co.id/Portals/0/StaticData/NewsAndAnnouncement/ANNOUNCEMENTSTOCK/Exchange/2025/DES/20251209-WAS_Suspensi_INTA.pdf', 'suspension_date': '2025-12-10'}"
TIRT.JK,2025-12-10,"Terjadinya peningkatan harga kumulatif yang signifikan pada saham TIRT.JK, dalam rangka cooling down sebagai bentuk perlindungan bagi investor",https://www.idx.co.id/Portals/0/StaticData/NewsAndAnnouncement/ANNOUNCEMENTSTOCK/Exchange/2025/DES/20251209-WAS_Suspensi_TIRT.pdf,2026-09-11T07:54:15.210333+00:00,"{'reason': 'Terjadinya peningkatan harga kumulatif yang signifikan pada saham TIRT.JK, dalam rangka cooling down sebagai bentuk perlindungan bagi investor', 'symbol': 'TIRT.JK', 'pdf_url': 'https://www.idx.co.id/Portals/0/StaticData/NewsAndAnnouncement/ANNOUNCEMENTSTOCK/Exchange/2025/DES/20251209-WAS_Suspensi_TIRT.pdf', 'suspension_date': '2025-12-10'}"
CITY.JK,2025-12-09,"Terjadinya peningkatan harga kumulatif yang signifikan pada saham CITY.JK, dalam rangka cooling down sebagai bentuk perlindungan bagi investor",https://www.idx.co.id/Portals/0/StaticData/NewsAndAnnouncement/ANNOUNCEMENTSTOCK/Exchange/2025/DES/20251208-WAS_Suspensi_CITY.pdf,2026-09-11T07:54:15.210333+00:00,"{'reason': 'Terjadinya peningkatan harga kumulatif yang signifikan pada saham CITY.JK, dalam rangka cooling down sebagai bentuk perlindungan bagi investor', 'symbol': 'CITY.JK', 'pdf_url': 'https://www.idx.co.id/Portals/0/StaticData/NewsAndAnnouncement/ANNOUNCEMENTSTOCK/Exchange/2025/DES/20251208-WAS_Suspensi_CITY.pdf', 'suspension_date': '2025-12-09'}"
MGLV.JK,2025-12-09,"Terjadinya peningkatan harga kumulatif yang signifikan pada saham MGLV.JK, dalam rangka cooling down sebagai bentuk perlindungan bagi investor",https://www.idx.co.id/Portals/0/StaticData/NewsAndAnnouncement/ANNOUNCEMENTSTOCK/Exchange/2025/DES/20251208-WAS_Suspensi_MGLV.pdf,2026-09-11T07:54:15.210333+00:00,"{'reason': 'Terjadinya peningkatan harga kumulatif yang signifikan pada saham MGLV.JK, dalam rangka cooling down sebagai bentuk perlindungan bagi investor', 'symbol': 'MGLV.JK', 'pdf_url': 'https://www.idx.co.id/Portals/0/StaticData/NewsAndAnnouncement/ANNOUNCEMENTSTOCK/Exchange/2025/DES/20251208-WAS_Suspensi_MGLV.pdf', 'suspension_date': '2025-12-09'}"
TRON.JK,2025-12-09,"Terjadinya peningkatan harga kumulatif yang signifikan pada saham TRON.JK, dalam rangka cooling down sebagai bentuk perlindungan bagi investor",https://www.idx.co.id/Portals/0/StaticData/NewsAndAnnouncement/ANNOUNCEMENTSTOCK/Exchange/2025/DES/20251208-WAS_Suspensi_TRON.pdf,2026-09-11T07:54:15.210333+00:00,"{'reason': 'Terjadinya peningkatan harga kumulatif yang signifikan pada saham TRON.JK, dalam rangka cooling down sebagai bentuk perlindungan bagi investor', 'symbol': 'TRON.JK', 'pdf_url': 'https://www.idx.co.id/Portals/0/StaticData/NewsAndAnnouncement/ANNOUNCEMENTSTOCK/Exchange/2025/DES/20251208-WAS_Suspensi_TRON.pdf', 'suspension_date': '2025-12-09'}"
AYAM.JK,2025-12-05,Terjadinya peningkatan harga kumulatif yang signifikan pada saham AYAM.JK,https://www.idx.co.id/Portals/0/StaticData/NewsAndAnnouncement/ANNOUNCEMENTSTOCK/Exchange/2025/DES/20251204-WAS_Suspensi_AYAM.pdf,2026-09-11T07:54:15.210333+00:00,"{'reason': 'Terjadinya peningkatan harga kumulatif yang signifikan pada saham AYAM.JK', 'symbol': 'AYAM.JK', 'pdf_url': 'https://www.idx.co.id/Portals/0/StaticData/NewsAndAnnouncement/ANNOUNCEMENTSTOCK/Exchange/2025/DES/20251204-WAS_Suspensi_AYAM.pdf', 'suspension_date': '2025-12-05'}"
GTSI.JK,2025-12-05,"Terjadinya peningkatan harga kumulatif yang signifikan pada saham GTSI.JK, dalam rangka cooling down sebagai bentuk perlindungan bagi investor",https://www.idx.co.id/Portals/0/StaticData/NewsAndAnnouncement/ANNOUNCEMENTSTOCK/Exchange/2025/DES/20251204-WAS_Suspensi_GTSI.pdf,2026-09-11T07:54:15.210333+00:00,"{'reason': 'Terjadinya peningkatan harga kumulatif yang signifikan pada saham GTSI.JK, dalam rangka cooling down sebagai bentuk perlindungan bagi investor', 'symbol': 'GTSI.JK', 'pdf_url': 'https://www.idx.co.id/Portals/0/StaticData/NewsAndAnnouncement/ANNOUNCEMENTSTOCK/Exchange/2025/DES/20251204-WAS_Suspensi_GTSI.pdf', 'suspension_date': '2025-12-05'}"
IMJS.JK,2025-12-05,"Terjadinya peningkatan harga kumulatif yang signifikan pada saham IMJS.JK, dalam rangka cooling down sebagai bentuk perlindungan bagi investor",https://www.idx.co.id/Portals/0/StaticData/NewsAndAnnouncement/ANNOUNCEMENTSTOCK/Exchange/2025/DES/20251204-WAS_Suspensi_IMJS.pdf,2026-09-11T07:54:15.210333+00:00,"{'reason': 'Terjadinya peningkatan harga kumulatif yang signifikan pada saham IMJS.JK, dalam rangka cooling down sebagai bentuk perlindungan bagi investor', 'symbol': 'IMJS.JK', 'pdf_url': 'https://www.idx.co.id/Portals/0/StaticData/NewsAndAnnouncement/ANNOUNCEMENTSTOCK/Exchange/2025/DES/20251204-WAS_Suspensi_IMJS.pdf', 'suspension_date': '2025-12-05'}"
IRSX.JK,2025-12-05,"Terjadinya peningkatan harga kumulatif yang signifikan pada saham IRSX.JK, dalam rangka cooling down sebagai bentuk perlindungan bagi investor",https://www.idx.co.id/Portals/0/StaticData/NewsAndAnnouncement/ANNOUNCEMENTSTOCK/Exchange/2025/DES/20251204-WAS_Suspensi_IRSX.pdf,2026-09-11T07:54:15.210333+00:00,"{'reason': 'Terjadinya peningkatan harga kumulatif yang signifikan pada saham IRSX.JK, dalam rangka cooling down sebagai bentuk perlindungan bagi investor', 'symbol': 'IRSX.JK', 'pdf_url': 'https://www.idx.co.id/Portals/0/StaticData/NewsAndAnnouncement/ANNOUNCEMENTSTOCK/Exchange/2025/DES/20251204-WAS_Suspensi_IRSX.pdf', 'suspension_date': '2025-12-05'}"
LUCY.JK,2025-12-05,Terjadinya peningkatan harga kumulatif yang signifikan pada saham LUCY.JK,https://www.idx.co.id/Portals/0/StaticData/NewsAndAnnouncement/ANNOUNCEMENTSTOCK/Exchange/2025/DES/20251204-WAS_Suspensi_LUCY.pdf,2026-09-11T07:54:15.210333+00:00,"{'reason': 'Terjadinya peningkatan harga kumulatif yang signifikan pada saham LUCY.JK', 'symbol': 'LUCY.JK', 'pdf_url': 'https://www.idx.co.id/Portals/0/StaticData/NewsAndAnnouncement/ANNOUNCEMENTSTOCK/Exchange/2025/DES/20251204-WAS_Suspensi_LUCY.pdf', 'suspension_date': '2025-12-05'}"
TRUE.JK,2025-12-05,Terjadinya peningkatan harga kumulatif yang signifikan pada saham TRUE.JK,https://www.idx.co.id/Portals/0/StaticData/NewsAndAnnouncement/ANNOUNCEMENTSTOCK/Exchange/2025/DES/20251204-WAS_Suspensi_TRUE.pdf,2026-09-11T07:54:15.210333+00:00,"{'reason': 'Terjadinya peningkatan harga kumulatif yang signifikan pada saham TRUE.JK', 'symbol': 'TRUE.JK', 'pdf_url': 'https://www.idx.co.id/Portals/0/StaticData/NewsAndAnnouncement/ANNOUNCEMENTSTOCK/Exchange/2025/DES/20251204-WAS_Suspensi_TRUE.pdf', 'suspension_date': '2025-12-05'}"
INET.JK,2025-12-04,Terjadinya peningkatan harga kumulatif yang signifikan pada saham INET.JK,https://www.idx.co.id/Portals/0/StaticData/NewsAndAnnouncement/ANNOUNCEMENTSTOCK/Exchange/2025/DES/20251203-WAS_Suspensi_INET.pdf,2026-09-11T07:54:15.210333+00:00,"{'reason': 'Terjadinya peningkatan harga kumulatif yang signifikan pada saham INET.JK', 'symbol': 'INET.JK', 'pdf_url': 'https://www.idx.co.id/Portals/0/StaticData/NewsAndAnnouncement/ANNOUNCEMENTSTOCK/Exchange/2025/DES/20251203-WAS_Suspensi_INET.pdf', 'suspension_date': '2025-12-04'}"
PSKT.JK,2025-12-04,Terjadinya peningkatan harga kumulatif yang signifikan pada saham PSKT.JK,https://www.idx.co.id/Portals/0/StaticData/NewsAndAnnouncement/ANNOUNCEMENTSTOCK/Exchange/2025/DES/20251203-WAS_Suspensi_PSKT.pdf,2026-09-11T07:54:15.210333+00:00,"{'reason': 'Terjadinya peningkatan harga kumulatif yang signifikan pada saham PSKT.JK', 'symbol': 'PSKT.JK', 'pdf_url': 'https://www.idx.co.id/Portals/0/StaticData/NewsAndAnnouncement/ANNOUNCEMENTSTOCK/Exchange/2025/DES/20251203-WAS_Suspensi_PSKT.pdf', 'suspension_date': '2025-12-04'}"
ROCK.JK,2025-12-04,"Terjadinya peningkatan harga kumulatif yang signifikan pada saham ROCK.JK, dalam rangka cooling down sebagai bentuk perlindungan bagi investor",https://www.idx.co.id/Portals/0/StaticData/NewsAndAnnouncement/ANNOUNCEMENTSTOCK/Exchange/2025/DES/20251203-WAS_Suspensi_ROCK.pdf,2026-09-11T07:54:15.210333+00:00,"{'reason': 'Terjadinya peningkatan harga kumulatif yang signifikan pada saham ROCK.JK, dalam rangka cooling down sebagai bentuk perlindungan bagi investor', 'symbol': 'ROCK.JK', 'pdf_url': 'https://www.idx.co.id/Portals/0/StaticData/NewsAndAnnouncement/ANNOUNCEMENTSTOCK/Exchange/2025/DES/20251203-WAS_Suspensi_ROCK.pdf', 'suspension_date': '2025-12-04'}"
STAR.JK,2025-12-04,Terjadinya peningkatan harga kumulatif yang signifikan pada saham STAR.JK,https://www.idx.co.id/Portals/0/StaticData/NewsAndAnnouncement/ANNOUNCEMENTSTOCK/Exchange/2025/DES/20251203-WAS_Suspensi_STAR.pdf,2026-09-11T07:54:15.210333+00:00,"{'reason': 'Terjadinya peningkatan harga kumulatif yang signifikan pada saham STAR.JK', 'symbol': 'STAR.JK', 'pdf_url': 'https://www.idx.co.id/Portals/0/StaticData/NewsAndAnnouncement/ANNOUNCEMENTSTOCK/Exchange/2025/DES/20251203-WAS_Suspensi_STAR.pdf', 'suspension_date': '2025-12-04'}"
COAL.JK,2025-12-03,"Terjadinya peningkatan harga kumulatif yang signifikan pada saham COAL.JK, dalam rangka cooling down sebagai bentuk perlindungan bagi investor",https://www.idx.co.id/Portals/0/StaticData/NewsAndAnnouncement/ANNOUNCEMENTSTOCK/Exchange/2025/DES/20251202-WAS_Suspensi_COAL.pdf,2026-09-11T07:54:15.210333+00:00,"{'reason': 'Terjadinya peningkatan harga kumulatif yang signifikan pada saham COAL.JK, dalam rangka cooling down sebagai bentuk perlindungan bagi investor', 'symbol': 'COAL.JK', 'pdf_url': 'https://www.idx.co.id/Portals/0/StaticData/NewsAndAnnouncement/ANNOUNCEMENTSTOCK/Exchange/2025/DES/20251202-WAS_Suspensi_COAL.pdf', 'suspension_date': '2025-12-03'}"
IBFN.JK,2025-12-03,Terjadinya peningkatan harga kumulatif yang signifikan pada saham IBFN.JK,https://www.idx.co.id/Portals/0/StaticData/NewsAndAnnouncement/ANNOUNCEMENTSTOCK/Exchange/2025/DES/20251202-WAS_Suspensi_IBFN.pdf,2026-09-11T07:54:15.210333+00:00,"{'reason': 'Terjadinya peningkatan harga kumulatif yang signifikan pada saham IBFN.JK', 'symbol': 'IBFN.JK', 'pdf_url': 'https://www.idx.co.id/Portals/0/StaticData/NewsAndAnnouncement/ANNOUNCEMENTSTOCK/Exchange/2025/DES/20251202-WAS_Suspensi_IBFN.pdf', 'suspension_date': '2025-12-03'}"
LUCY.JK,2025-12-03,"Terjadinya peningkatan harga kumulatif yang signifikan pada saham LUCY.JK, dalam rangka cooling down sebagai bentuk perlindungan bagi investor",https://www.idx.co.id/Portals/0/StaticData/NewsAndAnnouncement/ANNOUNCEMENTSTOCK/Exchange/2025/DES/20251202-WAS_Suspensi_LUCY.pdf,2026-09-11T07:54:15.210333+00:00,"{'reason': 'Terjadinya peningkatan harga kumulatif yang signifikan pada saham LUCY.JK, dalam rangka cooling down sebagai bentuk perlindungan bagi investor', 'symbol': 'LUCY.JK', 'pdf_url': 'https://www.idx.co.id/Portals/0/StaticData/NewsAndAnnouncement/ANNOUNCEMENTSTOCK/Exchange/2025/DES/20251202-WAS_Suspensi_LUCY.pdf', 'suspension_date': '2025-12-03'}"
VKTR.JK,2025-12-03,Terjadinya peningkatan harga kumulatif yang signifikan pada saham VKTR.JK,https://www.idx.co.id/Portals/0/StaticData/NewsAndAnnouncement/ANNOUNCEMENTSTOCK/Exchange/2025/DES/20251202-WAS_Suspensi_VKTR.pdf,2026-09-11T07:54:15.210333+00:00,"{'reason': 'Terjadinya peningkatan harga kumulatif yang signifikan pada saham VKTR.JK', 'symbol': 'VKTR.JK', 'pdf_url': 'https://www.idx.co.id/Portals/0/StaticData/NewsAndAnnouncement/ANNOUNCEMENTSTOCK/Exchange/2025/DES/20251202-WAS_Suspensi_VKTR.pdf', 'suspension_date': '2025-12-03'}"
YELO.JK,2025-12-03,"Terjadinya peningkatan harga kumulatif yang signifikan pada saham YELO.JK, dalam rangka cooling down sebagai bentuk perlindungan bagi investor",https://www.idx.co.id/Portals/0/StaticData/NewsAndAnnouncement/ANNOUNCEMENTSTOCK/Exchange/2025/DES/20251202-WAS_Suspensi_YELO.pdf,2026-09-11T07:54:15.210333+00:00,"{'reason': 'Terjadinya peningkatan harga kumulatif yang signifikan pada saham YELO.JK, dalam rangka cooling down sebagai bentuk perlindungan bagi investor', 'symbol': 'YELO.JK', 'pdf_url': 'https://www.idx.co.id/Portals/0/StaticData/NewsAndAnnouncement/ANNOUNCEMENTSTOCK/Exchange/2025/DES/20251202-WAS_Suspensi_YELO.pdf', 'suspension_date': '2025-12-03'}"
ASLI.JK,2025-12-02,Terjadinya peningkatan harga kumulatif yang signifikan pada saham ASLI.JK,https://www.idx.co.id/Portals/0/StaticData/NewsAndAnnouncement/ANNOUNCEMENTSTOCK/Exchange/2025/DES/20251201-WAS_Suspensi_ASLI.pdf,2026-09-11T07:54:15.210333+00:00,"{'reason': 'Terjadinya peningkatan harga kumulatif yang signifikan pada saham ASLI.JK', 'symbol': 'ASLI.JK', 'pdf_url': 'https://www.idx.co.id/Portals/0/StaticData/NewsAndAnnouncement/ANNOUNCEMENTSTOCK/Exchange/2025/DES/20251201-WAS_Suspensi_ASLI.pdf', 'suspension_date': '2025-12-02'}"
MINA.JK,2025-12-02,"Terjadinya peningkatan harga kumulatif yang signifikan pada saham MINA.JK, dalam rangka cooling down sebagai bentuk perlindungan bagi investor",https://www.idx.co.id/Portals/0/StaticData/NewsAndAnnouncement/ANNOUNCEMENTSTOCK/Exchange/2025/DES/20251201-WAS_Suspensi_MINA.pdf,2026-09-11T07:54:15.210333+00:00,"{'reason': 'Terjadinya peningkatan harga kumulatif yang signifikan pada saham MINA.JK, dalam rangka cooling down sebagai bentuk perlindungan bagi investor', 'symbol': 'MINA.JK', 'pdf_url': 'https://www.idx.co.id/Portals/0/StaticData/NewsAndAnnouncement/ANNOUNCEMENTSTOCK/Exchange/2025/DES/20251201-WAS_Suspensi_MINA.pdf', 'suspension_date': '2025-12-02'}"
MPRO.JK,2025-12-02,Terjadinya peningkatan harga kumulatif yang signifikan pada saham MPRO.JK,https://www.idx.co.id/Portals/0/StaticData/NewsAndAnnouncement/ANNOUNCEMENTSTOCK/Exchange/2025/DES/20251201-WAS_Suspensi_MPRO.pdf,2026-09-11T07:54:15.210333+00:00,"{'reason': 'Terjadinya peningkatan harga kumulatif yang signifikan pada saham MPRO.JK', 'symbol': 'MPRO.JK', 'pdf_url': 'https://www.idx.co.id/Portals/0/StaticData/NewsAndAnnouncement/ANNOUNCEMENTSTOCK/Exchange/2025/DES/20251201-WAS_Suspensi_MPRO.pdf', 'suspension_date': '2025-12-02'}"
PSKT.JK,2025-12-02,"Terjadinya peningkatan harga kumulatif yang signifikan pada saham PSKT.JK, dalam rangka cooling down sebagai bentuk perlindungan bagi investor",https://www.idx.co.id/Portals/0/StaticData/NewsAndAnnouncement/ANNOUNCEMENTSTOCK/Exchange/2025/DES/20251201-WAS_Suspensi_PSKT.pdf,2026-09-11T07:54:15.210333+00:00,"{'reason': 'Terjadinya peningkatan harga kumulatif yang signifikan pada saham PSKT.JK, dalam rangka cooling down sebagai bentuk perlindungan bagi investor', 'symbol': 'PSKT.JK', 'pdf_url': 'https://www.idx.co.id/Portals/0/StaticData/NewsAndAnnouncement/ANNOUNCEMENTSTOCK/Exchange/2025/DES/20251201-WAS_Suspensi_PSKT.pdf', 'suspension_date': '2025-12-02'}"
STAR.JK,2025-12-02,"Terjadinya peningkatan harga kumulatif yang signifikan pada saham STAR.JK, dalam rangka cooling down sebagai bentuk perlindungan bagi investor",https://www.idx.co.id/Portals/0/StaticData/NewsAndAnnouncement/ANNOUNCEMENTSTOCK/Exchange/2025/DES/20251201-WAS_Suspensi_STAR.pdf,2026-09-11T07:54:15.210333+00:00,"{'reason': 'Terjadinya peningkatan harga kumulatif yang signifikan pada saham STAR.JK, dalam rangka cooling down sebagai bentuk perlindungan bagi investor', 'symbol': 'STAR.JK', 'pdf_url': 'https://www.idx.co.id/Portals/0/StaticData/NewsAndAnnouncement/ANNOUNCEMENTSTOCK/Exchange/2025/DES/20251201-WAS_Suspensi_STAR.pdf', 'suspension_date': '2025-12-02'}"
ARKO.JK,2025-11-28,Terjadinya peningkatan harga kumulatif yang signifikan pada saham ARKO.JK,https://www.idx.co.id/Portals/0/StaticData/NewsAndAnnouncement/ANNOUNCEMENTSTOCK/Exchange/2025/NOV/20251127-WAS_Suspensi_ARKO.pdf,2026-09-11T07:54:15.210333+00:00,"{'reason': 'Terjadinya peningkatan harga kumulatif yang signifikan pada saham ARKO.JK', 'symbol': 'ARKO.JK', 'pdf_url': 'https://www.idx.co.id/Portals/0/StaticData/NewsAndAnnouncement/ANNOUNCEMENTSTOCK/Exchange/2025/NOV/20251127-WAS_Suspensi_ARKO.pdf', 'suspension_date': '2025-11-28'}"
NRCA.JK,2025-11-28,Terjadinya peningkatan harga kumulatif yang signifikan pada saham NRCA.JK,https://www.idx.co.id/Portals/0/StaticData/NewsAndAnnouncement/ANNOUNCEMENTSTOCK/Exchange/2025/NOV/20251127-WAS_Suspensi_NRCA.pdf,2026-09-11T07:54:15.210333+00:00,"{'reason': 'Terjadinya peningkatan harga kumulatif yang signifikan pada saham NRCA.JK', 'symbol': 'NRCA.JK', 'pdf_url': 'https://www.idx.co.id/Portals/0/StaticData/NewsAndAnnouncement/ANNOUNCEMENTSTOCK/Exchange/2025/NOV/20251127-WAS_Suspensi_NRCA.pdf', 'suspension_date': '2025-11-28'}"
RATU.JK,2025-11-28,"Terjadinya peningkatan harga kumulatif yang signifikan pada saham RATU.JK, dalam rangka cooling down sebagai bentuk perlindungan bagi investor",https://www.idx.co.id/Portals/0/StaticData/NewsAndAnnouncement/ANNOUNCEMENTSTOCK/Exchange/2025/NOV/20251127-WAS_Suspensi_RATU.pdf,2026-09-11T07:54:15.210333+00:00,"{'reason': 'Terjadinya peningkatan harga kumulatif yang signifikan pada saham RATU.JK, dalam rangka cooling down sebagai bentuk perlindungan bagi investor', 'symbol': 'RATU.JK', 'pdf_url': 'https://www.idx.co.id/Portals/0/StaticData/NewsAndAnnouncement/ANNOUNCEMENTSTOCK/Exchange/2025/NOV/20251127-WAS_Suspensi_RATU.pdf', 'suspension_date': '2025-11-28'}"
BHAT.JK,2025-11-27,"Terjadinya peningkatan harga kumulatif yang signifikan pada saham BHAT.JK, dalam rangka cooling down sebagai bentuk perlindungan bagi investor",https://www.idx.co.id/Portals/0/StaticData/NewsAndAnnouncement/ANNOUNCEMENTSTOCK/Exchange/2025/NOV/20251126-WAS_Suspensi_BHAT.pdf,2026-09-11T07:54:15.210333+00:00,"{'reason': 'Terjadinya peningkatan harga kumulatif yang signifikan pada saham BHAT.JK, dalam rangka cooling down sebagai bentuk perlindungan bagi investor', 'symbol': 'BHAT.JK', 'pdf_url': 'https://www.idx.co.id/Portals/0/StaticData/NewsAndAnnouncement/ANNOUNCEMENTSTOCK/Exchange/2025/NOV/20251126-WAS_Suspensi_BHAT.pdf', 'suspension_date': '2025-11-27'}"
BOGA.JK,2025-11-27,"Terjadinya peningkatan harga kumulatif yang signifikan pada saham BOGA.JK, dalam rangka cooling down sebagai bentuk perlindungan bagi investor",https://www.idx.co.id/Portals/0/StaticData/NewsAndAnnouncement/ANNOUNCEMENTSTOCK/Exchange/2025/NOV/20251126-WAS_Suspensi_BOGA.pdf,2026-09-11T07:54:15.210333+00:00,"{'reason': 'Terjadinya peningkatan harga kumulatif yang signifikan pada saham BOGA.JK, dalam rangka cooling down sebagai bentuk perlindungan bagi investor', 'symbol': 'BOGA.JK', 'pdf_url': 'https://www.idx.co.id/Portals/0/StaticData/NewsAndAnnouncement/ANNOUNCEMENTSTOCK/Exchange/2025/NOV/20251126-WAS_Suspensi_BOGA.pdf', 'suspension_date': '2025-11-27'}"
PADA.JK,2025-11-27,"Terjadinya peningkatan harga kumulatif yang signifikan pada saham PADA.JK, dalam rangka cooling down sebagai bentuk perlindungan bagi investor",https://www.idx.co.id/Portals/0/StaticData/NewsAndAnnouncement/ANNOUNCEMENTSTOCK/Exchange/2025/NOV/20251126-WAS_Suspensi_PADA.pdf,2026-09-11T07:54:15.210333+00:00,"{'reason': 'Terjadinya peningkatan harga kumulatif yang signifikan pada saham PADA.JK, dalam rangka cooling down sebagai bentuk perlindungan bagi investor', 'symbol': 'PADA.JK', 'pdf_url': 'https://www.idx.co.id/Portals/0/StaticData/NewsAndAnnouncement/ANNOUNCEMENTSTOCK/Exchange/2025/NOV/20251126-WAS_Suspensi_PADA.pdf', 'suspension_date': '2025-11-27'}"
ARKO.JK,2025-11-26,"Terjadinya peningkatan harga kumulatif yang signifikan pada saham ARKO.JK, dalam rangka cooling down sebagai bentuk perlindungan bagi investor",https://www.idx.co.id/Portals/0/StaticData/NewsAndAnnouncement/ANNOUNCEMENTSTOCK/Exchange/2025/NOV/20251125-WAS_Suspensi_ARKO.pdf,2026-09-11T07:54:15.210333+00:00,"{'reason': 'Terjadinya peningkatan harga kumulatif yang signifikan pada saham ARKO.JK, dalam rangka cooling down sebagai bentuk perlindungan bagi investor', 'symbol': 'ARKO.JK', 'pdf_url': 'https://www.idx.co.id/Portals/0/StaticData/NewsAndAnnouncement/ANNOUNCEMENTSTOCK/Exchange/2025/NOV/20251125-WAS_Suspensi_ARKO.pdf', 'suspension_date': '2025-11-26'}"
AYAM.JK,2025-11-26,"Terjadinya peningkatan harga kumulatif yang signifikan pada saham AYAM.JK, dalam rangka cooling down sebagai bentuk perlindungan bagi investor",https://www.idx.co.id/Portals/0/StaticData/NewsAndAnnouncement/ANNOUNCEMENTSTOCK/Exchange/2025/NOV/20251125-WAS_Suspensi_AYAM.pdf,2026-09-11T07:54:15.210333+00:00,"{'reason': 'Terjadinya peningkatan harga kumulatif yang signifikan pada saham AYAM.JK, dalam rangka cooling down sebagai bentuk perlindungan bagi investor', 'symbol': 'AYAM.JK', 'pdf_url': 'https://www.idx.co.id/Portals/0/StaticData/NewsAndAnnouncement/ANNOUNCEMENTSTOCK/Exchange/2025/NOV/20251125-WAS_Suspensi_AYAM.pdf', 'suspension_date': '2025-11-26'}"
BUVA.JK,2025-11-26,Terjadinya peningkatan harga kumulatif yang signifikan pada saham BUVA.JK,https://www.idx.co.id/Portals/0/StaticData/NewsAndAnnouncement/ANNOUNCEMENTSTOCK/Exchange/2025/NOV/20251125-WAS_Suspensi_BUVA.pdf,2026-09-11T07:54:15.210333+00:00,"{'reason': 'Terjadinya peningkatan harga kumulatif yang signifikan pada saham BUVA.JK', 'symbol': 'BUVA.JK', 'pdf_url': 'https://www.idx.co.id/Portals/0/StaticData/NewsAndAnnouncement/ANNOUNCEMENTSTOCK/Exchange/2025/NOV/20251125-WAS_Suspensi_BUVA.pdf', 'suspension_date': '2025-11-26'}"
MGNA.JK,2025-11-26,Terjadinya peningkatan harga kumulatif yang signifikan pada saham MGNA.JK,https://www.idx.co.id/Portals/0/StaticData/NewsAndAnnouncement/ANNOUNCEMENTSTOCK/Exchange/2025/NOV/20251125-WAS_Suspensi_MGNA.pdf,2026-09-11T07:54:15.210333+00:00,"{'reason': 'Terjadinya peningkatan harga kumulatif yang signifikan pada saham MGNA.JK', 'symbol': 'MGNA.JK', 'pdf_url': 'https://www.idx.co.id/Portals/0/StaticData/NewsAndAnnouncement/ANNOUNCEMENTSTOCK/Exchange/2025/NOV/20251125-WAS_Suspensi_MGNA.pdf', 'suspension_date': '2025-11-26'}"
NRCA.JK,2025-11-26,"Terjadinya peningkatan harga kumulatif yang signifikan pada saham NRCA.JK, dalam rangka cooling down sebagai bentuk perlindungan bagi investor",https://www.idx.co.id/Portals/0/StaticData/NewsAndAnnouncement/ANNOUNCEMENTSTOCK/Exchange/2025/NOV/20251125-WAS_Suspensi_NRCA.pdf,2026-09-11T07:54:15.210333+00:00,"{'reason': 'Terjadinya peningkatan harga kumulatif yang signifikan pada saham NRCA.JK, dalam rangka cooling down sebagai bentuk perlindungan bagi investor', 'symbol': 'NRCA.JK', 'pdf_url': 'https://www.idx.co.id/Portals/0/StaticData/NewsAndAnnouncement/ANNOUNCEMENTSTOCK/Exchange/2025/NOV/20251125-WAS_Suspensi_NRCA.pdf', 'suspension_date': '2025-11-26'}"
SINI.JK,2025-11-26,Terjadinya peningkatan harga kumulatif yang signifikan pada saham SINI.JK,https://www.idx.co.id/Portals/0/StaticData/NewsAndAnnouncement/ANNOUNCEMENTSTOCK/Exchange/2025/NOV/20251125-WAS_Suspensi_SINI.pdf,2026-09-11T07:54:15.210333+00:00,"{'reason': 'Terjadinya peningkatan harga kumulatif yang signifikan pada saham SINI.JK', 'symbol': 'SINI.JK', 'pdf_url': 'https://www.idx.co.id/Portals/0/StaticData/NewsAndAnnouncement/ANNOUNCEMENTSTOCK/Exchange/2025/NOV/20251125-WAS_Suspensi_SINI.pdf', 'suspension_date': '2025-11-26'}"
INET.JK,2025-11-25,"Terjadinya peningkatan harga kumulatif yang signifikan pada saham INET.JK, dalam rangka cooling down sebagai bentuk perlindungan bagi investor",https://www.idx.co.id/Portals/0/StaticData/NewsAndAnnouncement/ANNOUNCEMENTSTOCK/Exchange/2025/NOV/20251124-WAS_Suspensi_INET.pdf,2026-09-11T07:54:15.210333+00:00,"{'reason': 'Terjadinya peningkatan harga kumulatif yang signifikan pada saham INET.JK, dalam rangka cooling down sebagai bentuk perlindungan bagi investor', 'symbol': 'INET.JK', 'pdf_url': 'https://www.idx.co.id/Portals/0/StaticData/NewsAndAnnouncement/ANNOUNCEMENTSTOCK/Exchange/2025/NOV/20251124-WAS_Suspensi_INET.pdf', 'suspension_date': '2025-11-25'}"
SINI.JK,2025-11-21,"Terjadinya peningkatan harga kumulatif yang signifikan pada saham SINI.JK, dalam rangka cooling down sebagai bentuk perlindungan bagi investor",https://www.idx.co.id/Portals/0/StaticData/NewsAndAnnouncement/ANNOUNCEMENTSTOCK/Exchange/2025/NOV/20251120-WAS_Suspensi_SINI.pdf,2026-09-11T07:54:15.210333+00:00,"{'reason': 'Terjadinya peningkatan harga kumulatif yang signifikan pada saham SINI.JK, dalam rangka cooling down sebagai bentuk perlindungan bagi investor', 'symbol': 'SINI.JK', 'pdf_url': 'https://www.idx.co.id/Portals/0/StaticData/NewsAndAnnouncement/ANNOUNCEMENTSTOCK/Exchange/2025/NOV/20251120-WAS_Suspensi_SINI.pdf', 'suspension_date': '2025-11-21'}"
TRIN.JK,2025-11-21,Terjadinya peningkatan harga kumulatif yang signifikan pada saham TRIN.JK,https://www.idx.co.id/Portals/0/StaticData/NewsAndAnnouncement/ANNOUNCEMENTSTOCK/Exchange/2025/NOV/20251120-WAS_Suspensi_TRIN.pdf,2026-09-11T07:54:15.210333+00:00,"{'reason': 'Terjadinya peningkatan harga kumulatif yang signifikan pada saham TRIN.JK', 'symbol': 'TRIN.JK', 'pdf_url': 'https://www.idx.co.id/Portals/0/StaticData/NewsAndAnnouncement/ANNOUNCEMENTSTOCK/Exchange/2025/NOV/20251120-WAS_Suspensi_TRIN.pdf', 'suspension_date': '2025-11-21'}"
ATAP.JK,2025-11-19,"Terjadinya peningkatan harga kumulatif yang signifikan pada saham ATAP.JK, dalam rangka cooling down sebagai bentuk perlindungan bagi investor",https://www.idx.co.id/Portals/0/StaticData/NewsAndAnnouncement/ANNOUNCEMENTSTOCK/Exchange/2025/NOV/20251118-WAS_Suspensi_ATAP.pdf,2026-09-11T07:54:15.210333+00:00,"{'reason': 'Terjadinya peningkatan harga kumulatif yang signifikan pada saham ATAP.JK, dalam rangka cooling down sebagai bentuk perlindungan bagi investor', 'symbol': 'ATAP.JK', 'pdf_url': 'https://www.idx.co.id/Portals/0/StaticData/NewsAndAnnouncement/ANNOUNCEMENTSTOCK/Exchange/2025/NOV/20251118-WAS_Suspensi_ATAP.pdf', 'suspension_date': '2025-11-19'}"
CSIS.JK,2025-11-19,"Terjadinya peningkatan harga kumulatif yang signifikan pada saham CSIS.JK, dalam rangka cooling down sebagai bentuk perlindungan bagi investor",https://www.idx.co.id/Portals/0/StaticData/NewsAndAnnouncement/ANNOUNCEMENTSTOCK/Exchange/2025/NOV/20251118-WAS_Suspensi_CSIS.pdf,2026-09-11T07:54:15.210333+00:00,"{'reason': 'Terjadinya peningkatan harga kumulatif yang signifikan pada saham CSIS.JK, dalam rangka cooling down sebagai bentuk perlindungan bagi investor', 'symbol': 'CSIS.JK', 'pdf_url': 'https://www.idx.co.id/Portals/0/StaticData/NewsAndAnnouncement/ANNOUNCEMENTSTOCK/Exchange/2025/NOV/20251118-WAS_Suspensi_CSIS.pdf', 'suspension_date': '2025-11-19'}"
LFLO.JK,2025-11-18,Terjadinya peningkatan harga kumulatif yang signifikan pada saham LFLO.JK,https://www.idx.co.id/Portals/0/StaticData/NewsAndAnnouncement/ANNOUNCEMENTSTOCK/Exchange/2025/NOV/20251117-WAS_Suspensi_LFLO.pdf,2026-09-11T07:54:15.210333+00:00,"{'reason': 'Terjadinya peningkatan harga kumulatif yang signifikan pada saham LFLO.JK', 'symbol': 'LFLO.JK', 'pdf_url': 'https://www.idx.co.id/Portals/0/StaticData/NewsAndAnnouncement/ANNOUNCEMENTSTOCK/Exchange/2025/NOV/20251117-WAS_Suspensi_LFLO.pdf', 'suspension_date': '2025-11-18'}"
KDTN.JK,2025-11-13,"Terjadinya peningkatan harga kumulatif yang signifikan pada saham KDTN.JK, dalam rangka cooling down sebagai bentuk perlindungan bagi investor",https://www.idx.co.id/Portals/0/StaticData/NewsAndAnnouncement/ANNOUNCEMENTSTOCK/Exchange/2025/NOV/20251112-WAS_Suspensi_KDTN.pdf,2026-09-11T07:54:15.210333+00:00,"{'reason': 'Terjadinya peningkatan harga kumulatif yang signifikan pada saham KDTN.JK, dalam rangka cooling down sebagai bentuk perlindungan bagi investor', 'symbol': 'KDTN.JK', 'pdf_url': 'https://www.idx.co.id/Portals/0/StaticData/NewsAndAnnouncement/ANNOUNCEMENTSTOCK/Exchange/2025/NOV/20251112-WAS_Suspensi_KDTN.pdf', 'suspension_date': '2025-11-13'}"
FPNI.JK,2025-11-12,Terjadinya peningkatan harga kumulatif yang signifikan pada saham FPNI.JK,https://www.idx.co.id/Portals/0/StaticData/NewsAndAnnouncement/ANNOUNCEMENTSTOCK/Exchange/2025/NOV/20251111-WAS_Suspensi_FPNI.pdf,2026-09-11T07:54:15.210333+00:00,"{'reason': 'Terjadinya peningkatan harga kumulatif yang signifikan pada saham FPNI.JK', 'symbol': 'FPNI.JK', 'pdf_url': 'https://www.idx.co.id/Portals/0/StaticData/NewsAndAnnouncement/ANNOUNCEMENTSTOCK/Exchange/2025/NOV/20251111-WAS_Suspensi_FPNI.pdf', 'suspension_date': '2025-11-12'}"
MGNA.JK,2025-11-12,"Terjadinya peningkatan harga kumulatif yang signifikan pada saham MGNA.JK, dalam rangka cooling down sebagai bentuk perlindungan bagi investor",https://www.idx.co.id/Portals/0/StaticData/NewsAndAnnouncement/ANNOUNCEMENTSTOCK/Exchange/2025/NOV/20251111-WAS_Suspensi_MGNA.pdf,2026-09-11T07:54:15.210333+00:00,"{'reason': 'Terjadinya peningkatan harga kumulatif yang signifikan pada saham MGNA.JK, dalam rangka cooling down sebagai bentuk perlindungan bagi investor', 'symbol': 'MGNA.JK', 'pdf_url': 'https://www.idx.co.id/Portals/0/StaticData/NewsAndAnnouncement/ANNOUNCEMENTSTOCK/Exchange/2025/NOV/20251111-WAS_Suspensi_MGNA.pdf', 'suspension_date': '2025-11-12'}"
DUCK.JK,2021-08-30,Suspend more than 6 month,https://www.idx.co.id/StaticData/NewsAndAnnouncement/ANNOUNCEMENTSTOCK/From_EREP/202510/4a50b93a3c_1ca52e23f6.pdf,2026-09-11T07:54:15.831245+00:00,"{'reason': 'Suspend more than 6 month', 'symbol': 'DUCK.JK', 'pdf_url': 'https://www.idx.co.id/StaticData/NewsAndAnnouncement/ANNOUNCEMENTSTOCK/From_EREP/202510/4a50b93a3c_1ca52e23f6.pdf', 'suspension_date': '2021-08-30'}"
NIRO.JK,2025-11-07,Terjadinya peningkatan harga kumulatif yang signifikan pada saham NIRO.JK,https://www.idx.co.id/Portals/0/StaticData/NewsAndAnnouncement/ANNOUNCEMENTSTOCK/Exchange/2025/NOV/20251106-WAS_Suspensi_NIRO.pdf,2026-09-11T07:54:15.210333+00:00,"{'reason': 'Terjadinya peningkatan harga kumulatif yang signifikan pada saham NIRO.JK', 'symbol': 'NIRO.JK', 'pdf_url': 'https://www.idx.co.id/Portals/0/StaticData/NewsAndAnnouncement/ANNOUNCEMENTSTOCK/Exchange/2025/NOV/20251106-WAS_Suspensi_NIRO.pdf', 'suspension_date': '2025-11-07'}"
FOOD.JK,2025-11-06,Terjadinya peningkatan harga kumulatif yang signifikan pada saham FOOD.JK,https://www.idx.co.id/Portals/0/StaticData/NewsAndAnnouncement/ANNOUNCEMENTSTOCK/Exchange/2025/NOV/20251105-WAS_Suspensi_FOOD.pdf,2026-09-11T07:54:15.210333+00:00,"{'reason': 'Terjadinya peningkatan harga kumulatif yang signifikan pada saham FOOD.JK', 'symbol': 'FOOD.JK', 'pdf_url': 'https://www.idx.co.id/Portals/0/StaticData/NewsAndAnnouncement/ANNOUNCEMENTSTOCK/Exchange/2025/NOV/20251105-WAS_Suspensi_FOOD.pdf', 'suspension_date': '2025-11-06'}"
KICI.JK,2025-11-05,"Terjadinya peningkatan harga kumulatif yang signifikan pada saham KICI.JK, dalam rangka cooling down sebagai bentuk perlindungan bagi investor",https://www.idx.co.id/Portals/0/StaticData/NewsAndAnnouncement/ANNOUNCEMENTSTOCK/Exchange/2025/NOV/20251104-WAS_Suspensi_KICI.pdf,2026-09-11T07:54:15.210333+00:00,"{'reason': 'Terjadinya peningkatan harga kumulatif yang signifikan pada saham KICI.JK, dalam rangka cooling down sebagai bentuk perlindungan bagi investor', 'symbol': 'KICI.JK', 'pdf_url': 'https://www.idx.co.id/Portals/0/StaticData/NewsAndAnnouncement/ANNOUNCEMENTSTOCK/Exchange/2025/NOV/20251104-WAS_Suspensi_KICI.pdf', 'suspension_date': '2025-11-05'}"
MTPS.JK,2025-11-05,Efek Perseroan telah berada dalam papan pemantauan khusus selama lebih dari 1 (satu) tahun berturut-turut,https://www.idx.co.id/StaticData/NewsAndAnnouncement/ANNOUNCEMENTSTOCK/From_EREP/202511/923128abc8_5ba74ce93e.pdf,2026-09-11T07:54:15.210333+00:00,"{'reason': 'Efek Perseroan telah berada dalam papan pemantauan khusus selama lebih dari 1 (satu) tahun berturut-turut', 'symbol': 'MTPS.JK', 'pdf_url': 'https://www.idx.co.id/StaticData/NewsAndAnnouncement/ANNOUNCEMENTSTOCK/From_EREP/202511/923128abc8_5ba74ce93e.pdf', 'suspension_date': '2025-11-05'}"
DPNS.JK,2025-10-31,Sehubungan dengan adanya ketidakpastian atas kelangsungan usaha,https://www.idx.co.id/StaticData/NewsAndAnnouncement/ANNOUNCEMENTSTOCK/From_EREP/202510/6bdfd83af1_63664a4205.pdf,2026-09-11T07:54:15.210333+00:00,"{'reason': 'Sehubungan dengan adanya ketidakpastian atas kelangsungan usaha', 'symbol': 'DPNS.JK', 'pdf_url': 'https://www.idx.co.id/StaticData/NewsAndAnnouncement/ANNOUNCEMENTSTOCK/From_EREP/202510/6bdfd83af1_63664a4205.pdf', 'suspension_date': '2025-10-31'}"
LFLO.JK,2025-10-31,"Terjadinya peningkatan harga kumulatif yang signifikan pada saham LFLO.JK, dalam rangka cooling down sebagai bentuk perlindungan bagi investor",https://www.idx.co.id/Portals/0/StaticData/NewsAndAnnouncement/ANNOUNCEMENTSTOCK/Exchange/2025/OKT/20251030-WAS_Suspensi_LFLO.pdf,2026-09-11T07:54:15.210333+00:00,"{'reason': 'Terjadinya peningkatan harga kumulatif yang signifikan pada saham LFLO.JK, dalam rangka cooling down sebagai bentuk perlindungan bagi investor', 'symbol': 'LFLO.JK', 'pdf_url': 'https://www.idx.co.id/Portals/0/StaticData/NewsAndAnnouncement/ANNOUNCEMENTSTOCK/Exchange/2025/OKT/20251030-WAS_Suspensi_LFLO.pdf', 'suspension_date': '2025-10-31'}"
SSTM.JK,2025-10-31,Terjadinya peningkatan harga kumulatif yang signifikan pada saham SSTM.JK,https://www.idx.co.id/Portals/0/StaticData/NewsAndAnnouncement/ANNOUNCEMENTSTOCK/Exchange/2025/OKT/20251030-WAS_Suspensi_SSTM.pdf,2026-09-11T07:54:15.210333+00:00,"{'reason': 'Terjadinya peningkatan harga kumulatif yang signifikan pada saham SSTM.JK', 'symbol': 'SSTM.JK', 'pdf_url': 'https://www.idx.co.id/Portals/0/StaticData/NewsAndAnnouncement/ANNOUNCEMENTSTOCK/Exchange/2025/OKT/20251030-WAS_Suspensi_SSTM.pdf', 'suspension_date': '2025-10-31'}"
AMMS.JK,2025-10-30,Terjadinya peningkatan harga kumulatif yang signifikan pada saham AMMS.JK,https://www.idx.co.id/Portals/0/StaticData/NewsAndAnnouncement/ANNOUNCEMENTSTOCK/Exchange/2025/OKT/20251029-WAS_Suspensi_AMMS.pdf,2026-09-11T07:54:15.210333+00:00,"{'reason': 'Terjadinya peningkatan harga kumulatif yang signifikan pada saham AMMS.JK', 'symbol': 'AMMS.JK', 'pdf_url': 'https://www.idx.co.id/Portals/0/StaticData/NewsAndAnnouncement/ANNOUNCEMENTSTOCK/Exchange/2025/OKT/20251029-WAS_Suspensi_AMMS.pdf', 'suspension_date': '2025-10-30'}"
PURI.JK,2025-10-29,Terjadinya peningkatan harga kumulatif yang signifikan pada saham PURI.JK,https://www.idx.co.id/Portals/0/StaticData/NewsAndAnnouncement/ANNOUNCEMENTSTOCK/Exchange/2025/OKT/20251028-WAS_Suspensi_PURI.pdf,2026-09-11T07:54:15.210333+00:00,"{'reason': 'Terjadinya peningkatan harga kumulatif yang signifikan pada saham PURI.JK', 'symbol': 'PURI.JK', 'pdf_url': 'https://www.idx.co.id/Portals/0/StaticData/NewsAndAnnouncement/ANNOUNCEMENTSTOCK/Exchange/2025/OKT/20251028-WAS_Suspensi_PURI.pdf', 'suspension_date': '2025-10-29'}"
SOHO.JK,2025-10-29,Terjadinya peningkatan harga kumulatif yang signifikan pada saham SOHO.JK,https://www.idx.co.id/Portals/0/StaticData/NewsAndAnnouncement/ANNOUNCEMENTSTOCK/Exchange/2025/OKT/20251028-WAS_Suspensi_SOHO.pdf,2026-09-11T07:54:15.210333+00:00,"{'reason': 'Terjadinya peningkatan harga kumulatif yang signifikan pada saham SOHO.JK', 'symbol': 'SOHO.JK', 'pdf_url': 'https://www.idx.co.id/Portals/0/StaticData/NewsAndAnnouncement/ANNOUNCEMENTSTOCK/Exchange/2025/OKT/20251028-WAS_Suspensi_SOHO.pdf', 'suspension_date': '2025-10-29'}"
SSTM.JK,2025-10-29,"Terjadinya peningkatan harga kumulatif yang signifikan pada saham SSTM.JK, dalam rangka cooling down sebagai bentuk perlindungan bagi investor",https://www.idx.co.id/Portals/0/StaticData/NewsAndAnnouncement/ANNOUNCEMENTSTOCK/Exchange/2025/OKT/20251028-WAS_Suspensi_SSTM.pdf,2026-09-11T07:54:15.210333+00:00,"{'reason': 'Terjadinya peningkatan harga kumulatif yang signifikan pada saham SSTM.JK, dalam rangka cooling down sebagai bentuk perlindungan bagi investor', 'symbol': 'SSTM.JK', 'pdf_url': 'https://www.idx.co.id/Portals/0/StaticData/NewsAndAnnouncement/ANNOUNCEMENTSTOCK/Exchange/2025/OKT/20251028-WAS_Suspensi_SSTM.pdf', 'suspension_date': '2025-10-29'}"
GLOB.JK,2025-10-27,Suspend more than 6 month,https://www.idx.co.id/StaticData/NewsAndAnnouncement/ANNOUNCEMENTSTOCK/From_EREP/202607/950fb01adf_3be20222ac.pdf,2026-09-11T07:54:15.210333+00:00,"{'reason': 'Suspend more than 6 month', 'symbol': 'GLOB.JK', 'pdf_url': 'https://www.idx.co.id/StaticData/NewsAndAnnouncement/ANNOUNCEMENTSTOCK/From_EREP/202607/950fb01adf_3be20222ac.pdf', 'suspension_date': '2025-10-27'}"
AYLS.JK,2025-10-24,Terjadinya peningkatan harga kumulatif yang signifikan pada saham AYLS.JK,https://www.idx.co.id/Portals/0/StaticData/NewsAndAnnouncement/ANNOUNCEMENTSTOCK/Exchange/2025/OKT/20251023-WAS_Suspensi_AYLS.pdf,2026-09-11T07:54:15.210333+00:00,"{'reason': 'Terjadinya peningkatan harga kumulatif yang signifikan pada saham AYLS.JK', 'symbol': 'AYLS.JK', 'pdf_url': 'https://www.idx.co.id/Portals/0/StaticData/NewsAndAnnouncement/ANNOUNCEMENTSTOCK/Exchange/2025/OKT/20251023-WAS_Suspensi_AYLS.pdf', 'suspension_date': '2025-10-24'}"
KONI.JK,2025-10-24,Terjadinya peningkatan harga kumulatif yang signifikan pada saham KONI.JK,https://www.idx.co.id/Portals/0/StaticData/NewsAndAnnouncement/ANNOUNCEMENTSTOCK/Exchange/2025/OKT/20251023-WAS_Suspensi_KONI.pdf,2026-09-11T07:54:15.210333+00:00,"{'reason': 'Terjadinya peningkatan harga kumulatif yang signifikan pada saham KONI.JK', 'symbol': 'KONI.JK', 'pdf_url': 'https://www.idx.co.id/Portals/0/StaticData/NewsAndAnnouncement/ANNOUNCEMENTSTOCK/Exchange/2025/OKT/20251023-WAS_Suspensi_KONI.pdf', 'suspension_date': '2025-10-24'}"
NIRO.JK,2025-10-24,"Terjadinya peningkatan harga kumulatif yang signifikan pada saham NIRO.JK, dalam rangka cooling down sebagai bentuk perlindungan bagi investor",https://www.idx.co.id/Portals/0/StaticData/NewsAndAnnouncement/ANNOUNCEMENTSTOCK/Exchange/2025/OKT/20251023-WAS_Suspensi_NIRO.pdf,2026-09-11T07:54:15.210333+00:00,"{'reason': 'Terjadinya peningkatan harga kumulatif yang signifikan pada saham NIRO.JK, dalam rangka cooling down sebagai bentuk perlindungan bagi investor', 'symbol': 'NIRO.JK', 'pdf_url': 'https://www.idx.co.id/Portals/0/StaticData/NewsAndAnnouncement/ANNOUNCEMENTSTOCK/Exchange/2025/OKT/20251023-WAS_Suspensi_NIRO.pdf', 'suspension_date': '2025-10-24'}"
PUDP.JK,2025-10-24,Terjadinya peningkatan harga kumulatif yang signifikan pada saham PUDP.JK,https://www.idx.co.id/Portals/0/StaticData/NewsAndAnnouncement/ANNOUNCEMENTSTOCK/Exchange/2025/OKT/20251023-WAS_Suspensi_PUDP.pdf,2026-09-11T07:54:15.210333+00:00,"{'reason': 'Terjadinya peningkatan harga kumulatif yang signifikan pada saham PUDP.JK', 'symbol': 'PUDP.JK', 'pdf_url': 'https://www.idx.co.id/Portals/0/StaticData/NewsAndAnnouncement/ANNOUNCEMENTSTOCK/Exchange/2025/OKT/20251023-WAS_Suspensi_PUDP.pdf', 'suspension_date': '2025-10-24'}"
PURI.JK,2025-10-23,"Terjadinya peningkatan harga kumulatif yang signifikan pada saham PURI.JK, dalam rangka cooling down sebagai bentuk perlindungan bagi investor",https://www.idx.co.id/Portals/0/StaticData/NewsAndAnnouncement/ANNOUNCEMENTSTOCK/Exchange/2025/OKT/20251022-WAS_Suspensi_PURI.pdf,2026-09-11T07:54:15.210333+00:00,"{'reason': 'Terjadinya peningkatan harga kumulatif yang signifikan pada saham PURI.JK, dalam rangka cooling down sebagai bentuk perlindungan bagi investor', 'symbol': 'PURI.JK', 'pdf_url': 'https://www.idx.co.id/Portals/0/StaticData/NewsAndAnnouncement/ANNOUNCEMENTSTOCK/Exchange/2025/OKT/20251022-WAS_Suspensi_PURI.pdf', 'suspension_date': '2025-10-23'}"
GLOB.JK,2025-10-22,"Terjadinya peningkatan harga kumulatif yang signifikan pada saham GLOB.JK, dalam rangka cooling down sebagai bentuk perlindungan bagi investor",https://www.idx.co.id/Portals/0/StaticData/NewsAndAnnouncement/ANNOUNCEMENTSTOCK/Exchange/2025/OKT/20251021-WAS_Suspensi_GLOB.pdf,2026-09-11T07:54:15.210333+00:00,"{'reason': 'Terjadinya peningkatan harga kumulatif yang signifikan pada saham GLOB.JK, dalam rangka cooling down sebagai bentuk perlindungan bagi investor', 'symbol': 'GLOB.JK', 'pdf_url': 'https://www.idx.co.id/Portals/0/StaticData/NewsAndAnnouncement/ANNOUNCEMENTSTOCK/Exchange/2025/OKT/20251021-WAS_Suspensi_GLOB.pdf', 'suspension_date': '2025-10-22'}"
MORA.JK,2025-10-22,Terjadinya peningkatan harga kumulatif yang signifikan pada saham MORA.JK,https://www.idx.co.id/Portals/0/StaticData/NewsAndAnnouncement/ANNOUNCEMENTSTOCK/Exchange/2025/OKT/20251021-WAS_Suspensi_MORA.pdf,2026-09-11T07:54:15.210333+00:00,"{'reason': 'Terjadinya peningkatan harga kumulatif yang signifikan pada saham MORA.JK', 'symbol': 'MORA.JK', 'pdf_url': 'https://www.idx.co.id/Portals/0/StaticData/NewsAndAnnouncement/ANNOUNCEMENTSTOCK/Exchange/2025/OKT/20251021-WAS_Suspensi_MORA.pdf', 'suspension_date': '2025-10-22'}"
PGLI.JK,2025-10-22,Terjadinya peningkatan harga kumulatif yang signifikan pada saham PGLI.JK,https://www.idx.co.id/Portals/0/StaticData/NewsAndAnnouncement/ANNOUNCEMENTSTOCK/Exchange/2025/OKT/20251021-WAS_Suspensi_PGLI.pdf,2026-09-11T07:54:15.210333+00:00,"{'reason': 'Terjadinya peningkatan harga kumulatif yang signifikan pada saham PGLI.JK', 'symbol': 'PGLI.JK', 'pdf_url': 'https://www.idx.co.id/Portals/0/StaticData/NewsAndAnnouncement/ANNOUNCEMENTSTOCK/Exchange/2025/OKT/20251021-WAS_Suspensi_PGLI.pdf', 'suspension_date': '2025-10-22'}"
TRUE.JK,2025-10-22,Terjadinya peningkatan harga kumulatif yang signifikan pada saham TRUE.JK,https://www.idx.co.id/Portals/0/StaticData/NewsAndAnnouncement/ANNOUNCEMENTSTOCK/Exchange/2025/OKT/20251021-WAS_Suspensi_TRUE.pdf,2026-09-11T07:54:15.210333+00:00,"{'reason': 'Terjadinya peningkatan harga kumulatif yang signifikan pada saham TRUE.JK', 'symbol': 'TRUE.JK', 'pdf_url': 'https://www.idx.co.id/Portals/0/StaticData/NewsAndAnnouncement/ANNOUNCEMENTSTOCK/Exchange/2025/OKT/20251021-WAS_Suspensi_TRUE.pdf', 'suspension_date': '2025-10-22'}"
WAPO.JK,2025-10-22,"Terjadinya peningkatan harga kumulatif yang signifikan pada saham WAPO.JK, dalam rangka cooling down sebagai bentuk perlindungan bagi investor",https://www.idx.co.id/Portals/0/StaticData/NewsAndAnnouncement/ANNOUNCEMENTSTOCK/Exchange/2025/OKT/20251021-WAS_Suspensi_WAPO.pdf,2026-09-11T07:54:15.210333+00:00,"{'reason': 'Terjadinya peningkatan harga kumulatif yang signifikan pada saham WAPO.JK, dalam rangka cooling down sebagai bentuk perlindungan bagi investor', 'symbol': 'WAPO.JK', 'pdf_url': 'https://www.idx.co.id/Portals/0/StaticData/NewsAndAnnouncement/ANNOUNCEMENTSTOCK/Exchange/2025/OKT/20251021-WAS_Suspensi_WAPO.pdf', 'suspension_date': '2025-10-22'}"
BLUE.JK,2025-10-21,Terjadinya peningkatan harga kumulatif yang signifikan pada saham BLUE.JK,https://www.idx.co.id/Portals/0/StaticData/NewsAndAnnouncement/ANNOUNCEMENTSTOCK/Exchange/2025/OKT/20251020-WAS_Suspensi_BLUE.pdf,2026-09-11T07:54:15.210333+00:00,"{'reason': 'Terjadinya peningkatan harga kumulatif yang signifikan pada saham BLUE.JK', 'symbol': 'BLUE.JK', 'pdf_url': 'https://www.idx.co.id/Portals/0/StaticData/NewsAndAnnouncement/ANNOUNCEMENTSTOCK/Exchange/2025/OKT/20251020-WAS_Suspensi_BLUE.pdf', 'suspension_date': '2025-10-21'}"
ASPI.JK,2025-10-15,Terjadinya peningkatan harga kumulatif yang signifikan pada saham ASPI.JK,https://www.idx.co.id/Portals/0/StaticData/NewsAndAnnouncement/ANNOUNCEMENTSTOCK/Exchange/2025/OKT/20251014-WAS_Suspensi_ASPI.pdf,2026-09-11T07:54:15.210333+00:00,"{'reason': 'Terjadinya peningkatan harga kumulatif yang signifikan pada saham ASPI.JK', 'symbol': 'ASPI.JK', 'pdf_url': 'https://www.idx.co.id/Portals/0/StaticData/NewsAndAnnouncement/ANNOUNCEMENTSTOCK/Exchange/2025/OKT/20251014-WAS_Suspensi_ASPI.pdf', 'suspension_date': '2025-10-15'}"
MORA.JK,2025-10-15,"Terjadinya peningkatan harga kumulatif yang signifikan pada saham MORA.JK, dalam rangka cooling down sebagai bentuk perlindungan bagi investor",https://www.idx.co.id/Portals/0/StaticData/NewsAndAnnouncement/ANNOUNCEMENTSTOCK/Exchange/2025/OKT/20251014-WAS_Suspensi_MORA.pdf,2026-09-11T07:54:15.210333+00:00,"{'reason': 'Terjadinya peningkatan harga kumulatif yang signifikan pada saham MORA.JK, dalam rangka cooling down sebagai bentuk perlindungan bagi investor', 'symbol': 'MORA.JK', 'pdf_url': 'https://www.idx.co.id/Portals/0/StaticData/NewsAndAnnouncement/ANNOUNCEMENTSTOCK/Exchange/2025/OKT/20251014-WAS_Suspensi_MORA.pdf', 'suspension_date': '2025-10-15'}"
AYLS.JK,2025-10-14,"Terjadinya peningkatan harga kumulatif yang signifikan pada saham AYLS.JK, dalam rangka cooling down sebagai bentuk perlindungan bagi investor",https://www.idx.co.id/Portals/0/StaticData/NewsAndAnnouncement/ANNOUNCEMENTSTOCK/Exchange/2025/OKT/20251013-WAS_Suspensi_AYLS.pdf,2026-09-11T07:54:15.210333+00:00,"{'reason': 'Terjadinya peningkatan harga kumulatif yang signifikan pada saham AYLS.JK, dalam rangka cooling down sebagai bentuk perlindungan bagi investor', 'symbol': 'AYLS.JK', 'pdf_url': 'https://www.idx.co.id/Portals/0/StaticData/NewsAndAnnouncement/ANNOUNCEMENTSTOCK/Exchange/2025/OKT/20251013-WAS_Suspensi_AYLS.pdf', 'suspension_date': '2025-10-14'}"
PGLI.JK,2025-10-14,"Terjadinya peningkatan harga kumulatif yang signifikan pada saham PGLI.JK, dalam rangka cooling down sebagai bentuk perlindungan bagi investor",https://www.idx.co.id/Portals/0/StaticData/NewsAndAnnouncement/ANNOUNCEMENTSTOCK/Exchange/2025/OKT/20251013-WAS_Suspensi_PGLI.pdf,2026-09-11T07:54:15.210333+00:00,"{'reason': 'Terjadinya peningkatan harga kumulatif yang signifikan pada saham PGLI.JK, dalam rangka cooling down sebagai bentuk perlindungan bagi investor', 'symbol': 'PGLI.JK', 'pdf_url': 'https://www.idx.co.id/Portals/0/StaticData/NewsAndAnnouncement/ANNOUNCEMENTSTOCK/Exchange/2025/OKT/20251013-WAS_Suspensi_PGLI.pdf', 'suspension_date': '2025-10-14'}"
TRUE.JK,2025-10-14,"Terjadinya peningkatan harga kumulatif yang signifikan pada saham TRUE.JK, dalam rangka cooling down sebagai bentuk perlindungan bagi investor",https://www.idx.co.id/Portals/0/StaticData/NewsAndAnnouncement/ANNOUNCEMENTSTOCK/Exchange/2025/OKT/20251013-WAS_Suspensi_TRUE.pdf,2026-09-11T07:54:15.210333+00:00,"{'reason': 'Terjadinya peningkatan harga kumulatif yang signifikan pada saham TRUE.JK, dalam rangka cooling down sebagai bentuk perlindungan bagi investor', 'symbol': 'TRUE.JK', 'pdf_url': 'https://www.idx.co.id/Portals/0/StaticData/NewsAndAnnouncement/ANNOUNCEMENTSTOCK/Exchange/2025/OKT/20251013-WAS_Suspensi_TRUE.pdf', 'suspension_date': '2025-10-14'}"
FOLK.JK,2025-10-10,Terjadinya peningkatan harga kumulatif yang signifikan pada saham FOLK.JK,https://www.idx.co.id/Portals/0/StaticData/NewsAndAnnouncement/ANNOUNCEMENTSTOCK/Exchange/2025/OKT/20251009-WAS_Suspensi_FOLK.pdf,2026-09-11T07:54:15.210333+00:00,"{'reason': 'Terjadinya peningkatan harga kumulatif yang signifikan pada saham FOLK.JK', 'symbol': 'FOLK.JK', 'pdf_url': 'https://www.idx.co.id/Portals/0/StaticData/NewsAndAnnouncement/ANNOUNCEMENTSTOCK/Exchange/2025/OKT/20251009-WAS_Suspensi_FOLK.pdf', 'suspension_date': '2025-10-10'}"
TFAS.JK,2025-10-10,"Terjadinya peningkatan harga kumulatif yang signifikan pada saham TFAS.JK, dalam rangka cooling down sebagai bentuk perlindungan bagi investor",https://www.idx.co.id/Portals/0/StaticData/NewsAndAnnouncement/ANNOUNCEMENTSTOCK/Exchange/2025/OKT/20251009-WAS_Suspensi_TFAS.pdf,2026-09-11T07:54:15.210333+00:00,"{'reason': 'Terjadinya peningkatan harga kumulatif yang signifikan pada saham TFAS.JK, dalam rangka cooling down sebagai bentuk perlindungan bagi investor', 'symbol': 'TFAS.JK', 'pdf_url': 'https://www.idx.co.id/Portals/0/StaticData/NewsAndAnnouncement/ANNOUNCEMENTSTOCK/Exchange/2025/OKT/20251009-WAS_Suspensi_TFAS.pdf', 'suspension_date': '2025-10-10'}"
TINS.JK,2025-10-10,Terjadinya peningkatan harga kumulatif yang signifikan pada saham TINS.JK,https://www.idx.co.id/Portals/0/StaticData/NewsAndAnnouncement/ANNOUNCEMENTSTOCK/Exchange/2025/OKT/20251009-WAS_Suspensi_TINS.pdf,2026-09-11T07:54:15.210333+00:00,"{'reason': 'Terjadinya peningkatan harga kumulatif yang signifikan pada saham TINS.JK', 'symbol': 'TINS.JK', 'pdf_url': 'https://www.idx.co.id/Portals/0/StaticData/NewsAndAnnouncement/ANNOUNCEMENTSTOCK/Exchange/2025/OKT/20251009-WAS_Suspensi_TINS.pdf', 'suspension_date': '2025-10-10'}"
YPAS.JK,2025-10-10,"Terjadinya peningkatan harga kumulatif yang signifikan pada saham YPAS.JK, dalam rangka cooling down sebagai bentuk perlindungan bagi investor",https://www.idx.co.id/Portals/0/StaticData/NewsAndAnnouncement/ANNOUNCEMENTSTOCK/Exchange/2025/OKT/20251009-WAS_Suspensi_YPAS.pdf,2026-09-11T07:54:15.210333+00:00,"{'reason': 'Terjadinya peningkatan harga kumulatif yang signifikan pada saham YPAS.JK, dalam rangka cooling down sebagai bentuk perlindungan bagi investor', 'symbol': 'YPAS.JK', 'pdf_url': 'https://www.idx.co.id/Portals/0/StaticData/NewsAndAnnouncement/ANNOUNCEMENTSTOCK/Exchange/2025/OKT/20251009-WAS_Suspensi_YPAS.pdf', 'suspension_date': '2025-10-10'}"
AGII.JK,2025-10-09,Terjadinya peningkatan harga kumulatif yang signifikan pada saham AGII.JK,https://www.idx.co.id/Portals/0/StaticData/NewsAndAnnouncement/ANNOUNCEMENTSTOCK/Exchange/2025/OKT/20251008-WAS_Suspensi_AGII.pdf,2026-09-11T07:54:15.210333+00:00,"{'reason': 'Terjadinya peningkatan harga kumulatif yang signifikan pada saham AGII.JK', 'symbol': 'AGII.JK', 'pdf_url': 'https://www.idx.co.id/Portals/0/StaticData/NewsAndAnnouncement/ANNOUNCEMENTSTOCK/Exchange/2025/OKT/20251008-WAS_Suspensi_AGII.pdf', 'suspension_date': '2025-10-09'}"
ASHA.JK,2025-10-09,"Terjadinya peningkatan harga kumulatif yang signifikan pada saham ASHA.JK, dalam rangka cooling down sebagai bentuk perlindungan bagi investor",https://www.idx.co.id/Portals/0/StaticData/NewsAndAnnouncement/ANNOUNCEMENTSTOCK/Exchange/2025/OKT/20251008-WAS_Suspensi_ASHA.pdf,2026-09-11T07:54:15.210333+00:00,"{'reason': 'Terjadinya peningkatan harga kumulatif yang signifikan pada saham ASHA.JK, dalam rangka cooling down sebagai bentuk perlindungan bagi investor', 'symbol': 'ASHA.JK', 'pdf_url': 'https://www.idx.co.id/Portals/0/StaticData/NewsAndAnnouncement/ANNOUNCEMENTSTOCK/Exchange/2025/OKT/20251008-WAS_Suspensi_ASHA.pdf', 'suspension_date': '2025-10-09'}"
DADA.JK,2025-10-09,"Terjadinya peningkatan harga kumulatif yang signifikan pada saham DADA.JK, dalam rangka cooling down sebagai bentuk perlindungan bagi investor",https://www.idx.co.id/Portals/0/StaticData/NewsAndAnnouncement/ANNOUNCEMENTSTOCK/Exchange/2025/OKT/20251008-WAS_Suspensi_DADA.pdf,2026-09-11T07:54:15.210333+00:00,"{'reason': 'Terjadinya peningkatan harga kumulatif yang signifikan pada saham DADA.JK, dalam rangka cooling down sebagai bentuk perlindungan bagi investor', 'symbol': 'DADA.JK', 'pdf_url': 'https://www.idx.co.id/Portals/0/StaticData/NewsAndAnnouncement/ANNOUNCEMENTSTOCK/Exchange/2025/OKT/20251008-WAS_Suspensi_DADA.pdf', 'suspension_date': '2025-10-09'}"
ESTA.JK,2025-10-09,Terjadinya peningkatan harga kumulatif yang signifikan pada saham ESTA.JK,https://www.idx.co.id/Portals/0/StaticData/NewsAndAnnouncement/ANNOUNCEMENTSTOCK/Exchange/2025/OKT/20251008-WAS_Suspensi_ESTA.pdf,2026-09-11T07:54:15.210333+00:00,"{'reason': 'Terjadinya peningkatan harga kumulatif yang signifikan pada saham ESTA.JK', 'symbol': 'ESTA.JK', 'pdf_url': 'https://www.idx.co.id/Portals/0/StaticData/NewsAndAnnouncement/ANNOUNCEMENTSTOCK/Exchange/2025/OKT/20251008-WAS_Suspensi_ESTA.pdf', 'suspension_date': '2025-10-09'}"
NTBK.JK,2025-10-09,"Terjadinya peningkatan harga kumulatif yang signifikan pada saham NTBK.JK, dalam rangka cooling down sebagai bentuk perlindungan bagi investor",https://www.idx.co.id/Portals/0/StaticData/NewsAndAnnouncement/ANNOUNCEMENTSTOCK/Exchange/2025/OKT/20251008-WAS_Suspensi_NTBK.pdf,2026-09-11T07:54:15.210333+00:00,"{'reason': 'Terjadinya peningkatan harga kumulatif yang signifikan pada saham NTBK.JK, dalam rangka cooling down sebagai bentuk perlindungan bagi investor', 'symbol': 'NTBK.JK', 'pdf_url': 'https://www.idx.co.id/Portals/0/StaticData/NewsAndAnnouncement/ANNOUNCEMENTSTOCK/Exchange/2025/OKT/20251008-WAS_Suspensi_NTBK.pdf', 'suspension_date': '2025-10-09'}"
RMKE.JK,2025-10-09,Terjadinya peningkatan harga kumulatif yang signifikan pada saham RMKE.JK,https://www.idx.co.id/Portals/0/StaticData/NewsAndAnnouncement/ANNOUNCEMENTSTOCK/Exchange/2025/OKT/20251008-WAS_Suspensi_RMKE.pdf,2026-09-11T07:54:15.210333+00:00,"{'reason': 'Terjadinya peningkatan harga kumulatif yang signifikan pada saham RMKE.JK', 'symbol': 'RMKE.JK', 'pdf_url': 'https://www.idx.co.id/Portals/0/StaticData/NewsAndAnnouncement/ANNOUNCEMENTSTOCK/Exchange/2025/OKT/20251008-WAS_Suspensi_RMKE.pdf', 'suspension_date': '2025-10-09'}"
TRIN.JK,2025-10-09,"Terjadinya peningkatan harga kumulatif yang signifikan pada saham TRIN.JK, dalam rangka cooling down sebagai bentuk perlindungan bagi investor",https://www.idx.co.id/Portals/0/StaticData/NewsAndAnnouncement/ANNOUNCEMENTSTOCK/Exchange/2025/OKT/20251008-WAS_Suspensi_TRIN.pdf,2026-09-11T07:54:15.210333+00:00,"{'reason': 'Terjadinya peningkatan harga kumulatif yang signifikan pada saham TRIN.JK, dalam rangka cooling down sebagai bentuk perlindungan bagi investor', 'symbol': 'TRIN.JK', 'pdf_url': 'https://www.idx.co.id/Portals/0/StaticData/NewsAndAnnouncement/ANNOUNCEMENTSTOCK/Exchange/2025/OKT/20251008-WAS_Suspensi_TRIN.pdf', 'suspension_date': '2025-10-09'}"
UFOE.JK,2025-10-09,"Terjadinya peningkatan harga kumulatif yang signifikan pada saham UFOE.JK, dalam rangka cooling down sebagai bentuk perlindungan bagi investor",https://www.idx.co.id/Portals/0/StaticData/NewsAndAnnouncement/ANNOUNCEMENTSTOCK/Exchange/2025/OKT/20251008-WAS_Suspensi_UFOE.pdf,2026-09-11T07:54:15.210333+00:00,"{'reason': 'Terjadinya peningkatan harga kumulatif yang signifikan pada saham UFOE.JK, dalam rangka cooling down sebagai bentuk perlindungan bagi investor', 'symbol': 'UFOE.JK', 'pdf_url': 'https://www.idx.co.id/Portals/0/StaticData/NewsAndAnnouncement/ANNOUNCEMENTSTOCK/Exchange/2025/OKT/20251008-WAS_Suspensi_UFOE.pdf', 'suspension_date': '2025-10-09'}"
ASLI.JK,2025-10-08,Terjadinya peningkatan harga kumulatif yang signifikan pada saham ASLI.JK,https://www.idx.co.id/Portals/0/StaticData/NewsAndAnnouncement/ANNOUNCEMENTSTOCK/Exchange/2025/OKT/20251007-WAS_Suspensi_ASLI.pdf,2026-09-11T07:54:15.210333+00:00,"{'reason': 'Terjadinya peningkatan harga kumulatif yang signifikan pada saham ASLI.JK', 'symbol': 'ASLI.JK', 'pdf_url': 'https://www.idx.co.id/Portals/0/StaticData/NewsAndAnnouncement/ANNOUNCEMENTSTOCK/Exchange/2025/OKT/20251007-WAS_Suspensi_ASLI.pdf', 'suspension_date': '2025-10-08'}"
FOLK.JK,2025-10-08,"Terjadinya peningkatan harga kumulatif yang signifikan pada saham FOLK.JK, dalam rangka cooling down sebagai bentuk perlindungan bagi investor",https://www.idx.co.id/Portals/0/StaticData/NewsAndAnnouncement/ANNOUNCEMENTSTOCK/Exchange/2025/OKT/20251007-WAS_Suspensi_FOLK.pdf,2026-09-11T07:54:15.210333+00:00,"{'reason': 'Terjadinya peningkatan harga kumulatif yang signifikan pada saham FOLK.JK, dalam rangka cooling down sebagai bentuk perlindungan bagi investor', 'symbol': 'FOLK.JK', 'pdf_url': 'https://www.idx.co.id/Portals/0/StaticData/NewsAndAnnouncement/ANNOUNCEMENTSTOCK/Exchange/2025/OKT/20251007-WAS_Suspensi_FOLK.pdf', 'suspension_date': '2025-10-08'}"
KOKA.JK,2025-10-08,Terjadinya peningkatan harga kumulatif yang signifikan pada saham KOKA.JK,https://www.idx.co.id/Portals/0/StaticData/NewsAndAnnouncement/ANNOUNCEMENTSTOCK/Exchange/2025/OKT/20251007-WAS_Suspensi_KOKA.pdf,2026-09-11T07:54:15.210333+00:00,"{'reason': 'Terjadinya peningkatan harga kumulatif yang signifikan pada saham KOKA.JK', 'symbol': 'KOKA.JK', 'pdf_url': 'https://www.idx.co.id/Portals/0/StaticData/NewsAndAnnouncement/ANNOUNCEMENTSTOCK/Exchange/2025/OKT/20251007-WAS_Suspensi_KOKA.pdf', 'suspension_date': '2025-10-08'}"
MLPL.JK,2025-10-08,"Terjadinya peningkatan harga kumulatif yang signifikan pada saham MLPL.JK, dalam rangka cooling down sebagai bentuk perlindungan bagi investor",https://www.idx.co.id/Portals/0/StaticData/NewsAndAnnouncement/ANNOUNCEMENTSTOCK/Exchange/2025/OKT/20251007-WAS_Suspensi_MLPL.pdf,2026-09-11T07:54:15.210333+00:00,"{'reason': 'Terjadinya peningkatan harga kumulatif yang signifikan pada saham MLPL.JK, dalam rangka cooling down sebagai bentuk perlindungan bagi investor', 'symbol': 'MLPL.JK', 'pdf_url': 'https://www.idx.co.id/Portals/0/StaticData/NewsAndAnnouncement/ANNOUNCEMENTSTOCK/Exchange/2025/OKT/20251007-WAS_Suspensi_MLPL.pdf', 'suspension_date': '2025-10-08'}"
AGII.JK,2025-10-07,"Terjadinya peningkatan harga kumulatif yang signifikan pada saham AGII.JK, dalam rangka cooling down sebagai bentuk perlindungan bagi investor",https://www.idx.co.id/Portals/0/StaticData/NewsAndAnnouncement/ANNOUNCEMENTSTOCK/Exchange/2025/OKT/20251006-WAS_Suspensi_AGII.pdf,2026-09-11T07:54:15.210333+00:00,"{'reason': 'Terjadinya peningkatan harga kumulatif yang signifikan pada saham AGII.JK, dalam rangka cooling down sebagai bentuk perlindungan bagi investor', 'symbol': 'AGII.JK', 'pdf_url': 'https://www.idx.co.id/Portals/0/StaticData/NewsAndAnnouncement/ANNOUNCEMENTSTOCK/Exchange/2025/OKT/20251006-WAS_Suspensi_AGII.pdf', 'suspension_date': '2025-10-07'}"
DEFI.JK,2025-10-07,Terjadinya penurunan harga kumulatif yang signifikan pada saham DEFI.JK,https://www.idx.co.id/Portals/0/StaticData/NewsAndAnnouncement/ANNOUNCEMENTSTOCK/Exchange/2025/OKT/20251006-WAS_Suspensi_DEFI.pdf,2026-09-11T07:54:15.210333+00:00,"{'reason': 'Terjadinya penurunan harga kumulatif yang signifikan pada saham DEFI.JK', 'symbol': 'DEFI.JK', 'pdf_url': 'https://www.idx.co.id/Portals/0/StaticData/NewsAndAnnouncement/ANNOUNCEMENTSTOCK/Exchange/2025/OKT/20251006-WAS_Suspensi_DEFI.pdf', 'suspension_date': '2025-10-07'}"
IDPR.JK,2025-10-07,Terjadinya peningkatan harga kumulatif yang signifikan pada saham IDPR.JK,https://www.idx.co.id/Portals/0/StaticData/NewsAndAnnouncement/ANNOUNCEMENTSTOCK/Exchange/2025/OKT/20251006-WAS_Suspensi_IDPR.pdf,2026-09-11T07:54:15.210333+00:00,"{'reason': 'Terjadinya peningkatan harga kumulatif yang signifikan pada saham IDPR.JK', 'symbol': 'IDPR.JK', 'pdf_url': 'https://www.idx.co.id/Portals/0/StaticData/NewsAndAnnouncement/ANNOUNCEMENTSTOCK/Exchange/2025/OKT/20251006-WAS_Suspensi_IDPR.pdf', 'suspension_date': '2025-10-07'}"
IPAC.JK,2025-10-07,Terjadinya peningkatan harga kumulatif yang signifikan pada saham IPAC.JK,https://www.idx.co.id/Portals/0/StaticData/NewsAndAnnouncement/ANNOUNCEMENTSTOCK/Exchange/2025/OKT/20251006-WAS_Suspensi_IPAC.pdf,2026-09-11T07:54:15.210333+00:00,"{'reason': 'Terjadinya peningkatan harga kumulatif yang signifikan pada saham IPAC.JK', 'symbol': 'IPAC.JK', 'pdf_url': 'https://www.idx.co.id/Portals/0/StaticData/NewsAndAnnouncement/ANNOUNCEMENTSTOCK/Exchange/2025/OKT/20251006-WAS_Suspensi_IPAC.pdf', 'suspension_date': '2025-10-07'}"
LPPS.JK,2025-10-07,"Terjadinya peningkatan harga kumulatif yang signifikan pada saham LPPS.JK, dalam rangka cooling down sebagai bentuk perlindungan bagi investor",https://www.idx.co.id/Portals/0/StaticData/NewsAndAnnouncement/ANNOUNCEMENTSTOCK/Exchange/2025/OKT/20251006-WAS_Suspensi_LPPS.pdf,2026-09-11T07:54:15.210333+00:00,"{'reason': 'Terjadinya peningkatan harga kumulatif yang signifikan pada saham LPPS.JK, dalam rangka cooling down sebagai bentuk perlindungan bagi investor', 'symbol': 'LPPS.JK', 'pdf_url': 'https://www.idx.co.id/Portals/0/StaticData/NewsAndAnnouncement/ANNOUNCEMENTSTOCK/Exchange/2025/OKT/20251006-WAS_Suspensi_LPPS.pdf', 'suspension_date': '2025-10-07'}"
PIPA.JK,2025-10-07,Terjadinya peningkatan harga kumulatif yang signifikan pada saham PIPA.JK,https://www.idx.co.id/Portals/0/StaticData/NewsAndAnnouncement/ANNOUNCEMENTSTOCK/Exchange/2025/OKT/20251006-WAS_Suspensi_PIPA.pdf,2026-09-11T07:54:15.210333+00:00,"{'reason': 'Terjadinya peningkatan harga kumulatif yang signifikan pada saham PIPA.JK', 'symbol': 'PIPA.JK', 'pdf_url': 'https://www.idx.co.id/Portals/0/StaticData/NewsAndAnnouncement/ANNOUNCEMENTSTOCK/Exchange/2025/OKT/20251006-WAS_Suspensi_PIPA.pdf', 'suspension_date': '2025-10-07'}"
SRIL.JK,2021-05-18,Suspend more than 6 month,https://www.idx.co.id/StaticData/NewsAndAnnouncement/ANNOUNCEMENTSTOCK/From_EREP/202510/fed47be7bc_96225a718f.pdf,2026-09-11T07:54:15.831245+00:00,"{'reason': 'Suspend more than 6 month', 'symbol': 'SRIL.JK', 'pdf_url': 'https://www.idx.co.id/StaticData/NewsAndAnnouncement/ANNOUNCEMENTSTOCK/From_EREP/202510/fed47be7bc_96225a718f.pdf', 'suspension_date': '2021-05-18'}"
RMKE.JK,2025-10-07,"Terjadinya peningkatan harga kumulatif yang signifikan pada saham RMKE.JK, dalam rangka cooling down sebagai bentuk perlindungan bagi investor",https://www.idx.co.id/Portals/0/StaticData/NewsAndAnnouncement/ANNOUNCEMENTSTOCK/Exchange/2025/OKT/20251006-WAS_Suspensi_RMKE.pdf,2026-09-11T07:54:15.210333+00:00,"{'reason': 'Terjadinya peningkatan harga kumulatif yang signifikan pada saham RMKE.JK, dalam rangka cooling down sebagai bentuk perlindungan bagi investor', 'symbol': 'RMKE.JK', 'pdf_url': 'https://www.idx.co.id/Portals/0/StaticData/NewsAndAnnouncement/ANNOUNCEMENTSTOCK/Exchange/2025/OKT/20251006-WAS_Suspensi_RMKE.pdf', 'suspension_date': '2025-10-07'}"
RMKO.JK,2025-10-07,Terjadinya peningkatan harga kumulatif yang signifikan pada saham RMKO.JK,https://www.idx.co.id/Portals/0/StaticData/NewsAndAnnouncement/ANNOUNCEMENTSTOCK/Exchange/2025/OKT/20251006-WAS_Suspensi_RMKO.pdf,2026-09-11T07:54:15.210333+00:00,"{'reason': 'Terjadinya peningkatan harga kumulatif yang signifikan pada saham RMKO.JK', 'symbol': 'RMKO.JK', 'pdf_url': 'https://www.idx.co.id/Portals/0/StaticData/NewsAndAnnouncement/ANNOUNCEMENTSTOCK/Exchange/2025/OKT/20251006-WAS_Suspensi_RMKO.pdf', 'suspension_date': '2025-10-07'}"
ESTA.JK,2025-10-03,"Terjadinya peningkatan harga kumulatif yang signifikan pada saham ESTA.JK, dalam rangka cooling down sebagai bentuk perlindungan bagi investor",https://www.idx.co.id/Portals/0/StaticData/NewsAndAnnouncement/ANNOUNCEMENTSTOCK/Exchange/2025/OKT/20251002-WAS_Suspensi_ESTA.pdf,2026-09-11T07:54:15.210333+00:00,"{'reason': 'Terjadinya peningkatan harga kumulatif yang signifikan pada saham ESTA.JK, dalam rangka cooling down sebagai bentuk perlindungan bagi investor', 'symbol': 'ESTA.JK', 'pdf_url': 'https://www.idx.co.id/Portals/0/StaticData/NewsAndAnnouncement/ANNOUNCEMENTSTOCK/Exchange/2025/OKT/20251002-WAS_Suspensi_ESTA.pdf', 'suspension_date': '2025-10-03'}"
SOFA.JK,2025-10-03,Terjadinya peningkatan harga kumulatif yang signifikan pada saham SOFA.JK,https://www.idx.co.id/Portals/0/StaticData/NewsAndAnnouncement/ANNOUNCEMENTSTOCK/Exchange/2025/OKT/20251002-WAS_Suspensi_SOFA.pdf,2026-09-11T07:54:15.210333+00:00,"{'reason': 'Terjadinya peningkatan harga kumulatif yang signifikan pada saham SOFA.JK', 'symbol': 'SOFA.JK', 'pdf_url': 'https://www.idx.co.id/Portals/0/StaticData/NewsAndAnnouncement/ANNOUNCEMENTSTOCK/Exchange/2025/OKT/20251002-WAS_Suspensi_SOFA.pdf', 'suspension_date': '2025-10-03'}"
VKTR.JK,2025-10-03,Terjadinya peningkatan harga kumulatif yang signifikan pada saham VKTR.JK,https://www.idx.co.id/Portals/0/StaticData/NewsAndAnnouncement/ANNOUNCEMENTSTOCK/Exchange/2025/OKT/20251002-WAS_Suspensi_VKTR.pdf,2026-09-11T07:54:15.210333+00:00,"{'reason': 'Terjadinya peningkatan harga kumulatif yang signifikan pada saham VKTR.JK', 'symbol': 'VKTR.JK', 'pdf_url': 'https://www.idx.co.id/Portals/0/StaticData/NewsAndAnnouncement/ANNOUNCEMENTSTOCK/Exchange/2025/OKT/20251002-WAS_Suspensi_VKTR.pdf', 'suspension_date': '2025-10-03'}"
BEEF.JK,2025-10-02,"Terjadinya peningkatan harga kumulatif yang signifikan pada saham BEEF.JK, dalam rangka cooling down sebagai bentuk perlindungan bagi investor",https://www.idx.co.id/Portals/0/StaticData/NewsAndAnnouncement/ANNOUNCEMENTSTOCK/Exchange/2025/OKT/20251001-WAS_Suspensi_BEEF.pdf,2026-09-11T07:54:15.210333+00:00,"{'reason': 'Terjadinya peningkatan harga kumulatif yang signifikan pada saham BEEF.JK, dalam rangka cooling down sebagai bentuk perlindungan bagi investor', 'symbol': 'BEEF.JK', 'pdf_url': 'https://www.idx.co.id/Portals/0/StaticData/NewsAndAnnouncement/ANNOUNCEMENTSTOCK/Exchange/2025/OKT/20251001-WAS_Suspensi_BEEF.pdf', 'suspension_date': '2025-10-02'}"
IDPR.JK,2025-10-02,"Terjadinya peningkatan harga kumulatif yang signifikan pada saham IDPR.JK, dalam rangka cooling down sebagai bentuk perlindungan bagi investor",https://www.idx.co.id/Portals/0/StaticData/NewsAndAnnouncement/ANNOUNCEMENTSTOCK/Exchange/2025/OKT/20251001-WAS_Suspensi_IDPR.pdf,2026-09-11T07:54:15.210333+00:00,"{'reason': 'Terjadinya peningkatan harga kumulatif yang signifikan pada saham IDPR.JK, dalam rangka cooling down sebagai bentuk perlindungan bagi investor', 'symbol': 'IDPR.JK', 'pdf_url': 'https://www.idx.co.id/Portals/0/StaticData/NewsAndAnnouncement/ANNOUNCEMENTSTOCK/Exchange/2025/OKT/20251001-WAS_Suspensi_IDPR.pdf', 'suspension_date': '2025-10-02'}"
IPAC.JK,2025-10-02,"Terjadinya peningkatan harga kumulatif yang signifikan pada saham IPAC.JK, dalam rangka cooling down sebagai bentuk perlindungan bagi investor",https://www.idx.co.id/Portals/0/StaticData/NewsAndAnnouncement/ANNOUNCEMENTSTOCK/Exchange/2025/OKT/20251001-WAS_Suspensi_IPAC.pdf,2026-09-11T07:54:15.210333+00:00,"{'reason': 'Terjadinya peningkatan harga kumulatif yang signifikan pada saham IPAC.JK, dalam rangka cooling down sebagai bentuk perlindungan bagi investor', 'symbol': 'IPAC.JK', 'pdf_url': 'https://www.idx.co.id/Portals/0/StaticData/NewsAndAnnouncement/ANNOUNCEMENTSTOCK/Exchange/2025/OKT/20251001-WAS_Suspensi_IPAC.pdf', 'suspension_date': '2025-10-02'}"
FAST.JK,2025-10-01,Terjadinya peningkatan harga kumulatif yang signifikan pada saham FAST.JK,https://www.idx.co.id/Portals/0/StaticData/NewsAndAnnouncement/ANNOUNCEMENTSTOCK/Exchange/2025/SEP/20250930-WAS_Suspensi_FAST.pdf,2026-09-11T07:54:15.210333+00:00,"{'reason': 'Terjadinya peningkatan harga kumulatif yang signifikan pada saham FAST.JK', 'symbol': 'FAST.JK', 'pdf_url': 'https://www.idx.co.id/Portals/0/StaticData/NewsAndAnnouncement/ANNOUNCEMENTSTOCK/Exchange/2025/SEP/20250930-WAS_Suspensi_FAST.pdf', 'suspension_date': '2025-10-01'}"
LPLI.JK,2025-10-01,Terjadinya peningkatan harga kumulatif yang signifikan pada saham LPLI.JK,https://www.idx.co.id/Portals/0/StaticData/NewsAndAnnouncement/ANNOUNCEMENTSTOCK/Exchange/2025/SEP/20250930-WAS_Suspensi_LPLI.pdf,2026-09-11T07:54:15.210333+00:00,"{'reason': 'Terjadinya peningkatan harga kumulatif yang signifikan pada saham LPLI.JK', 'symbol': 'LPLI.JK', 'pdf_url': 'https://www.idx.co.id/Portals/0/StaticData/NewsAndAnnouncement/ANNOUNCEMENTSTOCK/Exchange/2025/SEP/20250930-WAS_Suspensi_LPLI.pdf', 'suspension_date': '2025-10-01'}"
RANC.JK,2025-10-01,Terjadinya peningkatan harga kumulatif yang signifikan pada saham RANC.JK,https://www.idx.co.id/Portals/0/StaticData/NewsAndAnnouncement/ANNOUNCEMENTSTOCK/Exchange/2025/SEP/20250930-WAS_Suspensi_RANC.pdf,2026-09-11T07:54:15.210333+00:00,"{'reason': 'Terjadinya peningkatan harga kumulatif yang signifikan pada saham RANC.JK', 'symbol': 'RANC.JK', 'pdf_url': 'https://www.idx.co.id/Portals/0/StaticData/NewsAndAnnouncement/ANNOUNCEMENTSTOCK/Exchange/2025/SEP/20250930-WAS_Suspensi_RANC.pdf', 'suspension_date': '2025-10-01'}"
RMKO.JK,2025-10-01,"Terjadinya peningkatan harga kumulatif yang signifikan pada saham RMKO.JK, dalam rangka cooling down sebagai bentuk perlindungan bagi investor",https://www.idx.co.id/Portals/0/StaticData/NewsAndAnnouncement/ANNOUNCEMENTSTOCK/Exchange/2025/SEP/20250930-WAS_Suspensi_RMKO.pdf,2026-09-11T07:54:15.210333+00:00,"{'reason': 'Terjadinya peningkatan harga kumulatif yang signifikan pada saham RMKO.JK, dalam rangka cooling down sebagai bentuk perlindungan bagi investor', 'symbol': 'RMKO.JK', 'pdf_url': 'https://www.idx.co.id/Portals/0/StaticData/NewsAndAnnouncement/ANNOUNCEMENTSTOCK/Exchange/2025/SEP/20250930-WAS_Suspensi_RMKO.pdf', 'suspension_date': '2025-10-01'}"
TDPM.JK,2021-04-27,Suspend more than 6 month,https://www.idx.co.id/StaticData/NewsAndAnnouncement/ANNOUNCEMENTSTOCK/From_EREP/202510/fed47be7bc_96225a718f.pdf,2026-09-11T07:54:15.831245+00:00,"{'reason': 'Suspend more than 6 month', 'symbol': 'TDPM.JK', 'pdf_url': 'https://www.idx.co.id/StaticData/NewsAndAnnouncement/ANNOUNCEMENTSTOCK/From_EREP/202510/fed47be7bc_96225a718f.pdf', 'suspension_date': '2021-04-27'}"
SOFA.JK,2025-10-01,"Terjadinya peningkatan harga kumulatif yang signifikan pada saham SOFA.JK, dalam rangka cooling down sebagai bentuk perlindungan bagi investor",https://www.idx.co.id/Portals/0/StaticData/NewsAndAnnouncement/ANNOUNCEMENTSTOCK/Exchange/2025/SEP/20250930-WAS_Suspensi_SOFA.pdf,2026-09-11T07:54:15.210333+00:00,"{'reason': 'Terjadinya peningkatan harga kumulatif yang signifikan pada saham SOFA.JK, dalam rangka cooling down sebagai bentuk perlindungan bagi investor', 'symbol': 'SOFA.JK', 'pdf_url': 'https://www.idx.co.id/Portals/0/StaticData/NewsAndAnnouncement/ANNOUNCEMENTSTOCK/Exchange/2025/SEP/20250930-WAS_Suspensi_SOFA.pdf', 'suspension_date': '2025-10-01'}"
FASW.JK,2025-09-30,Belum memenuhi ketentuan V.1.1. dan/atau V.1.2. peraturan bursa nomor I-A,https://www.idx.co.id/StaticData/NewsAndAnnouncement/ANNOUNCEMENTSTOCK/From_EREP/202510/4a50b93a3c_1ca52e23f6.pdf,2026-09-11T07:54:15.210333+00:00,"{'reason': 'Belum memenuhi ketentuan V.1.1. dan/atau V.1.2. peraturan bursa nomor I-A', 'symbol': 'FASW.JK', 'pdf_url': 'https://www.idx.co.id/StaticData/NewsAndAnnouncement/ANNOUNCEMENTSTOCK/From_EREP/202510/4a50b93a3c_1ca52e23f6.pdf', 'suspension_date': '2025-09-30'}"
KIAS.JK,2025-09-30,Belum memenuhi ketentuan V.1.1. dan/atau V.1.2. peraturan bursa nomor I-A,https://www.idx.co.id/StaticData/NewsAndAnnouncement/ANNOUNCEMENTSTOCK/From_EREP/202510/4a50b93a3c_1ca52e23f6.pdf,2026-09-11T07:54:15.210333+00:00,"{'reason': 'Belum memenuhi ketentuan V.1.1. dan/atau V.1.2. peraturan bursa nomor I-A', 'symbol': 'KIAS.JK', 'pdf_url': 'https://www.idx.co.id/StaticData/NewsAndAnnouncement/ANNOUNCEMENTSTOCK/From_EREP/202510/4a50b93a3c_1ca52e23f6.pdf', 'suspension_date': '2025-09-30'}"
LMSH.JK,2025-09-30,Belum memenuhi ketentuan V.1.1. dan/atau V.1.2. peraturan bursa nomor I-A,https://www.idx.co.id/StaticData/NewsAndAnnouncement/ANNOUNCEMENTSTOCK/From_EREP/202510/4a50b93a3c_1ca52e23f6.pdf,2026-09-11T07:54:15.210333+00:00,"{'reason': 'Belum memenuhi ketentuan V.1.1. dan/atau V.1.2. peraturan bursa nomor I-A', 'symbol': 'LMSH.JK', 'pdf_url': 'https://www.idx.co.id/StaticData/NewsAndAnnouncement/ANNOUNCEMENTSTOCK/From_EREP/202510/4a50b93a3c_1ca52e23f6.pdf', 'suspension_date': '2025-09-30'}"
MFMI.JK,2025-09-30,Belum memenuhi ketentuan V.1.1. dan/atau V.1.2. peraturan bursa nomor I-A,https://www.idx.co.id/StaticData/NewsAndAnnouncement/ANNOUNCEMENTSTOCK/From_EREP/202510/4a50b93a3c_1ca52e23f6.pdf,2026-09-11T07:54:15.210333+00:00,"{'reason': 'Belum memenuhi ketentuan V.1.1. dan/atau V.1.2. peraturan bursa nomor I-A', 'symbol': 'MFMI.JK', 'pdf_url': 'https://www.idx.co.id/StaticData/NewsAndAnnouncement/ANNOUNCEMENTSTOCK/From_EREP/202510/4a50b93a3c_1ca52e23f6.pdf', 'suspension_date': '2025-09-30'}"
MTSM.JK,2025-09-30,Belum memenuhi ketentuan V.1.1. dan/atau V.1.2. peraturan bursa nomor I-A,https://www.idx.co.id/StaticData/NewsAndAnnouncement/ANNOUNCEMENTSTOCK/From_EREP/202510/4a50b93a3c_1ca52e23f6.pdf,2026-09-11T07:54:15.210333+00:00,"{'reason': 'Belum memenuhi ketentuan V.1.1. dan/atau V.1.2. peraturan bursa nomor I-A', 'symbol': 'MTSM.JK', 'pdf_url': 'https://www.idx.co.id/StaticData/NewsAndAnnouncement/ANNOUNCEMENTSTOCK/From_EREP/202510/4a50b93a3c_1ca52e23f6.pdf', 'suspension_date': '2025-09-30'}"
MYTX.JK,2025-09-30,Belum memenuhi ketentuan V.1.1. dan/atau V.1.2. peraturan bursa nomor I-A,https://www.idx.co.id/StaticData/NewsAndAnnouncement/ANNOUNCEMENTSTOCK/From_EREP/202510/4a50b93a3c_1ca52e23f6.pdf,2026-09-11T07:54:15.210333+00:00,"{'reason': 'Belum memenuhi ketentuan V.1.1. dan/atau V.1.2. peraturan bursa nomor I-A', 'symbol': 'MYTX.JK', 'pdf_url': 'https://www.idx.co.id/StaticData/NewsAndAnnouncement/ANNOUNCEMENTSTOCK/From_EREP/202510/4a50b93a3c_1ca52e23f6.pdf', 'suspension_date': '2025-09-30'}"
PLIN.JK,2025-09-30,Belum memenuhi ketentuan V.1.1. dan/atau V.1.2. peraturan bursa nomor I-A,https://www.idx.co.id/StaticData/NewsAndAnnouncement/ANNOUNCEMENTSTOCK/From_EREP/202510/4a50b93a3c_1ca52e23f6.pdf,2026-09-11T07:54:15.210333+00:00,"{'reason': 'Belum memenuhi ketentuan V.1.1. dan/atau V.1.2. peraturan bursa nomor I-A', 'symbol': 'PLIN.JK', 'pdf_url': 'https://www.idx.co.id/StaticData/NewsAndAnnouncement/ANNOUNCEMENTSTOCK/From_EREP/202510/4a50b93a3c_1ca52e23f6.pdf', 'suspension_date': '2025-09-30'}"
RSGK.JK,2025-09-30,Belum memenuhi ketentuan V.1.1. dan/atau V.1.2. peraturan bursa nomor I-A,https://www.idx.co.id/StaticData/NewsAndAnnouncement/ANNOUNCEMENTSTOCK/From_EREP/202510/4a50b93a3c_1ca52e23f6.pdf,2026-09-11T07:54:15.210333+00:00,"{'reason': 'Belum memenuhi ketentuan V.1.1. dan/atau V.1.2. peraturan bursa nomor I-A', 'symbol': 'RSGK.JK', 'pdf_url': 'https://www.idx.co.id/StaticData/NewsAndAnnouncement/ANNOUNCEMENTSTOCK/From_EREP/202510/4a50b93a3c_1ca52e23f6.pdf', 'suspension_date': '2025-09-30'}"
SMCB.JK,2025-09-30,Belum memenuhi ketentuan V.1.1. dan/atau V.1.2. peraturan bursa nomor I-A,https://www.idx.co.id/StaticData/NewsAndAnnouncement/ANNOUNCEMENTSTOCK/From_EREP/202510/4a50b93a3c_1ca52e23f6.pdf,2026-09-11T07:54:15.210333+00:00,"{'reason': 'Belum memenuhi ketentuan V.1.1. dan/atau V.1.2. peraturan bursa nomor I-A', 'symbol': 'SMCB.JK', 'pdf_url': 'https://www.idx.co.id/StaticData/NewsAndAnnouncement/ANNOUNCEMENTSTOCK/From_EREP/202510/4a50b93a3c_1ca52e23f6.pdf', 'suspension_date': '2025-09-30'}"
SUPR.JK,2025-09-30,Belum memenuhi ketentuan V.1.1. dan/atau V.1.2. peraturan bursa nomor I-A,https://www.idx.co.id/StaticData/NewsAndAnnouncement/ANNOUNCEMENTSTOCK/From_EREP/202510/4a50b93a3c_1ca52e23f6.pdf,2026-09-11T07:54:15.210333+00:00,"{'reason': 'Belum memenuhi ketentuan V.1.1. dan/atau V.1.2. peraturan bursa nomor I-A', 'symbol': 'SUPR.JK', 'pdf_url': 'https://www.idx.co.id/StaticData/NewsAndAnnouncement/ANNOUNCEMENTSTOCK/From_EREP/202510/4a50b93a3c_1ca52e23f6.pdf', 'suspension_date': '2025-09-30'}"
WICO.JK,2025-09-30,Belum memenuhi ketentuan V.1.1. dan/atau V.1.2. peraturan bursa nomor I-A,https://www.idx.co.id/StaticData/NewsAndAnnouncement/ANNOUNCEMENTSTOCK/From_EREP/202510/4a50b93a3c_1ca52e23f6.pdf,2026-09-11T07:54:15.210333+00:00,"{'reason': 'Belum memenuhi ketentuan V.1.1. dan/atau V.1.2. peraturan bursa nomor I-A', 'symbol': 'WICO.JK', 'pdf_url': 'https://www.idx.co.id/StaticData/NewsAndAnnouncement/ANNOUNCEMENTSTOCK/From_EREP/202510/4a50b93a3c_1ca52e23f6.pdf', 'suspension_date': '2025-09-30'}"
FUTR.JK,2025-09-26,Terjadinya peningkatan harga kumulatif yang signifikan pada saham FUTR.JK,https://www.idx.co.id/Portals/0/StaticData/NewsAndAnnouncement/ANNOUNCEMENTSTOCK/Exchange/2025/SEP/20250925-WAS_Suspensi_FUTR.pdf,2026-09-11T07:54:15.210333+00:00,"{'reason': 'Terjadinya peningkatan harga kumulatif yang signifikan pada saham FUTR.JK', 'symbol': 'FUTR.JK', 'pdf_url': 'https://www.idx.co.id/Portals/0/StaticData/NewsAndAnnouncement/ANNOUNCEMENTSTOCK/Exchange/2025/SEP/20250925-WAS_Suspensi_FUTR.pdf', 'suspension_date': '2025-09-26'}"
GPSO.JK,2025-09-26,Terjadinya peningkatan harga kumulatif yang signifikan pada saham GPSO.JK,https://www.idx.co.id/Portals/0/StaticData/NewsAndAnnouncement/ANNOUNCEMENTSTOCK/Exchange/2025/SEP/20250925-WAS_Suespensi_GPSO.pdf,2026-09-11T07:54:15.210333+00:00,"{'reason': 'Terjadinya peningkatan harga kumulatif yang signifikan pada saham GPSO.JK', 'symbol': 'GPSO.JK', 'pdf_url': 'https://www.idx.co.id/Portals/0/StaticData/NewsAndAnnouncement/ANNOUNCEMENTSTOCK/Exchange/2025/SEP/20250925-WAS_Suespensi_GPSO.pdf', 'suspension_date': '2025-09-26'}"
GTRA.JK,2025-09-26,"Terjadinya peningkatan harga kumulatif yang signifikan pada saham GTRA.JK, dalam rangka cooling down sebagai bentuk perlindungan bagi investor",https://www.idx.co.id/Portals/0/StaticData/NewsAndAnnouncement/ANNOUNCEMENTSTOCK/Exchange/2025/SEP/20250925-WAS_Suspensi_GTRA.pdf,2026-09-11T07:54:15.210333+00:00,"{'reason': 'Terjadinya peningkatan harga kumulatif yang signifikan pada saham GTRA.JK, dalam rangka cooling down sebagai bentuk perlindungan bagi investor', 'symbol': 'GTRA.JK', 'pdf_url': 'https://www.idx.co.id/Portals/0/StaticData/NewsAndAnnouncement/ANNOUNCEMENTSTOCK/Exchange/2025/SEP/20250925-WAS_Suspensi_GTRA.pdf', 'suspension_date': '2025-09-26'}"
MEJA.JK,2025-09-26,"Terjadinya peningkatan harga kumulatif yang signifikan pada saham MEJA.JK, dalam rangka cooling down sebagai bentuk perlindungan bagi investor",https://www.idx.co.id/Portals/0/StaticData/NewsAndAnnouncement/ANNOUNCEMENTSTOCK/Exchange/2025/SEP/20250925-WAS_Suspensi_MEJA.pdf,2026-09-11T07:54:15.210333+00:00,"{'reason': 'Terjadinya peningkatan harga kumulatif yang signifikan pada saham MEJA.JK, dalam rangka cooling down sebagai bentuk perlindungan bagi investor', 'symbol': 'MEJA.JK', 'pdf_url': 'https://www.idx.co.id/Portals/0/StaticData/NewsAndAnnouncement/ANNOUNCEMENTSTOCK/Exchange/2025/SEP/20250925-WAS_Suspensi_MEJA.pdf', 'suspension_date': '2025-09-26'}"
RISE.JK,2025-09-26,"Terjadinya peningkatan harga kumulatif yang signifikan pada saham RISE.JK, dalam rangka cooling down sebagai bentuk perlindungan bagi investor",https://www.idx.co.id/Portals/0/StaticData/NewsAndAnnouncement/ANNOUNCEMENTSTOCK/Exchange/2025/SEP/20250925-WAS_Suspensi_RISE.pdf,2026-09-11T07:54:15.210333+00:00,"{'reason': 'Terjadinya peningkatan harga kumulatif yang signifikan pada saham RISE.JK, dalam rangka cooling down sebagai bentuk perlindungan bagi investor', 'symbol': 'RISE.JK', 'pdf_url': 'https://www.idx.co.id/Portals/0/StaticData/NewsAndAnnouncement/ANNOUNCEMENTSTOCK/Exchange/2025/SEP/20250925-WAS_Suspensi_RISE.pdf', 'suspension_date': '2025-09-26'}"
BLTZ.JK,2025-09-25,"Terjadinya peningkatan harga kumulatif yang signifikan pada saham BLTZ.JK, dalam rangka cooling down sebagai bentuk perlindungan bagi investor",https://www.idx.co.id/Portals/0/StaticData/NewsAndAnnouncement/ANNOUNCEMENTSTOCK/Exchange/2025/SEP/20250924-WAS_Suspensi_BLTZ.pdf,2026-09-11T07:54:15.210333+00:00,"{'reason': 'Terjadinya peningkatan harga kumulatif yang signifikan pada saham BLTZ.JK, dalam rangka cooling down sebagai bentuk perlindungan bagi investor', 'symbol': 'BLTZ.JK', 'pdf_url': 'https://www.idx.co.id/Portals/0/StaticData/NewsAndAnnouncement/ANNOUNCEMENTSTOCK/Exchange/2025/SEP/20250924-WAS_Suspensi_BLTZ.pdf', 'suspension_date': '2025-09-25'}"
PUDP.JK,2025-09-25,"Terjadinya peningkatan harga kumulatif yang signifikan pada saham PUDP.JK, dalam rangka cooling down sebagai bentuk perlindungan bagi investor",https://www.idx.co.id/Portals/0/StaticData/NewsAndAnnouncement/ANNOUNCEMENTSTOCK/Exchange/2025/SEP/20250924-WAS_Suspensi_PUDP.pdf,2026-09-11T07:54:15.210333+00:00,"{'reason': 'Terjadinya peningkatan harga kumulatif yang signifikan pada saham PUDP.JK, dalam rangka cooling down sebagai bentuk perlindungan bagi investor', 'symbol': 'PUDP.JK', 'pdf_url': 'https://www.idx.co.id/Portals/0/StaticData/NewsAndAnnouncement/ANNOUNCEMENTSTOCK/Exchange/2025/SEP/20250924-WAS_Suspensi_PUDP.pdf', 'suspension_date': '2025-09-25'}"
SMLE.JK,2025-09-25,"Terjadinya peningkatan harga kumulatif yang signifikan pada saham SMLE.JK, dalam rangka cooling down sebagai bentuk perlindungan bagi investor",https://www.idx.co.id/Portals/0/StaticData/NewsAndAnnouncement/ANNOUNCEMENTSTOCK/Exchange/2025/SEP/20250924-WAS_Suspensi_SMLE.pdf,2026-09-11T07:54:15.210333+00:00,"{'reason': 'Terjadinya peningkatan harga kumulatif yang signifikan pada saham SMLE.JK, dalam rangka cooling down sebagai bentuk perlindungan bagi investor', 'symbol': 'SMLE.JK', 'pdf_url': 'https://www.idx.co.id/Portals/0/StaticData/NewsAndAnnouncement/ANNOUNCEMENTSTOCK/Exchange/2025/SEP/20250924-WAS_Suspensi_SMLE.pdf', 'suspension_date': '2025-09-25'}"
GPSO.JK,2025-09-24,"Terjadinya peningkatan harga kumulatif yang signifikan pada saham GPSO.JK, dalam rangka cooling down sebagai bentuk perlindungan bagi investor",https://www.idx.co.id/Portals/0/StaticData/NewsAndAnnouncement/ANNOUNCEMENTSTOCK/Exchange/2025/SEP/20250923-WAS_Suspensi_GPSO.pdf,2026-09-11T07:54:15.210333+00:00,"{'reason': 'Terjadinya peningkatan harga kumulatif yang signifikan pada saham GPSO.JK, dalam rangka cooling down sebagai bentuk perlindungan bagi investor', 'symbol': 'GPSO.JK', 'pdf_url': 'https://www.idx.co.id/Portals/0/StaticData/NewsAndAnnouncement/ANNOUNCEMENTSTOCK/Exchange/2025/SEP/20250923-WAS_Suspensi_GPSO.pdf', 'suspension_date': '2025-09-24'}"
ITIC.JK,2025-09-24,"Terjadinya peningkatan harga kumulatif yang signifikan pada saham ITIC.JK, dalam rangka cooling down sebagai bentuk perlindungan bagi investor",https://www.idx.co.id/Portals/0/StaticData/NewsAndAnnouncement/ANNOUNCEMENTSTOCK/Exchange/2025/SEP/20250923-WAS_Suspensi_ITIC.pdf,2026-09-11T07:54:15.210333+00:00,"{'reason': 'Terjadinya peningkatan harga kumulatif yang signifikan pada saham ITIC.JK, dalam rangka cooling down sebagai bentuk perlindungan bagi investor', 'symbol': 'ITIC.JK', 'pdf_url': 'https://www.idx.co.id/Portals/0/StaticData/NewsAndAnnouncement/ANNOUNCEMENTSTOCK/Exchange/2025/SEP/20250923-WAS_Suspensi_ITIC.pdf', 'suspension_date': '2025-09-24'}"
MSIE.JK,2025-09-24,"Terjadinya peningkatan harga kumulatif yang signifikan pada saham MSIE.JK, dalam rangka cooling down sebagai bentuk perlindungan bagi investor",https://www.idx.co.id/Portals/0/StaticData/NewsAndAnnouncement/ANNOUNCEMENTSTOCK/Exchange/2025/SEP/20250923-WAS_Suspensi_MSIE.pdf,2026-09-11T07:54:15.210333+00:00,"{'reason': 'Terjadinya peningkatan harga kumulatif yang signifikan pada saham MSIE.JK, dalam rangka cooling down sebagai bentuk perlindungan bagi investor', 'symbol': 'MSIE.JK', 'pdf_url': 'https://www.idx.co.id/Portals/0/StaticData/NewsAndAnnouncement/ANNOUNCEMENTSTOCK/Exchange/2025/SEP/20250923-WAS_Suspensi_MSIE.pdf', 'suspension_date': '2025-09-24'}"
SOUL.JK,2025-09-09,"Terjadinya peningkatan harga kumulatif yang signifikan pada saham SOUL.JK, dalam rangka cooling down sebagai bentuk perlindungan bagi investor",https://www.idx.co.id/Portals/0/StaticData/NewsAndAnnouncement/ANNOUNCEMENTSTOCK/Exchange/2025/SEP/20250908-WAS_Suspensi_SOUL.pdf,2026-09-11T07:54:15.210333+00:00,"{'reason': 'Terjadinya peningkatan harga kumulatif yang signifikan pada saham SOUL.JK, dalam rangka cooling down sebagai bentuk perlindungan bagi investor', 'symbol': 'SOUL.JK', 'pdf_url': 'https://www.idx.co.id/Portals/0/StaticData/NewsAndAnnouncement/ANNOUNCEMENTSTOCK/Exchange/2025/SEP/20250908-WAS_Suspensi_SOUL.pdf', 'suspension_date': '2025-09-09'}"
SOSS.JK,2025-09-03,Terjadinya peningkatan harga kumulatif yang signifikan pada saham SOSS.JK,https://www.idx.co.id/Portals/0/StaticData/NewsAndAnnouncement/ANNOUNCEMENTSTOCK/Exchange/2025/SEP/20250902-WAS_Suspensi_SOSS.pdf,2026-09-11T07:54:15.210333+00:00,"{'reason': 'Terjadinya peningkatan harga kumulatif yang signifikan pada saham SOSS.JK', 'symbol': 'SOSS.JK', 'pdf_url': 'https://www.idx.co.id/Portals/0/StaticData/NewsAndAnnouncement/ANNOUNCEMENTSTOCK/Exchange/2025/SEP/20250902-WAS_Suspensi_SOSS.pdf', 'suspension_date': '2025-09-03'}"
UNIT.JK,2021-03-01,Suspend more than 6 month,https://www.idx.co.id/StaticData/NewsAndAnnouncement/ANNOUNCEMENTSTOCK/From_EREP/202510/fed47be7bc_96225a718f.pdf,2026-09-11T07:54:15.831245+00:00,"{'reason': 'Suspend more than 6 month', 'symbol': 'UNIT.JK', 'pdf_url': 'https://www.idx.co.id/StaticData/NewsAndAnnouncement/ANNOUNCEMENTSTOCK/From_EREP/202510/fed47be7bc_96225a718f.pdf', 'suspension_date': '2021-03-01'}"
TMPO.JK,2025-09-03,"Terjadinya peningkatan harga kumulatif yang signifikan pada saham TMPO.JK, dalam rangka cooling down sebagai bentuk perlindungan bagi investor",https://www.idx.co.id/Portals/0/StaticData/NewsAndAnnouncement/ANNOUNCEMENTSTOCK/Exchange/2025/SEP/20250902-WAS_Suspensi_TMPO.pdf,2026-09-11T07:54:15.210333+00:00,"{'reason': 'Terjadinya peningkatan harga kumulatif yang signifikan pada saham TMPO.JK, dalam rangka cooling down sebagai bentuk perlindungan bagi investor', 'symbol': 'TMPO.JK', 'pdf_url': 'https://www.idx.co.id/Portals/0/StaticData/NewsAndAnnouncement/ANNOUNCEMENTSTOCK/Exchange/2025/SEP/20250902-WAS_Suspensi_TMPO.pdf', 'suspension_date': '2025-09-03'}"
WOWS.JK,2025-09-03,"Terjadinya peningkatan harga kumulatif yang signifikan pada saham WOWS.JK, dalam rangka cooling down sebagai bentuk perlindungan bagi investor",https://www.idx.co.id/Portals/0/StaticData/NewsAndAnnouncement/ANNOUNCEMENTSTOCK/Exchange/2025/SEP/20250902-WAS_Suspensi_WOWS.pdf,2026-09-11T07:54:15.210333+00:00,"{'reason': 'Terjadinya peningkatan harga kumulatif yang signifikan pada saham WOWS.JK, dalam rangka cooling down sebagai bentuk perlindungan bagi investor', 'symbol': 'WOWS.JK', 'pdf_url': 'https://www.idx.co.id/Portals/0/StaticData/NewsAndAnnouncement/ANNOUNCEMENTSTOCK/Exchange/2025/SEP/20250902-WAS_Suspensi_WOWS.pdf', 'suspension_date': '2025-09-03'}"
FLMC.JK,2025-09-02,Terjadinya peningkatan harga kumulatif yang signifikan pada saham FLMC.JK,https://www.idx.co.id/Portals/0/StaticData/NewsAndAnnouncement/ANNOUNCEMENTSTOCK/Exchange/2025/SEP/20250901-WAS_Suspensi_FLMC.pdf,2026-09-11T07:54:15.210333+00:00,"{'reason': 'Terjadinya peningkatan harga kumulatif yang signifikan pada saham FLMC.JK', 'symbol': 'FLMC.JK', 'pdf_url': 'https://www.idx.co.id/Portals/0/StaticData/NewsAndAnnouncement/ANNOUNCEMENTSTOCK/Exchange/2025/SEP/20250901-WAS_Suspensi_FLMC.pdf', 'suspension_date': '2025-09-02'}"
LAPD.JK,2025-09-02,Terjadinya peningkatan harga kumulatif yang signifikan pada saham LAPD.JK,https://www.idx.co.id/Portals/0/StaticData/NewsAndAnnouncement/ANNOUNCEMENTSTOCK/Exchange/2025/SEP/20250901-WAS_Suspensi_LAPD.pdf,2026-09-11T07:54:15.210333+00:00,"{'reason': 'Terjadinya peningkatan harga kumulatif yang signifikan pada saham LAPD.JK', 'symbol': 'LAPD.JK', 'pdf_url': 'https://www.idx.co.id/Portals/0/StaticData/NewsAndAnnouncement/ANNOUNCEMENTSTOCK/Exchange/2025/SEP/20250901-WAS_Suspensi_LAPD.pdf', 'suspension_date': '2025-09-02'}"
MPRO.JK,2025-09-02,"Terjadinya peningkatan harga kumulatif yang signifikan pada saham MPRO.JK, dalam rangka cooling down sebagai bentuk perlindungan bagi investor",https://www.idx.co.id/Portals/0/StaticData/NewsAndAnnouncement/ANNOUNCEMENTSTOCK/Exchange/2025/SEP/20250901-WAS_Suspensi_MPRO.pdf,2026-09-11T07:54:15.210333+00:00,"{'reason': 'Terjadinya peningkatan harga kumulatif yang signifikan pada saham MPRO.JK, dalam rangka cooling down sebagai bentuk perlindungan bagi investor', 'symbol': 'MPRO.JK', 'pdf_url': 'https://www.idx.co.id/Portals/0/StaticData/NewsAndAnnouncement/ANNOUNCEMENTSTOCK/Exchange/2025/SEP/20250901-WAS_Suspensi_MPRO.pdf', 'suspension_date': '2025-09-02'}"
PBSA.JK,2025-09-02,"Terjadinya peningkatan harga kumulatif yang signifikan pada saham PBSA.JK, dalam rangka cooling down sebagai bentuk perlindungan bagi investor",https://www.idx.co.id/Portals/0/StaticData/NewsAndAnnouncement/ANNOUNCEMENTSTOCK/Exchange/2025/SEP/20250901-WAS_Suspensi_PBSA.pdf,2026-09-11T07:54:15.210333+00:00,"{'reason': 'Terjadinya peningkatan harga kumulatif yang signifikan pada saham PBSA.JK, dalam rangka cooling down sebagai bentuk perlindungan bagi investor', 'symbol': 'PBSA.JK', 'pdf_url': 'https://www.idx.co.id/Portals/0/StaticData/NewsAndAnnouncement/ANNOUNCEMENTSTOCK/Exchange/2025/SEP/20250901-WAS_Suspensi_PBSA.pdf', 'suspension_date': '2025-09-02'}"
PGUN.JK,2025-09-02,Terjadinya peningkatan harga kumulatif yang signifikan pada saham PGUN.JK,https://www.idx.co.id/Portals/0/StaticData/NewsAndAnnouncement/ANNOUNCEMENTSTOCK/Exchange/2025/SEP/20250901-WAS_Suspensi_PGUN.pdf,2026-09-11T07:54:15.210333+00:00,"{'reason': 'Terjadinya peningkatan harga kumulatif yang signifikan pada saham PGUN.JK', 'symbol': 'PGUN.JK', 'pdf_url': 'https://www.idx.co.id/Portals/0/StaticData/NewsAndAnnouncement/ANNOUNCEMENTSTOCK/Exchange/2025/SEP/20250901-WAS_Suspensi_PGUN.pdf', 'suspension_date': '2025-09-02'}"
PIPA.JK,2025-09-02,"Terjadinya peningkatan harga kumulatif yang signifikan pada saham PIPA.JK, dalam rangka cooling down sebagai bentuk perlindungan bagi investor",https://www.idx.co.id/Portals/0/StaticData/NewsAndAnnouncement/ANNOUNCEMENTSTOCK/Exchange/2025/SEP/20250901-WAS_Suspensi_PIPA.pdf,2026-09-11T07:54:15.210333+00:00,"{'reason': 'Terjadinya peningkatan harga kumulatif yang signifikan pada saham PIPA.JK, dalam rangka cooling down sebagai bentuk perlindungan bagi investor', 'symbol': 'PIPA.JK', 'pdf_url': 'https://www.idx.co.id/Portals/0/StaticData/NewsAndAnnouncement/ANNOUNCEMENTSTOCK/Exchange/2025/SEP/20250901-WAS_Suspensi_PIPA.pdf', 'suspension_date': '2025-09-02'}"
SMKM.JK,2025-09-02,Terjadinya peningkatan harga kumulatif yang signifikan pada saham SMKM.JK,https://www.idx.co.id/Portals/0/StaticData/NewsAndAnnouncement/ANNOUNCEMENTSTOCK/Exchange/2025/SEP/20250901-WAS_Suspensi_SMKM.pdf,2026-09-11T07:54:15.210333+00:00,"{'reason': 'Terjadinya peningkatan harga kumulatif yang signifikan pada saham SMKM.JK', 'symbol': 'SMKM.JK', 'pdf_url': 'https://www.idx.co.id/Portals/0/StaticData/NewsAndAnnouncement/ANNOUNCEMENTSTOCK/Exchange/2025/SEP/20250901-WAS_Suspensi_SMKM.pdf', 'suspension_date': '2025-09-02'}"
JARR.JK,2025-08-29,Terjadinya peningkatan harga kumulatif yang signifikan pada saham JARR.JK,https://www.idx.co.id/Portals/0/StaticData/NewsAndAnnouncement/ANNOUNCEMENTSTOCK/Exchange/2025/AGU/20250828-WAS_Suspensi_JARR.pdf,2026-09-11T07:54:15.210333+00:00,"{'reason': 'Terjadinya peningkatan harga kumulatif yang signifikan pada saham JARR.JK', 'symbol': 'JARR.JK', 'pdf_url': 'https://www.idx.co.id/Portals/0/StaticData/NewsAndAnnouncement/ANNOUNCEMENTSTOCK/Exchange/2025/AGU/20250828-WAS_Suspensi_JARR.pdf', 'suspension_date': '2025-08-29'}"
LINK.JK,2025-08-29,"Terjadinya peningkatan harga kumulatif yang signifikan pada saham LINK.JK, dalam rangka cooling down sebagai bentuk perlindungan bagi investor",https://www.idx.co.id/Portals/0/StaticData/NewsAndAnnouncement/ANNOUNCEMENTSTOCK/Exchange/2025/AGU/20250828-WAS_Suspensi_LINK.pdf,2026-09-11T07:54:15.210333+00:00,"{'reason': 'Terjadinya peningkatan harga kumulatif yang signifikan pada saham LINK.JK, dalam rangka cooling down sebagai bentuk perlindungan bagi investor', 'symbol': 'LINK.JK', 'pdf_url': 'https://www.idx.co.id/Portals/0/StaticData/NewsAndAnnouncement/ANNOUNCEMENTSTOCK/Exchange/2025/AGU/20250828-WAS_Suspensi_LINK.pdf', 'suspension_date': '2025-08-29'}"
NINE.JK,2025-08-29,Terjadinya peningkatan harga kumulatif yang signifikan pada saham NINE.JK,https://www.idx.co.id/Portals/0/StaticData/NewsAndAnnouncement/ANNOUNCEMENTSTOCK/Exchange/2025/AGU/20250828-WAS_Suspensi_NINE.pdf,2026-09-11T07:54:15.210333+00:00,"{'reason': 'Terjadinya peningkatan harga kumulatif yang signifikan pada saham NINE.JK', 'symbol': 'NINE.JK', 'pdf_url': 'https://www.idx.co.id/Portals/0/StaticData/NewsAndAnnouncement/ANNOUNCEMENTSTOCK/Exchange/2025/AGU/20250828-WAS_Suspensi_NINE.pdf', 'suspension_date': '2025-08-29'}"
POSA.JK,2020-11-24,Suspend more than 6 month,https://www.idx.co.id/StaticData/NewsAndAnnouncement/ANNOUNCEMENTSTOCK/From_EREP/202607/950fb01adf_3be20222ac.pdf,2026-09-11T07:54:15.831245+00:00,"{'reason': 'Suspend more than 6 month', 'symbol': 'POSA.JK', 'pdf_url': 'https://www.idx.co.id/StaticData/NewsAndAnnouncement/ANNOUNCEMENTSTOCK/From_EREP/202607/950fb01adf_3be20222ac.pdf', 'suspension_date': '2020-11-24'}"
SMKM.JK,2025-08-29,"Terjadinya peningkatan harga kumulatif yang signifikan pada saham SMKM.JK, dalam rangka cooling down sebagai bentuk perlindungan bagi investor",https://www.idx.co.id/Portals/0/StaticData/NewsAndAnnouncement/ANNOUNCEMENTSTOCK/Exchange/2025/AGU/20250828-WAS_Suspensi_SMKM.pdf,2026-09-11T07:54:15.210333+00:00,"{'reason': 'Terjadinya peningkatan harga kumulatif yang signifikan pada saham SMKM.JK, dalam rangka cooling down sebagai bentuk perlindungan bagi investor', 'symbol': 'SMKM.JK', 'pdf_url': 'https://www.idx.co.id/Portals/0/StaticData/NewsAndAnnouncement/ANNOUNCEMENTSTOCK/Exchange/2025/AGU/20250828-WAS_Suspensi_SMKM.pdf', 'suspension_date': '2025-08-29'}"
STRK.JK,2025-08-29,"Terjadinya peningkatan harga kumulatif yang signifikan pada saham STRK.JK, dalam rangka cooling down sebagai bentuk perlindungan bagi investor",https://www.idx.co.id/Portals/0/StaticData/NewsAndAnnouncement/ANNOUNCEMENTSTOCK/Exchange/2025/AGU/20250828-WAS_Suspensi_STRK.pdf,2026-09-11T07:54:15.210333+00:00,"{'reason': 'Terjadinya peningkatan harga kumulatif yang signifikan pada saham STRK.JK, dalam rangka cooling down sebagai bentuk perlindungan bagi investor', 'symbol': 'STRK.JK', 'pdf_url': 'https://www.idx.co.id/Portals/0/StaticData/NewsAndAnnouncement/ANNOUNCEMENTSTOCK/Exchange/2025/AGU/20250828-WAS_Suspensi_STRK.pdf', 'suspension_date': '2025-08-29'}"
DATA.JK,2025-08-28,Terjadinya peningkatan harga kumulatif yang signifikan pada saham DATA.JK,https://www.idx.co.id/Portals/0/StaticData/NewsAndAnnouncement/ANNOUNCEMENTSTOCK/Exchange/2025/AGU/20250827-WAS_Suspensi_DATA.pdf,2026-09-11T07:54:15.210333+00:00,"{'reason': 'Terjadinya peningkatan harga kumulatif yang signifikan pada saham DATA.JK', 'symbol': 'DATA.JK', 'pdf_url': 'https://www.idx.co.id/Portals/0/StaticData/NewsAndAnnouncement/ANNOUNCEMENTSTOCK/Exchange/2025/AGU/20250827-WAS_Suspensi_DATA.pdf', 'suspension_date': '2025-08-28'}"
FLMC.JK,2025-08-28,"Terjadinya peningkatan harga kumulatif yang signifikan pada saham FLMC.JK, dalam rangka cooling down sebagai bentuk perlindungan bagi investor",https://www.idx.co.id/Portals/0/StaticData/NewsAndAnnouncement/ANNOUNCEMENTSTOCK/Exchange/2025/AGU/20250827-WAS_Suspensi_FLMC.pdf,2026-09-11T07:54:15.210333+00:00,"{'reason': 'Terjadinya peningkatan harga kumulatif yang signifikan pada saham FLMC.JK, dalam rangka cooling down sebagai bentuk perlindungan bagi investor', 'symbol': 'FLMC.JK', 'pdf_url': 'https://www.idx.co.id/Portals/0/StaticData/NewsAndAnnouncement/ANNOUNCEMENTSTOCK/Exchange/2025/AGU/20250827-WAS_Suspensi_FLMC.pdf', 'suspension_date': '2025-08-28'}"
HBAT.JK,2025-08-28,Terjadinya peningkatan harga kumulatif yang signifikan pada saham HBAT.JK,https://www.idx.co.id/Portals/0/StaticData/NewsAndAnnouncement/ANNOUNCEMENTSTOCK/Exchange/2025/AGU/20250827-WAS_Suspensi_HBAT.pdf,2026-09-11T07:54:15.210333+00:00,"{'reason': 'Terjadinya peningkatan harga kumulatif yang signifikan pada saham HBAT.JK', 'symbol': 'HBAT.JK', 'pdf_url': 'https://www.idx.co.id/Portals/0/StaticData/NewsAndAnnouncement/ANNOUNCEMENTSTOCK/Exchange/2025/AGU/20250827-WAS_Suspensi_HBAT.pdf', 'suspension_date': '2025-08-28'}"
HUMI.JK,2025-08-28,"Terjadinya peningkatan harga kumulatif yang signifikan pada saham HUMI.JK, dalam rangka cooling down sebagai bentuk perlindungan bagi investor",https://www.idx.co.id/Portals/0/StaticData/NewsAndAnnouncement/ANNOUNCEMENTSTOCK/Exchange/2025/AGU/20250827-WAS_Suspensi_HUMI.pdf,2026-09-11T07:54:15.210333+00:00,"{'reason': 'Terjadinya peningkatan harga kumulatif yang signifikan pada saham HUMI.JK, dalam rangka cooling down sebagai bentuk perlindungan bagi investor', 'symbol': 'HUMI.JK', 'pdf_url': 'https://www.idx.co.id/Portals/0/StaticData/NewsAndAnnouncement/ANNOUNCEMENTSTOCK/Exchange/2025/AGU/20250827-WAS_Suspensi_HUMI.pdf', 'suspension_date': '2025-08-28'}"
JARR.JK,2025-08-27,"Terjadinya peningkatan harga kumulatif yang signifikan pada saham JARR.JK, dalam rangka cooling down sebagai bentuk perlindungan bagi investor",https://www.idx.co.id/Portals/0/StaticData/NewsAndAnnouncement/ANNOUNCEMENTSTOCK/Exchange/2025/AGU/20250826-WAS_Suspensi_JARR.pdf,2026-09-11T07:54:15.210333+00:00,"{'reason': 'Terjadinya peningkatan harga kumulatif yang signifikan pada saham JARR.JK, dalam rangka cooling down sebagai bentuk perlindungan bagi investor', 'symbol': 'JARR.JK', 'pdf_url': 'https://www.idx.co.id/Portals/0/StaticData/NewsAndAnnouncement/ANNOUNCEMENTSTOCK/Exchange/2025/AGU/20250826-WAS_Suspensi_JARR.pdf', 'suspension_date': '2025-08-27'}"
MLPT.JK,2025-08-27,Terjadinya peningkatan harga kumulatif yang signifikan pada saham MLPT.JK,https://www.idx.co.id/Portals/0/StaticData/NewsAndAnnouncement/ANNOUNCEMENTSTOCK/Exchange/2025/AGU/20250826-WAS_Suspensi_MPLT.pdf,2026-09-11T07:54:15.210333+00:00,"{'reason': 'Terjadinya peningkatan harga kumulatif yang signifikan pada saham MLPT.JK', 'symbol': 'MLPT.JK', 'pdf_url': 'https://www.idx.co.id/Portals/0/StaticData/NewsAndAnnouncement/ANNOUNCEMENTSTOCK/Exchange/2025/AGU/20250826-WAS_Suspensi_MPLT.pdf', 'suspension_date': '2025-08-27'}"
PSKT.JK,2025-08-27,"Terjadinya peningkatan harga kumulatif yang signifikan pada saham PSKT.JK, dalam rangka cooling down sebagai bentuk perlindungan bagi investor",https://www.idx.co.id/Portals/0/StaticData/NewsAndAnnouncement/ANNOUNCEMENTSTOCK/Exchange/2025/AGU/20250826-WAS_Suspensi_PSKT.pdf,2026-09-11T07:54:15.210333+00:00,"{'reason': 'Terjadinya peningkatan harga kumulatif yang signifikan pada saham PSKT.JK, dalam rangka cooling down sebagai bentuk perlindungan bagi investor', 'symbol': 'PSKT.JK', 'pdf_url': 'https://www.idx.co.id/Portals/0/StaticData/NewsAndAnnouncement/ANNOUNCEMENTSTOCK/Exchange/2025/AGU/20250826-WAS_Suspensi_PSKT.pdf', 'suspension_date': '2025-08-27'}"
COIN.JK,2025-08-26,Terjadinya peningkatan harga kumulatif yang signifikan pada saham COIN.JK,https://www.idx.co.id/Portals/0/StaticData/NewsAndAnnouncement/ANNOUNCEMENTSTOCK/Exchange/2025/AGU/20250825-WAS_Suspensi_COIN.pdf,2026-09-11T07:54:15.210333+00:00,"{'reason': 'Terjadinya peningkatan harga kumulatif yang signifikan pada saham COIN.JK', 'symbol': 'COIN.JK', 'pdf_url': 'https://www.idx.co.id/Portals/0/StaticData/NewsAndAnnouncement/ANNOUNCEMENTSTOCK/Exchange/2025/AGU/20250825-WAS_Suspensi_COIN.pdf', 'suspension_date': '2025-08-26'}"
DATA.JK,2025-08-26,"Terjadinya peningkatan harga kumulatif yang signifikan pada saham DATA.JK, dalam rangka cooling down sebagai bentuk perlindungan bagi investor",https://www.idx.co.id/Portals/0/StaticData/NewsAndAnnouncement/ANNOUNCEMENTSTOCK/Exchange/2025/AGU/20250825-WAS_Suspensi_DATA.pdf,2026-09-11T07:54:15.210333+00:00,"{'reason': 'Terjadinya peningkatan harga kumulatif yang signifikan pada saham DATA.JK, dalam rangka cooling down sebagai bentuk perlindungan bagi investor', 'symbol': 'DATA.JK', 'pdf_url': 'https://www.idx.co.id/Portals/0/StaticData/NewsAndAnnouncement/ANNOUNCEMENTSTOCK/Exchange/2025/AGU/20250825-WAS_Suspensi_DATA.pdf', 'suspension_date': '2025-08-26'}"
NINE.JK,2025-08-26,"Terjadinya peningkatan harga kumulatif yang signifikan pada saham NINE.JK, dalam rangka cooling down sebagai bentuk perlindungan bagi investor",https://www.idx.co.id/Portals/0/StaticData/NewsAndAnnouncement/ANNOUNCEMENTSTOCK/Exchange/2025/AGU/20250825-WAS_Suspensi_NINE.pdf,2026-09-11T07:54:15.210333+00:00,"{'reason': 'Terjadinya peningkatan harga kumulatif yang signifikan pada saham NINE.JK, dalam rangka cooling down sebagai bentuk perlindungan bagi investor', 'symbol': 'NINE.JK', 'pdf_url': 'https://www.idx.co.id/Portals/0/StaticData/NewsAndAnnouncement/ANNOUNCEMENTSTOCK/Exchange/2025/AGU/20250825-WAS_Suspensi_NINE.pdf', 'suspension_date': '2025-08-26'}"
ASLC.JK,2025-08-22,"Terjadinya peningkatan harga kumulatif yang signifikan pada saham ASLC.JK, dalam rangka cooling down sebagai bentuk perlindungan bagi investor",https://www.idx.co.id/Portals/0/StaticData/NewsAndAnnouncement/ANNOUNCEMENTSTOCK/Exchange/2025/AGU/20250821-WAS_Suspensi_ASLC.pdf,2026-09-11T07:54:15.210333+00:00,"{'reason': 'Terjadinya peningkatan harga kumulatif yang signifikan pada saham ASLC.JK, dalam rangka cooling down sebagai bentuk perlindungan bagi investor', 'symbol': 'ASLC.JK', 'pdf_url': 'https://www.idx.co.id/Portals/0/StaticData/NewsAndAnnouncement/ANNOUNCEMENTSTOCK/Exchange/2025/AGU/20250821-WAS_Suspensi_ASLC.pdf', 'suspension_date': '2025-08-22'}"
LAPD.JK,2025-08-22,"Terjadinya peningkatan harga kumulatif yang signifikan pada saham LAPD.JK, dalam rangka cooling down sebagai bentuk perlindungan bagi investor",https://www.idx.co.id/Portals/0/StaticData/NewsAndAnnouncement/ANNOUNCEMENTSTOCK/Exchange/2025/AGU/20250821-WAS_Suspensi_LAPD.pdf,2026-09-11T07:54:15.210333+00:00,"{'reason': 'Terjadinya peningkatan harga kumulatif yang signifikan pada saham LAPD.JK, dalam rangka cooling down sebagai bentuk perlindungan bagi investor', 'symbol': 'LAPD.JK', 'pdf_url': 'https://www.idx.co.id/Portals/0/StaticData/NewsAndAnnouncement/ANNOUNCEMENTSTOCK/Exchange/2025/AGU/20250821-WAS_Suspensi_LAPD.pdf', 'suspension_date': '2025-08-22'}"
LIFE.JK,2025-08-22,Terjadinya peningkatan harga kumulatif yang signifikan pada saham LIFE.JK,https://www.idx.co.id/Portals/0/StaticData/NewsAndAnnouncement/ANNOUNCEMENTSTOCK/Exchange/2025/AGU/20250821-WAS_Suspensi_LIFE.pdf,2026-09-11T07:54:15.210333+00:00,"{'reason': 'Terjadinya peningkatan harga kumulatif yang signifikan pada saham LIFE.JK', 'symbol': 'LIFE.JK', 'pdf_url': 'https://www.idx.co.id/Portals/0/StaticData/NewsAndAnnouncement/ANNOUNCEMENTSTOCK/Exchange/2025/AGU/20250821-WAS_Suspensi_LIFE.pdf', 'suspension_date': '2025-08-22'}"
SOSS.JK,2025-08-22,"Terjadinya peningkatan harga kumulatif yang signifikan pada saham SOSS.JK, dalam rangka cooling down sebagai bentuk perlindungan bagi investor",https://www.idx.co.id/Portals/0/StaticData/NewsAndAnnouncement/ANNOUNCEMENTSTOCK/Exchange/2025/AGU/20250821-WAS_Suspensi_SOSS.pdf,2026-09-11T07:54:15.210333+00:00,"{'reason': 'Terjadinya peningkatan harga kumulatif yang signifikan pada saham SOSS.JK, dalam rangka cooling down sebagai bentuk perlindungan bagi investor', 'symbol': 'SOSS.JK', 'pdf_url': 'https://www.idx.co.id/Portals/0/StaticData/NewsAndAnnouncement/ANNOUNCEMENTSTOCK/Exchange/2025/AGU/20250821-WAS_Suspensi_SOSS.pdf', 'suspension_date': '2025-08-22'}"
UDNG.JK,2025-08-22,Terjadinya peningkatan harga kumulatif yang signifikan pada saham UDNG.JK,https://www.idx.co.id/Portals/0/StaticData/NewsAndAnnouncement/ANNOUNCEMENTSTOCK/Exchange/2025/AGU/20250821-WAS_Suspensi_UDNG.pdf,2026-09-11T07:54:15.210333+00:00,"{'reason': 'Terjadinya peningkatan harga kumulatif yang signifikan pada saham UDNG.JK', 'symbol': 'UDNG.JK', 'pdf_url': 'https://www.idx.co.id/Portals/0/StaticData/NewsAndAnnouncement/ANNOUNCEMENTSTOCK/Exchange/2025/AGU/20250821-WAS_Suspensi_UDNG.pdf', 'suspension_date': '2025-08-22'}"
BWPT.JK,2025-08-21,"Terjadinya peningkatan harga kumulatif yang signifikan pada saham BWPT.JK, dalam rangka cooling down sebagai bentuk perlindungan bagi investor",https://www.idx.co.id/Portals/0/StaticData/NewsAndAnnouncement/ANNOUNCEMENTSTOCK/Exchange/2025/AGU/20250820-WAS_Suspensi_BWPT.pdf,2026-09-11T07:54:15.210333+00:00,"{'reason': 'Terjadinya peningkatan harga kumulatif yang signifikan pada saham BWPT.JK, dalam rangka cooling down sebagai bentuk perlindungan bagi investor', 'symbol': 'BWPT.JK', 'pdf_url': 'https://www.idx.co.id/Portals/0/StaticData/NewsAndAnnouncement/ANNOUNCEMENTSTOCK/Exchange/2025/AGU/20250820-WAS_Suspensi_BWPT.pdf', 'suspension_date': '2025-08-21'}"
MGLV.JK,2025-08-21,Terjadinya peningkatan harga kumulatif yang signifikan pada saham MGLV.JK,https://www.idx.co.id/Portals/0/StaticData/NewsAndAnnouncement/ANNOUNCEMENTSTOCK/Exchange/2025/AGU/20250820-WAS_Suspensi_MGLV.pdf,2026-09-11T07:54:15.210333+00:00,"{'reason': 'Terjadinya peningkatan harga kumulatif yang signifikan pada saham MGLV.JK', 'symbol': 'MGLV.JK', 'pdf_url': 'https://www.idx.co.id/Portals/0/StaticData/NewsAndAnnouncement/ANNOUNCEMENTSTOCK/Exchange/2025/AGU/20250820-WAS_Suspensi_MGLV.pdf', 'suspension_date': '2025-08-21'}"
UANG.JK,2025-08-21,Terjadinya peningkatan harga kumulatif yang signifikan pada saham UANG.JK,https://www.idx.co.id/Portals/0/StaticData/NewsAndAnnouncement/ANNOUNCEMENTSTOCK/Exchange/2025/AGU/20250820-WAS_Suspensi_UANG.pdf,2026-09-11T07:54:15.210333+00:00,"{'reason': 'Terjadinya peningkatan harga kumulatif yang signifikan pada saham UANG.JK', 'symbol': 'UANG.JK', 'pdf_url': 'https://www.idx.co.id/Portals/0/StaticData/NewsAndAnnouncement/ANNOUNCEMENTSTOCK/Exchange/2025/AGU/20250820-WAS_Suspensi_UANG.pdf', 'suspension_date': '2025-08-21'}"
LIFE.JK,2025-08-20,"Terjadinya peningkatan harga kumulatif yang signifikan pada saham LIFE.JK, dalam rangka cooling down sebagai bentuk perlindungan bagi investor",https://www.idx.co.id/Portals/0/StaticData/NewsAndAnnouncement/ANNOUNCEMENTSTOCK/Exchange/2025/AGU/20250819-WAS_Suspensi_LIFE.pdf,2026-09-11T07:54:15.210333+00:00,"{'reason': 'Terjadinya peningkatan harga kumulatif yang signifikan pada saham LIFE.JK, dalam rangka cooling down sebagai bentuk perlindungan bagi investor', 'symbol': 'LIFE.JK', 'pdf_url': 'https://www.idx.co.id/Portals/0/StaticData/NewsAndAnnouncement/ANNOUNCEMENTSTOCK/Exchange/2025/AGU/20250819-WAS_Suspensi_LIFE.pdf', 'suspension_date': '2025-08-20'}"
FUTR.JK,2025-08-19,Terjadinya peningkatan harga kumulatif yang signifikan pada saham FUTR.JK,https://www.idx.co.id/Portals/0/StaticData/NewsAndAnnouncement/ANNOUNCEMENTSTOCK/Exchange/2025/AGU/20250815-WAS_FUTR_Suspensi.pdf,2026-09-11T07:54:15.210333+00:00,"{'reason': 'Terjadinya peningkatan harga kumulatif yang signifikan pada saham FUTR.JK', 'symbol': 'FUTR.JK', 'pdf_url': 'https://www.idx.co.id/Portals/0/StaticData/NewsAndAnnouncement/ANNOUNCEMENTSTOCK/Exchange/2025/AGU/20250815-WAS_FUTR_Suspensi.pdf', 'suspension_date': '2025-08-19'}"
UDNG.JK,2025-08-19,"Terjadinya peningkatan harga kumulatif yang signifikan pada saham UDNG.JK, dalam rangka cooling down sebagai bentuk perlindungan bagi investor",https://www.idx.co.id/Portals/0/StaticData/NewsAndAnnouncement/ANNOUNCEMENTSTOCK/Exchange/2025/AGU/20250815-WAS_UDNG_Suspensi.pdf,2026-09-11T07:54:15.210333+00:00,"{'reason': 'Terjadinya peningkatan harga kumulatif yang signifikan pada saham UDNG.JK, dalam rangka cooling down sebagai bentuk perlindungan bagi investor', 'symbol': 'UDNG.JK', 'pdf_url': 'https://www.idx.co.id/Portals/0/StaticData/NewsAndAnnouncement/ANNOUNCEMENTSTOCK/Exchange/2025/AGU/20250815-WAS_UDNG_Suspensi.pdf', 'suspension_date': '2025-08-19'}"
ZBRA.JK,2025-08-19,Sehubungan dengan adanya ketidakpastian atas kelangsungan usaha,https://www.idx.co.id/StaticData/NewsAndAnnouncement/ANNOUNCEMENTSTOCK/From_EREP/202508/a04f07bea9_9e3e49b60c.pdf,2026-09-11T07:54:15.210333+00:00,"{'reason': 'Sehubungan dengan adanya ketidakpastian atas kelangsungan usaha', 'symbol': 'ZBRA.JK', 'pdf_url': 'https://www.idx.co.id/StaticData/NewsAndAnnouncement/ANNOUNCEMENTSTOCK/From_EREP/202508/a04f07bea9_9e3e49b60c.pdf', 'suspension_date': '2025-08-19'}"
MTRA.JK,2020-08-31,Suspend more than 6 month,https://www.idx.co.id/StaticData/NewsAndAnnouncement/ANNOUNCEMENTSTOCK/From_EREP/202510/4a50b93a3c_1ca52e23f6.pdf,2026-09-11T07:54:15.831245+00:00,"{'reason': 'Suspend more than 6 month', 'symbol': 'MTRA.JK', 'pdf_url': 'https://www.idx.co.id/StaticData/NewsAndAnnouncement/ANNOUNCEMENTSTOCK/From_EREP/202510/4a50b93a3c_1ca52e23f6.pdf', 'suspension_date': '2020-08-31'}"
FUTR.JK,2025-08-14,"Terjadinya peningkatan harga kumulatif yang signifikan pada saham FUTR.JK, dalam rangka cooling down sebagai bentuk perlindungan bagi investor",https://www.idx.co.id/Portals/0/StaticData/NewsAndAnnouncement/ANNOUNCEMENTSTOCK/Exchange/2025/AGU/20250813-WAS_Suspensi_FUTR.pdf,2026-09-11T07:54:15.210333+00:00,"{'reason': 'Terjadinya peningkatan harga kumulatif yang signifikan pada saham FUTR.JK, dalam rangka cooling down sebagai bentuk perlindungan bagi investor', 'symbol': 'FUTR.JK', 'pdf_url': 'https://www.idx.co.id/Portals/0/StaticData/NewsAndAnnouncement/ANNOUNCEMENTSTOCK/Exchange/2025/AGU/20250813-WAS_Suspensi_FUTR.pdf', 'suspension_date': '2025-08-14'}"
MLPT.JK,2025-08-14,"Terjadinya peningkatan harga kumulatif yang signifikan pada saham MLPT.JK, dalam rangka cooling down sebagai bentuk perlindungan bagi investor",https://www.idx.co.id/Portals/0/StaticData/NewsAndAnnouncement/ANNOUNCEMENTSTOCK/Exchange/2025/AGU/20250813-WAS_Suspensi_MLPT.pdf,2026-09-11T07:54:15.210333+00:00,"{'reason': 'Terjadinya peningkatan harga kumulatif yang signifikan pada saham MLPT.JK, dalam rangka cooling down sebagai bentuk perlindungan bagi investor', 'symbol': 'MLPT.JK', 'pdf_url': 'https://www.idx.co.id/Portals/0/StaticData/NewsAndAnnouncement/ANNOUNCEMENTSTOCK/Exchange/2025/AGU/20250813-WAS_Suspensi_MLPT.pdf', 'suspension_date': '2025-08-14'}"
CSMI.JK,2025-08-13,Terjadinya penurunan harga kumulatif yang signifikan pada saham CSMI.JK,https://www.idx.co.id/Portals/0/StaticData/NewsAndAnnouncement/ANNOUNCEMENTSTOCK/Exchange/2025/AGU/20250812-WAS_Suspensi_CSMI.pdf,2026-09-11T07:54:15.210333+00:00,"{'reason': 'Terjadinya penurunan harga kumulatif yang signifikan pada saham CSMI.JK', 'symbol': 'CSMI.JK', 'pdf_url': 'https://www.idx.co.id/Portals/0/StaticData/NewsAndAnnouncement/ANNOUNCEMENTSTOCK/Exchange/2025/AGU/20250812-WAS_Suspensi_CSMI.pdf', 'suspension_date': '2025-08-13'}"
FIMP.JK,2025-08-13,Efek Perseroan telah berada dalam papan pemantauan khusus selama lebih dari 1 (satu) tahun berturut-turut,https://www.idx.co.id/StaticData/NewsAndAnnouncement/ANNOUNCEMENTSTOCK/From_EREP/202508/c87f3ad2cd_a48ae0d2de.pdf,2026-09-11T07:54:15.210333+00:00,"{'reason': 'Efek Perseroan telah berada dalam papan pemantauan khusus selama lebih dari 1 (satu) tahun berturut-turut', 'symbol': 'FIMP.JK', 'pdf_url': 'https://www.idx.co.id/StaticData/NewsAndAnnouncement/ANNOUNCEMENTSTOCK/From_EREP/202508/c87f3ad2cd_a48ae0d2de.pdf', 'suspension_date': '2025-08-13'}"
IMPC.JK,2025-08-13,Terjadinya peningkatan harga kumulatif yang signifikan pada saham IMPC.JK,https://www.idx.co.id/Portals/0/StaticData/NewsAndAnnouncement/ANNOUNCEMENTSTOCK/Exchange/2025/AGU/20250812-WAS_Suspensi_IMPC.pdf,2026-09-11T07:54:15.210333+00:00,"{'reason': 'Terjadinya peningkatan harga kumulatif yang signifikan pada saham IMPC.JK', 'symbol': 'IMPC.JK', 'pdf_url': 'https://www.idx.co.id/Portals/0/StaticData/NewsAndAnnouncement/ANNOUNCEMENTSTOCK/Exchange/2025/AGU/20250812-WAS_Suspensi_IMPC.pdf', 'suspension_date': '2025-08-13'}"
CHEM.JK,2025-08-12,"Terjadinya peningkatan harga kumulatif yang signifikan pada saham CHEM.JK, dalam rangka cooling down sebagai bentuk perlindungan bagi investor",https://www.idx.co.id/Portals/0/StaticData/NewsAndAnnouncement/ANNOUNCEMENTSTOCK/Exchange/2025/AGU/20250811-WAS_Suspensi_CHEM.pdf,2026-09-11T07:54:15.210333+00:00,"{'reason': 'Terjadinya peningkatan harga kumulatif yang signifikan pada saham CHEM.JK, dalam rangka cooling down sebagai bentuk perlindungan bagi investor', 'symbol': 'CHEM.JK', 'pdf_url': 'https://www.idx.co.id/Portals/0/StaticData/NewsAndAnnouncement/ANNOUNCEMENTSTOCK/Exchange/2025/AGU/20250811-WAS_Suspensi_CHEM.pdf', 'suspension_date': '2025-08-12'}"
FILM.JK,2025-08-12,"Terjadinya peningkatan harga kumulatif yang signifikan pada saham FILM.JK, dalam rangka cooling down sebagai bentuk perlindungan bagi investor",https://www.idx.co.id/Portals/0/StaticData/NewsAndAnnouncement/ANNOUNCEMENTSTOCK/Exchange/2025/AGU/20250811-WAS_Suspensi_FILM.pdf,2026-09-11T07:54:15.210333+00:00,"{'reason': 'Terjadinya peningkatan harga kumulatif yang signifikan pada saham FILM.JK, dalam rangka cooling down sebagai bentuk perlindungan bagi investor', 'symbol': 'FILM.JK', 'pdf_url': 'https://www.idx.co.id/Portals/0/StaticData/NewsAndAnnouncement/ANNOUNCEMENTSTOCK/Exchange/2025/AGU/20250811-WAS_Suspensi_FILM.pdf', 'suspension_date': '2025-08-12'}"
PYFA.JK,2025-08-12,Terjadinya peningkatan harga kumulatif yang signifikan pada saham PYFA.JK,https://www.idx.co.id/Portals/0/StaticData/NewsAndAnnouncement/ANNOUNCEMENTSTOCK/Exchange/2025/AGU/20250811-WAS_Suspensi_PYFA.pdf,2026-09-11T07:54:15.210333+00:00,"{'reason': 'Terjadinya peningkatan harga kumulatif yang signifikan pada saham PYFA.JK', 'symbol': 'PYFA.JK', 'pdf_url': 'https://www.idx.co.id/Portals/0/StaticData/NewsAndAnnouncement/ANNOUNCEMENTSTOCK/Exchange/2025/AGU/20250811-WAS_Suspensi_PYFA.pdf', 'suspension_date': '2025-08-12'}"
CBRE.JK,2025-08-11,Terjadinya peningkatan harga kumulatif yang signifikan pada saham CBRE.JK,https://www.idx.co.id/Portals/0/StaticData/NewsAndAnnouncement/ANNOUNCEMENTSTOCK/Exchange/2025/AGU/20250808-WAS_Suspensi_CBRE.pdf,2026-09-11T07:54:15.210333+00:00,"{'reason': 'Terjadinya peningkatan harga kumulatif yang signifikan pada saham CBRE.JK', 'symbol': 'CBRE.JK', 'pdf_url': 'https://www.idx.co.id/Portals/0/StaticData/NewsAndAnnouncement/ANNOUNCEMENTSTOCK/Exchange/2025/AGU/20250808-WAS_Suspensi_CBRE.pdf', 'suspension_date': '2025-08-11'}"
IMPC.JK,2025-08-11,"Terjadinya peningkatan harga kumulatif yang signifikan pada saham IMPC.JK, dalam rangka cooling down sebagai bentuk perlindungan bagi investor",https://www.idx.co.id/Portals/0/StaticData/NewsAndAnnouncement/ANNOUNCEMENTSTOCK/Exchange/2025/AGU/20250808-WAS_Suspensi_IMPC.pdf,2026-09-11T07:54:15.210333+00:00,"{'reason': 'Terjadinya peningkatan harga kumulatif yang signifikan pada saham IMPC.JK, dalam rangka cooling down sebagai bentuk perlindungan bagi investor', 'symbol': 'IMPC.JK', 'pdf_url': 'https://www.idx.co.id/Portals/0/StaticData/NewsAndAnnouncement/ANNOUNCEMENTSTOCK/Exchange/2025/AGU/20250808-WAS_Suspensi_IMPC.pdf', 'suspension_date': '2025-08-11'}"
IRSX.JK,2025-08-11,Terjadinya peningkatan harga kumulatif yang signifikan pada saham IRSX.JK,https://www.idx.co.id/Portals/0/StaticData/NewsAndAnnouncement/ANNOUNCEMENTSTOCK/Exchange/2025/AGU/20250808-WAS_Suspensi_IRSX.pdf,2026-09-11T07:54:15.210333+00:00,"{'reason': 'Terjadinya peningkatan harga kumulatif yang signifikan pada saham IRSX.JK', 'symbol': 'IRSX.JK', 'pdf_url': 'https://www.idx.co.id/Portals/0/StaticData/NewsAndAnnouncement/ANNOUNCEMENTSTOCK/Exchange/2025/AGU/20250808-WAS_Suspensi_IRSX.pdf', 'suspension_date': '2025-08-11'}"
ROCK.JK,2025-08-08,Terjadinya peningkatan harga kumulatif yang signifikan pada saham ROCK.JK,https://www.idx.co.id/Portals/0/StaticData/NewsAndAnnouncement/ANNOUNCEMENTSTOCK/Exchange/2025/AGU/20250807-WAS_Suspensi_ROCK.pdf,2026-09-11T07:54:15.210333+00:00,"{'reason': 'Terjadinya peningkatan harga kumulatif yang signifikan pada saham ROCK.JK', 'symbol': 'ROCK.JK', 'pdf_url': 'https://www.idx.co.id/Portals/0/StaticData/NewsAndAnnouncement/ANNOUNCEMENTSTOCK/Exchange/2025/AGU/20250807-WAS_Suspensi_ROCK.pdf', 'suspension_date': '2025-08-08'}"
MINA.JK,2025-08-07,Terjadinya peningkatan harga kumulatif yang signifikan pada saham MINA.JK,https://www.idx.co.id/Portals/0/StaticData/NewsAndAnnouncement/ANNOUNCEMENTSTOCK/Exchange/2025/AGU/20250806-WAS_Suspensi_MINA.pdf,2026-09-11T07:54:15.210333+00:00,"{'reason': 'Terjadinya peningkatan harga kumulatif yang signifikan pada saham MINA.JK', 'symbol': 'MINA.JK', 'pdf_url': 'https://www.idx.co.id/Portals/0/StaticData/NewsAndAnnouncement/ANNOUNCEMENTSTOCK/Exchange/2025/AGU/20250806-WAS_Suspensi_MINA.pdf', 'suspension_date': '2025-08-07'}"
IRSX.JK,2025-08-06,"Terjadinya peningkatan harga kumulatif yang signifikan pada saham IRSX.JK, dalam rangka cooling down sebagai bentuk perlindungan bagi investor",https://www.idx.co.id/Portals/0/StaticData/NewsAndAnnouncement/ANNOUNCEMENTSTOCK/Exchange/2025/AGU/20250805-WAS_Suspensi_IRSX.pdf,2026-09-11T07:54:15.210333+00:00,"{'reason': 'Terjadinya peningkatan harga kumulatif yang signifikan pada saham IRSX.JK, dalam rangka cooling down sebagai bentuk perlindungan bagi investor', 'symbol': 'IRSX.JK', 'pdf_url': 'https://www.idx.co.id/Portals/0/StaticData/NewsAndAnnouncement/ANNOUNCEMENTSTOCK/Exchange/2025/AGU/20250805-WAS_Suspensi_IRSX.pdf', 'suspension_date': '2025-08-06'}"
MINA.JK,2025-08-04,"Terjadinya peningkatan harga kumulatif yang signifikan pada saham MINA.JK, dalam rangka cooling down sebagai bentuk perlindungan bagi investor",https://www.idx.co.id/Portals/0/StaticData/NewsAndAnnouncement/ANNOUNCEMENTSTOCK/Exchange/2025/AGU/20250801-WAS_Suspensi_MINA.pdf,2026-09-11T07:54:15.210333+00:00,"{'reason': 'Terjadinya peningkatan harga kumulatif yang signifikan pada saham MINA.JK, dalam rangka cooling down sebagai bentuk perlindungan bagi investor', 'symbol': 'MINA.JK', 'pdf_url': 'https://www.idx.co.id/Portals/0/StaticData/NewsAndAnnouncement/ANNOUNCEMENTSTOCK/Exchange/2025/AGU/20250801-WAS_Suspensi_MINA.pdf', 'suspension_date': '2025-08-04'}"
ROCK.JK,2025-08-04,"Terjadinya peningkatan harga kumulatif yang signifikan pada saham ROCK.JK, dalam rangka cooling down sebagai bentuk perlindungan bagi investor",https://www.idx.co.id/Portals/0/StaticData/NewsAndAnnouncement/ANNOUNCEMENTSTOCK/Exchange/2025/AGU/20250801-WAS_Suspensi_ROCK_.pdf,2026-09-11T07:54:15.210333+00:00,"{'reason': 'Terjadinya peningkatan harga kumulatif yang signifikan pada saham ROCK.JK, dalam rangka cooling down sebagai bentuk perlindungan bagi investor', 'symbol': 'ROCK.JK', 'pdf_url': 'https://www.idx.co.id/Portals/0/StaticData/NewsAndAnnouncement/ANNOUNCEMENTSTOCK/Exchange/2025/AGU/20250801-WAS_Suspensi_ROCK_.pdf', 'suspension_date': '2025-08-04'}"
BUVA.JK,2025-08-01,Terjadinya peningkatan harga kumulatif yang signifikan pada saham BUVA.JK,https://www.idx.co.id/Portals/0/StaticData/NewsAndAnnouncement/ANNOUNCEMENTSTOCK/Exchange/2025/JUL/20250731-WAS_Suspensi_BUVA.pdf,2026-09-11T07:54:15.210333+00:00,"{'reason': 'Terjadinya peningkatan harga kumulatif yang signifikan pada saham BUVA.JK', 'symbol': 'BUVA.JK', 'pdf_url': 'https://www.idx.co.id/Portals/0/StaticData/NewsAndAnnouncement/ANNOUNCEMENTSTOCK/Exchange/2025/JUL/20250731-WAS_Suspensi_BUVA.pdf', 'suspension_date': '2025-08-01'}"
COCO.JK,2025-08-01,Terjadinya peningkatan harga kumulatif yang signifikan pada saham COCO.JK,https://www.idx.co.id/Portals/0/StaticData/NewsAndAnnouncement/ANNOUNCEMENTSTOCK/Exchange/2025/JUL/20250731-WAS_Suspensi_COCO.pdf,2026-09-11T07:54:15.210333+00:00,"{'reason': 'Terjadinya peningkatan harga kumulatif yang signifikan pada saham COCO.JK', 'symbol': 'COCO.JK', 'pdf_url': 'https://www.idx.co.id/Portals/0/StaticData/NewsAndAnnouncement/ANNOUNCEMENTSTOCK/Exchange/2025/JUL/20250731-WAS_Suspensi_COCO.pdf', 'suspension_date': '2025-08-01'}"
HOPE.JK,2025-07-31,Terjadinya peningkatan harga kumulatif yang signifikan pada saham HOPE.JK,https://www.idx.co.id/Portals/0/StaticData/NewsAndAnnouncement/ANNOUNCEMENTSTOCK/Exchange/2025/JUL/20250730-WAS_Suspensi_HOPE.pdf,2026-09-11T07:54:15.210333+00:00,"{'reason': 'Terjadinya peningkatan harga kumulatif yang signifikan pada saham HOPE.JK', 'symbol': 'HOPE.JK', 'pdf_url': 'https://www.idx.co.id/Portals/0/StaticData/NewsAndAnnouncement/ANNOUNCEMENTSTOCK/Exchange/2025/JUL/20250730-WAS_Suspensi_HOPE.pdf', 'suspension_date': '2025-07-31'}"
KIAS.JK,2025-07-31,Belum memenuhi ketentuan V.1.1. dan/atau V.1.2. peraturan bursa nomor I-A,https://www.idx.co.id/StaticData/NewsAndAnnouncement/ANNOUNCEMENTSTOCK/From_EREP/202508/20095b13c5_c29295c3b4.pdf,2026-09-11T07:54:15.210333+00:00,"{'reason': 'Belum memenuhi ketentuan V.1.1. dan/atau V.1.2. peraturan bursa nomor I-A', 'symbol': 'KIAS.JK', 'pdf_url': 'https://www.idx.co.id/StaticData/NewsAndAnnouncement/ANNOUNCEMENTSTOCK/From_EREP/202508/20095b13c5_c29295c3b4.pdf', 'suspension_date': '2025-07-31'}"
PGUN.JK,2025-07-31,Terjadinya peningkatan harga kumulatif yang signifikan pada saham PGUN.JK,https://www.idx.co.id/Portals/0/StaticData/NewsAndAnnouncement/ANNOUNCEMENTSTOCK/Exchange/2025/JUL/20250730-WAS_Suspensi_PGUN.pdf,2026-09-11T07:54:15.210333+00:00,"{'reason': 'Terjadinya peningkatan harga kumulatif yang signifikan pada saham PGUN.JK', 'symbol': 'PGUN.JK', 'pdf_url': 'https://www.idx.co.id/Portals/0/StaticData/NewsAndAnnouncement/ANNOUNCEMENTSTOCK/Exchange/2025/JUL/20250730-WAS_Suspensi_PGUN.pdf', 'suspension_date': '2025-07-31'}"
ASLI.JK,2025-07-30,Belum menyampaikan laporan keuangan interim per 31 maret 2025 dan/atau belum melakukan pembayaran denda atas keterlambatan penyampaian laporan keuangan tersebut,https://www.idx.co.id/StaticData/NewsAndAnnouncement/ANNOUNCEMENTSTOCK/From_EREP/202507/4b4003e991_a32aefd678.pdf,2026-09-11T07:54:15.210333+00:00,"{'reason': 'Belum menyampaikan laporan keuangan interim per 31 maret 2025 dan/atau belum melakukan pembayaran denda atas keterlambatan penyampaian laporan keuangan tersebut', 'symbol': 'ASLI.JK', 'pdf_url': 'https://www.idx.co.id/StaticData/NewsAndAnnouncement/ANNOUNCEMENTSTOCK/From_EREP/202507/4b4003e991_a32aefd678.pdf', 'suspension_date': '2025-07-30'}"
BUVA.JK,2025-07-30,"Terjadinya peningkatan harga kumulatif yang signifikan pada saham BUVA.JK, dalam rangka cooling down sebagai bentuk perlindungan bagi investor",https://www.idx.co.id/Portals/0/StaticData/NewsAndAnnouncement/ANNOUNCEMENTSTOCK/Exchange/2025/JUL/20250729-WAS_Suspensi_BUVA.pdf,2026-09-11T07:54:15.210333+00:00,"{'reason': 'Terjadinya peningkatan harga kumulatif yang signifikan pada saham BUVA.JK, dalam rangka cooling down sebagai bentuk perlindungan bagi investor', 'symbol': 'BUVA.JK', 'pdf_url': 'https://www.idx.co.id/Portals/0/StaticData/NewsAndAnnouncement/ANNOUNCEMENTSTOCK/Exchange/2025/JUL/20250729-WAS_Suspensi_BUVA.pdf', 'suspension_date': '2025-07-30'}"
MTFN.JK,2025-07-30,Belum menyampaikan laporan keuangan interim per 31 maret 2025 dan/atau belum melakukan pembayaran denda atas keterlambatan penyampaian laporan keuangan tersebut,https://www.idx.co.id/StaticData/NewsAndAnnouncement/ANNOUNCEMENTSTOCK/From_EREP/202507/4b4003e991_a32aefd678.pdf,2026-09-11T07:54:15.210333+00:00,"{'reason': 'Belum menyampaikan laporan keuangan interim per 31 maret 2025 dan/atau belum melakukan pembayaran denda atas keterlambatan penyampaian laporan keuangan tersebut', 'symbol': 'MTFN.JK', 'pdf_url': 'https://www.idx.co.id/StaticData/NewsAndAnnouncement/ANNOUNCEMENTSTOCK/From_EREP/202507/4b4003e991_a32aefd678.pdf', 'suspension_date': '2025-07-30'}"
HOPE.JK,2025-07-29,"Terjadinya peningkatan harga kumulatif yang signifikan pada saham HOPE.JK, dalam rangka cooling down sebagai bentuk perlindungan bagi investor",https://www.idx.co.id/Portals/0/StaticData/NewsAndAnnouncement/ANNOUNCEMENTSTOCK/Exchange/2025/JUL/20250728-WAS_Suspensi_HOPE.pdf,2026-09-11T07:54:15.210333+00:00,"{'reason': 'Terjadinya peningkatan harga kumulatif yang signifikan pada saham HOPE.JK, dalam rangka cooling down sebagai bentuk perlindungan bagi investor', 'symbol': 'HOPE.JK', 'pdf_url': 'https://www.idx.co.id/Portals/0/StaticData/NewsAndAnnouncement/ANNOUNCEMENTSTOCK/Exchange/2025/JUL/20250728-WAS_Suspensi_HOPE.pdf', 'suspension_date': '2025-07-29'}"
NUSA.JK,2020-08-31,Suspend more than 6 month,https://www.idx.co.id/StaticData/NewsAndAnnouncement/ANNOUNCEMENTSTOCK/From_EREP/202605/65394f7ed4_e78077c9a4.pdf,2026-09-11T07:54:15.831245+00:00,"{'reason': 'Suspend more than 6 month', 'symbol': 'NUSA.JK', 'pdf_url': 'https://www.idx.co.id/StaticData/NewsAndAnnouncement/ANNOUNCEMENTSTOCK/From_EREP/202605/65394f7ed4_e78077c9a4.pdf', 'suspension_date': '2020-08-31'}"
PGUN.JK,2025-07-29,"Terjadinya peningkatan harga kumulatif yang signifikan pada saham PGUN.JK, dalam rangka cooling down sebagai bentuk perlindungan bagi investor",https://www.idx.co.id/Portals/0/StaticData/NewsAndAnnouncement/ANNOUNCEMENTSTOCK/Exchange/2025/JUL/20250728-WAS_Suspensi_PGUN.pdf,2026-09-11T07:54:15.210333+00:00,"{'reason': 'Terjadinya peningkatan harga kumulatif yang signifikan pada saham PGUN.JK, dalam rangka cooling down sebagai bentuk perlindungan bagi investor', 'symbol': 'PGUN.JK', 'pdf_url': 'https://www.idx.co.id/Portals/0/StaticData/NewsAndAnnouncement/ANNOUNCEMENTSTOCK/Exchange/2025/JUL/20250728-WAS_Suspensi_PGUN.pdf', 'suspension_date': '2025-07-29'}"
ARGO.JK,2025-07-25,Terjadinya peningkatan harga kumulatif yang signifikan pada saham ARGO.JK,https://www.idx.co.id/Portals/0/StaticData/NewsAndAnnouncement/ANNOUNCEMENTSTOCK/Exchange/2025/JUL/20250724-WAS_Suspensi_ARGO.pdf,2026-09-11T07:54:15.210333+00:00,"{'reason': 'Terjadinya peningkatan harga kumulatif yang signifikan pada saham ARGO.JK', 'symbol': 'ARGO.JK', 'pdf_url': 'https://www.idx.co.id/Portals/0/StaticData/NewsAndAnnouncement/ANNOUNCEMENTSTOCK/Exchange/2025/JUL/20250724-WAS_Suspensi_ARGO.pdf', 'suspension_date': '2025-07-25'}"
ARTA.JK,2025-07-24,"Terjadinya peningkatan harga kumulatif yang signifikan pada saham ARTA.JK, dalam rangka cooling down sebagai bentuk perlindungan bagi investor",https://www.idx.co.id/Portals/0/StaticData/NewsAndAnnouncement/ANNOUNCEMENTSTOCK/Exchange/2025/JUL/20250723-WAS_Suspensi_ARTA.pdf,2026-09-11T07:54:15.210333+00:00,"{'reason': 'Terjadinya peningkatan harga kumulatif yang signifikan pada saham ARTA.JK, dalam rangka cooling down sebagai bentuk perlindungan bagi investor', 'symbol': 'ARTA.JK', 'pdf_url': 'https://www.idx.co.id/Portals/0/StaticData/NewsAndAnnouncement/ANNOUNCEMENTSTOCK/Exchange/2025/JUL/20250723-WAS_Suspensi_ARTA.pdf', 'suspension_date': '2025-07-24'}"
DCII.JK,2025-07-24,Terjadinya peningkatan harga kumulatif yang signifikan pada saham DCII.JK,https://www.idx.co.id/Portals/0/StaticData/NewsAndAnnouncement/ANNOUNCEMENTSTOCK/Exchange/2025/JUL/20250723-WAS_Suspensi_DCII.pdf,2026-09-11T07:54:15.210333+00:00,"{'reason': 'Terjadinya peningkatan harga kumulatif yang signifikan pada saham DCII.JK', 'symbol': 'DCII.JK', 'pdf_url': 'https://www.idx.co.id/Portals/0/StaticData/NewsAndAnnouncement/ANNOUNCEMENTSTOCK/Exchange/2025/JUL/20250723-WAS_Suspensi_DCII.pdf', 'suspension_date': '2025-07-24'}"
PYFA.JK,2025-07-24,"Terjadinya peningkatan harga kumulatif yang signifikan pada saham PYFA.JK, dalam rangka cooling down sebagai bentuk perlindungan bagi investor",https://www.idx.co.id/Portals/0/StaticData/NewsAndAnnouncement/ANNOUNCEMENTSTOCK/Exchange/2025/JUL/20250723-WAS_Suspensi_PYFA.pdf,2026-09-11T07:54:15.210333+00:00,"{'reason': 'Terjadinya peningkatan harga kumulatif yang signifikan pada saham PYFA.JK, dalam rangka cooling down sebagai bentuk perlindungan bagi investor', 'symbol': 'PYFA.JK', 'pdf_url': 'https://www.idx.co.id/Portals/0/StaticData/NewsAndAnnouncement/ANNOUNCEMENTSTOCK/Exchange/2025/JUL/20250723-WAS_Suspensi_PYFA.pdf', 'suspension_date': '2025-07-24'}"
CDIA.JK,2025-07-23,Terjadinya peningkatan harga kumulatif yang signifikan pada saham CDIA.JK,https://www.idx.co.id/Portals/0/StaticData/NewsAndAnnouncement/ANNOUNCEMENTSTOCK/Exchange/2025/JUL/20250722-WAS_Suspensi_CDIA.pdf,2026-09-11T07:54:15.210333+00:00,"{'reason': 'Terjadinya peningkatan harga kumulatif yang signifikan pada saham CDIA.JK', 'symbol': 'CDIA.JK', 'pdf_url': 'https://www.idx.co.id/Portals/0/StaticData/NewsAndAnnouncement/ANNOUNCEMENTSTOCK/Exchange/2025/JUL/20250722-WAS_Suspensi_CDIA.pdf', 'suspension_date': '2025-07-23'}"
RELI.JK,2025-07-23,"Terjadinya peningkatan harga kumulatif yang signifikan pada saham RELI.JK, dalam rangka cooling down sebagai bentuk perlindungan bagi investor",https://www.idx.co.id/Portals/0/StaticData/NewsAndAnnouncement/ANNOUNCEMENTSTOCK/Exchange/2025/JUL/20250722-WAS_Suspensi_RELI.pdf,2026-09-11T07:54:15.210333+00:00,"{'reason': 'Terjadinya peningkatan harga kumulatif yang signifikan pada saham RELI.JK, dalam rangka cooling down sebagai bentuk perlindungan bagi investor', 'symbol': 'RELI.JK', 'pdf_url': 'https://www.idx.co.id/Portals/0/StaticData/NewsAndAnnouncement/ANNOUNCEMENTSTOCK/Exchange/2025/JUL/20250722-WAS_Suspensi_RELI.pdf', 'suspension_date': '2025-07-23'}"
SHID.JK,2025-07-23,"Terjadinya peningkatan harga kumulatif yang signifikan pada saham SHID.JK, dalam rangka cooling down sebagai bentuk perlindungan bagi investor",https://www.idx.co.id/Portals/0/StaticData/NewsAndAnnouncement/ANNOUNCEMENTSTOCK/Exchange/2025/JUL/20250722-WAS_Suspensi_SHID.pdf,2026-09-11T07:54:15.210333+00:00,"{'reason': 'Terjadinya peningkatan harga kumulatif yang signifikan pada saham SHID.JK, dalam rangka cooling down sebagai bentuk perlindungan bagi investor', 'symbol': 'SHID.JK', 'pdf_url': 'https://www.idx.co.id/Portals/0/StaticData/NewsAndAnnouncement/ANNOUNCEMENTSTOCK/Exchange/2025/JUL/20250722-WAS_Suspensi_SHID.pdf', 'suspension_date': '2025-07-23'}"
ARCI.JK,2025-07-22,Terjadinya peningkatan harga kumulatif yang signifikan pada saham ARCI.JK,https://www.idx.co.id/Portals/0/StaticData/NewsAndAnnouncement/ANNOUNCEMENTSTOCK/Exchange/2025/JUL/20250721-WAS_Suspensi_ARCI.pdf,2026-09-11T07:54:15.210333+00:00,"{'reason': 'Terjadinya peningkatan harga kumulatif yang signifikan pada saham ARCI.JK', 'symbol': 'ARCI.JK', 'pdf_url': 'https://www.idx.co.id/Portals/0/StaticData/NewsAndAnnouncement/ANNOUNCEMENTSTOCK/Exchange/2025/JUL/20250721-WAS_Suspensi_ARCI.pdf', 'suspension_date': '2025-07-22'}"
COIN.JK,2025-07-22,Terjadinya peningkatan harga kumulatif yang signifikan pada saham COIN.JK,https://www.idx.co.id/Portals/0/StaticData/NewsAndAnnouncement/ANNOUNCEMENTSTOCK/Exchange/2025/JUL/20250721-WAS_Suspensi_COIN.pdf,2026-09-11T07:54:15.210333+00:00,"{'reason': 'Terjadinya peningkatan harga kumulatif yang signifikan pada saham COIN.JK', 'symbol': 'COIN.JK', 'pdf_url': 'https://www.idx.co.id/Portals/0/StaticData/NewsAndAnnouncement/ANNOUNCEMENTSTOCK/Exchange/2025/JUL/20250721-WAS_Suspensi_COIN.pdf', 'suspension_date': '2025-07-22'}"
DCII.JK,2025-07-22,"Terjadinya peningkatan harga kumulatif yang signifikan pada saham DCII.JK, dalam rangka cooling down sebagai bentuk perlindungan bagi investor",https://www.idx.co.id/Portals/0/StaticData/NewsAndAnnouncement/ANNOUNCEMENTSTOCK/Exchange/2025/JUL/20250721-WAS_Suspensi_DCII.pdf,2026-09-11T07:54:15.210333+00:00,"{'reason': 'Terjadinya peningkatan harga kumulatif yang signifikan pada saham DCII.JK, dalam rangka cooling down sebagai bentuk perlindungan bagi investor', 'symbol': 'DCII.JK', 'pdf_url': 'https://www.idx.co.id/Portals/0/StaticData/NewsAndAnnouncement/ANNOUNCEMENTSTOCK/Exchange/2025/JUL/20250721-WAS_Suspensi_DCII.pdf', 'suspension_date': '2025-07-22'}"
NRCA.JK,2025-07-22,Terjadinya peningkatan harga kumulatif yang signifikan pada saham NRCA.JK,https://www.idx.co.id/Portals/0/StaticData/NewsAndAnnouncement/ANNOUNCEMENTSTOCK/Exchange/2025/JUL/20250721-WAS_Suspensi_NRCA.pdf,2026-09-11T07:54:15.210333+00:00,"{'reason': 'Terjadinya peningkatan harga kumulatif yang signifikan pada saham NRCA.JK', 'symbol': 'NRCA.JK', 'pdf_url': 'https://www.idx.co.id/Portals/0/StaticData/NewsAndAnnouncement/ANNOUNCEMENTSTOCK/Exchange/2025/JUL/20250721-WAS_Suspensi_NRCA.pdf', 'suspension_date': '2025-07-22'}"
COWL.JK,2020-07-13,Suspend more than 6 month,https://www.idx.co.id/StaticData/NewsAndAnnouncement/ANNOUNCEMENTSTOCK/From_EREP/202510/4a50b93a3c_1ca52e23f6.pdf,2026-09-11T07:54:15.831245+00:00,"{'reason': 'Suspend more than 6 month', 'symbol': 'COWL.JK', 'pdf_url': 'https://www.idx.co.id/StaticData/NewsAndAnnouncement/ANNOUNCEMENTSTOCK/From_EREP/202510/4a50b93a3c_1ca52e23f6.pdf', 'suspension_date': '2020-07-13'}"
ARGO.JK,2025-07-18,"Terjadinya peningkatan harga kumulatif yang signifikan pada saham ARGO.JK, dalam rangka cooling down sebagai bentuk perlindungan bagi investor",https://www.idx.co.id/Portals/0/StaticData/NewsAndAnnouncement/ANNOUNCEMENTSTOCK/Exchange/2025/JUL/20250717-WAS_Suspensi_ARGO.pdf,2026-09-11T07:54:15.210333+00:00,"{'reason': 'Terjadinya peningkatan harga kumulatif yang signifikan pada saham ARGO.JK, dalam rangka cooling down sebagai bentuk perlindungan bagi investor', 'symbol': 'ARGO.JK', 'pdf_url': 'https://www.idx.co.id/Portals/0/StaticData/NewsAndAnnouncement/ANNOUNCEMENTSTOCK/Exchange/2025/JUL/20250717-WAS_Suspensi_ARGO.pdf', 'suspension_date': '2025-07-18'}"
HDTX.JK,2025-07-18,Dalam rangka pengalihan saham hasil pelaksanaan pembelian kembali saham (buyback) dalam rangka delisting perseroan,https://www.idx.co.id/StaticData/NewsAndAnnouncement/ANNOUNCEMENTSTOCK/From_EREP/202507/45106f0f6b_5e5415397d.pdf,2026-09-11T07:54:15.210333+00:00,"{'reason': 'Dalam rangka pengalihan saham hasil pelaksanaan pembelian kembali saham (buyback) dalam rangka delisting perseroan', 'symbol': 'HDTX.JK', 'pdf_url': 'https://www.idx.co.id/StaticData/NewsAndAnnouncement/ANNOUNCEMENTSTOCK/From_EREP/202507/45106f0f6b_5e5415397d.pdf', 'suspension_date': '2025-07-18'}"
MERI.JK,2025-07-18,"Terjadinya peningkatan harga kumulatif yang signifikan pada saham MERI.JK, dalam rangka cooling down sebagai bentuk perlindungan bagi investor",https://www.idx.co.id/Portals/0/StaticData/NewsAndAnnouncement/ANNOUNCEMENTSTOCK/Exchange/2025/JUL/20250717-WAS_Suspensi_MERI.pdf,2026-09-11T07:54:15.210333+00:00,"{'reason': 'Terjadinya peningkatan harga kumulatif yang signifikan pada saham MERI.JK, dalam rangka cooling down sebagai bentuk perlindungan bagi investor', 'symbol': 'MERI.JK', 'pdf_url': 'https://www.idx.co.id/Portals/0/StaticData/NewsAndAnnouncement/ANNOUNCEMENTSTOCK/Exchange/2025/JUL/20250717-WAS_Suspensi_MERI.pdf', 'suspension_date': '2025-07-18'}"
MFIN.JK,2025-07-18,Terjadinya penurunan harga kumulatif yang signifikan pada saham MFIN.JK,https://www.idx.co.id/Portals/0/StaticData/NewsAndAnnouncement/ANNOUNCEMENTSTOCK/Exchange/2025/JUL/20250717-WAS_Suspensi_MFIN.pdf,2026-09-11T07:54:15.210333+00:00,"{'reason': 'Terjadinya penurunan harga kumulatif yang signifikan pada saham MFIN.JK', 'symbol': 'MFIN.JK', 'pdf_url': 'https://www.idx.co.id/Portals/0/StaticData/NewsAndAnnouncement/ANNOUNCEMENTSTOCK/Exchange/2025/JUL/20250717-WAS_Suspensi_MFIN.pdf', 'suspension_date': '2025-07-18'}"
NRCA.JK,2025-07-18,"Terjadinya peningkatan harga kumulatif yang signifikan pada saham NRCA.JK, dalam rangka cooling down sebagai bentuk perlindungan bagi investor",https://www.idx.co.id/Portals/0/StaticData/NewsAndAnnouncement/ANNOUNCEMENTSTOCK/Exchange/2025/JUL/20250717-WAS_Suspensi_NRCA.pdf,2026-09-11T07:54:15.210333+00:00,"{'reason': 'Terjadinya peningkatan harga kumulatif yang signifikan pada saham NRCA.JK, dalam rangka cooling down sebagai bentuk perlindungan bagi investor', 'symbol': 'NRCA.JK', 'pdf_url': 'https://www.idx.co.id/Portals/0/StaticData/NewsAndAnnouncement/ANNOUNCEMENTSTOCK/Exchange/2025/JUL/20250717-WAS_Suspensi_NRCA.pdf', 'suspension_date': '2025-07-18'}"
CDIA.JK,2025-07-17,"Terjadinya peningkatan harga kumulatif yang signifikan pada saham CDIA.JK, dalam rangka cooling down sebagai bentuk perlindungan bagi investor",https://www.idx.co.id/Portals/0/StaticData/NewsAndAnnouncement/ANNOUNCEMENTSTOCK/Exchange/2025/JUL/20250716-WAS_Suspensi_CDIA.pdf,2026-09-11T07:54:15.210333+00:00,"{'reason': 'Terjadinya peningkatan harga kumulatif yang signifikan pada saham CDIA.JK, dalam rangka cooling down sebagai bentuk perlindungan bagi investor', 'symbol': 'CDIA.JK', 'pdf_url': 'https://www.idx.co.id/Portals/0/StaticData/NewsAndAnnouncement/ANNOUNCEMENTSTOCK/Exchange/2025/JUL/20250716-WAS_Suspensi_CDIA.pdf', 'suspension_date': '2025-07-17'}"
COIN.JK,2025-07-17,"Terjadinya peningkatan harga kumulatif yang signifikan pada saham COIN.JK, dalam rangka cooling down sebagai bentuk perlindungan bagi investor",https://www.idx.co.id/Portals/0/StaticData/NewsAndAnnouncement/ANNOUNCEMENTSTOCK/Exchange/2025/JUL/20250716-WAS_Suspensi_COIN.pdf,2026-09-11T07:54:15.210333+00:00,"{'reason': 'Terjadinya peningkatan harga kumulatif yang signifikan pada saham COIN.JK, dalam rangka cooling down sebagai bentuk perlindungan bagi investor', 'symbol': 'COIN.JK', 'pdf_url': 'https://www.idx.co.id/Portals/0/StaticData/NewsAndAnnouncement/ANNOUNCEMENTSTOCK/Exchange/2025/JUL/20250716-WAS_Suspensi_COIN.pdf', 'suspension_date': '2025-07-17'}"
HDTX.JK,2025-07-17,Dalam rangka pengalihan saham hasil pelaksanaan pembelian kembali saham (buyback) dalam rangka delisting perseroan,https://www.idx.co.id/StaticData/NewsAndAnnouncement/ANNOUNCEMENTSTOCK/From_EREP/202507/a70f2d9ebe_3d8a70f2a5.pdf,2026-09-11T07:54:15.210333+00:00,"{'reason': 'Dalam rangka pengalihan saham hasil pelaksanaan pembelian kembali saham (buyback) dalam rangka delisting perseroan', 'symbol': 'HDTX.JK', 'pdf_url': 'https://www.idx.co.id/StaticData/NewsAndAnnouncement/ANNOUNCEMENTSTOCK/From_EREP/202507/a70f2d9ebe_3d8a70f2a5.pdf', 'suspension_date': '2025-07-17'}"
CSMI.JK,2025-07-16,Dalam rangka cooling down sebagai bentuk perlindungan bagi investor,https://www.idx.co.id/Portals/0/StaticData/NewsAndAnnouncement/ANNOUNCEMENTSTOCK/Exchange/2025/JUL/20250715-WAS_Suspensi_CSMI.pdf,2026-09-11T07:54:15.210333+00:00,"{'reason': 'Dalam rangka cooling down sebagai bentuk perlindungan bagi investor', 'symbol': 'CSMI.JK', 'pdf_url': 'https://www.idx.co.id/Portals/0/StaticData/NewsAndAnnouncement/ANNOUNCEMENTSTOCK/Exchange/2025/JUL/20250715-WAS_Suspensi_CSMI.pdf', 'suspension_date': '2025-07-16'}"
ASPI.JK,2025-07-15,Terjadinya peningkatan harga kumulatif yang signifikan pada saham ASPI.JK,https://www.idx.co.id/Portals/0/StaticData/NewsAndAnnouncement/ANNOUNCEMENTSTOCK/Exchange/2025/JUL/20250714-WAS_Suspensi_ASPI.pdf,2026-09-11T07:54:15.210333+00:00,"{'reason': 'Terjadinya peningkatan harga kumulatif yang signifikan pada saham ASPI.JK', 'symbol': 'ASPI.JK', 'pdf_url': 'https://www.idx.co.id/Portals/0/StaticData/NewsAndAnnouncement/ANNOUNCEMENTSTOCK/Exchange/2025/JUL/20250714-WAS_Suspensi_ASPI.pdf', 'suspension_date': '2025-07-15'}"
MFIN.JK,2025-07-15,"Terjadinya peningkatan harga kumulatif yang signifikan pada saham MFIN.JK, dalam rangka cooling down sebagai bentuk perlindungan bagi investor",https://www.idx.co.id/Portals/0/StaticData/NewsAndAnnouncement/ANNOUNCEMENTSTOCK/Exchange/2025/JUL/20250714-WAS_Suspensi_MFIN.pdf,2026-09-11T07:54:15.210333+00:00,"{'reason': 'Terjadinya peningkatan harga kumulatif yang signifikan pada saham MFIN.JK, dalam rangka cooling down sebagai bentuk perlindungan bagi investor', 'symbol': 'MFIN.JK', 'pdf_url': 'https://www.idx.co.id/Portals/0/StaticData/NewsAndAnnouncement/ANNOUNCEMENTSTOCK/Exchange/2025/JUL/20250714-WAS_Suspensi_MFIN.pdf', 'suspension_date': '2025-07-15'}"
LABA.JK,2025-07-11,Terjadinya peningkatan harga kumulatif yang signifikan pada saham LABA.JK,https://www.idx.co.id/Portals/0/StaticData/NewsAndAnnouncement/ANNOUNCEMENTSTOCK/Exchange/2025/JUL/20250710-WAS_Suspensi_LABA.pdf,2026-09-11T07:54:15.210333+00:00,"{'reason': 'Terjadinya peningkatan harga kumulatif yang signifikan pada saham LABA.JK', 'symbol': 'LABA.JK', 'pdf_url': 'https://www.idx.co.id/Portals/0/StaticData/NewsAndAnnouncement/ANNOUNCEMENTSTOCK/Exchange/2025/JUL/20250710-WAS_Suspensi_LABA.pdf', 'suspension_date': '2025-07-11'}"
POOL.JK,2020-06-10,Suspend more than 6 month,https://www.idx.co.id/StaticData/NewsAndAnnouncement/ANNOUNCEMENTSTOCK/From_EREP/202510/fed47be7bc_96225a718f.pdf,2026-09-11T07:54:15.831245+00:00,"{'reason': 'Suspend more than 6 month', 'symbol': 'POOL.JK', 'pdf_url': 'https://www.idx.co.id/StaticData/NewsAndAnnouncement/ANNOUNCEMENTSTOCK/From_EREP/202510/fed47be7bc_96225a718f.pdf', 'suspension_date': '2020-06-10'}"
MTSM.JK,2025-07-11,Efek Perseroan telah berada dalam papan pemantauan khusus selama lebih dari 1 (satu) tahun berturut-turut,https://www.idx.co.id/StaticData/NewsAndAnnouncement/ANNOUNCEMENTSTOCK/From_EREP/202507/516660497d_fbc40c7f52.pdf,2026-09-11T07:54:15.210333+00:00,"{'reason': 'Efek Perseroan telah berada dalam papan pemantauan khusus selama lebih dari 1 (satu) tahun berturut-turut', 'symbol': 'MTSM.JK', 'pdf_url': 'https://www.idx.co.id/StaticData/NewsAndAnnouncement/ANNOUNCEMENTSTOCK/From_EREP/202507/516660497d_fbc40c7f52.pdf', 'suspension_date': '2025-07-11'}"
LABA.JK,2025-07-09,"Terjadinya peningkatan harga kumulatif yang signifikan pada saham LABA.JK, dalam rangka cooling down sebagai bentuk perlindungan bagi investor",https://www.idx.co.id/Portals/0/StaticData/NewsAndAnnouncement/ANNOUNCEMENTSTOCK/Exchange/2025/JUL/20250708-WAS_Suspensi_LABA.pdf,2026-09-11T07:54:15.210333+00:00,"{'reason': 'Terjadinya peningkatan harga kumulatif yang signifikan pada saham LABA.JK, dalam rangka cooling down sebagai bentuk perlindungan bagi investor', 'symbol': 'LABA.JK', 'pdf_url': 'https://www.idx.co.id/Portals/0/StaticData/NewsAndAnnouncement/ANNOUNCEMENTSTOCK/Exchange/2025/JUL/20250708-WAS_Suspensi_LABA.pdf', 'suspension_date': '2025-07-09'}"
DKHH.JK,2025-07-07,Terjadinya penurunan harga kumulatif yang signifikan pada saham DKHH.JK,https://www.idx.co.id/Portals/0/StaticData/NewsAndAnnouncement/ANNOUNCEMENTSTOCK/Exchange/2025/JUL/20250704-WAS_Suspensi_DKHH.pdf,2026-09-11T07:54:15.210333+00:00,"{'reason': 'Terjadinya penurunan harga kumulatif yang signifikan pada saham DKHH.JK', 'symbol': 'DKHH.JK', 'pdf_url': 'https://www.idx.co.id/Portals/0/StaticData/NewsAndAnnouncement/ANNOUNCEMENTSTOCK/Exchange/2025/JUL/20250704-WAS_Suspensi_DKHH.pdf', 'suspension_date': '2025-07-07'}"
KRAS.JK,2025-07-07,Terjadinya peningkatan harga kumulatif yang signifikan pada saham KRAS.JK,https://www.idx.co.id/Portals/0/StaticData/NewsAndAnnouncement/ANNOUNCEMENTSTOCK/Exchange/2025/JUL/20250704-WAS_Suspensi_KRAS.pdf,2026-09-11T07:54:15.210333+00:00,"{'reason': 'Terjadinya peningkatan harga kumulatif yang signifikan pada saham KRAS.JK', 'symbol': 'KRAS.JK', 'pdf_url': 'https://www.idx.co.id/Portals/0/StaticData/NewsAndAnnouncement/ANNOUNCEMENTSTOCK/Exchange/2025/JUL/20250704-WAS_Suspensi_KRAS.pdf', 'suspension_date': '2025-07-07'}"
MAPB.JK,2025-07-02,"Terjadinya peningkatan harga kumulatif yang signifikan pada saham MAPB.JK, dalam rangka cooling down sebagai bentuk perlindungan bagi investor",https://www.idx.co.id/Portals/0/StaticData/NewsAndAnnouncement/ANNOUNCEMENTSTOCK/Exchange/2025/JUL/20250701-WAS_Suspensi_MAPB.pdf,2026-09-11T07:54:15.210333+00:00,"{'reason': 'Terjadinya peningkatan harga kumulatif yang signifikan pada saham MAPB.JK, dalam rangka cooling down sebagai bentuk perlindungan bagi investor', 'symbol': 'MAPB.JK', 'pdf_url': 'https://www.idx.co.id/Portals/0/StaticData/NewsAndAnnouncement/ANNOUNCEMENTSTOCK/Exchange/2025/JUL/20250701-WAS_Suspensi_MAPB.pdf', 'suspension_date': '2025-07-02'}"
AMMS.JK,2025-07-01,Belum menyampaikan laporan keuangan auditan tahunan,https://www.idx.co.id/StaticData/NewsAndAnnouncement/ANNOUNCEMENTSTOCK/From_EREP/202507/ce5a8c8143_1723cc794a.pdf,2026-09-11T07:54:15.210333+00:00,"{'reason': 'Belum menyampaikan laporan keuangan auditan tahunan', 'symbol': 'AMMS.JK', 'pdf_url': 'https://www.idx.co.id/StaticData/NewsAndAnnouncement/ANNOUNCEMENTSTOCK/From_EREP/202507/ce5a8c8143_1723cc794a.pdf', 'suspension_date': '2025-07-01'}"
KRAS.JK,2025-07-01,"Terjadinya peningkatan harga kumulatif yang signifikan pada saham KRAS.JK, dalam rangka cooling down sebagai bentuk perlindungan bagi investor",https://www.idx.co.id/Portals/0/StaticData/NewsAndAnnouncement/ANNOUNCEMENTSTOCK/Exchange/2025/JUN/20250630-WAS_Suspensi_KRAS.pdf,2026-09-11T07:54:15.210333+00:00,"{'reason': 'Terjadinya peningkatan harga kumulatif yang signifikan pada saham KRAS.JK, dalam rangka cooling down sebagai bentuk perlindungan bagi investor', 'symbol': 'KRAS.JK', 'pdf_url': 'https://www.idx.co.id/Portals/0/StaticData/NewsAndAnnouncement/ANNOUNCEMENTSTOCK/Exchange/2025/JUN/20250630-WAS_Suspensi_KRAS.pdf', 'suspension_date': '2025-07-01'}"
AKKU.JK,2025-06-30,Belum menyampaikan laporan keuangan auditan tahunan,https://www.idx.co.id/StaticData/NewsAndAnnouncement/ANNOUNCEMENTSTOCK/From_EREP/202507/a2ca2e3b0e_d70251fbac.pdf,2026-09-11T07:54:15.210333+00:00,"{'reason': 'Belum menyampaikan laporan keuangan auditan tahunan', 'symbol': 'AKKU.JK', 'pdf_url': 'https://www.idx.co.id/StaticData/NewsAndAnnouncement/ANNOUNCEMENTSTOCK/From_EREP/202507/a2ca2e3b0e_d70251fbac.pdf', 'suspension_date': '2025-06-30'}"
ALTO.JK,2025-06-30,Belum menyampaikan laporan keuangan auditan tahunan,https://www.idx.co.id/StaticData/NewsAndAnnouncement/ANNOUNCEMENTSTOCK/From_EREP/202507/a2ca2e3b0e_d70251fbac.pdf,2026-09-11T07:54:15.210333+00:00,"{'reason': 'Belum menyampaikan laporan keuangan auditan tahunan', 'symbol': 'ALTO.JK', 'pdf_url': 'https://www.idx.co.id/StaticData/NewsAndAnnouncement/ANNOUNCEMENTSTOCK/From_EREP/202507/a2ca2e3b0e_d70251fbac.pdf', 'suspension_date': '2025-06-30'}"
DADA.JK,2025-06-30,Belum menyampaikan laporan keuangan auditan tahunan,https://www.idx.co.id/StaticData/NewsAndAnnouncement/ANNOUNCEMENTSTOCK/From_EREP/202507/a2ca2e3b0e_d70251fbac.pdf,2026-09-11T07:54:15.210333+00:00,"{'reason': 'Belum menyampaikan laporan keuangan auditan tahunan', 'symbol': 'DADA.JK', 'pdf_url': 'https://www.idx.co.id/StaticData/NewsAndAnnouncement/ANNOUNCEMENTSTOCK/From_EREP/202507/a2ca2e3b0e_d70251fbac.pdf', 'suspension_date': '2025-06-30'}"
KAEF.JK,2025-06-30,Belum menyampaikan laporan keuangan auditan tahunan,https://www.idx.co.id/StaticData/NewsAndAnnouncement/ANNOUNCEMENTSTOCK/From_EREP/202507/a2ca2e3b0e_d70251fbac.pdf,2026-09-11T07:54:15.210333+00:00,"{'reason': 'Belum menyampaikan laporan keuangan auditan tahunan', 'symbol': 'KAEF.JK', 'pdf_url': 'https://www.idx.co.id/StaticData/NewsAndAnnouncement/ANNOUNCEMENTSTOCK/From_EREP/202507/a2ca2e3b0e_d70251fbac.pdf', 'suspension_date': '2025-06-30'}"
KJEN.JK,2025-06-30,Belum menyampaikan laporan keuangan auditan tahunan,https://www.idx.co.id/StaticData/NewsAndAnnouncement/ANNOUNCEMENTSTOCK/From_EREP/202507/a2ca2e3b0e_d70251fbac.pdf,2026-09-11T07:54:15.210333+00:00,"{'reason': 'Belum menyampaikan laporan keuangan auditan tahunan', 'symbol': 'KJEN.JK', 'pdf_url': 'https://www.idx.co.id/StaticData/NewsAndAnnouncement/ANNOUNCEMENTSTOCK/From_EREP/202507/a2ca2e3b0e_d70251fbac.pdf', 'suspension_date': '2025-06-30'}"
KOPI.JK,2025-06-30,Dalam rangka cooling down sebagai bentuk perlindungan bagi investor,https://www.idx.co.id/Portals/0/StaticData/NewsAndAnnouncement/ANNOUNCEMENTSTOCK/Exchange/2025/JUN/20250626-WAS_Suspensi_KOPI.pdf,2026-09-11T07:54:15.210333+00:00,"{'reason': 'Dalam rangka cooling down sebagai bentuk perlindungan bagi investor', 'symbol': 'KOPI.JK', 'pdf_url': 'https://www.idx.co.id/Portals/0/StaticData/NewsAndAnnouncement/ANNOUNCEMENTSTOCK/Exchange/2025/JUN/20250626-WAS_Suspensi_KOPI.pdf', 'suspension_date': '2025-06-30'}"
MTFN.JK,2025-06-30,Belum menyampaikan laporan keuangan auditan tahunan,https://www.idx.co.id/StaticData/NewsAndAnnouncement/ANNOUNCEMENTSTOCK/From_EREP/202507/a2ca2e3b0e_d70251fbac.pdf,2026-09-11T07:54:15.210333+00:00,"{'reason': 'Belum menyampaikan laporan keuangan auditan tahunan', 'symbol': 'MTFN.JK', 'pdf_url': 'https://www.idx.co.id/StaticData/NewsAndAnnouncement/ANNOUNCEMENTSTOCK/From_EREP/202507/a2ca2e3b0e_d70251fbac.pdf', 'suspension_date': '2025-06-30'}"
OASA.JK,2025-06-30,Belum menyampaikan laporan keuangan auditan tahunan,https://www.idx.co.id/StaticData/NewsAndAnnouncement/ANNOUNCEMENTSTOCK/From_EREP/202507/a2ca2e3b0e_d70251fbac.pdf,2026-09-11T07:54:15.210333+00:00,"{'reason': 'Belum menyampaikan laporan keuangan auditan tahunan', 'symbol': 'OASA.JK', 'pdf_url': 'https://www.idx.co.id/StaticData/NewsAndAnnouncement/ANNOUNCEMENTSTOCK/From_EREP/202507/a2ca2e3b0e_d70251fbac.pdf', 'suspension_date': '2025-06-30'}"
PMMP.JK,2025-06-30,Belum menyampaikan laporan keuangan auditan tahunan,https://www.idx.co.id/StaticData/NewsAndAnnouncement/ANNOUNCEMENTSTOCK/From_EREP/202507/a2ca2e3b0e_d70251fbac.pdf,2026-09-11T07:54:15.210333+00:00,"{'reason': 'Belum menyampaikan laporan keuangan auditan tahunan', 'symbol': 'PMMP.JK', 'pdf_url': 'https://www.idx.co.id/StaticData/NewsAndAnnouncement/ANNOUNCEMENTSTOCK/From_EREP/202507/a2ca2e3b0e_d70251fbac.pdf', 'suspension_date': '2025-06-30'}"
PTDU.JK,2025-06-30,Belum menyampaikan laporan keuangan auditan tahunan,https://www.idx.co.id/StaticData/NewsAndAnnouncement/ANNOUNCEMENTSTOCK/From_EREP/202507/a2ca2e3b0e_d70251fbac.pdf,2026-09-11T07:54:15.210333+00:00,"{'reason': 'Belum menyampaikan laporan keuangan auditan tahunan', 'symbol': 'PTDU.JK', 'pdf_url': 'https://www.idx.co.id/StaticData/NewsAndAnnouncement/ANNOUNCEMENTSTOCK/From_EREP/202507/a2ca2e3b0e_d70251fbac.pdf', 'suspension_date': '2025-06-30'}"
RAFI.JK,2025-06-30,Belum menyampaikan laporan keuangan auditan tahunan,https://www.idx.co.id/StaticData/NewsAndAnnouncement/ANNOUNCEMENTSTOCK/From_EREP/202507/a2ca2e3b0e_d70251fbac.pdf,2026-09-11T07:54:15.210333+00:00,"{'reason': 'Belum menyampaikan laporan keuangan auditan tahunan', 'symbol': 'RAFI.JK', 'pdf_url': 'https://www.idx.co.id/StaticData/NewsAndAnnouncement/ANNOUNCEMENTSTOCK/From_EREP/202507/a2ca2e3b0e_d70251fbac.pdf', 'suspension_date': '2025-06-30'}"
SQMI.JK,2025-06-30,Belum menyampaikan laporan keuangan auditan tahunan,https://www.idx.co.id/StaticData/NewsAndAnnouncement/ANNOUNCEMENTSTOCK/From_EREP/202507/a2ca2e3b0e_d70251fbac.pdf,2026-09-11T07:54:15.210333+00:00,"{'reason': 'Belum menyampaikan laporan keuangan auditan tahunan', 'symbol': 'SQMI.JK', 'pdf_url': 'https://www.idx.co.id/StaticData/NewsAndAnnouncement/ANNOUNCEMENTSTOCK/From_EREP/202507/a2ca2e3b0e_d70251fbac.pdf', 'suspension_date': '2025-06-30'}"
SWAT.JK,2025-06-30,Belum menyampaikan laporan keuangan auditan tahunan,https://www.idx.co.id/StaticData/NewsAndAnnouncement/ANNOUNCEMENTSTOCK/From_EREP/202507/a2ca2e3b0e_d70251fbac.pdf,2026-09-11T07:54:15.210333+00:00,"{'reason': 'Belum menyampaikan laporan keuangan auditan tahunan', 'symbol': 'SWAT.JK', 'pdf_url': 'https://www.idx.co.id/StaticData/NewsAndAnnouncement/ANNOUNCEMENTSTOCK/From_EREP/202507/a2ca2e3b0e_d70251fbac.pdf', 'suspension_date': '2025-06-30'}"
ZBRA.JK,2025-06-30,Belum menyampaikan laporan keuangan auditan tahunan,https://www.idx.co.id/StaticData/NewsAndAnnouncement/ANNOUNCEMENTSTOCK/From_EREP/202507/a2ca2e3b0e_d70251fbac.pdf,2026-09-11T07:54:15.210333+00:00,"{'reason': 'Belum menyampaikan laporan keuangan auditan tahunan', 'symbol': 'ZBRA.JK', 'pdf_url': 'https://www.idx.co.id/StaticData/NewsAndAnnouncement/ANNOUNCEMENTSTOCK/From_EREP/202507/a2ca2e3b0e_d70251fbac.pdf', 'suspension_date': '2025-06-30'}"
PTMR.JK,2025-06-26,Terjadinya peningkatan harga kumulatif yang signifikan pada saham PTMR.JK,https://www.idx.co.id/Portals/0/StaticData/NewsAndAnnouncement/ANNOUNCEMENTSTOCK/Exchange/2025/JUN/20250625-20250626_WAS_Suspensi_PTMR.pdf,2026-09-11T07:54:15.210333+00:00,"{'reason': 'Terjadinya peningkatan harga kumulatif yang signifikan pada saham PTMR.JK', 'symbol': 'PTMR.JK', 'pdf_url': 'https://www.idx.co.id/Portals/0/StaticData/NewsAndAnnouncement/ANNOUNCEMENTSTOCK/Exchange/2025/JUN/20250625-20250626_WAS_Suspensi_PTMR.pdf', 'suspension_date': '2025-06-26'}"
NICK.JK,2025-06-25,"Terjadinya peningkatan harga kumulatif yang signifikan pada saham NICK.JK, dalam rangka cooling down sebagai bentuk perlindungan bagi investor",https://www.idx.co.id/Portals/0/StaticData/NewsAndAnnouncement/ANNOUNCEMENTSTOCK/Exchange/2025/JUN/20250624-WAS_Suspensi_NICK.pdf,2026-09-11T07:54:15.210333+00:00,"{'reason': 'Terjadinya peningkatan harga kumulatif yang signifikan pada saham NICK.JK, dalam rangka cooling down sebagai bentuk perlindungan bagi investor', 'symbol': 'NICK.JK', 'pdf_url': 'https://www.idx.co.id/Portals/0/StaticData/NewsAndAnnouncement/ANNOUNCEMENTSTOCK/Exchange/2025/JUN/20250624-WAS_Suspensi_NICK.pdf', 'suspension_date': '2025-06-25'}"
APEX.JK,2025-06-24,"Terjadinya peningkatan harga kumulatif yang signifikan pada saham APEX.JK, dalam rangka cooling down sebagai bentuk perlindungan bagi investor",https://www.idx.co.id/Portals/0/StaticData/NewsAndAnnouncement/ANNOUNCEMENTSTOCK/Exchange/2025/JUN/20250623-WAS_Suspensi_APEX.pdf,2026-09-11T07:54:15.210333+00:00,"{'reason': 'Terjadinya peningkatan harga kumulatif yang signifikan pada saham APEX.JK, dalam rangka cooling down sebagai bentuk perlindungan bagi investor', 'symbol': 'APEX.JK', 'pdf_url': 'https://www.idx.co.id/Portals/0/StaticData/NewsAndAnnouncement/ANNOUNCEMENTSTOCK/Exchange/2025/JUN/20250623-WAS_Suspensi_APEX.pdf', 'suspension_date': '2025-06-24'}"
PNSE.JK,2025-06-24,"Terjadinya peningkatan harga kumulatif yang signifikan pada saham PNSE.JK, dalam rangka cooling down sebagai bentuk perlindungan bagi investor",https://www.idx.co.id/Portals/0/StaticData/NewsAndAnnouncement/ANNOUNCEMENTSTOCK/Exchange/2025/JUN/20250623-WAS_Suspensi_PNSE.pdf,2026-09-11T07:54:15.210333+00:00,"{'reason': 'Terjadinya peningkatan harga kumulatif yang signifikan pada saham PNSE.JK, dalam rangka cooling down sebagai bentuk perlindungan bagi investor', 'symbol': 'PNSE.JK', 'pdf_url': 'https://www.idx.co.id/Portals/0/StaticData/NewsAndAnnouncement/ANNOUNCEMENTSTOCK/Exchange/2025/JUN/20250623-WAS_Suspensi_PNSE.pdf', 'suspension_date': '2025-06-24'}"
PTMR.JK,2025-06-24,"Terjadinya peningkatan harga kumulatif yang signifikan pada saham PTMR.JK, dalam rangka cooling down sebagai bentuk perlindungan bagi investor",https://www.idx.co.id/Portals/0/StaticData/NewsAndAnnouncement/ANNOUNCEMENTSTOCK/Exchange/2025/JUN/20250623-WAS_Suspensi_PTMR.pdf,2026-09-11T07:54:15.210333+00:00,"{'reason': 'Terjadinya peningkatan harga kumulatif yang signifikan pada saham PTMR.JK, dalam rangka cooling down sebagai bentuk perlindungan bagi investor', 'symbol': 'PTMR.JK', 'pdf_url': 'https://www.idx.co.id/Portals/0/StaticData/NewsAndAnnouncement/ANNOUNCEMENTSTOCK/Exchange/2025/JUN/20250623-WAS_Suspensi_PTMR.pdf', 'suspension_date': '2025-06-24'}"
ARCI.JK,2025-06-23,"Terjadinya peningkatan harga kumulatif yang signifikan pada saham ARCI.JK, dalam rangka cooling down sebagai bentuk perlindungan bagi investor",https://www.idx.co.id/Portals/0/StaticData/NewsAndAnnouncement/ANNOUNCEMENTSTOCK/Exchange/2025/JUN/20250620-WAS_Suspensi_ARCI.pdf,2026-09-11T07:54:15.210333+00:00,"{'reason': 'Terjadinya peningkatan harga kumulatif yang signifikan pada saham ARCI.JK, dalam rangka cooling down sebagai bentuk perlindungan bagi investor', 'symbol': 'ARCI.JK', 'pdf_url': 'https://www.idx.co.id/Portals/0/StaticData/NewsAndAnnouncement/ANNOUNCEMENTSTOCK/Exchange/2025/JUN/20250620-WAS_Suspensi_ARCI.pdf', 'suspension_date': '2025-06-23'}"
ASPI.JK,2025-06-23,"Terjadinya peningkatan harga kumulatif yang signifikan pada saham ASPI.JK, dalam rangka cooling down sebagai bentuk perlindungan bagi investor",https://www.idx.co.id/Portals/0/StaticData/NewsAndAnnouncement/ANNOUNCEMENTSTOCK/Exchange/2025/JUN/20250620-WAS_Suspensi_ASPI.pdf,2026-09-11T07:54:15.210333+00:00,"{'reason': 'Terjadinya peningkatan harga kumulatif yang signifikan pada saham ASPI.JK, dalam rangka cooling down sebagai bentuk perlindungan bagi investor', 'symbol': 'ASPI.JK', 'pdf_url': 'https://www.idx.co.id/Portals/0/StaticData/NewsAndAnnouncement/ANNOUNCEMENTSTOCK/Exchange/2025/JUN/20250620-WAS_Suspensi_ASPI.pdf', 'suspension_date': '2025-06-23'}"
SOLA.JK,2025-06-19,Terjadinya peningkatan harga kumulatif yang signifikan pada saham SOLA.JK,https://www.idx.co.id/Portals/0/StaticData/NewsAndAnnouncement/ANNOUNCEMENTSTOCK/Exchange/2025/JUN/20250618-WAS_Suspensi_SOLA.pdf,2026-09-11T07:54:15.210333+00:00,"{'reason': 'Terjadinya peningkatan harga kumulatif yang signifikan pada saham SOLA.JK', 'symbol': 'SOLA.JK', 'pdf_url': 'https://www.idx.co.id/Portals/0/StaticData/NewsAndAnnouncement/ANNOUNCEMENTSTOCK/Exchange/2025/JUN/20250618-WAS_Suspensi_SOLA.pdf', 'suspension_date': '2025-06-19'}"
CBRE.JK,2025-06-18,"Terjadinya peningkatan harga kumulatif yang signifikan pada saham CBRE.JK, dalam rangka cooling down sebagai bentuk perlindungan bagi investor",https://www.idx.co.id/Portals/0/StaticData/NewsAndAnnouncement/ANNOUNCEMENTSTOCK/Exchange/2025/JUN/20250617-WAS_Suspensi_CBRE.pdf,2026-09-11T07:54:15.210333+00:00,"{'reason': 'Terjadinya peningkatan harga kumulatif yang signifikan pada saham CBRE.JK, dalam rangka cooling down sebagai bentuk perlindungan bagi investor', 'symbol': 'CBRE.JK', 'pdf_url': 'https://www.idx.co.id/Portals/0/StaticData/NewsAndAnnouncement/ANNOUNCEMENTSTOCK/Exchange/2025/JUN/20250617-WAS_Suspensi_CBRE.pdf', 'suspension_date': '2025-06-18'}"
MGLV.JK,2025-06-18,Terjadinya peningkatan harga kumulatif yang signifikan pada saham MGLV.JK,https://www.idx.co.id/Portals/0/StaticData/NewsAndAnnouncement/ANNOUNCEMENTSTOCK/Exchange/2025/JUN/20250617-WAS_Suspensi_MGLV.pdf,2026-09-11T07:54:15.210333+00:00,"{'reason': 'Terjadinya peningkatan harga kumulatif yang signifikan pada saham MGLV.JK', 'symbol': 'MGLV.JK', 'pdf_url': 'https://www.idx.co.id/Portals/0/StaticData/NewsAndAnnouncement/ANNOUNCEMENTSTOCK/Exchange/2025/JUN/20250617-WAS_Suspensi_MGLV.pdf', 'suspension_date': '2025-06-18'}"
TOBA.JK,2025-06-18,"Terjadinya peningkatan harga kumulatif yang signifikan pada saham TOBA.JK, dalam rangka cooling down sebagai bentuk perlindungan bagi investor",https://www.idx.co.id/Portals/0/StaticData/NewsAndAnnouncement/ANNOUNCEMENTSTOCK/Exchange/2025/JUN/20250617-WAS_Suspensi_TOBA.pdf,2026-09-11T07:54:15.210333+00:00,"{'reason': 'Terjadinya peningkatan harga kumulatif yang signifikan pada saham TOBA.JK, dalam rangka cooling down sebagai bentuk perlindungan bagi investor', 'symbol': 'TOBA.JK', 'pdf_url': 'https://www.idx.co.id/Portals/0/StaticData/NewsAndAnnouncement/ANNOUNCEMENTSTOCK/Exchange/2025/JUN/20250617-WAS_Suspensi_TOBA.pdf', 'suspension_date': '2025-06-18'}"
PACK.JK,2025-06-17,Terjadinya peningkatan harga kumulatif yang signifikan pada saham PACK.JK,https://www.idx.co.id/Portals/0/StaticData/NewsAndAnnouncement/ANNOUNCEMENTSTOCK/Exchange/2025/JUN/20250616-20250616_WAS_Suspensi_PACK.pdf,2026-09-11T07:54:15.210333+00:00,"{'reason': 'Terjadinya peningkatan harga kumulatif yang signifikan pada saham PACK.JK', 'symbol': 'PACK.JK', 'pdf_url': 'https://www.idx.co.id/Portals/0/StaticData/NewsAndAnnouncement/ANNOUNCEMENTSTOCK/Exchange/2025/JUN/20250616-20250616_WAS_Suspensi_PACK.pdf', 'suspension_date': '2025-06-17'}"
MGLV.JK,2025-06-16,"Terjadinya peningkatan harga kumulatif yang signifikan pada saham MGLV.JK, dalam rangka cooling down sebagai bentuk perlindungan bagi investor",https://www.idx.co.id/Portals/0/StaticData/NewsAndAnnouncement/ANNOUNCEMENTSTOCK/Exchange/2025/JUN/20250613-WAS_Suspensi_MGLV.pdf,2026-09-11T07:54:15.210333+00:00,"{'reason': 'Terjadinya peningkatan harga kumulatif yang signifikan pada saham MGLV.JK, dalam rangka cooling down sebagai bentuk perlindungan bagi investor', 'symbol': 'MGLV.JK', 'pdf_url': 'https://www.idx.co.id/Portals/0/StaticData/NewsAndAnnouncement/ANNOUNCEMENTSTOCK/Exchange/2025/JUN/20250613-WAS_Suspensi_MGLV.pdf', 'suspension_date': '2025-06-16'}"
PACK.JK,2025-06-12,"Terjadinya peningkatan harga kumulatif yang signifikan pada saham PACK.JK, dalam rangka cooling down sebagai bentuk perlindungan bagi investor",https://www.idx.co.id/Portals/0/StaticData/NewsAndAnnouncement/ANNOUNCEMENTSTOCK/Exchange/2025/JUN/20250611-WAS_Suspensi_PACK.pdf,2026-09-11T07:54:15.210333+00:00,"{'reason': 'Terjadinya peningkatan harga kumulatif yang signifikan pada saham PACK.JK, dalam rangka cooling down sebagai bentuk perlindungan bagi investor', 'symbol': 'PACK.JK', 'pdf_url': 'https://www.idx.co.id/Portals/0/StaticData/NewsAndAnnouncement/ANNOUNCEMENTSTOCK/Exchange/2025/JUN/20250611-WAS_Suspensi_PACK.pdf', 'suspension_date': '2025-06-12'}"
UDNG.JK,2025-06-12,Terjadinya peningkatan harga kumulatif yang signifikan pada saham UDNG.JK,https://www.idx.co.id/Portals/0/StaticData/NewsAndAnnouncement/ANNOUNCEMENTSTOCK/Exchange/2025/JUN/20250611-WAS_Suspensi_UDNG.pdf,2026-09-11T07:54:15.210333+00:00,"{'reason': 'Terjadinya peningkatan harga kumulatif yang signifikan pada saham UDNG.JK', 'symbol': 'UDNG.JK', 'pdf_url': 'https://www.idx.co.id/Portals/0/StaticData/NewsAndAnnouncement/ANNOUNCEMENTSTOCK/Exchange/2025/JUN/20250611-WAS_Suspensi_UDNG.pdf', 'suspension_date': '2025-06-12'}"
SHIP.JK,2025-06-11,"Terjadinya peningkatan harga kumulatif yang signifikan pada saham SHIP.JK, dalam rangka cooling down sebagai bentuk perlindungan bagi investor",https://www.idx.co.id/Portals/0/StaticData/NewsAndAnnouncement/ANNOUNCEMENTSTOCK/Exchange/2025/JUN/20250610-WAS_Suspensi_SHIP.pdf,2026-09-11T07:54:15.210333+00:00,"{'reason': 'Terjadinya peningkatan harga kumulatif yang signifikan pada saham SHIP.JK, dalam rangka cooling down sebagai bentuk perlindungan bagi investor', 'symbol': 'SHIP.JK', 'pdf_url': 'https://www.idx.co.id/Portals/0/StaticData/NewsAndAnnouncement/ANNOUNCEMENTSTOCK/Exchange/2025/JUN/20250610-WAS_Suspensi_SHIP.pdf', 'suspension_date': '2025-06-11'}"
INRU.JK,2025-06-10,Terjadinya peningkatan harga kumulatif yang signifikan pada saham INRU.JK,https://www.idx.co.id/Portals/0/StaticData/NewsAndAnnouncement/ANNOUNCEMENTSTOCK/Exchange/2025/JUN/20250605-WAS_Suspensi_INRU.pdf,2026-09-11T07:54:15.210333+00:00,"{'reason': 'Terjadinya peningkatan harga kumulatif yang signifikan pada saham INRU.JK', 'symbol': 'INRU.JK', 'pdf_url': 'https://www.idx.co.id/Portals/0/StaticData/NewsAndAnnouncement/ANNOUNCEMENTSTOCK/Exchange/2025/JUN/20250605-WAS_Suspensi_INRU.pdf', 'suspension_date': '2025-06-10'}"
SOLA.JK,2025-06-05,"Terjadinya peningkatan harga kumulatif yang signifikan pada saham SOLA.JK, dalam rangka cooling down sebagai bentuk perlindungan bagi investor",https://www.idx.co.id/Portals/0/StaticData/NewsAndAnnouncement/ANNOUNCEMENTSTOCK/Exchange/2025/JUN/20250604-WAS_Suspensi_SOLA.pdf,2026-09-11T07:54:15.210333+00:00,"{'reason': 'Terjadinya peningkatan harga kumulatif yang signifikan pada saham SOLA.JK, dalam rangka cooling down sebagai bentuk perlindungan bagi investor', 'symbol': 'SOLA.JK', 'pdf_url': 'https://www.idx.co.id/Portals/0/StaticData/NewsAndAnnouncement/ANNOUNCEMENTSTOCK/Exchange/2025/JUN/20250604-WAS_Suspensi_SOLA.pdf', 'suspension_date': '2025-06-05'}"
MABA.JK,2020-02-17,Suspend more than 6 month,https://www.idx.co.id/StaticData/NewsAndAnnouncement/ANNOUNCEMENTSTOCK/From_EREP/202510/4a50b93a3c_1ca52e23f6.pdf,2026-09-11T07:54:15.831245+00:00,"{'reason': 'Suspend more than 6 month', 'symbol': 'MABA.JK', 'pdf_url': 'https://www.idx.co.id/StaticData/NewsAndAnnouncement/ANNOUNCEMENTSTOCK/From_EREP/202510/4a50b93a3c_1ca52e23f6.pdf', 'suspension_date': '2020-02-17'}"
INRU.JK,2025-06-02,"Terjadinya peningkatan harga kumulatif yang signifikan pada saham INRU.JK, dalam rangka cooling down sebagai bentuk perlindungan bagi investor",https://www.idx.co.id/Portals/0/StaticData/NewsAndAnnouncement/ANNOUNCEMENTSTOCK/Exchange/2025/MEI/20250528-WAS_Suspensi_INRU.pdf,2026-09-11T07:54:15.210333+00:00,"{'reason': 'Terjadinya peningkatan harga kumulatif yang signifikan pada saham INRU.JK, dalam rangka cooling down sebagai bentuk perlindungan bagi investor', 'symbol': 'INRU.JK', 'pdf_url': 'https://www.idx.co.id/Portals/0/StaticData/NewsAndAnnouncement/ANNOUNCEMENTSTOCK/Exchange/2025/MEI/20250528-WAS_Suspensi_INRU.pdf', 'suspension_date': '2025-06-02'}"
PGJO.JK,2025-06-02,Terjadinya peningkatan harga kumulatif yang signifikan pada saham PGJO.JK,https://www.idx.co.id/Portals/0/StaticData/NewsAndAnnouncement/ANNOUNCEMENTSTOCK/Exchange/2025/MEI/20250528-WAS_Suspensi_PGJO.pdf,2026-09-11T07:54:15.210333+00:00,"{'reason': 'Terjadinya peningkatan harga kumulatif yang signifikan pada saham PGJO.JK', 'symbol': 'PGJO.JK', 'pdf_url': 'https://www.idx.co.id/Portals/0/StaticData/NewsAndAnnouncement/ANNOUNCEMENTSTOCK/Exchange/2025/MEI/20250528-WAS_Suspensi_PGJO.pdf', 'suspension_date': '2025-06-02'}"
TGUK.JK,2025-05-26,Terjadinya peningkatan harga kumulatif yang signifikan pada saham TGUK.JK,https://www.idx.co.id/Portals/0/StaticData/NewsAndAnnouncement/ANNOUNCEMENTSTOCK/Exchange/2025/MEI/20250523-WAS_Suspensi_TGUK.pdf,2026-09-11T07:54:15.210333+00:00,"{'reason': 'Terjadinya peningkatan harga kumulatif yang signifikan pada saham TGUK.JK', 'symbol': 'TGUK.JK', 'pdf_url': 'https://www.idx.co.id/Portals/0/StaticData/NewsAndAnnouncement/ANNOUNCEMENTSTOCK/Exchange/2025/MEI/20250523-WAS_Suspensi_TGUK.pdf', 'suspension_date': '2025-05-26'}"
COCO.JK,2025-05-23,Terjadinya peningkatan harga kumulatif yang signifikan pada saham COCO.JK,https://www.idx.co.id/Portals/0/StaticData/NewsAndAnnouncement/ANNOUNCEMENTSTOCK/Exchange/2025/MEI/20250522-WAS_Suspensi_COCO.pdf,2026-09-11T07:54:15.210333+00:00,"{'reason': 'Terjadinya peningkatan harga kumulatif yang signifikan pada saham COCO.JK', 'symbol': 'COCO.JK', 'pdf_url': 'https://www.idx.co.id/Portals/0/StaticData/NewsAndAnnouncement/ANNOUNCEMENTSTOCK/Exchange/2025/MEI/20250522-WAS_Suspensi_COCO.pdf', 'suspension_date': '2025-05-23'}"
FITT.JK,2025-05-23,Terjadinya peningkatan harga kumulatif yang signifikan pada saham FITT.JK,https://www.idx.co.id/Portals/0/StaticData/NewsAndAnnouncement/ANNOUNCEMENTSTOCK/Exchange/2025/MEI/20250522-WAS_Suspensi_FITT.pdf,2026-09-11T07:54:15.210333+00:00,"{'reason': 'Terjadinya peningkatan harga kumulatif yang signifikan pada saham FITT.JK', 'symbol': 'FITT.JK', 'pdf_url': 'https://www.idx.co.id/Portals/0/StaticData/NewsAndAnnouncement/ANNOUNCEMENTSTOCK/Exchange/2025/MEI/20250522-WAS_Suspensi_FITT.pdf', 'suspension_date': '2025-05-23'}"
BBSS.JK,2025-05-22,"Terjadinya peningkatan harga kumulatif yang signifikan pada saham BBSS.JK, dalam rangka cooling down sebagai bentuk perlindungan bagi investor",https://www.idx.co.id/Portals/0/StaticData/NewsAndAnnouncement/ANNOUNCEMENTSTOCK/Exchange/2025/MEI/20250521-WAS_Suspensi_BBSS.pdf,2026-09-11T07:54:15.210333+00:00,"{'reason': 'Terjadinya peningkatan harga kumulatif yang signifikan pada saham BBSS.JK, dalam rangka cooling down sebagai bentuk perlindungan bagi investor', 'symbol': 'BBSS.JK', 'pdf_url': 'https://www.idx.co.id/Portals/0/StaticData/NewsAndAnnouncement/ANNOUNCEMENTSTOCK/Exchange/2025/MEI/20250521-WAS_Suspensi_BBSS.pdf', 'suspension_date': '2025-05-22'}"
LFLO.JK,2025-05-22,Terjadinya peningkatan harga kumulatif yang signifikan pada saham LFLO.JK,https://www.idx.co.id/Portals/0/StaticData/NewsAndAnnouncement/ANNOUNCEMENTSTOCK/Exchange/2025/MEI/20250521-WAS_Suspensi_LFLO.pdf,2026-09-11T07:54:15.210333+00:00,"{'reason': 'Terjadinya peningkatan harga kumulatif yang signifikan pada saham LFLO.JK', 'symbol': 'LFLO.JK', 'pdf_url': 'https://www.idx.co.id/Portals/0/StaticData/NewsAndAnnouncement/ANNOUNCEMENTSTOCK/Exchange/2025/MEI/20250521-WAS_Suspensi_LFLO.pdf', 'suspension_date': '2025-05-22'}"
COCO.JK,2025-05-21,"Terjadinya peningkatan harga kumulatif yang signifikan pada saham COCO.JK, dalam rangka cooling down sebagai bentuk perlindungan bagi investor",https://www.idx.co.id/Portals/0/StaticData/NewsAndAnnouncement/ANNOUNCEMENTSTOCK/Exchange/2025/MEI/20250520-WAS_Suspensi_COCO.pdf,2026-09-11T07:54:15.210333+00:00,"{'reason': 'Terjadinya peningkatan harga kumulatif yang signifikan pada saham COCO.JK, dalam rangka cooling down sebagai bentuk perlindungan bagi investor', 'symbol': 'COCO.JK', 'pdf_url': 'https://www.idx.co.id/Portals/0/StaticData/NewsAndAnnouncement/ANNOUNCEMENTSTOCK/Exchange/2025/MEI/20250520-WAS_Suspensi_COCO.pdf', 'suspension_date': '2025-05-21'}"
DKHH.JK,2025-05-21,Dalam rangka cooling down sebagai bentuk perlindungan bagi investor,https://www.idx.co.id/Portals/0/StaticData/NewsAndAnnouncement/ANNOUNCEMENTSTOCK/Exchange/2025/MEI/20250520-WAS_Suspensi_DKHH.pdf,2026-09-11T07:54:15.210333+00:00,"{'reason': 'Dalam rangka cooling down sebagai bentuk perlindungan bagi investor', 'symbol': 'DKHH.JK', 'pdf_url': 'https://www.idx.co.id/Portals/0/StaticData/NewsAndAnnouncement/ANNOUNCEMENTSTOCK/Exchange/2025/MEI/20250520-WAS_Suspensi_DKHH.pdf', 'suspension_date': '2025-05-21'}"
TGUK.JK,2025-05-20,"Terjadinya peningkatan harga kumulatif yang signifikan pada saham TGUK.JK, dalam rangka cooling down sebagai bentuk perlindungan bagi investor",https://www.idx.co.id/Portals/0/StaticData/NewsAndAnnouncement/ANNOUNCEMENTSTOCK/Exchange/2025/MEI/20250519-WAS_Suspensi_TGUK.pdf,2026-09-11T07:54:15.210333+00:00,"{'reason': 'Terjadinya peningkatan harga kumulatif yang signifikan pada saham TGUK.JK, dalam rangka cooling down sebagai bentuk perlindungan bagi investor', 'symbol': 'TGUK.JK', 'pdf_url': 'https://www.idx.co.id/Portals/0/StaticData/NewsAndAnnouncement/ANNOUNCEMENTSTOCK/Exchange/2025/MEI/20250519-WAS_Suspensi_TGUK.pdf', 'suspension_date': '2025-05-20'}"
LFLO.JK,2025-05-19,"Terjadinya peningkatan harga kumulatif yang signifikan pada saham LFLO.JK, dalam rangka cooling down sebagai bentuk perlindungan bagi investor",https://www.idx.co.id/Portals/0/StaticData/NewsAndAnnouncement/ANNOUNCEMENTSTOCK/Exchange/2025/MEI/20250516-WAS_Suspensi_LFLO.pdf,2026-09-11T07:54:15.210333+00:00,"{'reason': 'Terjadinya peningkatan harga kumulatif yang signifikan pada saham LFLO.JK, dalam rangka cooling down sebagai bentuk perlindungan bagi investor', 'symbol': 'LFLO.JK', 'pdf_url': 'https://www.idx.co.id/Portals/0/StaticData/NewsAndAnnouncement/ANNOUNCEMENTSTOCK/Exchange/2025/MEI/20250516-WAS_Suspensi_LFLO.pdf', 'suspension_date': '2025-05-19'}"
FITT.JK,2025-05-16,"Terjadinya peningkatan harga kumulatif yang signifikan pada saham FITT.JK, dalam rangka cooling down sebagai bentuk perlindungan bagi investor",https://www.idx.co.id/Portals/0/StaticData/NewsAndAnnouncement/ANNOUNCEMENTSTOCK/Exchange/2025/MEI/20250515-WAS_Suspensi_FITT.pdf,2026-09-11T07:54:15.210333+00:00,"{'reason': 'Terjadinya peningkatan harga kumulatif yang signifikan pada saham FITT.JK, dalam rangka cooling down sebagai bentuk perlindungan bagi investor', 'symbol': 'FITT.JK', 'pdf_url': 'https://www.idx.co.id/Portals/0/StaticData/NewsAndAnnouncement/ANNOUNCEMENTSTOCK/Exchange/2025/MEI/20250515-WAS_Suspensi_FITT.pdf', 'suspension_date': '2025-05-16'}"
NICL.JK,2025-05-16,Terjadinya peningkatan harga kumulatif yang signifikan pada saham NICL.JK,https://www.idx.co.id/Portals/0/StaticData/NewsAndAnnouncement/ANNOUNCEMENTSTOCK/Exchange/2025/MEI/20250515-WAS_Suspensi_NICL.pdf,2026-09-11T07:54:15.210333+00:00,"{'reason': 'Terjadinya peningkatan harga kumulatif yang signifikan pada saham NICL.JK', 'symbol': 'NICL.JK', 'pdf_url': 'https://www.idx.co.id/Portals/0/StaticData/NewsAndAnnouncement/ANNOUNCEMENTSTOCK/Exchange/2025/MEI/20250515-WAS_Suspensi_NICL.pdf', 'suspension_date': '2025-05-16'}"
BEEF.JK,2025-05-15,"Terjadinya peningkatan harga kumulatif yang signifikan pada saham BEEF.JK, dalam rangka cooling down sebagai bentuk perlindungan bagi investor",https://www.idx.co.id/Portals/0/StaticData/NewsAndAnnouncement/ANNOUNCEMENTSTOCK/Exchange/2025/MEI/20250514-WAS_Suspensi_BEEF.pdf,2026-09-11T07:54:15.210333+00:00,"{'reason': 'Terjadinya peningkatan harga kumulatif yang signifikan pada saham BEEF.JK, dalam rangka cooling down sebagai bentuk perlindungan bagi investor', 'symbol': 'BEEF.JK', 'pdf_url': 'https://www.idx.co.id/Portals/0/StaticData/NewsAndAnnouncement/ANNOUNCEMENTSTOCK/Exchange/2025/MEI/20250514-WAS_Suspensi_BEEF.pdf', 'suspension_date': '2025-05-15'}"
JATI.JK,2025-05-14,Terjadinya peningkatan harga kumulatif yang signifikan pada saham JATI.JK,https://www.idx.co.id/Portals/0/StaticData/NewsAndAnnouncement/ANNOUNCEMENTSTOCK/Exchange/2025/MEI/20250509-WAS_Suspensi_JATI.pdf,2026-09-11T07:54:15.210333+00:00,"{'reason': 'Terjadinya peningkatan harga kumulatif yang signifikan pada saham JATI.JK', 'symbol': 'JATI.JK', 'pdf_url': 'https://www.idx.co.id/Portals/0/StaticData/NewsAndAnnouncement/ANNOUNCEMENTSTOCK/Exchange/2025/MEI/20250509-WAS_Suspensi_JATI.pdf', 'suspension_date': '2025-05-14'}"
MEJA.JK,2025-05-14,Terjadinya penurunan harga kumulatif yang signifikan pada saham MEJA.JK,https://www.idx.co.id/Portals/0/StaticData/NewsAndAnnouncement/ANNOUNCEMENTSTOCK/Exchange/2025/MEI/20250509-WAS_Suspensi_MEJA.pdf,2026-09-11T07:54:15.210333+00:00,"{'reason': 'Terjadinya penurunan harga kumulatif yang signifikan pada saham MEJA.JK', 'symbol': 'MEJA.JK', 'pdf_url': 'https://www.idx.co.id/Portals/0/StaticData/NewsAndAnnouncement/ANNOUNCEMENTSTOCK/Exchange/2025/MEI/20250509-WAS_Suspensi_MEJA.pdf', 'suspension_date': '2025-05-14'}"
NICL.JK,2025-05-14,"Terjadinya peningkatan harga kumulatif yang signifikan pada saham NICL.JK, dalam rangka cooling down sebagai bentuk perlindungan bagi investor",https://www.idx.co.id/Portals/0/StaticData/NewsAndAnnouncement/ANNOUNCEMENTSTOCK/Exchange/2025/MEI/20250509-WAS_Suspensi_NICL.pdf,2026-09-11T07:54:15.210333+00:00,"{'reason': 'Terjadinya peningkatan harga kumulatif yang signifikan pada saham NICL.JK, dalam rangka cooling down sebagai bentuk perlindungan bagi investor', 'symbol': 'NICL.JK', 'pdf_url': 'https://www.idx.co.id/Portals/0/StaticData/NewsAndAnnouncement/ANNOUNCEMENTSTOCK/Exchange/2025/MEI/20250509-WAS_Suspensi_NICL.pdf', 'suspension_date': '2025-05-14'}"
KRYA.JK,2025-05-09,Terjadinya peningkatan harga kumulatif yang signifikan pada saham KRYA.JK,https://www.idx.co.id/Portals/0/StaticData/NewsAndAnnouncement/ANNOUNCEMENTSTOCK/Exchange/2025/MEI/20250508-WAS_Suspensi_KRYA.pdf,2026-09-11T07:54:15.210333+00:00,"{'reason': 'Terjadinya peningkatan harga kumulatif yang signifikan pada saham KRYA.JK', 'symbol': 'KRYA.JK', 'pdf_url': 'https://www.idx.co.id/Portals/0/StaticData/NewsAndAnnouncement/ANNOUNCEMENTSTOCK/Exchange/2025/MEI/20250508-WAS_Suspensi_KRYA.pdf', 'suspension_date': '2025-05-09'}"
JATI.JK,2025-05-07,"Terjadinya peningkatan harga kumulatif yang signifikan pada saham JATI.JK, dalam rangka cooling down sebagai bentuk perlindungan bagi investor",https://www.idx.co.id/Portals/0/StaticData/NewsAndAnnouncement/ANNOUNCEMENTSTOCK/Exchange/2025/MEI/20250506-WAS_Suspensi_JATI.pdf,2026-09-11T07:54:15.210333+00:00,"{'reason': 'Terjadinya peningkatan harga kumulatif yang signifikan pada saham JATI.JK, dalam rangka cooling down sebagai bentuk perlindungan bagi investor', 'symbol': 'JATI.JK', 'pdf_url': 'https://www.idx.co.id/Portals/0/StaticData/NewsAndAnnouncement/ANNOUNCEMENTSTOCK/Exchange/2025/MEI/20250506-WAS_Suspensi_JATI.pdf', 'suspension_date': '2025-05-07'}"
KRYA.JK,2025-05-07,"Terjadinya peningkatan harga kumulatif yang signifikan pada saham KRYA.JK, dalam rangka cooling down sebagai bentuk perlindungan bagi investor",https://www.idx.co.id/Portals/0/StaticData/NewsAndAnnouncement/ANNOUNCEMENTSTOCK/Exchange/2025/MEI/20250506-WAS_Suspensi_KRYA.pdf,2026-09-11T07:54:15.210333+00:00,"{'reason': 'Terjadinya peningkatan harga kumulatif yang signifikan pada saham KRYA.JK, dalam rangka cooling down sebagai bentuk perlindungan bagi investor', 'symbol': 'KRYA.JK', 'pdf_url': 'https://www.idx.co.id/Portals/0/StaticData/NewsAndAnnouncement/ANNOUNCEMENTSTOCK/Exchange/2025/MEI/20250506-WAS_Suspensi_KRYA.pdf', 'suspension_date': '2025-05-07'}"
TIRA.JK,2025-05-05,Terjadinya peningkatan harga kumulatif yang signifikan pada saham TIRA.JK,https://www.idx.co.id/Portals/0/StaticData/NewsAndAnnouncement/ANNOUNCEMENTSTOCK/Exchange/2025/MEI/20250502-WAS_Suspensi_TIRA.pdf,2026-09-11T07:54:15.210333+00:00,"{'reason': 'Terjadinya peningkatan harga kumulatif yang signifikan pada saham TIRA.JK', 'symbol': 'TIRA.JK', 'pdf_url': 'https://www.idx.co.id/Portals/0/StaticData/NewsAndAnnouncement/ANNOUNCEMENTSTOCK/Exchange/2025/MEI/20250502-WAS_Suspensi_TIRA.pdf', 'suspension_date': '2025-05-05'}"
UDNG.JK,2025-05-02,Terjadinya peningkatan harga kumulatif yang signifikan pada saham UDNG.JK,https://www.idx.co.id/Portals/0/StaticData/NewsAndAnnouncement/ANNOUNCEMENTSTOCK/Exchange/2025/APR/20250430-WAS_Suspensi_UDNG.pdf,2026-09-11T07:54:15.210333+00:00,"{'reason': 'Terjadinya peningkatan harga kumulatif yang signifikan pada saham UDNG.JK', 'symbol': 'UDNG.JK', 'pdf_url': 'https://www.idx.co.id/Portals/0/StaticData/NewsAndAnnouncement/ANNOUNCEMENTSTOCK/Exchange/2025/APR/20250430-WAS_Suspensi_UDNG.pdf', 'suspension_date': '2025-05-02'}"
MEJA.JK,2025-04-30,Dalam rangka cooling down sebagai bentuk perlindungan bagi investor,https://www.idx.co.id/Portals/0/StaticData/NewsAndAnnouncement/ANNOUNCEMENTSTOCK/Exchange/2025/APR/20250429-WAS_Suspensi_MEJA.pdf,2026-09-11T07:54:15.210333+00:00,"{'reason': 'Dalam rangka cooling down sebagai bentuk perlindungan bagi investor', 'symbol': 'MEJA.JK', 'pdf_url': 'https://www.idx.co.id/Portals/0/StaticData/NewsAndAnnouncement/ANNOUNCEMENTSTOCK/Exchange/2025/APR/20250429-WAS_Suspensi_MEJA.pdf', 'suspension_date': '2025-04-30'}"
SUPR.JK,2025-04-30,Belum memenuhi ketentuan V.1.1. dan/atau V.1.2. peraturan bursa nomor I-A,https://www.idx.co.id/StaticData/NewsAndAnnouncement/ANNOUNCEMENTSTOCK/From_EREP/202504/83c75d0dbc_dd070e62c5.pdf,2026-09-11T07:54:15.210333+00:00,"{'reason': 'Belum memenuhi ketentuan V.1.1. dan/atau V.1.2. peraturan bursa nomor I-A', 'symbol': 'SUPR.JK', 'pdf_url': 'https://www.idx.co.id/StaticData/NewsAndAnnouncement/ANNOUNCEMENTSTOCK/From_EREP/202504/83c75d0dbc_dd070e62c5.pdf', 'suspension_date': '2025-04-30'}"
INET.JK,2025-04-29,Terjadinya peningkatan harga kumulatif yang signifikan pada saham INET.JK,https://www.idx.co.id/Portals/0/StaticData/NewsAndAnnouncement/ANNOUNCEMENTSTOCK/Exchange/2025/APR/20250428-WAS_Suspensi_INET.pdf,2026-09-11T07:54:15.210333+00:00,"{'reason': 'Terjadinya peningkatan harga kumulatif yang signifikan pada saham INET.JK', 'symbol': 'INET.JK', 'pdf_url': 'https://www.idx.co.id/Portals/0/StaticData/NewsAndAnnouncement/ANNOUNCEMENTSTOCK/Exchange/2025/APR/20250428-WAS_Suspensi_INET.pdf', 'suspension_date': '2025-04-29'}"
SIMA.JK,2020-02-17,Suspend more than 6 month,https://www.idx.co.id/StaticData/NewsAndAnnouncement/ANNOUNCEMENTSTOCK/From_EREP/202607/950fb01adf_3be20222ac.pdf,2026-09-11T07:54:15.831245+00:00,"{'reason': 'Suspend more than 6 month', 'symbol': 'SIMA.JK', 'pdf_url': 'https://www.idx.co.id/StaticData/NewsAndAnnouncement/ANNOUNCEMENTSTOCK/From_EREP/202607/950fb01adf_3be20222ac.pdf', 'suspension_date': '2020-02-17'}"
PGJO.JK,2025-04-28,Terjadinya peningkatan harga kumulatif yang signifikan pada saham PGJO.JK,https://www.idx.co.id/Portals/0/StaticData/NewsAndAnnouncement/ANNOUNCEMENTSTOCK/Exchange/2025/APR/20250425-WAS_Suspensi_PGJO.pdf,2026-09-11T07:54:15.210333+00:00,"{'reason': 'Terjadinya peningkatan harga kumulatif yang signifikan pada saham PGJO.JK', 'symbol': 'PGJO.JK', 'pdf_url': 'https://www.idx.co.id/Portals/0/StaticData/NewsAndAnnouncement/ANNOUNCEMENTSTOCK/Exchange/2025/APR/20250425-WAS_Suspensi_PGJO.pdf', 'suspension_date': '2025-04-28'}"
PGJO.JK,2025-04-24,"Terjadinya peningkatan harga kumulatif yang signifikan pada saham PGJO.JK, dalam rangka cooling down sebagai bentuk perlindungan bagi investor",https://www.idx.co.id/Portals/0/StaticData/NewsAndAnnouncement/ANNOUNCEMENTSTOCK/Exchange/2025/APR/20250423-WAS_Suspensi_PGJO.pdf,2026-09-11T07:54:15.210333+00:00,"{'reason': 'Terjadinya peningkatan harga kumulatif yang signifikan pada saham PGJO.JK, dalam rangka cooling down sebagai bentuk perlindungan bagi investor', 'symbol': 'PGJO.JK', 'pdf_url': 'https://www.idx.co.id/Portals/0/StaticData/NewsAndAnnouncement/ANNOUNCEMENTSTOCK/Exchange/2025/APR/20250423-WAS_Suspensi_PGJO.pdf', 'suspension_date': '2025-04-24'}"
AREA.JK,2025-04-23,Terjadinya peningkatan harga kumulatif yang signifikan pada saham AREA.JK,https://www.idx.co.id/Portals/0/StaticData/NewsAndAnnouncement/ANNOUNCEMENTSTOCK/Exchange/2025/APR/20250422-WAS_Suspensi_AREA.pdf,2026-09-11T07:54:15.210333+00:00,"{'reason': 'Terjadinya peningkatan harga kumulatif yang signifikan pada saham AREA.JK', 'symbol': 'AREA.JK', 'pdf_url': 'https://www.idx.co.id/Portals/0/StaticData/NewsAndAnnouncement/ANNOUNCEMENTSTOCK/Exchange/2025/APR/20250422-WAS_Suspensi_AREA.pdf', 'suspension_date': '2025-04-23'}"
CENT.JK,2025-04-23,"Terjadinya peningkatan harga kumulatif yang signifikan pada saham CENT.JK, dalam rangka cooling down sebagai bentuk perlindungan bagi investor",https://www.idx.co.id/Portals/0/StaticData/NewsAndAnnouncement/ANNOUNCEMENTSTOCK/Exchange/2025/APR/20250422-WAS_Suspensi_CENT.pdf,2026-09-11T07:54:15.210333+00:00,"{'reason': 'Terjadinya peningkatan harga kumulatif yang signifikan pada saham CENT.JK, dalam rangka cooling down sebagai bentuk perlindungan bagi investor', 'symbol': 'CENT.JK', 'pdf_url': 'https://www.idx.co.id/Portals/0/StaticData/NewsAndAnnouncement/ANNOUNCEMENTSTOCK/Exchange/2025/APR/20250422-WAS_Suspensi_CENT.pdf', 'suspension_date': '2025-04-23'}"
SMIL.JK,2025-04-21,"Terjadinya peningkatan harga kumulatif yang signifikan pada saham SMIL.JK, dalam rangka cooling down sebagai bentuk perlindungan bagi investor",https://www.idx.co.id/Portals/0/StaticData/NewsAndAnnouncement/ANNOUNCEMENTSTOCK/Exchange/2025/APR/20250417-WAS_Suspensi_SMIL.pdf,2026-09-11T07:54:15.210333+00:00,"{'reason': 'Terjadinya peningkatan harga kumulatif yang signifikan pada saham SMIL.JK, dalam rangka cooling down sebagai bentuk perlindungan bagi investor', 'symbol': 'SMIL.JK', 'pdf_url': 'https://www.idx.co.id/Portals/0/StaticData/NewsAndAnnouncement/ANNOUNCEMENTSTOCK/Exchange/2025/APR/20250417-WAS_Suspensi_SMIL.pdf', 'suspension_date': '2025-04-21'}"
FREN.JK,2025-04-15,Perseroan akan melakukan tindakan korporasi berupa penggabungan usaha yang akan mengakibatkan saham Perseroan menjadi tidak tercatat di Bursa,https://www.idx.co.id/StaticData/NewsAndAnnouncement/ANNOUNCEMENTSTOCK/From_EREP/202504/20fb0b783d_ca011d9b4a.pdf,2026-09-11T07:54:15.210333+00:00,"{'reason': 'Perseroan akan melakukan tindakan korporasi berupa penggabungan usaha yang akan mengakibatkan saham Perseroan menjadi tidak tercatat di Bursa', 'symbol': 'FREN.JK', 'pdf_url': 'https://www.idx.co.id/StaticData/NewsAndAnnouncement/ANNOUNCEMENTSTOCK/From_EREP/202504/20fb0b783d_ca011d9b4a.pdf', 'suspension_date': '2025-04-15'}"
HITS.JK,2025-03-26,Terdapat rencana perubahan status Perseroan dari Perusahaan Terbuka menjadi Perusahaan Tertutup (Go Private) dan rencana voluntary delisting saham Perseroan di Bursa Efek Indonesia.,https://www.idx.co.id/StaticData/NewsAndAnnouncement/ANNOUNCEMENTSTOCK/From_EREP/202503/5b378c6203_e5d95f981c.pdf,2026-09-11T07:54:15.210333+00:00,"{'reason': 'Terdapat rencana perubahan status Perseroan dari Perusahaan Terbuka menjadi Perusahaan Tertutup (Go Private) dan rencana voluntary delisting saham Perseroan di Bursa Efek Indonesia.', 'symbol': 'HITS.JK', 'pdf_url': 'https://www.idx.co.id/StaticData/NewsAndAnnouncement/ANNOUNCEMENTSTOCK/From_EREP/202503/5b378c6203_e5d95f981c.pdf', 'suspension_date': '2025-03-26'}"
FORU.JK,2025-03-25,Terjadinya penurunan harga kumulatif yang signifikan pada saham FORU.JK,https://www.idx.co.id/Portals/0/StaticData/NewsAndAnnouncement/ANNOUNCEMENTSTOCK/Exchange/2025/MAR/20250324-WAS_Suspensi_FORU.pdf,2026-09-11T07:54:15.210333+00:00,"{'reason': 'Terjadinya penurunan harga kumulatif yang signifikan pada saham FORU.JK', 'symbol': 'FORU.JK', 'pdf_url': 'https://www.idx.co.id/Portals/0/StaticData/NewsAndAnnouncement/ANNOUNCEMENTSTOCK/Exchange/2025/MAR/20250324-WAS_Suspensi_FORU.pdf', 'suspension_date': '2025-03-25'}"
RONY.JK,2025-03-25,Terjadinya peningkatan harga kumulatif yang signifikan pada saham RONY.JK,https://www.idx.co.id/Portals/0/StaticData/NewsAndAnnouncement/ANNOUNCEMENTSTOCK/Exchange/2025/MAR/20250324-WAS_Suspensi_RONY.pdf,2026-09-11T07:54:15.210333+00:00,"{'reason': 'Terjadinya peningkatan harga kumulatif yang signifikan pada saham RONY.JK', 'symbol': 'RONY.JK', 'pdf_url': 'https://www.idx.co.id/Portals/0/StaticData/NewsAndAnnouncement/ANNOUNCEMENTSTOCK/Exchange/2025/MAR/20250324-WAS_Suspensi_RONY.pdf', 'suspension_date': '2025-03-25'}"
UDNG.JK,2025-03-25,Terjadinya peningkatan harga kumulatif yang signifikan pada saham UDNG.JK,https://www.idx.co.id/Portals/0/StaticData/NewsAndAnnouncement/ANNOUNCEMENTSTOCK/Exchange/2025/MAR/20250324-WAS_Suspensi_UDNG.pdf,2026-09-11T07:54:15.210333+00:00,"{'reason': 'Terjadinya peningkatan harga kumulatif yang signifikan pada saham UDNG.JK', 'symbol': 'UDNG.JK', 'pdf_url': 'https://www.idx.co.id/Portals/0/StaticData/NewsAndAnnouncement/ANNOUNCEMENTSTOCK/Exchange/2025/MAR/20250324-WAS_Suspensi_UDNG.pdf', 'suspension_date': '2025-03-25'}"
KAQI.JK,2025-03-24,Dalam rangka cooling down sebagai bentuk perlindungan bagi investor,https://www.idx.co.id/Portals/0/StaticData/NewsAndAnnouncement/ANNOUNCEMENTSTOCK/Exchange/2025/MAR/20250321-WAS_Suspensi_KAQI.pdf,2026-09-11T07:54:15.210333+00:00,"{'reason': 'Dalam rangka cooling down sebagai bentuk perlindungan bagi investor', 'symbol': 'KAQI.JK', 'pdf_url': 'https://www.idx.co.id/Portals/0/StaticData/NewsAndAnnouncement/ANNOUNCEMENTSTOCK/Exchange/2025/MAR/20250321-WAS_Suspensi_KAQI.pdf', 'suspension_date': '2025-03-24'}"
UDNG.JK,2025-03-20,"Terjadinya peningkatan harga kumulatif yang signifikan pada saham UDNG.JK, dalam rangka cooling down sebagai bentuk perlindungan bagi investor",https://www.idx.co.id/Portals/0/StaticData/NewsAndAnnouncement/ANNOUNCEMENTSTOCK/Exchange/2025/MAR/20250319-WAS_Suspensi_UDNG.pdf,2026-09-11T07:54:15.210333+00:00,"{'reason': 'Terjadinya peningkatan harga kumulatif yang signifikan pada saham UDNG.JK, dalam rangka cooling down sebagai bentuk perlindungan bagi investor', 'symbol': 'UDNG.JK', 'pdf_url': 'https://www.idx.co.id/Portals/0/StaticData/NewsAndAnnouncement/ANNOUNCEMENTSTOCK/Exchange/2025/MAR/20250319-WAS_Suspensi_UDNG.pdf', 'suspension_date': '2025-03-20'}"
SKYB.JK,2020-02-17,Suspend more than 6 month,https://www.idx.co.id/StaticData/NewsAndAnnouncement/ANNOUNCEMENTSTOCK/From_EREP/202604/e36ab4535e_6d591156c5.pdf,2026-09-11T07:54:15.831245+00:00,"{'reason': 'Suspend more than 6 month', 'symbol': 'SKYB.JK', 'pdf_url': 'https://www.idx.co.id/StaticData/NewsAndAnnouncement/ANNOUNCEMENTSTOCK/From_EREP/202604/e36ab4535e_6d591156c5.pdf', 'suspension_date': '2020-02-17'}"
WGSH.JK,2025-03-20,"Terjadinya peningkatan harga kumulatif yang signifikan pada saham WGSH.JK, dalam rangka cooling down sebagai bentuk perlindungan bagi investor",https://www.idx.co.id/Portals/0/StaticData/NewsAndAnnouncement/ANNOUNCEMENTSTOCK/Exchange/2025/MAR/20250319-WAS_Suspensi_WGSH.pdf,2026-09-11T07:54:15.210333+00:00,"{'reason': 'Terjadinya peningkatan harga kumulatif yang signifikan pada saham WGSH.JK, dalam rangka cooling down sebagai bentuk perlindungan bagi investor', 'symbol': 'WGSH.JK', 'pdf_url': 'https://www.idx.co.id/Portals/0/StaticData/NewsAndAnnouncement/ANNOUNCEMENTSTOCK/Exchange/2025/MAR/20250319-WAS_Suspensi_WGSH.pdf', 'suspension_date': '2025-03-20'}"
IKAN.JK,2025-02-28,Terjadinya peningkatan harga kumulatif yang signifikan pada saham IKAN.JK,https://www.idx.co.id/Portals/0/StaticData/NewsAndAnnouncement/ANNOUNCEMENTSTOCK/Exchange/2025/FEB/20250227-WAS_Suspensi_IKAN.pdf,2026-09-11T07:54:15.210333+00:00,"{'reason': 'Terjadinya peningkatan harga kumulatif yang signifikan pada saham IKAN.JK', 'symbol': 'IKAN.JK', 'pdf_url': 'https://www.idx.co.id/Portals/0/StaticData/NewsAndAnnouncement/ANNOUNCEMENTSTOCK/Exchange/2025/FEB/20250227-WAS_Suspensi_IKAN.pdf', 'suspension_date': '2025-02-28'}"
BESS.JK,2025-02-27,Terjadinya peningkatan harga kumulatif yang signifikan pada saham BESS.JK,https://www.idx.co.id/Portals/0/StaticData/NewsAndAnnouncement/ANNOUNCEMENTSTOCK/Exchange/2025/FEB/20250226-WAS_Suspensi_BESS.pdf,2026-09-11T07:54:15.210333+00:00,"{'reason': 'Terjadinya peningkatan harga kumulatif yang signifikan pada saham BESS.JK', 'symbol': 'BESS.JK', 'pdf_url': 'https://www.idx.co.id/Portals/0/StaticData/NewsAndAnnouncement/ANNOUNCEMENTSTOCK/Exchange/2025/FEB/20250226-WAS_Suspensi_BESS.pdf', 'suspension_date': '2025-02-27'}"
DCII.JK,2025-02-27,Terjadinya peningkatan harga kumulatif yang signifikan pada saham DCII.JK,https://www.idx.co.id/Portals/0/StaticData/NewsAndAnnouncement/ANNOUNCEMENTSTOCK/Exchange/2025/FEB/20250226-WAS_Suspensi_DCII.pdf,2026-09-11T07:54:15.210333+00:00,"{'reason': 'Terjadinya peningkatan harga kumulatif yang signifikan pada saham DCII.JK', 'symbol': 'DCII.JK', 'pdf_url': 'https://www.idx.co.id/Portals/0/StaticData/NewsAndAnnouncement/ANNOUNCEMENTSTOCK/Exchange/2025/FEB/20250226-WAS_Suspensi_DCII.pdf', 'suspension_date': '2025-02-27'}"
NAIK.JK,2025-02-27,"Terjadinya peningkatan harga kumulatif yang signifikan pada saham NAIK.JK, dalam rangka cooling down sebagai bentuk perlindungan bagi investor",https://www.idx.co.id/Portals/0/StaticData/NewsAndAnnouncement/ANNOUNCEMENTSTOCK/Exchange/2025/FEB/20250226-WAS_Suspensi_NAIK.pdf,2026-09-11T07:54:15.210333+00:00,"{'reason': 'Terjadinya peningkatan harga kumulatif yang signifikan pada saham NAIK.JK, dalam rangka cooling down sebagai bentuk perlindungan bagi investor', 'symbol': 'NAIK.JK', 'pdf_url': 'https://www.idx.co.id/Portals/0/StaticData/NewsAndAnnouncement/ANNOUNCEMENTSTOCK/Exchange/2025/FEB/20250226-WAS_Suspensi_NAIK.pdf', 'suspension_date': '2025-02-27'}"
EDGE.JK,2025-02-26,"Terjadinya peningkatan harga kumulatif yang signifikan pada saham EDGE.JK, dalam rangka cooling down sebagai bentuk perlindungan bagi investor",https://www.idx.co.id/Portals/0/StaticData/NewsAndAnnouncement/ANNOUNCEMENTSTOCK/Exchange/2025/FEB/20250225-WAS_Suspensi_EDGE.pdf,2026-09-11T07:54:15.210333+00:00,"{'reason': 'Terjadinya peningkatan harga kumulatif yang signifikan pada saham EDGE.JK, dalam rangka cooling down sebagai bentuk perlindungan bagi investor', 'symbol': 'EDGE.JK', 'pdf_url': 'https://www.idx.co.id/Portals/0/StaticData/NewsAndAnnouncement/ANNOUNCEMENTSTOCK/Exchange/2025/FEB/20250225-WAS_Suspensi_EDGE.pdf', 'suspension_date': '2025-02-26'}"
BESS.JK,2025-02-25,"Terjadinya peningkatan harga kumulatif yang signifikan pada saham BESS.JK, dalam rangka cooling down sebagai bentuk perlindungan bagi investor",https://www.idx.co.id/Portals/0/StaticData/NewsAndAnnouncement/ANNOUNCEMENTSTOCK/Exchange/2025/FEB/20250224-WAS_Suspensi_BESS.pdf,2026-09-11T07:54:15.210333+00:00,"{'reason': 'Terjadinya peningkatan harga kumulatif yang signifikan pada saham BESS.JK, dalam rangka cooling down sebagai bentuk perlindungan bagi investor', 'symbol': 'BESS.JK', 'pdf_url': 'https://www.idx.co.id/Portals/0/StaticData/NewsAndAnnouncement/ANNOUNCEMENTSTOCK/Exchange/2025/FEB/20250224-WAS_Suspensi_BESS.pdf', 'suspension_date': '2025-02-25'}"
DCII.JK,2025-02-25,"Terjadinya peningkatan harga kumulatif yang signifikan pada saham DCII.JK, dalam rangka cooling down sebagai bentuk perlindungan bagi investor",https://www.idx.co.id/Portals/0/StaticData/NewsAndAnnouncement/ANNOUNCEMENTSTOCK/Exchange/2025/FEB/20250224-WAS_Suspensi_DCII.pdf,2026-09-11T07:54:15.210333+00:00,"{'reason': 'Terjadinya peningkatan harga kumulatif yang signifikan pada saham DCII.JK, dalam rangka cooling down sebagai bentuk perlindungan bagi investor', 'symbol': 'DCII.JK', 'pdf_url': 'https://www.idx.co.id/Portals/0/StaticData/NewsAndAnnouncement/ANNOUNCEMENTSTOCK/Exchange/2025/FEB/20250224-WAS_Suspensi_DCII.pdf', 'suspension_date': '2025-02-25'}"
IKAN.JK,2025-02-25,"Terjadinya peningkatan harga kumulatif yang signifikan pada saham IKAN.JK, dalam rangka cooling down sebagai bentuk perlindungan bagi investor",https://www.idx.co.id/Portals/0/StaticData/NewsAndAnnouncement/ANNOUNCEMENTSTOCK/Exchange/2025/FEB/20250224-WAS_Suspensi_IKAN.pdf,2026-09-11T07:54:15.210333+00:00,"{'reason': 'Terjadinya peningkatan harga kumulatif yang signifikan pada saham IKAN.JK, dalam rangka cooling down sebagai bentuk perlindungan bagi investor', 'symbol': 'IKAN.JK', 'pdf_url': 'https://www.idx.co.id/Portals/0/StaticData/NewsAndAnnouncement/ANNOUNCEMENTSTOCK/Exchange/2025/FEB/20250224-WAS_Suspensi_IKAN.pdf', 'suspension_date': '2025-02-25'}"
INET.JK,2025-02-25,Terjadinya peningkatan harga kumulatif yang signifikan pada saham INET.JK,https://www.idx.co.id/Portals/0/StaticData/NewsAndAnnouncement/ANNOUNCEMENTSTOCK/Exchange/2025/FEB/20250224-WAS_Suspensi_INET.pdf,2026-09-11T07:54:15.210333+00:00,"{'reason': 'Terjadinya peningkatan harga kumulatif yang signifikan pada saham INET.JK', 'symbol': 'INET.JK', 'pdf_url': 'https://www.idx.co.id/Portals/0/StaticData/NewsAndAnnouncement/ANNOUNCEMENTSTOCK/Exchange/2025/FEB/20250224-WAS_Suspensi_INET.pdf', 'suspension_date': '2025-02-25'}"
DATA.JK,2025-02-24,Terjadinya peningkatan harga kumulatif yang signifikan pada saham DATA.JK,https://www.idx.co.id/Portals/0/StaticData/NewsAndAnnouncement/ANNOUNCEMENTSTOCK/Exchange/2025/FEB/20250221-WAS_Suspensi_DATA.pdf,2026-09-11T07:54:15.210333+00:00,"{'reason': 'Terjadinya peningkatan harga kumulatif yang signifikan pada saham DATA.JK', 'symbol': 'DATA.JK', 'pdf_url': 'https://www.idx.co.id/Portals/0/StaticData/NewsAndAnnouncement/ANNOUNCEMENTSTOCK/Exchange/2025/FEB/20250221-WAS_Suspensi_DATA.pdf', 'suspension_date': '2025-02-24'}"
POLU.JK,2025-02-24,Terjadinya peningkatan harga kumulatif yang signifikan pada saham POLU.JK,https://www.idx.co.id/Portals/0/StaticData/NewsAndAnnouncement/ANNOUNCEMENTSTOCK/Exchange/2025/FEB/20250221-WAS_Suspensi_POLU.pdf,2026-09-11T07:54:15.210333+00:00,"{'reason': 'Terjadinya peningkatan harga kumulatif yang signifikan pada saham POLU.JK', 'symbol': 'POLU.JK', 'pdf_url': 'https://www.idx.co.id/Portals/0/StaticData/NewsAndAnnouncement/ANNOUNCEMENTSTOCK/Exchange/2025/FEB/20250221-WAS_Suspensi_POLU.pdf', 'suspension_date': '2025-02-24'}"
TIRA.JK,2025-02-24,Terjadinya peningkatan harga kumulatif yang signifikan pada saham TIRA.JK,https://www.idx.co.id/Portals/0/StaticData/NewsAndAnnouncement/ANNOUNCEMENTSTOCK/Exchange/2025/FEB/20250221-WAS_Suspensi_TIRA.pdf,2026-09-11T07:54:15.210333+00:00,"{'reason': 'Terjadinya peningkatan harga kumulatif yang signifikan pada saham TIRA.JK', 'symbol': 'TIRA.JK', 'pdf_url': 'https://www.idx.co.id/Portals/0/StaticData/NewsAndAnnouncement/ANNOUNCEMENTSTOCK/Exchange/2025/FEB/20250221-WAS_Suspensi_TIRA.pdf', 'suspension_date': '2025-02-24'}"
POLU.JK,2025-02-20,"Terjadinya peningkatan harga kumulatif yang signifikan pada saham POLU.JK, dalam rangka cooling down sebagai bentuk perlindungan bagi investor",https://www.idx.co.id/Portals/0/StaticData/NewsAndAnnouncement/ANNOUNCEMENTSTOCK/Exchange/2025/FEB/20250219-WAS_Suspensi_POLU.pdf,2026-09-11T07:54:15.210333+00:00,"{'reason': 'Terjadinya peningkatan harga kumulatif yang signifikan pada saham POLU.JK, dalam rangka cooling down sebagai bentuk perlindungan bagi investor', 'symbol': 'POLU.JK', 'pdf_url': 'https://www.idx.co.id/Portals/0/StaticData/NewsAndAnnouncement/ANNOUNCEMENTSTOCK/Exchange/2025/FEB/20250219-WAS_Suspensi_POLU.pdf', 'suspension_date': '2025-02-20'}"
MLPT.JK,2025-02-19,Terjadinya peningkatan harga kumulatif yang signifikan pada saham MLPT.JK,https://www.idx.co.id/Portals/0/StaticData/NewsAndAnnouncement/ANNOUNCEMENTSTOCK/Exchange/2025/FEB/20250218-WAS_Suspensi_MLPT.pdf,2026-09-11T07:54:15.210333+00:00,"{'reason': 'Terjadinya peningkatan harga kumulatif yang signifikan pada saham MLPT.JK', 'symbol': 'MLPT.JK', 'pdf_url': 'https://www.idx.co.id/Portals/0/StaticData/NewsAndAnnouncement/ANNOUNCEMENTSTOCK/Exchange/2025/FEB/20250218-WAS_Suspensi_MLPT.pdf', 'suspension_date': '2025-02-19'}"
WIKA.JK,2025-02-18,Suspend more than 6 month,https://www.idx.co.id/StaticData/NewsAndAnnouncement/ANNOUNCEMENTSTOCK/From_EREP/202609/cfddab57d5_dd24ce946a.pdf,2026-09-11T07:54:15.210333+00:00,"{'reason': 'Suspend more than 6 month', 'symbol': 'WIKA.JK', 'pdf_url': 'https://www.idx.co.id/StaticData/NewsAndAnnouncement/ANNOUNCEMENTSTOCK/From_EREP/202609/cfddab57d5_dd24ce946a.pdf', 'suspension_date': '2025-02-18'}"
BEBS.JK,2025-02-17,Keterlambatan pembayaran biaya pencatatan tahunan 2025,https://www.idx.co.id/StaticData/NewsAndAnnouncement/ANNOUNCEMENTSTOCK/From_EREP/202502/4d251355fd_19ab06d3e4.pdf,2026-09-11T07:54:15.210333+00:00,"{'reason': 'Keterlambatan pembayaran biaya pencatatan tahunan 2025', 'symbol': 'BEBS.JK', 'pdf_url': 'https://www.idx.co.id/StaticData/NewsAndAnnouncement/ANNOUNCEMENTSTOCK/From_EREP/202502/4d251355fd_19ab06d3e4.pdf', 'suspension_date': '2025-02-17'}"
GPSO.JK,2025-02-17,Keterlambatan pembayaran biaya pencatatan tahunan 2025,https://www.idx.co.id/StaticData/NewsAndAnnouncement/ANNOUNCEMENTSTOCK/From_EREP/202502/4d251355fd_19ab06d3e4.pdf,2026-09-11T07:54:15.210333+00:00,"{'reason': 'Keterlambatan pembayaran biaya pencatatan tahunan 2025', 'symbol': 'GPSO.JK', 'pdf_url': 'https://www.idx.co.id/StaticData/NewsAndAnnouncement/ANNOUNCEMENTSTOCK/From_EREP/202502/4d251355fd_19ab06d3e4.pdf', 'suspension_date': '2025-02-17'}"
HOMI.JK,2025-02-17,Keterlambatan pembayaran biaya pencatatan tahunan 2025,https://www.idx.co.id/StaticData/NewsAndAnnouncement/ANNOUNCEMENTSTOCK/From_EREP/202502/4d251355fd_19ab06d3e4.pdf,2026-09-11T07:54:15.210333+00:00,"{'reason': 'Keterlambatan pembayaran biaya pencatatan tahunan 2025', 'symbol': 'HOMI.JK', 'pdf_url': 'https://www.idx.co.id/StaticData/NewsAndAnnouncement/ANNOUNCEMENTSTOCK/From_EREP/202502/4d251355fd_19ab06d3e4.pdf', 'suspension_date': '2025-02-17'}"
LCKM.JK,2025-02-17,Keterlambatan pembayaran biaya pencatatan tahunan 2025,https://www.idx.co.id/StaticData/NewsAndAnnouncement/ANNOUNCEMENTSTOCK/From_EREP/202502/4d251355fd_19ab06d3e4.pdf,2026-09-11T07:54:15.210333+00:00,"{'reason': 'Keterlambatan pembayaran biaya pencatatan tahunan 2025', 'symbol': 'LCKM.JK', 'pdf_url': 'https://www.idx.co.id/StaticData/NewsAndAnnouncement/ANNOUNCEMENTSTOCK/From_EREP/202502/4d251355fd_19ab06d3e4.pdf', 'suspension_date': '2025-02-17'}"
MGLV.JK,2025-02-17,Keterlambatan pembayaran biaya pencatatan tahunan 2025,https://www.idx.co.id/StaticData/NewsAndAnnouncement/ANNOUNCEMENTSTOCK/From_EREP/202502/4d251355fd_19ab06d3e4.pdf,2026-09-11T07:54:15.210333+00:00,"{'reason': 'Keterlambatan pembayaran biaya pencatatan tahunan 2025', 'symbol': 'MGLV.JK', 'pdf_url': 'https://www.idx.co.id/StaticData/NewsAndAnnouncement/ANNOUNCEMENTSTOCK/From_EREP/202502/4d251355fd_19ab06d3e4.pdf', 'suspension_date': '2025-02-17'}"
PTDU.JK,2025-02-17,Keterlambatan pembayaran biaya pencatatan tahunan 2025,https://www.idx.co.id/StaticData/NewsAndAnnouncement/ANNOUNCEMENTSTOCK/From_EREP/202502/4d251355fd_19ab06d3e4.pdf,2026-09-11T07:54:15.210333+00:00,"{'reason': 'Keterlambatan pembayaran biaya pencatatan tahunan 2025', 'symbol': 'PTDU.JK', 'pdf_url': 'https://www.idx.co.id/StaticData/NewsAndAnnouncement/ANNOUNCEMENTSTOCK/From_EREP/202502/4d251355fd_19ab06d3e4.pdf', 'suspension_date': '2025-02-17'}"
WMUU.JK,2025-02-17,Keterlambatan pembayaran biaya pencatatan tahunan 2025,https://www.idx.co.id/StaticData/NewsAndAnnouncement/ANNOUNCEMENTSTOCK/From_EREP/202502/4d251355fd_19ab06d3e4.pdf,2026-09-11T07:54:15.210333+00:00,"{'reason': 'Keterlambatan pembayaran biaya pencatatan tahunan 2025', 'symbol': 'WMUU.JK', 'pdf_url': 'https://www.idx.co.id/StaticData/NewsAndAnnouncement/ANNOUNCEMENTSTOCK/From_EREP/202502/4d251355fd_19ab06d3e4.pdf', 'suspension_date': '2025-02-17'}"
MINA.JK,2025-02-13,Terjadinya peningkatan harga kumulatif yang signifikan pada saham MINA.JK,https://www.idx.co.id/Portals/0/StaticData/NewsAndAnnouncement/ANNOUNCEMENTSTOCK/Exchange/2025/FEB/20250212-WAS_Suspensi_MINA.pdf,2026-09-11T07:54:15.210333+00:00,"{'reason': 'Terjadinya peningkatan harga kumulatif yang signifikan pada saham MINA.JK', 'symbol': 'MINA.JK', 'pdf_url': 'https://www.idx.co.id/Portals/0/StaticData/NewsAndAnnouncement/ANNOUNCEMENTSTOCK/Exchange/2025/FEB/20250212-WAS_Suspensi_MINA.pdf', 'suspension_date': '2025-02-13'}"
ZINC.JK,2025-02-13,Perseroan telah menunda pembayaran amortisasi pokok ke-12 dan bunga ke-24 dari Obligasi I Kapuas Prima Coal Tahun 2018 (ZINC01E) yang seharusnya efektif dibayarkan pada tanggal 13 Februari 2025,https://www.idx.co.id/StaticData/NewsAndAnnouncement/ANNOUNCEMENTSTOCK/From_EREP/202502/48f925a543_21fc5cb836.pdf,2026-09-11T07:54:15.210333+00:00,"{'reason': 'Perseroan telah menunda pembayaran amortisasi pokok ke-12 dan bunga ke-24 dari Obligasi I Kapuas Prima Coal Tahun 2018 (ZINC01E) yang seharusnya efektif dibayarkan pada tanggal 13 Februari 2025', 'symbol': 'ZINC.JK', 'pdf_url': 'https://www.idx.co.id/StaticData/NewsAndAnnouncement/ANNOUNCEMENTSTOCK/From_EREP/202502/48f925a543_21fc5cb836.pdf', 'suspension_date': '2025-02-13'}"
INET.JK,2025-02-12,"Terjadinya peningkatan harga kumulatif yang signifikan pada saham INET.JK, dalam rangka cooling down sebagai bentuk perlindungan bagi investor",https://www.idx.co.id/Portals/0/StaticData/NewsAndAnnouncement/ANNOUNCEMENTSTOCK/Exchange/2025/FEB/20250211-WAS_Suspensi_INET.pdf,2026-09-11T07:54:15.210333+00:00,"{'reason': 'Terjadinya peningkatan harga kumulatif yang signifikan pada saham INET.JK, dalam rangka cooling down sebagai bentuk perlindungan bagi investor', 'symbol': 'INET.JK', 'pdf_url': 'https://www.idx.co.id/Portals/0/StaticData/NewsAndAnnouncement/ANNOUNCEMENTSTOCK/Exchange/2025/FEB/20250211-WAS_Suspensi_INET.pdf', 'suspension_date': '2025-02-12'}"
RIMO.JK,2020-02-11,Suspend more than 6 month,https://www.idx.co.id/StaticData/NewsAndAnnouncement/ANNOUNCEMENTSTOCK/From_EREP/202510/4a50b93a3c_1ca52e23f6.pdf,2026-09-11T07:54:15.831245+00:00,"{'reason': 'Suspend more than 6 month', 'symbol': 'RIMO.JK', 'pdf_url': 'https://www.idx.co.id/StaticData/NewsAndAnnouncement/ANNOUNCEMENTSTOCK/From_EREP/202510/4a50b93a3c_1ca52e23f6.pdf', 'suspension_date': '2020-02-11'}"
RCCC.JK,2025-02-12,Dalam rangka cooling down sebagai bentuk perlindungan bagi investor,https://www.idx.co.id/Portals/0/StaticData/NewsAndAnnouncement/ANNOUNCEMENTSTOCK/Exchange/2025/FEB/20250211-WAS_Suspensi_RCCC.pdf,2026-09-11T07:54:15.210333+00:00,"{'reason': 'Dalam rangka cooling down sebagai bentuk perlindungan bagi investor', 'symbol': 'RCCC.JK', 'pdf_url': 'https://www.idx.co.id/Portals/0/StaticData/NewsAndAnnouncement/ANNOUNCEMENTSTOCK/Exchange/2025/FEB/20250211-WAS_Suspensi_RCCC.pdf', 'suspension_date': '2025-02-12'}"
TIRA.JK,2025-02-11,"Terjadinya peningkatan harga kumulatif yang signifikan pada saham TIRA.JK, dalam rangka cooling down sebagai bentuk perlindungan bagi investor",https://www.idx.co.id/Portals/0/StaticData/NewsAndAnnouncement/ANNOUNCEMENTSTOCK/Exchange/2025/FEB/20250210-WAS_Suspensi_TIRA.pdf,2026-09-11T07:54:15.210333+00:00,"{'reason': 'Terjadinya peningkatan harga kumulatif yang signifikan pada saham TIRA.JK, dalam rangka cooling down sebagai bentuk perlindungan bagi investor', 'symbol': 'TIRA.JK', 'pdf_url': 'https://www.idx.co.id/Portals/0/StaticData/NewsAndAnnouncement/ANNOUNCEMENTSTOCK/Exchange/2025/FEB/20250210-WAS_Suspensi_TIRA.pdf', 'suspension_date': '2025-02-11'}"
MINA.JK,2025-02-10,"Terjadinya peningkatan harga kumulatif yang signifikan pada saham MINA.JK, dalam rangka cooling down sebagai bentuk perlindungan bagi investor",https://www.idx.co.id/Portals/0/StaticData/NewsAndAnnouncement/ANNOUNCEMENTSTOCK/Exchange/2025/FEB/20250207-WAS_Suspensi_MINA.pdf,2026-09-11T07:54:15.210333+00:00,"{'reason': 'Terjadinya peningkatan harga kumulatif yang signifikan pada saham MINA.JK, dalam rangka cooling down sebagai bentuk perlindungan bagi investor', 'symbol': 'MINA.JK', 'pdf_url': 'https://www.idx.co.id/Portals/0/StaticData/NewsAndAnnouncement/ANNOUNCEMENTSTOCK/Exchange/2025/FEB/20250207-WAS_Suspensi_MINA.pdf', 'suspension_date': '2025-02-10'}"
SMDM.JK,2025-02-10,Terjadinya peningkatan harga kumulatif yang signifikan pada saham SMDM.JK,https://www.idx.co.id/Portals/0/StaticData/NewsAndAnnouncement/ANNOUNCEMENTSTOCK/Exchange/2025/FEB/20250207-WAS_Suspensi_SMDM.pdf,2026-09-11T07:54:15.210333+00:00,"{'reason': 'Terjadinya peningkatan harga kumulatif yang signifikan pada saham SMDM.JK', 'symbol': 'SMDM.JK', 'pdf_url': 'https://www.idx.co.id/Portals/0/StaticData/NewsAndAnnouncement/ANNOUNCEMENTSTOCK/Exchange/2025/FEB/20250207-WAS_Suspensi_SMDM.pdf', 'suspension_date': '2025-02-10'}"
GRPM.JK,2025-02-07,"Terjadinya peningkatan harga kumulatif yang signifikan pada saham GRPM.JK, dalam rangka cooling down sebagai bentuk perlindungan bagi investor",https://www.idx.co.id/Portals/0/StaticData/NewsAndAnnouncement/ANNOUNCEMENTSTOCK/Exchange/2025/FEB/20250206-WAS_Suspensi_GRPM.pdf,2026-09-11T07:54:15.210333+00:00,"{'reason': 'Terjadinya peningkatan harga kumulatif yang signifikan pada saham GRPM.JK, dalam rangka cooling down sebagai bentuk perlindungan bagi investor', 'symbol': 'GRPM.JK', 'pdf_url': 'https://www.idx.co.id/Portals/0/StaticData/NewsAndAnnouncement/ANNOUNCEMENTSTOCK/Exchange/2025/FEB/20250206-WAS_Suspensi_GRPM.pdf', 'suspension_date': '2025-02-07'}"
CLAY.JK,2025-02-06,Terjadinya peningkatan harga kumulatif yang signifikan pada saham CLAY.JK,https://www.idx.co.id/Portals/0/StaticData/NewsAndAnnouncement/ANNOUNCEMENTSTOCK/Exchange/2025/FEB/20250205-WAS_Suspensi_CLAY.pdf,2026-09-11T07:54:15.210333+00:00,"{'reason': 'Terjadinya peningkatan harga kumulatif yang signifikan pada saham CLAY.JK', 'symbol': 'CLAY.JK', 'pdf_url': 'https://www.idx.co.id/Portals/0/StaticData/NewsAndAnnouncement/ANNOUNCEMENTSTOCK/Exchange/2025/FEB/20250205-WAS_Suspensi_CLAY.pdf', 'suspension_date': '2025-02-06'}"
MLPT.JK,2025-02-06,"Terjadinya peningkatan harga kumulatif yang signifikan pada saham MLPT.JK, dalam rangka cooling down sebagai bentuk perlindungan bagi investor",https://www.idx.co.id/Portals/0/StaticData/NewsAndAnnouncement/ANNOUNCEMENTSTOCK/Exchange/2025/FEB/20250205-WAS_Suspensi_MLPT.pdf,2026-09-11T07:54:15.210333+00:00,"{'reason': 'Terjadinya peningkatan harga kumulatif yang signifikan pada saham MLPT.JK, dalam rangka cooling down sebagai bentuk perlindungan bagi investor', 'symbol': 'MLPT.JK', 'pdf_url': 'https://www.idx.co.id/Portals/0/StaticData/NewsAndAnnouncement/ANNOUNCEMENTSTOCK/Exchange/2025/FEB/20250205-WAS_Suspensi_MLPT.pdf', 'suspension_date': '2025-02-06'}"
SMDM.JK,2025-02-06,"Terjadinya peningkatan harga kumulatif yang signifikan pada saham SMDM.JK, dalam rangka cooling down sebagai bentuk perlindungan bagi investor",https://www.idx.co.id/Portals/0/StaticData/NewsAndAnnouncement/ANNOUNCEMENTSTOCK/Exchange/2025/FEB/20250205-WAS_Suspensi_SMDM.pdf,2026-09-11T07:54:15.210333+00:00,"{'reason': 'Terjadinya peningkatan harga kumulatif yang signifikan pada saham SMDM.JK, dalam rangka cooling down sebagai bentuk perlindungan bagi investor', 'symbol': 'SMDM.JK', 'pdf_url': 'https://www.idx.co.id/Portals/0/StaticData/NewsAndAnnouncement/ANNOUNCEMENTSTOCK/Exchange/2025/FEB/20250205-WAS_Suspensi_SMDM.pdf', 'suspension_date': '2025-02-06'}"
PURI.JK,2025-02-04,"Terjadinya peningkatan harga kumulatif yang signifikan pada saham PURI.JK, dalam rangka cooling down sebagai bentuk perlindungan bagi investor",https://www.idx.co.id/Portals/0/StaticData/NewsAndAnnouncement/ANNOUNCEMENTSTOCK/Exchange/2025/FEB/20250203-WAS_Suspensi_PURI.pdf,2026-09-11T07:54:15.210333+00:00,"{'reason': 'Terjadinya peningkatan harga kumulatif yang signifikan pada saham PURI.JK, dalam rangka cooling down sebagai bentuk perlindungan bagi investor', 'symbol': 'PURI.JK', 'pdf_url': 'https://www.idx.co.id/Portals/0/StaticData/NewsAndAnnouncement/ANNOUNCEMENTSTOCK/Exchange/2025/FEB/20250203-WAS_Suspensi_PURI.pdf', 'suspension_date': '2025-02-04'}"
SSMS.JK,2025-02-04,"Terjadinya peningkatan harga kumulatif yang signifikan pada saham SSMS.JK, dalam rangka cooling down sebagai bentuk perlindungan bagi investor",https://www.idx.co.id/Portals/0/StaticData/NewsAndAnnouncement/ANNOUNCEMENTSTOCK/Exchange/2025/FEB/20250203-WAS_Suspensi_SSMS.pdf,2026-09-11T07:54:15.210333+00:00,"{'reason': 'Terjadinya peningkatan harga kumulatif yang signifikan pada saham SSMS.JK, dalam rangka cooling down sebagai bentuk perlindungan bagi investor', 'symbol': 'SSMS.JK', 'pdf_url': 'https://www.idx.co.id/Portals/0/StaticData/NewsAndAnnouncement/ANNOUNCEMENTSTOCK/Exchange/2025/FEB/20250203-WAS_Suspensi_SSMS.pdf', 'suspension_date': '2025-02-04'}"
LION.JK,2025-02-03,"Terjadinya peningkatan harga kumulatif yang signifikan pada saham LION.JK, dalam rangka cooling down sebagai bentuk perlindungan bagi investor",https://www.idx.co.id/Portals/0/StaticData/NewsAndAnnouncement/ANNOUNCEMENTSTOCK/Exchange/2025/JAN/20250131-WAS_Suspensi_LION.pdf,2026-09-11T07:54:15.210333+00:00,"{'reason': 'Terjadinya peningkatan harga kumulatif yang signifikan pada saham LION.JK, dalam rangka cooling down sebagai bentuk perlindungan bagi investor', 'symbol': 'LION.JK', 'pdf_url': 'https://www.idx.co.id/Portals/0/StaticData/NewsAndAnnouncement/ANNOUNCEMENTSTOCK/Exchange/2025/JAN/20250131-WAS_Suspensi_LION.pdf', 'suspension_date': '2025-02-03'}"
BCIC.JK,2025-01-31,Belum memenuhi ketentuan V.1.1. dan/atau V.1.2. peraturan bursa nomor I-A,https://www.idx.co.id/StaticData/NewsAndAnnouncement/ANNOUNCEMENTSTOCK/From_EREP/202501/ce653389b1_cfd5536924.pdf,2026-09-11T07:54:15.210333+00:00,"{'reason': 'Belum memenuhi ketentuan V.1.1. dan/atau V.1.2. peraturan bursa nomor I-A', 'symbol': 'BCIC.JK', 'pdf_url': 'https://www.idx.co.id/StaticData/NewsAndAnnouncement/ANNOUNCEMENTSTOCK/From_EREP/202501/ce653389b1_cfd5536924.pdf', 'suspension_date': '2025-01-31'}"
DART.JK,2025-01-31,Belum memenuhi ketentuan V.1.1. dan/atau V.1.2. peraturan bursa nomor I-A,https://www.idx.co.id/StaticData/NewsAndAnnouncement/ANNOUNCEMENTSTOCK/From_EREP/202501/ce653389b1_cfd5536924.pdf,2026-09-11T07:54:15.831245+00:00,"{'reason': 'Belum memenuhi ketentuan V.1.1. dan/atau V.1.2. peraturan bursa nomor I-A', 'symbol': 'DART.JK', 'pdf_url': 'https://www.idx.co.id/StaticData/NewsAndAnnouncement/ANNOUNCEMENTSTOCK/From_EREP/202501/ce653389b1_cfd5536924.pdf', 'suspension_date': '2025-01-31'}"
DOOH.JK,2025-01-31,"Terjadinya peningkatan harga kumulatif yang signifikan pada saham DOOH.JK, dalam rangka cooling down sebagai bentuk perlindungan bagi investor",https://www.idx.co.id/Portals/0/StaticData/NewsAndAnnouncement/ANNOUNCEMENTSTOCK/Exchange/2025/JAN/20250130-WAS_DOOH_Suspensi.pdf,2026-09-11T07:54:15.831245+00:00,"{'reason': 'Terjadinya peningkatan harga kumulatif yang signifikan pada saham DOOH.JK, dalam rangka cooling down sebagai bentuk perlindungan bagi investor', 'symbol': 'DOOH.JK', 'pdf_url': 'https://www.idx.co.id/Portals/0/StaticData/NewsAndAnnouncement/ANNOUNCEMENTSTOCK/Exchange/2025/JAN/20250130-WAS_DOOH_Suspensi.pdf', 'suspension_date': '2025-01-31'}"
FASW.JK,2025-01-31,Belum memenuhi ketentuan V.1.1. dan/atau V.1.2. peraturan bursa nomor I-A,https://www.idx.co.id/StaticData/NewsAndAnnouncement/ANNOUNCEMENTSTOCK/From_EREP/202501/ce653389b1_cfd5536924.pdf,2026-09-11T07:54:15.831245+00:00,"{'reason': 'Belum memenuhi ketentuan V.1.1. dan/atau V.1.2. peraturan bursa nomor I-A', 'symbol': 'FASW.JK', 'pdf_url': 'https://www.idx.co.id/StaticData/NewsAndAnnouncement/ANNOUNCEMENTSTOCK/From_EREP/202501/ce653389b1_cfd5536924.pdf', 'suspension_date': '2025-01-31'}"
FISH.JK,2025-01-31,Belum memenuhi ketentuan V.1.1. dan/atau V.1.2. peraturan bursa nomor I-A,https://www.idx.co.id/StaticData/NewsAndAnnouncement/ANNOUNCEMENTSTOCK/From_EREP/202501/ce653389b1_cfd5536924.pdf,2026-09-11T07:54:15.831245+00:00,"{'reason': 'Belum memenuhi ketentuan V.1.1. dan/atau V.1.2. peraturan bursa nomor I-A', 'symbol': 'FISH.JK', 'pdf_url': 'https://www.idx.co.id/StaticData/NewsAndAnnouncement/ANNOUNCEMENTSTOCK/From_EREP/202501/ce653389b1_cfd5536924.pdf', 'suspension_date': '2025-01-31'}"
GGRP.JK,2025-01-31,Belum memenuhi ketentuan V.1.1. dan/atau V.1.2. peraturan bursa nomor I-A,https://www.idx.co.id/StaticData/NewsAndAnnouncement/ANNOUNCEMENTSTOCK/From_EREP/202501/ce653389b1_cfd5536924.pdf,2026-09-11T07:54:15.831245+00:00,"{'reason': 'Belum memenuhi ketentuan V.1.1. dan/atau V.1.2. peraturan bursa nomor I-A', 'symbol': 'GGRP.JK', 'pdf_url': 'https://www.idx.co.id/StaticData/NewsAndAnnouncement/ANNOUNCEMENTSTOCK/From_EREP/202501/ce653389b1_cfd5536924.pdf', 'suspension_date': '2025-01-31'}"
LMSH.JK,2025-01-31,Belum memenuhi ketentuan V.1.1. dan/atau V.1.2. peraturan bursa nomor I-A,https://www.idx.co.id/StaticData/NewsAndAnnouncement/ANNOUNCEMENTSTOCK/From_EREP/202501/ce653389b1_cfd5536924.pdf,2026-09-11T07:54:15.831245+00:00,"{'reason': 'Belum memenuhi ketentuan V.1.1. dan/atau V.1.2. peraturan bursa nomor I-A', 'symbol': 'LMSH.JK', 'pdf_url': 'https://www.idx.co.id/StaticData/NewsAndAnnouncement/ANNOUNCEMENTSTOCK/From_EREP/202501/ce653389b1_cfd5536924.pdf', 'suspension_date': '2025-01-31'}"
MFMI.JK,2025-01-31,Belum memenuhi ketentuan V.1.1. dan/atau V.1.2. peraturan bursa nomor I-A,https://www.idx.co.id/StaticData/NewsAndAnnouncement/ANNOUNCEMENTSTOCK/From_EREP/202501/ce653389b1_cfd5536924.pdf,2026-09-11T07:54:15.831245+00:00,"{'reason': 'Belum memenuhi ketentuan V.1.1. dan/atau V.1.2. peraturan bursa nomor I-A', 'symbol': 'MFMI.JK', 'pdf_url': 'https://www.idx.co.id/StaticData/NewsAndAnnouncement/ANNOUNCEMENTSTOCK/From_EREP/202501/ce653389b1_cfd5536924.pdf', 'suspension_date': '2025-01-31'}"
MTSM.JK,2025-01-31,Belum memenuhi ketentuan V.1.1. dan/atau V.1.2. peraturan bursa nomor I-A,https://www.idx.co.id/StaticData/NewsAndAnnouncement/ANNOUNCEMENTSTOCK/From_EREP/202501/ce653389b1_cfd5536924.pdf,2026-09-11T07:54:15.831245+00:00,"{'reason': 'Belum memenuhi ketentuan V.1.1. dan/atau V.1.2. peraturan bursa nomor I-A', 'symbol': 'MTSM.JK', 'pdf_url': 'https://www.idx.co.id/StaticData/NewsAndAnnouncement/ANNOUNCEMENTSTOCK/From_EREP/202501/ce653389b1_cfd5536924.pdf', 'suspension_date': '2025-01-31'}"
MYTX.JK,2025-01-31,Belum memenuhi ketentuan V.1.1. dan/atau V.1.2. peraturan bursa nomor I-A,https://www.idx.co.id/StaticData/NewsAndAnnouncement/ANNOUNCEMENTSTOCK/From_EREP/202501/ce653389b1_cfd5536924.pdf,2026-09-11T07:54:15.831245+00:00,"{'reason': 'Belum memenuhi ketentuan V.1.1. dan/atau V.1.2. peraturan bursa nomor I-A', 'symbol': 'MYTX.JK', 'pdf_url': 'https://www.idx.co.id/StaticData/NewsAndAnnouncement/ANNOUNCEMENTSTOCK/From_EREP/202501/ce653389b1_cfd5536924.pdf', 'suspension_date': '2025-01-31'}"
PLIN.JK,2025-01-31,Belum memenuhi ketentuan V.1.1. dan/atau V.1.2. peraturan bursa nomor I-A,https://www.idx.co.id/StaticData/NewsAndAnnouncement/ANNOUNCEMENTSTOCK/From_EREP/202501/ce653389b1_cfd5536924.pdf,2026-09-11T07:54:15.831245+00:00,"{'reason': 'Belum memenuhi ketentuan V.1.1. dan/atau V.1.2. peraturan bursa nomor I-A', 'symbol': 'PLIN.JK', 'pdf_url': 'https://www.idx.co.id/StaticData/NewsAndAnnouncement/ANNOUNCEMENTSTOCK/From_EREP/202501/ce653389b1_cfd5536924.pdf', 'suspension_date': '2025-01-31'}"
RSGK.JK,2025-01-31,Belum memenuhi ketentuan V.1.1. dan/atau V.1.2. peraturan bursa nomor I-A,https://www.idx.co.id/StaticData/NewsAndAnnouncement/ANNOUNCEMENTSTOCK/From_EREP/202501/ce653389b1_cfd5536924.pdf,2026-09-11T07:54:15.831245+00:00,"{'reason': 'Belum memenuhi ketentuan V.1.1. dan/atau V.1.2. peraturan bursa nomor I-A', 'symbol': 'RSGK.JK', 'pdf_url': 'https://www.idx.co.id/StaticData/NewsAndAnnouncement/ANNOUNCEMENTSTOCK/From_EREP/202501/ce653389b1_cfd5536924.pdf', 'suspension_date': '2025-01-31'}"
SMCB.JK,2025-01-31,Belum memenuhi ketentuan V.1.1. dan/atau V.1.2. peraturan bursa nomor I-A,https://www.idx.co.id/StaticData/NewsAndAnnouncement/ANNOUNCEMENTSTOCK/From_EREP/202501/ce653389b1_cfd5536924.pdf,2026-09-11T07:54:15.831245+00:00,"{'reason': 'Belum memenuhi ketentuan V.1.1. dan/atau V.1.2. peraturan bursa nomor I-A', 'symbol': 'SMCB.JK', 'pdf_url': 'https://www.idx.co.id/StaticData/NewsAndAnnouncement/ANNOUNCEMENTSTOCK/From_EREP/202501/ce653389b1_cfd5536924.pdf', 'suspension_date': '2025-01-31'}"
WICO.JK,2025-01-31,Suspend more than 6 month,https://www.idx.co.id/StaticData/NewsAndAnnouncement/ANNOUNCEMENTSTOCK/From_EREP/202607/950fb01adf_3be20222ac.pdf,2026-09-11T07:54:15.831245+00:00,"{'reason': 'Suspend more than 6 month', 'symbol': 'WICO.JK', 'pdf_url': 'https://www.idx.co.id/StaticData/NewsAndAnnouncement/ANNOUNCEMENTSTOCK/From_EREP/202607/950fb01adf_3be20222ac.pdf', 'suspension_date': '2025-01-31'}"
WIFI.JK,2025-01-31,"Terjadinya peningkatan harga kumulatif yang signifikan pada saham WIFI.JK, dalam rangka cooling down sebagai bentuk perlindungan bagi investor",https://www.idx.co.id/Portals/0/StaticData/NewsAndAnnouncement/ANNOUNCEMENTSTOCK/Exchange/2025/JAN/20250130-WAS_WIFI_Suspensi.pdf,2026-09-11T07:54:15.831245+00:00,"{'reason': 'Terjadinya peningkatan harga kumulatif yang signifikan pada saham WIFI.JK, dalam rangka cooling down sebagai bentuk perlindungan bagi investor', 'symbol': 'WIFI.JK', 'pdf_url': 'https://www.idx.co.id/Portals/0/StaticData/NewsAndAnnouncement/ANNOUNCEMENTSTOCK/Exchange/2025/JAN/20250130-WAS_WIFI_Suspensi.pdf', 'suspension_date': '2025-01-31'}"
BRRC.JK,2025-01-30,Terjadinya penurunan harga kumulatif yang signifikan pada saham BRRC.JK,https://www.idx.co.id/Portals/0/StaticData/NewsAndAnnouncement/ANNOUNCEMENTSTOCK/Exchange/2025/JAN/20250124-WAS_Suspensi_BRRC.pdf,2026-09-11T07:54:15.831245+00:00,"{'reason': 'Terjadinya penurunan harga kumulatif yang signifikan pada saham BRRC.JK', 'symbol': 'BRRC.JK', 'pdf_url': 'https://www.idx.co.id/Portals/0/StaticData/NewsAndAnnouncement/ANNOUNCEMENTSTOCK/Exchange/2025/JAN/20250124-WAS_Suspensi_BRRC.pdf', 'suspension_date': '2025-01-30'}"
KSIX.JK,2025-01-30,Dalam rangka cooling down sebagai bentuk perlindungan bagi investor,https://www.idx.co.id/Portals/0/StaticData/NewsAndAnnouncement/ANNOUNCEMENTSTOCK/Exchange/2025/JAN/20250124-WAS_Suspensi_KSIX.pdf,2026-09-11T07:54:15.831245+00:00,"{'reason': 'Dalam rangka cooling down sebagai bentuk perlindungan bagi investor', 'symbol': 'KSIX.JK', 'pdf_url': 'https://www.idx.co.id/Portals/0/StaticData/NewsAndAnnouncement/ANNOUNCEMENTSTOCK/Exchange/2025/JAN/20250124-WAS_Suspensi_KSIX.pdf', 'suspension_date': '2025-01-30'}"
LINK.JK,2025-01-24,"Terjadinya peningkatan harga kumulatif yang signifikan pada saham LINK.JK, dalam rangka cooling down sebagai bentuk perlindungan bagi investor",https://www.idx.co.id/Portals/0/StaticData/NewsAndAnnouncement/ANNOUNCEMENTSTOCK/Exchange/2025/JAN/20250123-WAS_Suspensi_LINK.pdf,2026-09-11T07:54:15.831245+00:00,"{'reason': 'Terjadinya peningkatan harga kumulatif yang signifikan pada saham LINK.JK, dalam rangka cooling down sebagai bentuk perlindungan bagi investor', 'symbol': 'LINK.JK', 'pdf_url': 'https://www.idx.co.id/Portals/0/StaticData/NewsAndAnnouncement/ANNOUNCEMENTSTOCK/Exchange/2025/JAN/20250123-WAS_Suspensi_LINK.pdf', 'suspension_date': '2025-01-24'}"
CMNP.JK,2025-01-23,Terjadinya peningkatan harga kumulatif yang signifikan pada saham CMNP.JK,https://www.idx.co.id/Portals/0/StaticData/NewsAndAnnouncement/ANNOUNCEMENTSTOCK/Exchange/2025/JAN/20250122-WAS_Suspensi_CMNP.pdf,2026-09-11T07:54:15.831245+00:00,"{'reason': 'Terjadinya peningkatan harga kumulatif yang signifikan pada saham CMNP.JK', 'symbol': 'CMNP.JK', 'pdf_url': 'https://www.idx.co.id/Portals/0/StaticData/NewsAndAnnouncement/ANNOUNCEMENTSTOCK/Exchange/2025/JAN/20250122-WAS_Suspensi_CMNP.pdf', 'suspension_date': '2025-01-23'}"
DATA.JK,2025-01-23,"Terjadinya peningkatan harga kumulatif yang signifikan pada saham DATA.JK, dalam rangka cooling down sebagai bentuk perlindungan bagi investor",https://www.idx.co.id/Portals/0/StaticData/NewsAndAnnouncement/ANNOUNCEMENTSTOCK/Exchange/2025/JAN/20250122-WAS_Suspensi_DATA.pdf,2026-09-11T07:54:15.831245+00:00,"{'reason': 'Terjadinya peningkatan harga kumulatif yang signifikan pada saham DATA.JK, dalam rangka cooling down sebagai bentuk perlindungan bagi investor', 'symbol': 'DATA.JK', 'pdf_url': 'https://www.idx.co.id/Portals/0/StaticData/NewsAndAnnouncement/ANNOUNCEMENTSTOCK/Exchange/2025/JAN/20250122-WAS_Suspensi_DATA.pdf', 'suspension_date': '2025-01-23'}"
JSPT.JK,2025-01-23,Terjadinya peningkatan harga kumulatif yang signifikan pada saham JSPT.JK,https://www.idx.co.id/Portals/0/StaticData/NewsAndAnnouncement/ANNOUNCEMENTSTOCK/Exchange/2025/JAN/20250122-WAS_Suspensi_JSPT.pdf,2026-09-11T07:54:15.831245+00:00,"{'reason': 'Terjadinya peningkatan harga kumulatif yang signifikan pada saham JSPT.JK', 'symbol': 'JSPT.JK', 'pdf_url': 'https://www.idx.co.id/Portals/0/StaticData/NewsAndAnnouncement/ANNOUNCEMENTSTOCK/Exchange/2025/JAN/20250122-WAS_Suspensi_JSPT.pdf', 'suspension_date': '2025-01-23'}"
FIMP.JK,2025-01-22,Terjadinya peningkatan harga kumulatif yang signifikan pada saham FIMP.JK,https://www.idx.co.id/Portals/0/StaticData/NewsAndAnnouncement/ANNOUNCEMENTSTOCK/Exchange/2025/JAN/20250121-WAS_Suspensi_FIMP.pdf,2026-09-11T07:54:15.831245+00:00,"{'reason': 'Terjadinya peningkatan harga kumulatif yang signifikan pada saham FIMP.JK', 'symbol': 'FIMP.JK', 'pdf_url': 'https://www.idx.co.id/Portals/0/StaticData/NewsAndAnnouncement/ANNOUNCEMENTSTOCK/Exchange/2025/JAN/20250121-WAS_Suspensi_FIMP.pdf', 'suspension_date': '2025-01-22'}"
CMNP.JK,2025-01-21,"Terjadinya peningkatan harga kumulatif yang signifikan pada saham CMNP.JK, dalam rangka cooling down sebagai bentuk perlindungan bagi investor",https://www.idx.co.id/Portals/0/StaticData/NewsAndAnnouncement/ANNOUNCEMENTSTOCK/Exchange/2025/JAN/20250120-WAS_Suspensi_CMNP.pdf,2026-09-11T07:54:15.831245+00:00,"{'reason': 'Terjadinya peningkatan harga kumulatif yang signifikan pada saham CMNP.JK, dalam rangka cooling down sebagai bentuk perlindungan bagi investor', 'symbol': 'CMNP.JK', 'pdf_url': 'https://www.idx.co.id/Portals/0/StaticData/NewsAndAnnouncement/ANNOUNCEMENTSTOCK/Exchange/2025/JAN/20250120-WAS_Suspensi_CMNP.pdf', 'suspension_date': '2025-01-21'}"
MMIX.JK,2025-01-21,Terjadinya peningkatan harga kumulatif yang signifikan pada saham MMIX.JK,https://www.idx.co.id/Portals/0/StaticData/NewsAndAnnouncement/ANNOUNCEMENTSTOCK/Exchange/2025/JAN/20250120-WAS_Suspensi_MMIX.pdf,2026-09-11T07:54:15.831245+00:00,"{'reason': 'Terjadinya peningkatan harga kumulatif yang signifikan pada saham MMIX.JK', 'symbol': 'MMIX.JK', 'pdf_url': 'https://www.idx.co.id/Portals/0/StaticData/NewsAndAnnouncement/ANNOUNCEMENTSTOCK/Exchange/2025/JAN/20250120-WAS_Suspensi_MMIX.pdf', 'suspension_date': '2025-01-21'}"
TIRT.JK,2025-01-21,Bursa menilai bahwa terdapat keraguan atas kelangsungan usaha perseroan,https://www.idx.co.id/StaticData/NewsAndAnnouncement/ANNOUNCEMENTSTOCK/From_EREP/202501/b373796e98_7a52d82e1c.pdf,2026-09-11T07:54:15.831245+00:00,"{'reason': 'Bursa menilai bahwa terdapat keraguan atas kelangsungan usaha perseroan', 'symbol': 'TIRT.JK', 'pdf_url': 'https://www.idx.co.id/StaticData/NewsAndAnnouncement/ANNOUNCEMENTSTOCK/From_EREP/202501/b373796e98_7a52d82e1c.pdf', 'suspension_date': '2025-01-21'}"
BRRC.JK,2025-01-20,Dalam rangka cooling down sebagai bentuk perlindungan bagi investor,https://www.idx.co.id/Portals/0/StaticData/NewsAndAnnouncement/ANNOUNCEMENTSTOCK/Exchange/2025/JAN/20250117-WAS_Suspensi_BRRC.pdf,2026-09-11T07:54:15.831245+00:00,"{'reason': 'Dalam rangka cooling down sebagai bentuk perlindungan bagi investor', 'symbol': 'BRRC.JK', 'pdf_url': 'https://www.idx.co.id/Portals/0/StaticData/NewsAndAnnouncement/ANNOUNCEMENTSTOCK/Exchange/2025/JAN/20250117-WAS_Suspensi_BRRC.pdf', 'suspension_date': '2025-01-20'}"
FIMP.JK,2025-01-20,"Terjadinya peningkatan harga kumulatif yang signifikan pada saham FIMP.JK, dalam rangka cooling down sebagai bentuk perlindungan bagi investor",https://www.idx.co.id/Portals/0/StaticData/NewsAndAnnouncement/ANNOUNCEMENTSTOCK/Exchange/2025/JAN/20250117-WAS_Suspensi_FIMP.pdf,2026-09-11T07:54:15.831245+00:00,"{'reason': 'Terjadinya peningkatan harga kumulatif yang signifikan pada saham FIMP.JK, dalam rangka cooling down sebagai bentuk perlindungan bagi investor', 'symbol': 'FIMP.JK', 'pdf_url': 'https://www.idx.co.id/Portals/0/StaticData/NewsAndAnnouncement/ANNOUNCEMENTSTOCK/Exchange/2025/JAN/20250117-WAS_Suspensi_FIMP.pdf', 'suspension_date': '2025-01-20'}"
PACK.JK,2025-01-20,Terjadinya peningkatan harga kumulatif yang signifikan pada saham PACK.JK,https://www.idx.co.id/Portals/0/StaticData/NewsAndAnnouncement/ANNOUNCEMENTSTOCK/Exchange/2025/JAN/20250117-WAS_Suspensi_PACK.pdf,2026-09-11T07:54:15.831245+00:00,"{'reason': 'Terjadinya peningkatan harga kumulatif yang signifikan pada saham PACK.JK', 'symbol': 'PACK.JK', 'pdf_url': 'https://www.idx.co.id/Portals/0/StaticData/NewsAndAnnouncement/ANNOUNCEMENTSTOCK/Exchange/2025/JAN/20250117-WAS_Suspensi_PACK.pdf', 'suspension_date': '2025-01-20'}"
RATU.JK,2025-01-20,Terjadinya peningkatan harga kumulatif yang signifikan pada saham RATU.JK,https://www.idx.co.id/Portals/0/StaticData/NewsAndAnnouncement/ANNOUNCEMENTSTOCK/Exchange/2025/JAN/20250117-WAS_Suspensi_RATU.pdf,2026-09-11T07:54:15.831245+00:00,"{'reason': 'Terjadinya peningkatan harga kumulatif yang signifikan pada saham RATU.JK', 'symbol': 'RATU.JK', 'pdf_url': 'https://www.idx.co.id/Portals/0/StaticData/NewsAndAnnouncement/ANNOUNCEMENTSTOCK/Exchange/2025/JAN/20250117-WAS_Suspensi_RATU.pdf', 'suspension_date': '2025-01-20'}"
HOME.JK,2020-02-03,Suspend more than 6 month,https://www.idx.co.id/StaticData/NewsAndAnnouncement/ANNOUNCEMENTSTOCK/From_EREP/202510/fed47be7bc_96225a718f.pdf,2026-09-11T07:54:15.831245+00:00,"{'reason': 'Suspend more than 6 month', 'symbol': 'HOME.JK', 'pdf_url': 'https://www.idx.co.id/StaticData/NewsAndAnnouncement/ANNOUNCEMENTSTOCK/From_EREP/202510/fed47be7bc_96225a718f.pdf', 'suspension_date': '2020-02-03'}"
RATU.JK,2025-01-16,"Terjadinya peningkatan harga kumulatif yang signifikan pada saham RATU.JK, dalam rangka cooling down sebagai bentuk perlindungan bagi investor",https://www.idx.co.id/Portals/0/StaticData/NewsAndAnnouncement/ANNOUNCEMENTSTOCK/Exchange/2025/JAN/20250115-WAS_Suspensi_RATU.pdf,2026-09-11T07:54:15.831245+00:00,"{'reason': 'Terjadinya peningkatan harga kumulatif yang signifikan pada saham RATU.JK, dalam rangka cooling down sebagai bentuk perlindungan bagi investor', 'symbol': 'RATU.JK', 'pdf_url': 'https://www.idx.co.id/Portals/0/StaticData/NewsAndAnnouncement/ANNOUNCEMENTSTOCK/Exchange/2025/JAN/20250115-WAS_Suspensi_RATU.pdf', 'suspension_date': '2025-01-16'}"
NAYZ.JK,2025-01-15,Terjadinya peningkatan harga kumulatif yang signifikan pada saham NAYZ.JK,https://www.idx.co.id/Portals/0/StaticData/NewsAndAnnouncement/ANNOUNCEMENTSTOCK/Exchange/2025/JAN/20250114-WAS_Suspensi_NAYZ.pdf,2026-09-11T07:54:15.831245+00:00,"{'reason': 'Terjadinya peningkatan harga kumulatif yang signifikan pada saham NAYZ.JK', 'symbol': 'NAYZ.JK', 'pdf_url': 'https://www.idx.co.id/Portals/0/StaticData/NewsAndAnnouncement/ANNOUNCEMENTSTOCK/Exchange/2025/JAN/20250114-WAS_Suspensi_NAYZ.pdf', 'suspension_date': '2025-01-15'}"
KARW.JK,2025-01-14,Dalam rangka cooling down sebagai bentuk perlindungan bagi investor,https://www.idx.co.id/Portals/0/StaticData/NewsAndAnnouncement/ANNOUNCEMENTSTOCK/Exchange/2025/JAN/20250113-WAS_Suspensi_KARW.pdf,2026-09-11T07:54:15.831245+00:00,"{'reason': 'Dalam rangka cooling down sebagai bentuk perlindungan bagi investor', 'symbol': 'KARW.JK', 'pdf_url': 'https://www.idx.co.id/Portals/0/StaticData/NewsAndAnnouncement/ANNOUNCEMENTSTOCK/Exchange/2025/JAN/20250113-WAS_Suspensi_KARW.pdf', 'suspension_date': '2025-01-14'}"
MMIX.JK,2025-01-13,"Terjadinya peningkatan harga kumulatif yang signifikan pada saham MMIX.JK, dalam rangka cooling down sebagai bentuk perlindungan bagi investor",https://www.idx.co.id/Portals/0/StaticData/NewsAndAnnouncement/ANNOUNCEMENTSTOCK/Exchange/2025/JAN/20250110-WAS_Suspensi_MMIX.pdf,2026-09-11T07:54:15.831245+00:00,"{'reason': 'Terjadinya peningkatan harga kumulatif yang signifikan pada saham MMIX.JK, dalam rangka cooling down sebagai bentuk perlindungan bagi investor', 'symbol': 'MMIX.JK', 'pdf_url': 'https://www.idx.co.id/Portals/0/StaticData/NewsAndAnnouncement/ANNOUNCEMENTSTOCK/Exchange/2025/JAN/20250110-WAS_Suspensi_MMIX.pdf', 'suspension_date': '2025-01-13'}"
NAYZ.JK,2025-01-10,"Terjadinya peningkatan harga kumulatif yang signifikan pada saham NAYZ.JK, dalam rangka cooling down sebagai bentuk perlindungan bagi investor",https://www.idx.co.id/Portals/0/StaticData/NewsAndAnnouncement/ANNOUNCEMENTSTOCK/Exchange/2025/JAN/20250109-WAS_Suspensi_NAYZ.pdf,2026-09-11T07:54:15.831245+00:00,"{'reason': 'Terjadinya peningkatan harga kumulatif yang signifikan pada saham NAYZ.JK, dalam rangka cooling down sebagai bentuk perlindungan bagi investor', 'symbol': 'NAYZ.JK', 'pdf_url': 'https://www.idx.co.id/Portals/0/StaticData/NewsAndAnnouncement/ANNOUNCEMENTSTOCK/Exchange/2025/JAN/20250109-WAS_Suspensi_NAYZ.pdf', 'suspension_date': '2025-01-10'}"
NINE.JK,2025-01-10,Terjadinya peningkatan harga kumulatif yang signifikan pada saham NINE.JK,https://www.idx.co.id/Portals/0/StaticData/NewsAndAnnouncement/ANNOUNCEMENTSTOCK/Exchange/2025/JAN/20250109-WAS_Suspensi_NINE.pdf,2026-09-11T07:54:15.831245+00:00,"{'reason': 'Terjadinya peningkatan harga kumulatif yang signifikan pada saham NINE.JK', 'symbol': 'NINE.JK', 'pdf_url': 'https://www.idx.co.id/Portals/0/StaticData/NewsAndAnnouncement/ANNOUNCEMENTSTOCK/Exchange/2025/JAN/20250109-WAS_Suspensi_NINE.pdf', 'suspension_date': '2025-01-10'}"
NINE.JK,2025-01-08,"Terjadinya peningkatan harga kumulatif yang signifikan pada saham NINE.JK, dalam rangka cooling down sebagai bentuk perlindungan bagi investor",https://www.idx.co.id/Portals/0/StaticData/NewsAndAnnouncement/ANNOUNCEMENTSTOCK/Exchange/2025/JAN/20250107-WAS_Suspensi_NINE.pdf,2026-09-11T07:54:15.831245+00:00,"{'reason': 'Terjadinya peningkatan harga kumulatif yang signifikan pada saham NINE.JK, dalam rangka cooling down sebagai bentuk perlindungan bagi investor', 'symbol': 'NINE.JK', 'pdf_url': 'https://www.idx.co.id/Portals/0/StaticData/NewsAndAnnouncement/ANNOUNCEMENTSTOCK/Exchange/2025/JAN/20250107-WAS_Suspensi_NINE.pdf', 'suspension_date': '2025-01-08'}"
TELE.JK,2024-12-27,Suspend more than 6 month,https://www.idx.co.id/StaticData/NewsAndAnnouncement/ANNOUNCEMENTSTOCK/From_EREP/202511/eaef24e4ec_d25a202924.pdf,2026-09-11T07:54:15.831245+00:00,"{'reason': 'Suspend more than 6 month', 'symbol': 'TELE.JK', 'pdf_url': 'https://www.idx.co.id/StaticData/NewsAndAnnouncement/ANNOUNCEMENTSTOCK/From_EREP/202511/eaef24e4ec_d25a202924.pdf', 'suspension_date': '2024-12-27'}"
ALMI.JK,2024-10-30,Suspend more than 6 month,https://www.idx.co.id/StaticData/NewsAndAnnouncement/ANNOUNCEMENTSTOCK/From_EREP/202510/4a50b93a3c_1ca52e23f6.pdf,2026-09-11T07:54:15.831245+00:00,"{'reason': 'Suspend more than 6 month', 'symbol': 'ALMI.JK', 'pdf_url': 'https://www.idx.co.id/StaticData/NewsAndAnnouncement/ANNOUNCEMENTSTOCK/From_EREP/202510/4a50b93a3c_1ca52e23f6.pdf', 'suspension_date': '2024-10-30'}"
PPRO.JK,2024-10-15,Suspend more than 6 month,https://www.idx.co.id/StaticData/NewsAndAnnouncement/ANNOUNCEMENTSTOCK/From_EREP/202507/b81047f547_0c34f40c34.pdf,2026-09-11T07:54:15.831245+00:00,"{'reason': 'Suspend more than 6 month', 'symbol': 'PPRO.JK', 'pdf_url': 'https://www.idx.co.id/StaticData/NewsAndAnnouncement/ANNOUNCEMENTSTOCK/From_EREP/202507/b81047f547_0c34f40c34.pdf', 'suspension_date': '2024-10-15'}"
IPPE.JK,2024-09-06,Suspend more than 6 month,https://www.idx.co.id/StaticData/NewsAndAnnouncement/ANNOUNCEMENTSTOCK/From_EREP/202510/fed47be7bc_96225a718f.pdf,2026-09-11T07:54:15.831245+00:00,"{'reason': 'Suspend more than 6 month', 'symbol': 'IPPE.JK', 'pdf_url': 'https://www.idx.co.id/StaticData/NewsAndAnnouncement/ANNOUNCEMENTSTOCK/From_EREP/202510/fed47be7bc_96225a718f.pdf', 'suspension_date': '2024-09-06'}"
MKNT.JK,2024-07-02,Suspend more than 6 month,https://www.idx.co.id/StaticData/NewsAndAnnouncement/ANNOUNCEMENTSTOCK/From_EREP/202510/4a50b93a3c_1ca52e23f6.pdf,2026-09-11T07:54:15.831245+00:00,"{'reason': 'Suspend more than 6 month', 'symbol': 'MKNT.JK', 'pdf_url': 'https://www.idx.co.id/StaticData/NewsAndAnnouncement/ANNOUNCEMENTSTOCK/From_EREP/202510/4a50b93a3c_1ca52e23f6.pdf', 'suspension_date': '2024-07-02'}"
POLL.JK,2024-07-02,Suspend more than 6 month,https://www.idx.co.id/StaticData/NewsAndAnnouncement/ANNOUNCEMENTSTOCK/From_EREP/202510/fed47be7bc_96225a718f.pdf,2026-09-11T07:54:15.831245+00:00,"{'reason': 'Suspend more than 6 month', 'symbol': 'POLL.JK', 'pdf_url': 'https://www.idx.co.id/StaticData/NewsAndAnnouncement/ANNOUNCEMENTSTOCK/From_EREP/202510/fed47be7bc_96225a718f.pdf', 'suspension_date': '2024-07-02'}"
SBAT.JK,2024-07-02,Suspend more than 6 month,https://www.idx.co.id/StaticData/NewsAndAnnouncement/ANNOUNCEMENTSTOCK/From_EREP/202510/4a50b93a3c_1ca52e23f6.pdf,2026-09-11T07:54:15.831245+00:00,"{'reason': 'Suspend more than 6 month', 'symbol': 'SBAT.JK', 'pdf_url': 'https://www.idx.co.id/StaticData/NewsAndAnnouncement/ANNOUNCEMENTSTOCK/From_EREP/202510/4a50b93a3c_1ca52e23f6.pdf', 'suspension_date': '2024-07-02'}"
TOPS.JK,2024-07-02,Suspend more than 6 month,https://www.idx.co.id/StaticData/NewsAndAnnouncement/ANNOUNCEMENTSTOCK/From_EREP/202511/e8b4f82956_2c64c9f5a6.pdf,2026-09-11T07:54:15.831245+00:00,"{'reason': 'Suspend more than 6 month', 'symbol': 'TOPS.JK', 'pdf_url': 'https://www.idx.co.id/StaticData/NewsAndAnnouncement/ANNOUNCEMENTSTOCK/From_EREP/202511/e8b4f82956_2c64c9f5a6.pdf', 'suspension_date': '2024-07-02'}"
JARR.JK,2026-09-11,"Terjadinya peningkatan harga kumulatif yang signifikan pada saham JARR.JK, dalam rangka cooling down sebagai bentuk perlindungan bagi investor",https://www.idx.co.id/Portals/0/StaticData/NewsAndAnnouncement/ANNOUNCEMENTSTOCK/Exchange/2026/SEP/20260910-WAS_Suspensi_JARR.pdf,2026-09-11T07:54:15.210333+00:00,"{'reason': 'Terjadinya peningkatan harga kumulatif yang signifikan pada saham JARR.JK, dalam rangka cooling down sebagai bentuk perlindungan bagi investor', 'symbol': 'JARR.JK', 'pdf_url': 'https://www.idx.co.id/Portals/0/StaticData/NewsAndAnnouncement/ANNOUNCEMENTSTOCK/Exchange/2026/SEP/20260910-WAS_Suspensi_JARR.pdf', 'suspension_date': '2026-09-11'}"
GRPH.JK,2026-09-10,Terjadinya peningkatan harga kumulatif yang signifikan pada saham GRPH.JK,https://www.idx.co.id/Portals/0/StaticData/NewsAndAnnouncement/ANNOUNCEMENTSTOCK/Exchange/2026/SEP/20260909-WAS_Suspensi_GRPH.pdf,2026-09-11T07:54:15.210333+00:00,"{'reason': 'Terjadinya peningkatan harga kumulatif yang signifikan pada saham GRPH.JK', 'symbol': 'GRPH.JK', 'pdf_url': 'https://www.idx.co.id/Portals/0/StaticData/NewsAndAnnouncement/ANNOUNCEMENTSTOCK/Exchange/2026/SEP/20260909-WAS_Suspensi_GRPH.pdf', 'suspension_date': '2026-09-10'}"
TOYS.JK,2024-07-02,Suspend more than 6 month,https://www.idx.co.id/StaticData/NewsAndAnnouncement/ANNOUNCEMENTSTOCK/From_EREP/202510/4a50b93a3c_1ca52e23f6.pdf,2026-09-11T07:54:15.831245+00:00,"{'reason': 'Suspend more than 6 month', 'symbol': 'TOYS.JK', 'pdf_url': 'https://www.idx.co.id/StaticData/NewsAndAnnouncement/ANNOUNCEMENTSTOCK/From_EREP/202510/4a50b93a3c_1ca52e23f6.pdf', 'suspension_date': '2024-07-02'}"
KAYU.JK,2024-04-18,Suspend more than 6 month,https://www.idx.co.id/StaticData/NewsAndAnnouncement/ANNOUNCEMENTSTOCK/From_EREP/202510/4a50b93a3c_1ca52e23f6.pdf,2026-09-11T07:54:15.831245+00:00,"{'reason': 'Suspend more than 6 month', 'symbol': 'KAYU.JK', 'pdf_url': 'https://www.idx.co.id/StaticData/NewsAndAnnouncement/ANNOUNCEMENTSTOCK/From_EREP/202510/4a50b93a3c_1ca52e23f6.pdf', 'suspension_date': '2024-04-18'}"
BOSS.JK,2024-02-16,Suspend more than 6 month,https://www.idx.co.id/StaticData/NewsAndAnnouncement/ANNOUNCEMENTSTOCK/From_EREP/202607/950fb01adf_3be20222ac.pdf,2026-09-11T07:54:15.831245+00:00,"{'reason': 'Suspend more than 6 month', 'symbol': 'BOSS.JK', 'pdf_url': 'https://www.idx.co.id/StaticData/NewsAndAnnouncement/ANNOUNCEMENTSTOCK/From_EREP/202607/950fb01adf_3be20222ac.pdf', 'suspension_date': '2024-02-16'}"
DEAL.JK,2024-02-16,Suspend more than 6 month,https://www.idx.co.id/StaticData/NewsAndAnnouncement/ANNOUNCEMENTSTOCK/From_EREP/202607/950fb01adf_3be20222ac.pdf,2026-09-11T07:54:15.831245+00:00,"{'reason': 'Suspend more than 6 month', 'symbol': 'DEAL.JK', 'pdf_url': 'https://www.idx.co.id/StaticData/NewsAndAnnouncement/ANNOUNCEMENTSTOCK/From_EREP/202607/950fb01adf_3be20222ac.pdf', 'suspension_date': '2024-02-16'}"
ETWA.JK,2024-02-01,Suspend more than 6 month,https://www.idx.co.id/StaticData/NewsAndAnnouncement/ANNOUNCEMENTSTOCK/From_EREP/202607/950fb01adf_3be20222ac.pdf,2026-09-11T07:54:15.831245+00:00,"{'reason': 'Suspend more than 6 month', 'symbol': 'ETWA.JK', 'pdf_url': 'https://www.idx.co.id/StaticData/NewsAndAnnouncement/ANNOUNCEMENTSTOCK/From_EREP/202607/950fb01adf_3be20222ac.pdf', 'suspension_date': '2024-02-01'}"
TECH.JK,2023-08-07,Suspend more than 6 month,https://www.idx.co.id/StaticData/NewsAndAnnouncement/ANNOUNCEMENTSTOCK/From_EREP/202510/4a50b93a3c_1ca52e23f6.pdf,2026-09-11T07:54:15.831245+00:00,"{'reason': 'Suspend more than 6 month', 'symbol': 'TECH.JK', 'pdf_url': 'https://www.idx.co.id/StaticData/NewsAndAnnouncement/ANNOUNCEMENTSTOCK/From_EREP/202510/4a50b93a3c_1ca52e23f6.pdf', 'suspension_date': '2023-08-07'}"
CPRI.JK,2023-07-03,Suspend more than 6 month,https://www.idx.co.id/StaticData/NewsAndAnnouncement/ANNOUNCEMENTSTOCK/From_EREP/202510/fed47be7bc_96225a718f.pdf,2026-09-11T07:54:15.831245+00:00,"{'reason': 'Suspend more than 6 month', 'symbol': 'CPRI.JK', 'pdf_url': 'https://www.idx.co.id/StaticData/NewsAndAnnouncement/ANNOUNCEMENTSTOCK/From_EREP/202510/fed47be7bc_96225a718f.pdf', 'suspension_date': '2023-07-03'}"
GAMA.JK,2023-07-03,Suspend more than 6 month,https://www.idx.co.id/StaticData/NewsAndAnnouncement/ANNOUNCEMENTSTOCK/From_EREP/202510/4a50b93a3c_1ca52e23f6.pdf,2026-09-11T07:54:15.831245+00:00,"{'reason': 'Suspend more than 6 month', 'symbol': 'GAMA.JK', 'pdf_url': 'https://www.idx.co.id/StaticData/NewsAndAnnouncement/ANNOUNCEMENTSTOCK/From_EREP/202510/4a50b93a3c_1ca52e23f6.pdf', 'suspension_date': '2023-07-03'}"
HKMU.JK,2023-07-03,Suspend more than 6 month,https://www.idx.co.id/StaticData/NewsAndAnnouncement/ANNOUNCEMENTSTOCK/From_EREP/202607/950fb01adf_3be20222ac.pdf,2026-09-11T07:54:15.831245+00:00,"{'reason': 'Suspend more than 6 month', 'symbol': 'HKMU.JK', 'pdf_url': 'https://www.idx.co.id/StaticData/NewsAndAnnouncement/ANNOUNCEMENTSTOCK/From_EREP/202607/950fb01adf_3be20222ac.pdf', 'suspension_date': '2023-07-03'}"
CBMF.JK,2023-02-16,Suspend more than 6 month,https://www.idx.co.id/StaticData/NewsAndAnnouncement/ANNOUNCEMENTSTOCK/From_EREP/202510/4a50b93a3c_1ca52e23f6.pdf,2026-09-11T07:54:15.831245+00:00,"{'reason': 'Suspend more than 6 month', 'symbol': 'CBMF.JK', 'pdf_url': 'https://www.idx.co.id/StaticData/NewsAndAnnouncement/ANNOUNCEMENTSTOCK/From_EREP/202510/4a50b93a3c_1ca52e23f6.pdf', 'suspension_date': '2023-02-16'}"
HOTL.JK,2022-08-01,Suspend more than 6 month,https://www.idx.co.id/StaticData/NewsAndAnnouncement/ANNOUNCEMENTSTOCK/From_EREP/202510/fed47be7bc_96225a718f.pdf,2026-09-11T07:54:15.831245+00:00,"{'reason': 'Suspend more than 6 month', 'symbol': 'HOTL.JK', 'pdf_url': 'https://www.idx.co.id/StaticData/NewsAndAnnouncement/ANNOUNCEMENTSTOCK/From_EREP/202510/fed47be7bc_96225a718f.pdf', 'suspension_date': '2022-08-01'}"
JSKY.JK,2022-08-01,Suspend more than 6 month,https://www.idx.co.id/StaticData/NewsAndAnnouncement/ANNOUNCEMENTSTOCK/From_EREP/202607/950fb01adf_3be20222ac.pdf,2026-09-11T07:54:15.831245+00:00,"{'reason': 'Suspend more than 6 month', 'symbol': 'JSKY.JK', 'pdf_url': 'https://www.idx.co.id/StaticData/NewsAndAnnouncement/ANNOUNCEMENTSTOCK/From_EREP/202607/950fb01adf_3be20222ac.pdf', 'suspension_date': '2022-08-01'}"
LMAS.JK,2022-08-01,Suspend more than 6 month,https://www.idx.co.id/StaticData/NewsAndAnnouncement/ANNOUNCEMENTSTOCK/From_EREP/202510/fed47be7bc_96225a718f.pdf,2026-09-11T07:54:15.831245+00:00,"{'reason': 'Suspend more than 6 month', 'symbol': 'LMAS.JK', 'pdf_url': 'https://www.idx.co.id/StaticData/NewsAndAnnouncement/ANNOUNCEMENTSTOCK/From_EREP/202510/fed47be7bc_96225a718f.pdf', 'suspension_date': '2022-08-01'}"
BIKA.JK,2024-07-02,Suspend more than 6 month,https://www.idx.co.id/StaticData/NewsAndAnnouncement/ANNOUNCEMENTSTOCK/From_EREP/202607/950fb01adf_3be20222ac.pdf,2026-09-11T07:54:15.831245+00:00,"{'reason': 'Suspend more than 6 month', 'symbol': 'BIKA.JK', 'pdf_url': 'https://www.idx.co.id/StaticData/NewsAndAnnouncement/ANNOUNCEMENTSTOCK/From_EREP/202607/950fb01adf_3be20222ac.pdf', 'suspension_date': '2024-07-02'}"
INAF.JK,2024-07-02,Suspend more than 6 month,https://www.idx.co.id/StaticData/NewsAndAnnouncement/ANNOUNCEMENTSTOCK/From_EREP/202607/950fb01adf_3be20222ac.pdf,2026-09-11T07:54:15.831245+00:00,"{'reason': 'Suspend more than 6 month', 'symbol': 'INAF.JK', 'pdf_url': 'https://www.idx.co.id/StaticData/NewsAndAnnouncement/ANNOUNCEMENTSTOCK/From_EREP/202607/950fb01adf_3be20222ac.pdf', 'suspension_date': '2024-07-02'}"
ARTI.JK,2024-07-02,Suspend more than 6 month,https://www.idx.co.id/StaticData/NewsAndAnnouncement/ANNOUNCEMENTSTOCK/From_EREP/202607/950fb01adf_3be20222ac.pdf,2026-09-11T07:54:15.831245+00:00,"{'reason': 'Suspend more than 6 month', 'symbol': 'ARTI.JK', 'pdf_url': 'https://www.idx.co.id/StaticData/NewsAndAnnouncement/ANNOUNCEMENTSTOCK/From_EREP/202607/950fb01adf_3be20222ac.pdf', 'suspension_date': '2024-07-02'}"
WIFI.JK,2025-02-04,Terjadinya peningkatan harga kumulatif yang signifikan pada saham WIFI.JK,https://www.idx.co.id/Portals/0/StaticData/NewsAndAnnouncement/ANNOUNCEMENTSTOCK/Exchange/2025/FEB/20250203-WAS_Suspensi_WIFI.pdf,2026-09-11T07:54:15.210333+00:00,"{'reason': 'Terjadinya peningkatan harga kumulatif yang signifikan pada saham WIFI.JK', 'symbol': 'WIFI.JK', 'pdf_url': 'https://www.idx.co.id/Portals/0/StaticData/NewsAndAnnouncement/ANNOUNCEMENTSTOCK/Exchange/2025/FEB/20250203-WAS_Suspensi_WIFI.pdf', 'suspension_date': '2025-02-04'}"
IIKP.JK,2020-01-23,Suspend more than 6 month,https://www.idx.co.id/StaticData/NewsAndAnnouncement/ANNOUNCEMENTSTOCK/From_EREP/202502/4d251355fd_19ab06d3e4.pdf,2026-09-11T07:54:15.831245+00:00,"{'reason': 'Suspend more than 6 month', 'symbol': 'IIKP.JK', 'pdf_url': 'https://www.idx.co.id/StaticData/NewsAndAnnouncement/ANNOUNCEMENTSTOCK/From_EREP/202502/4d251355fd_19ab06d3e4.pdf', 'suspension_date': '2020-01-23'}"
SMRU.JK,2020-01-23,Suspend more than 6 month,https://www.idx.co.id/StaticData/NewsAndAnnouncement/ANNOUNCEMENTSTOCK/From_EREP/202507/4b4003e991_a32aefd678.pdf,2026-09-11T07:54:15.831245+00:00,"{'reason': 'Suspend more than 6 month', 'symbol': 'SMRU.JK', 'pdf_url': 'https://www.idx.co.id/StaticData/NewsAndAnnouncement/ANNOUNCEMENTSTOCK/From_EREP/202507/4b4003e991_a32aefd678.pdf', 'suspension_date': '2020-01-23'}"
TRAM.JK,2020-01-23,Suspend more than 6 month,https://www.idx.co.id/StaticData/NewsAndAnnouncement/ANNOUNCEMENTSTOCK/From_EREP/202510/fed47be7bc_96225a718f.pdf,2026-09-11T07:54:15.831245+00:00,"{'reason': 'Suspend more than 6 month', 'symbol': 'TRAM.JK', 'pdf_url': 'https://www.idx.co.id/StaticData/NewsAndAnnouncement/ANNOUNCEMENTSTOCK/From_EREP/202510/fed47be7bc_96225a718f.pdf', 'suspension_date': '2020-01-23'}"
ARMY.JK,2019-12-02,Suspend more than 6 month,https://www.idx.co.id/StaticData/NewsAndAnnouncement/ANNOUNCEMENTSTOCK/From_EREP/202510/fed47be7bc_96225a718f.pdf,2026-09-11T07:54:15.831245+00:00,"{'reason': 'Suspend more than 6 month', 'symbol': 'ARMY.JK', 'pdf_url': 'https://www.idx.co.id/StaticData/NewsAndAnnouncement/ANNOUNCEMENTSTOCK/From_EREP/202510/fed47be7bc_96225a718f.pdf', 'suspension_date': '2019-12-02'}"
TRIO.JK,2019-07-17,Suspend more than 6 month,https://www.idx.co.id/StaticData/NewsAndAnnouncement/ANNOUNCEMENTSTOCK/From_EREP/202607/950fb01adf_3be20222ac.pdf,2026-09-11T07:54:15.831245+00:00,"{'reason': 'Suspend more than 6 month', 'symbol': 'TRIO.JK', 'pdf_url': 'https://www.idx.co.id/StaticData/NewsAndAnnouncement/ANNOUNCEMENTSTOCK/From_EREP/202607/950fb01adf_3be20222ac.pdf', 'suspension_date': '2019-07-17'}"
SUGI.JK,2019-07-01,Suspend more than 6 month,https://www.idx.co.id/StaticData/NewsAndAnnouncement/ANNOUNCEMENTSTOCK/From_EREP/202510/4a50b93a3c_1ca52e23f6.pdf,2026-09-11T07:54:15.831245+00:00,"{'reason': 'Suspend more than 6 month', 'symbol': 'SUGI.JK', 'pdf_url': 'https://www.idx.co.id/StaticData/NewsAndAnnouncement/ANNOUNCEMENTSTOCK/From_EREP/202510/4a50b93a3c_1ca52e23f6.pdf', 'suspension_date': '2019-07-01'}"
BTEL.JK,2019-05-27,Suspend more than 6 month,https://www.idx.co.id/StaticData/NewsAndAnnouncement/ANNOUNCEMENTSTOCK/From_EREP/202607/950fb01adf_3be20222ac.pdf,2026-09-11T07:54:15.831245+00:00,"{'reason': 'Suspend more than 6 month', 'symbol': 'BTEL.JK', 'pdf_url': 'https://www.idx.co.id/StaticData/NewsAndAnnouncement/ANNOUNCEMENTSTOCK/From_EREP/202607/950fb01adf_3be20222ac.pdf', 'suspension_date': '2019-05-27'}"
LCGP.JK,2019-05-02,Suspend more than 6 month,https://www.idx.co.id/StaticData/NewsAndAnnouncement/ANNOUNCEMENTSTOCK/From_EREP/202510/4a50b93a3c_1ca52e23f6.pdf,2026-09-11T07:54:15.831245+00:00,"{'reason': 'Suspend more than 6 month', 'symbol': 'LCGP.JK', 'pdf_url': 'https://www.idx.co.id/StaticData/NewsAndAnnouncement/ANNOUNCEMENTSTOCK/From_EREP/202510/4a50b93a3c_1ca52e23f6.pdf', 'suspension_date': '2019-05-02'}"
TRIL.JK,2019-05-02,Suspend more than 6 month,https://www.idx.co.id/StaticData/NewsAndAnnouncement/ANNOUNCEMENTSTOCK/From_EREP/202510/4a50b93a3c_1ca52e23f6.pdf,2026-09-11T07:54:15.831245+00:00,"{'reason': 'Suspend more than 6 month', 'symbol': 'TRIL.JK', 'pdf_url': 'https://www.idx.co.id/StaticData/NewsAndAnnouncement/ANNOUNCEMENTSTOCK/From_EREP/202510/4a50b93a3c_1ca52e23f6.pdf', 'suspension_date': '2019-05-02'}"
KBRI.JK,2019-04-23,Suspend more than 6 month,https://www.idx.co.id/StaticData/NewsAndAnnouncement/ANNOUNCEMENTSTOCK/From_EREP/202510/4a50b93a3c_1ca52e23f6.pdf,2026-09-11T07:54:15.831245+00:00,"{'reason': 'Suspend more than 6 month', 'symbol': 'KBRI.JK', 'pdf_url': 'https://www.idx.co.id/StaticData/NewsAndAnnouncement/ANNOUNCEMENTSTOCK/From_EREP/202510/4a50b93a3c_1ca52e23f6.pdf', 'suspension_date': '2019-04-23'}"
GOLL.JK,2019-01-30,Suspend more than 6 month,https://www.idx.co.id/StaticData/NewsAndAnnouncement/ANNOUNCEMENTSTOCK/From_EREP/202510/fed47be7bc_96225a718f.pdf,2026-09-11T07:54:15.831245+00:00,"{'reason': 'Suspend more than 6 month', 'symbol': 'GOLL.JK', 'pdf_url': 'https://www.idx.co.id/StaticData/NewsAndAnnouncement/ANNOUNCEMENTSTOCK/From_EREP/202510/fed47be7bc_96225a718f.pdf', 'suspension_date': '2019-01-30'}"
PLAS.JK,2018-12-28,Suspend more than 6 month,https://www.idx.co.id/StaticData/NewsAndAnnouncement/ANNOUNCEMENTSTOCK/From_EREP/202510/4a50b93a3c_1ca52e23f6.pdf,2026-09-11T07:54:15.831245+00:00,"{'reason': 'Suspend more than 6 month', 'symbol': 'PLAS.JK', 'pdf_url': 'https://www.idx.co.id/StaticData/NewsAndAnnouncement/ANNOUNCEMENTSTOCK/From_EREP/202510/4a50b93a3c_1ca52e23f6.pdf', 'suspension_date': '2018-12-28'}"
